{"RF": {"valid": {"ACC": 0.7659574468085106, "F1_Score": 0.7555555555555555, "Recall": 0.7391304347826086, "Precision": 0.7727272727272727, "SP": 0.7916666666666666, "Cohen_Kappa": 0.5312783318223029, "AUC": 0.7971014492753623, "TP": 17, "TN": 19, "FP": 5, "FN": 6}, "test": {"ACC": 0.723404255319149, "F1_Score": 0.7111111111111111, "Recall": 0.6666666666666666, "Precision": 0.7619047619047619, "SP": 0.782608695652174, "Cohen_Kappa": 0.4480578139114725, "AUC": 0.8333333333333334, "TP": 16, "TN": 18, "FP": 5, "FN": 8}}}