{"DT": {"valid": {"ACC": 0.8387096774193549, "F1_Score": 0.8275862068965518, "Recall": 0.8, "Precision": 0.8571428571428571, "Cohen_Kappa": 0.6764091858037579, "AUC": 0.8625, "TP": 12, "TN": 14, "FP": 2, "FN": 3}, "test": {"ACC": 0.6129032258064516, "F1_Score": 0.6000000000000001, "Recall": 0.5625, "Precision": 0.6428571428571429, "Cohen_Kappa": 0.22821576763485474, "AUC": 0.5708333333333334, "TP": 9, "TN": 10, "FP": 5, "FN": 7}}}