{"RF": {"valid": {"ACC": 0.7872340425531915, "F1_Score": 0.782608695652174, "Recall": 0.782608695652174, "Precision": 0.782608695652174, "SP": 0.7916666666666666, "Cohen_Kappa": 0.5742753623188406, "AUC": 0.8605072463768116, "TP": 18, "TN": 19, "FP": 5, "FN": 5}, "test": {"ACC": 0.6808510638297872, "F1_Score": 0.6666666666666666, "Recall": 0.625, "Precision": 0.7142857142857143, "SP": 0.7391304347826086, "Cohen_Kappa": 0.36314363143631434, "AUC": 0.786231884057971, "TP": 15, "TN": 17, "FP": 6, "FN": 9}}}