{"BAG": {"valid": {"ACC": 0.796812749003984, "F1_Score": 0.8089887640449439, "Recall": 0.8571428571428571, "Precision": 0.7659574468085106, "SP": 0.736, "Cohen_Kappa": 0.593425440686041, "AUC": 0.8320634920634922, "TP": 108, "TN": 92, "FP": 33, "FN": 18}, "test": {"ACC": 0.6587301587301587, "F1_Score": 0.6692307692307693, "Recall": 0.6904761904761905, "Precision": 0.6492537313432836, "SP": 0.626984126984127, "Cohen_Kappa": 0.31746031746031744, "AUC": 0.7752267573696145, "TP": 87, "TN": 79, "FP": 47, "FN": 39}}}