{"RF": {"valid": {"ACC": 0.8163265306122449, "F1_Score": 0.823529411764706, "Recall": 0.875, "Precision": 0.7777777777777778, "SP": 0.76, "Cohen_Kappa": 0.6334164588528678, "AUC": 0.8766666666666666, "TP": 21, "TN": 19, "FP": 6, "FN": 3}, "test": {"ACC": 0.6938775510204082, "F1_Score": 0.736842105263158, "Recall": 0.84, "Precision": 0.65625, "SP": 0.5416666666666666, "Cohen_Kappa": 0.38390611902766136, "AUC": 0.7275, "TP": 21, "TN": 13, "FP": 11, "FN": 4}}}