{"RF": {"valid": {"ACC": 0.7338709677419355, "F1_Score": 0.7401574803149606, "Recall": 0.7580645161290323, "Precision": 0.7230769230769231, "Cohen_Kappa": 0.467741935483871, "AUC": 0.7555280957336109, "TP": 94, "TN": 88, "FP": 36, "FN": 30}, "test": {"ACC": 0.7108433734939759, "F1_Score": 0.7, "Recall": 0.6774193548387096, "Precision": 0.7241379310344828, "Cohen_Kappa": 0.42152813629323704, "AUC": 0.7860322580645162, "TP": 84, "TN": 93, "FP": 32, "FN": 40}}}