{"SVC": {"valid": {"ACC": 0.7811158798283262, "F1_Score": 0.7968127490039841, "Recall": 0.8547008547008547, "Precision": 0.746268656716418, "SP": 0.7068965517241379, "Cohen_Kappa": 0.5619493493567295, "AUC": 0.8252284114353081, "TP": 100, "TN": 82, "FP": 34, "FN": 17}, "test": {"ACC": 0.7649572649572649, "F1_Score": 0.7639484978540774, "Recall": 0.7606837606837606, "Precision": 0.7672413793103449, "SP": 0.7692307692307693, "Cohen_Kappa": 0.5299145299145299, "AUC": 0.8232887720067207, "TP": 89, "TN": 90, "FP": 27, "FN": 28}}}