{"GB": {"valid": {"ACC": 0.6928838951310862, "F1_Score": 0.6940298507462687, "Recall": 0.6992481203007519, "Precision": 0.6888888888888889, "Cohen_Kappa": 0.38579363743477524, "AUC": 0.7168106834249803, "TP": 93, "TN": 92, "FP": 42, "FN": 40}, "test": {"ACC": 0.6529850746268657, "F1_Score": 0.6294820717131474, "Recall": 0.5895522388059702, "Precision": 0.6752136752136753, "Cohen_Kappa": 0.30597014925373134, "AUC": 0.7116841167297838, "TP": 79, "TN": 96, "FP": 38, "FN": 55}}}