{"SVC": {"valid": {"ACC": 0.7701149425287356, "F1_Score": 0.7727272727272727, "Recall": 0.7906976744186046, "Precision": 0.7555555555555555, "SP": 0.75, "Cohen_Kappa": 0.5404120443740095, "AUC": 0.8202959830866808, "TP": 34, "TN": 33, "FP": 11, "FN": 9}, "test": {"ACC": 0.5862068965517241, "F1_Score": 0.5714285714285713, "Recall": 0.5454545454545454, "Precision": 0.6, "SP": 0.627906976744186, "Cohen_Kappa": 0.17317845828933476, "AUC": 0.6778541226215645, "TP": 24, "TN": 27, "FP": 16, "FN": 20}}}