{"ADA": {"valid": {"ACC": 0.7724867724867724, "F1_Score": 0.7860696517412935, "Recall": 0.8404255319148937, "Precision": 0.7383177570093458, "Cohen_Kappa": 0.5452917808985621, "AUC": 0.8349384098544234, "TP": 79, "TN": 67, "FP": 28, "FN": 15}, "test": {"ACC": 0.6931216931216931, "F1_Score": 0.6947368421052632, "Recall": 0.6947368421052632, "Precision": 0.6947368421052632, "Cohen_Kappa": 0.3862262038073908, "AUC": 0.7218365061590145, "TP": 66, "TN": 65, "FP": 29, "FN": 29}}}