{"ETAs": {"valid": {"ACC": 0.757396449704142, "F1_Score": 0.7515151515151516, "Recall": 0.7294117647058823, "Precision": 0.775, "Cohen_Kappa": 0.5149457472873643, "AUC": 0.8135504201680672, "TP": 124, "TN": 132, "FP": 36, "FN": 46}, "test": {"ACC": 0.7227138643067846, "F1_Score": 0.7080745341614908, "Recall": 0.6745562130177515, "Precision": 0.7450980392156863, "Cohen_Kappa": 0.445268435345728, "AUC": 0.7728680821441002, "TP": 114, "TN": 131, "FP": 39, "FN": 55}}}