{"RF": {"valid": {"ACC": 0.7619047619047619, "F1_Score": 0.7590361445783131, "Recall": 0.75, "Precision": 0.7682926829268293, "SP": 0.7738095238095238, "Cohen_Kappa": 0.5238095238095238, "AUC": 0.8333864795918368, "TP": 126, "TN": 130, "FP": 38, "FN": 42}, "test": {"ACC": 0.685459940652819, "F1_Score": 0.6954022988505746, "Recall": 0.7159763313609467, "Precision": 0.6759776536312849, "SP": 0.6547619047619048, "Cohen_Kappa": 0.37080353683023926, "AUC": 0.7589285714285714, "TP": 121, "TN": 110, "FP": 58, "FN": 48}}}