{"RF": {"valid": {"ACC": 0.7589285714285714, "F1_Score": 0.7522935779816513, "Recall": 0.7321428571428571, "Precision": 0.7735849056603774, "SP": 0.7857142857142857, "Cohen_Kappa": 0.5178571428571428, "AUC": 0.8281781462585034, "TP": 123, "TN": 132, "FP": 36, "FN": 45}, "test": {"ACC": 0.6943620178041543, "F1_Score": 0.6997084548104956, "Recall": 0.7100591715976331, "Precision": 0.6896551724137931, "SP": 0.6785714285714286, "Cohen_Kappa": 0.3886648232621216, "AUC": 0.7676810369118061, "TP": 120, "TN": 114, "FP": 54, "FN": 49}}}
