{"GB": {"valid": {"ACC": 0.7414448669201521, "F1_Score": 0.7322834645669292, "Recall": 0.7099236641221374, "Precision": 0.7560975609756098, "SP": 0.7727272727272727, "Cohen_Kappa": 0.4827626099028227, "AUC": 0.815058986814712, "TP": 93, "TN": 102, "FP": 30, "FN": 38}, "test": {"ACC": 0.6653992395437263, "F1_Score": 0.6615384615384616, "Recall": 0.6515151515151515, "Precision": 0.671875, "SP": 0.6793893129770993, "Cohen_Kappa": 0.33086619636868286, "AUC": 0.715909090909091, "TP": 86, "TN": 89, "FP": 42, "FN": 46}}}