{"GB": {"valid": {"ACC": 0.7452471482889734, "F1_Score": 0.7372549019607844, "Recall": 0.7175572519083969, "Precision": 0.7580645161290323, "SP": 0.7727272727272727, "Cohen_Kappa": 0.4903837811261821, "AUC": 0.8147120055517003, "TP": 94, "TN": 102, "FP": 30, "FN": 37}, "test": {"ACC": 0.6692015209125475, "F1_Score": 0.6666666666666666, "Recall": 0.6590909090909091, "Precision": 0.6744186046511628, "SP": 0.6793893129770993, "Cohen_Kappa": 0.338450863041027, "AUC": 0.7172970159611382, "TP": 87, "TN": 89, "FP": 42, "FN": 45}}}