{"XGB": {"valid": {"ACC": 0.7876712328767124, "F1_Score": 0.7669172932330827, "Recall": 0.6986301369863014, "Precision": 0.85, "Cohen_Kappa": 0.5753424657534247, "AUC": 0.8510039407018203, "TP": 51, "TN": 64, "FP": 9, "FN": 22}, "test": {"ACC": 0.7123287671232876, "F1_Score": 0.704225352112676, "Recall": 0.684931506849315, "Precision": 0.7246376811594203, "Cohen_Kappa": 0.4246575342465754, "AUC": 0.7780071307937699, "TP": 50, "TN": 54, "FP": 19, "FN": 23}}}