{"XGB": {"valid": {"ACC": 0.7719298245614035, "F1_Score": 0.7592592592592592, "Recall": 0.7192982456140351, "Precision": 0.803921568627451, "SP": 0.8245614035087719, "Cohen_Kappa": 0.543859649122807, "AUC": 0.8310249307479224, "TP": 41, "TN": 47, "FP": 10, "FN": 16}, "test": {"ACC": 0.6228070175438597, "F1_Score": 0.6324786324786326, "Recall": 0.6491228070175439, "Precision": 0.6166666666666667, "SP": 0.5964912280701754, "Cohen_Kappa": 0.24561403508771928, "AUC": 0.6989843028624192, "TP": 37, "TN": 34, "FP": 23, "FN": 20}}}