{"MNB": {"valid": {"ACC": 0.6933333333333334, "F1_Score": 0.7294117647058824, "Recall": 0.8266666666666667, "Precision": 0.6526315789473685, "Cohen_Kappa": 0.3866666666666667, "AUC": 0.7447111111111111, "TP": 62, "TN": 42, "FP": 33, "FN": 13}, "test": {"ACC": 0.6266666666666667, "F1_Score": 0.6744186046511628, "Recall": 0.7733333333333333, "Precision": 0.5979381443298969, "Cohen_Kappa": 0.2533333333333333, "AUC": 0.7022222222222222, "TP": 58, "TN": 36, "FP": 39, "FN": 17}}}