{"MNB": {"valid": {"ACC": 0.6824324324324325, "F1_Score": 0.7044025157232704, "Recall": 0.7567567567567568, "Precision": 0.6588235294117647, "SP": 0.6081081081081081, "Cohen_Kappa": 0.3648648648648649, "AUC": 0.7138422205989774, "TP": 56, "TN": 45, "FP": 29, "FN": 18}, "test": {"ACC": 0.6375838926174496, "F1_Score": 0.6707317073170731, "Recall": 0.7333333333333333, "Precision": 0.6179775280898876, "SP": 0.5405405405405406, "Cohen_Kappa": 0.27421973660472665, "AUC": 0.6630630630630632, "TP": 55, "TN": 40, "FP": 34, "FN": 20}}}