{"RF": {"valid": {"ACC": 0.783068783068783, "F1_Score": 0.7918781725888325, "Recall": 0.8297872340425532, "Precision": 0.7572815533980582, "Cohen_Kappa": 0.5663439476187812, "AUC": 0.8376819708846585, "TP": 78, "TN": 70, "FP": 25, "FN": 16}, "test": {"ACC": 0.7354497354497355, "F1_Score": 0.7340425531914895, "Recall": 0.7263157894736842, "Precision": 0.7419354838709677, "Cohen_Kappa": 0.4709439032583137, "AUC": 0.8367301231802912, "TP": 69, "TN": 70, "FP": 24, "FN": 26}}}