{"MLP": {"valid": {"ACC": 0.7454545454545455, "F1_Score": 0.7666666666666667, "Recall": 0.8518518518518519, "Precision": 0.696969696969697, "Cohen_Kappa": 0.4927536231884059, "AUC": 0.8201058201058201, "TP": 23, "TN": 18, "FP": 10, "FN": 4}, "test": {"ACC": 0.6785714285714286, "F1_Score": 0.689655172413793, "Recall": 0.7142857142857143, "Precision": 0.6666666666666666, "Cohen_Kappa": 0.3571428571428571, "AUC": 0.6645408163265306, "TP": 20, "TN": 18, "FP": 10, "FN": 8}}}