{"KNB": {"valid": {"ACC": 0.7368421052631579, "F1_Score": 0.7272727272727273, "Recall": 0.7017543859649122, "Precision": 0.7547169811320755, "Cohen_Kappa": 0.4736842105263158, "AUC": 0.7276084949215144, "TP": 40, "TN": 44, "FP": 13, "FN": 17}, "test": {"ACC": 0.6754385964912281, "F1_Score": 0.6605504587155963, "Recall": 0.631578947368421, "Precision": 0.6923076923076923, "Cohen_Kappa": 0.3508771929824561, "AUC": 0.7443828870421668, "TP": 36, "TN": 41, "FP": 16, "FN": 21}}}