{"XGB": {"valid": {"ACC": 0.8283261802575107, "F1_Score": 0.8305084745762712, "Recall": 0.8376068376068376, "Precision": 0.8235294117647058, "SP": 0.8189655172413793, "Cohen_Kappa": 0.656620735391644, "AUC": 0.8579428234600648, "TP": 98, "TN": 95, "FP": 21, "FN": 19}, "test": {"ACC": 0.7905982905982906, "F1_Score": 0.780269058295964, "Recall": 0.7435897435897436, "Precision": 0.8207547169811321, "SP": 0.8376068376068376, "Cohen_Kappa": 0.5811965811965811, "AUC": 0.8620790415662211, "TP": 87, "TN": 98, "FP": 19, "FN": 30}}}