{"MNB": {"valid": {"ACC": 0.7376425855513308, "F1_Score": 0.7315175097276264, "Recall": 0.7175572519083969, "Precision": 0.746031746031746, "SP": 0.7575757575757576, "Cohen_Kappa": 0.4752017120217473, "AUC": 0.7914064307194079, "TP": 94, "TN": 100, "FP": 32, "FN": 37}, "test": {"ACC": 0.6501901140684411, "F1_Score": 0.648854961832061, "Recall": 0.6439393939393939, "Precision": 0.6538461538461539, "SP": 0.6564885496183206, "Cohen_Kappa": 0.30041057075117106, "AUC": 0.6566620402498264, "TP": 85, "TN": 86, "FP": 45, "FN": 47}}}