{"GB": {"valid": {"ACC": 0.7931034482758621, "F1_Score": 0.8026315789473685, "Recall": 0.8472222222222222, "Precision": 0.7625, "SP": 0.7397260273972602, "Cohen_Kappa": 0.5865019011406845, "AUC": 0.8125951293759514, "TP": 61, "TN": 54, "FP": 19, "FN": 11}, "test": {"ACC": 0.7034482758620689, "F1_Score": 0.7114093959731543, "Recall": 0.726027397260274, "Precision": 0.6973684210526315, "SP": 0.6805555555555556, "Cohen_Kappa": 0.4066990198877153, "AUC": 0.7880517503805174, "TP": 53, "TN": 49, "FP": 23, "FN": 20}}}