{"ETAs": {"valid": {"ACC": 0.7162162162162162, "F1_Score": 0.7123287671232876, "Recall": 0.7027027027027027, "Precision": 0.7222222222222222, "SP": 0.7297297297297297, "Cohen_Kappa": 0.43243243243243246, "AUC": 0.7681701972242513, "TP": 52, "TN": 54, "FP": 20, "FN": 22}, "test": {"ACC": 0.6510067114093959, "F1_Score": 0.6231884057971014, "Recall": 0.5733333333333334, "Precision": 0.6825396825396826, "SP": 0.7297297297297297, "Cohen_Kappa": 0.302735781137509, "AUC": 0.7298198198198199, "TP": 43, "TN": 54, "FP": 20, "FN": 32}}}