{"RF": {"valid": {"ACC": 0.7368421052631579, "F1_Score": 0.7413793103448276, "Recall": 0.7543859649122807, "Precision": 0.7288135593220338, "SP": 0.7192982456140351, "Cohen_Kappa": 0.4736842105263158, "AUC": 0.7811634349030471, "TP": 43, "TN": 41, "FP": 16, "FN": 14}, "test": {"ACC": 0.7192982456140351, "F1_Score": 0.7241379310344828, "Recall": 0.7368421052631579, "Precision": 0.711864406779661, "SP": 0.7017543859649122, "Cohen_Kappa": 0.4385964912280702, "AUC": 0.7406894429055094, "TP": 42, "TN": 40, "FP": 17, "FN": 15}}}