{"MLP": {"valid": {"ACC": 0.742603550295858, "F1_Score": 0.7478260869565216, "Recall": 0.7588235294117647, "Precision": 0.7371428571428571, "Cohen_Kappa": 0.4850989318858343, "AUC": 0.7849789915966386, "TP": 129, "TN": 122, "FP": 46, "FN": 41}, "test": {"ACC": 0.7050147492625368, "F1_Score": 0.7041420118343196, "Recall": 0.7041420118343196, "Precision": 0.7041420118343196, "Cohen_Kappa": 0.410024364775496, "AUC": 0.766724678036895, "TP": 119, "TN": 120, "FP": 50, "FN": 50}}}