{"MLP": {"valid": {"ACC": 0.6627906976744186, "F1_Score": 0.6233766233766234, "Recall": 0.5581395348837209, "Precision": 0.7058823529411765, "Cohen_Kappa": 0.32558139534883723, "AUC": 0.7209302325581395, "TP": 24, "TN": 33, "FP": 10, "FN": 19}, "test": {"ACC": 0.6395348837209303, "F1_Score": 0.5974025974025974, "Recall": 0.5348837209302325, "Precision": 0.6764705882352942, "Cohen_Kappa": 0.2790697674418605, "AUC": 0.6668469442942131, "TP": 23, "TN": 32, "FP": 11, "FN": 20}}}