{"XGB": {"valid": {"ACC": 0.851063829787234, "F1_Score": 0.8372093023255814, "Recall": 0.782608695652174, "Precision": 0.9, "SP": 0.9166666666666666, "Cohen_Kappa": 0.701180744777475, "AUC": 0.8387681159420289, "TP": 18, "TN": 22, "FP": 2, "FN": 5}, "test": {"ACC": 0.723404255319149, "F1_Score": 0.723404255319149, "Recall": 0.7083333333333334, "Precision": 0.7391304347826086, "SP": 0.7391304347826086, "Cohen_Kappa": 0.44705882352941173, "AUC": 0.7807971014492754, "TP": 17, "TN": 17, "FP": 6, "FN": 7}}}