{"XGB": {"valid": {"ACC": 0.7741935483870968, "F1_Score": 0.7812499999999999, "Recall": 0.8064516129032258, "Precision": 0.7575757575757576, "Cohen_Kappa": 0.5483870967741935, "AUC": 0.825312174817898, "TP": 100, "TN": 92, "FP": 32, "FN": 24}, "test": {"ACC": 0.7349397590361446, "F1_Score": 0.7401574803149606, "Recall": 0.7580645161290323, "Precision": 0.7230769230769231, "Cohen_Kappa": 0.4699735535057731, "AUC": 0.8358709677419356, "TP": 94, "TN": 89, "FP": 36, "FN": 30}}}