{"ETAs": {"valid": {"ACC": 0.796812749003984, "F1_Score": 0.8015564202334631, "Recall": 0.8174603174603174, "Precision": 0.7862595419847328, "SP": 0.776, "Cohen_Kappa": 0.5935545324654707, "AUC": 0.8653968253968254, "TP": 103, "TN": 97, "FP": 28, "FN": 23}, "test": {"ACC": 0.7619047619047619, "F1_Score": 0.76, "Recall": 0.753968253968254, "Precision": 0.7661290322580645, "SP": 0.7698412698412699, "Cohen_Kappa": 0.5238095238095238, "AUC": 0.8511274880322499, "TP": 95, "TN": 97, "FP": 29, "FN": 31}}}