{"ETAs": {"valid": {"ACC": 0.7162162162162162, "F1_Score": 0.7083333333333334, "Recall": 0.6891891891891891, "Precision": 0.7285714285714285, "SP": 0.7432432432432432, "Cohen_Kappa": 0.43243243243243246, "AUC": 0.7735573411249087, "TP": 51, "TN": 55, "FP": 19, "FN": 23}, "test": {"ACC": 0.6577181208053692, "F1_Score": 0.6330935251798561, "Recall": 0.5866666666666667, "Precision": 0.6875, "SP": 0.7297297297297297, "Cohen_Kappa": 0.31608316083160826, "AUC": 0.7409009009009009, "TP": 44, "TN": 54, "FP": 20, "FN": 31}}}