{"RF": {"valid": {"ACC": 0.7368421052631579, "F1_Score": 0.7321428571428571, "Recall": 0.7192982456140351, "Precision": 0.7454545454545455, "SP": 0.7543859649122807, "Cohen_Kappa": 0.4736842105263158, "AUC": 0.7790089258233303, "TP": 41, "TN": 43, "FP": 14, "FN": 16}, "test": {"ACC": 0.7017543859649122, "F1_Score": 0.706896551724138, "Recall": 0.7192982456140351, "Precision": 0.6949152542372882, "SP": 0.6842105263157895, "Cohen_Kappa": 0.4035087719298246, "AUC": 0.7433056325023084, "TP": 41, "TN": 39, "FP": 18, "FN": 16}}}