{"XGB": {"valid": {"ACC": 0.7755102040816326, "F1_Score": 0.7755102040816326, "Recall": 0.7916666666666666, "Precision": 0.76, "SP": 0.76, "Cohen_Kappa": 0.5512073272273106, "AUC": 0.8516666666666667, "TP": 19, "TN": 19, "FP": 6, "FN": 5}, "test": {"ACC": 0.7551020408163265, "F1_Score": 0.76, "Recall": 0.76, "Precision": 0.76, "SP": 0.75, "Cohen_Kappa": 0.51, "AUC": 0.8266666666666667, "TP": 19, "TN": 18, "FP": 6, "FN": 6}}}