{"GB": {"valid": {"ACC": 0.8333333333333334, "F1_Score": 0.8333333333333334, "Recall": 0.8333333333333334, "Precision": 0.8333333333333334, "Cohen_Kappa": 0.6666666666666667, "AUC": 0.8559027777777778, "TP": 20, "TN": 20, "FP": 4, "FN": 4}, "test": {"ACC": 0.7708333333333334, "F1_Score": 0.7843137254901961, "Recall": 0.8333333333333334, "Precision": 0.7407407407407407, "Cohen_Kappa": 0.5416666666666667, "AUC": 0.861111111111111, "TP": 20, "TN": 17, "FP": 7, "FN": 4}}}