{"MLP": {"valid": {"ACC": 0.7470238095238095, "F1_Score": 0.7564469914040115, "Recall": 0.7857142857142857, "Precision": 0.7292817679558011, "SP": 0.7083333333333334, "Cohen_Kappa": 0.49404761904761907, "AUC": 0.824936224489796, "TP": 132, "TN": 119, "FP": 49, "FN": 36}, "test": {"ACC": 0.6824925816023739, "F1_Score": 0.6968838526912181, "Recall": 0.727810650887574, "Precision": 0.6684782608695652, "SP": 0.6369047619047619, "Cohen_Kappa": 0.36481178107770085, "AUC": 0.7467596506058045, "TP": 123, "TN": 107, "FP": 61, "FN": 46}}}