{"ETAs": {"valid": {"ACC": 0.727810650887574, "F1_Score": 0.7294117647058823, "Recall": 0.7294117647058823, "Precision": 0.7294117647058823, "Cohen_Kappa": 0.4556022408963586, "AUC": 0.7945028011204482, "TP": 124, "TN": 122, "FP": 46, "FN": 46}, "test": {"ACC": 0.6932153392330384, "F1_Score": 0.6848484848484848, "Recall": 0.6686390532544378, "Precision": 0.7018633540372671, "Cohen_Kappa": 0.3863399011348605, "AUC": 0.7575356769926906, "TP": 113, "TN": 122, "FP": 48, "FN": 56}}}