{"SVC": {"valid": {"ACC": 0.7407407407407407, "F1_Score": 0.6956521739130435, "Recall": 0.5925925925925926, "Precision": 0.8421052631578947, "SP": 0.8888888888888888, "Cohen_Kappa": 0.4814814814814815, "AUC": 0.537037037037037, "TP": 16, "TN": 24, "FP": 3, "FN": 11}, "test": {"ACC": 0.7222222222222222, "F1_Score": 0.6938775510204083, "Recall": 0.6296296296296297, "Precision": 0.7727272727272727, "SP": 0.8148148148148148, "Cohen_Kappa": 0.4444444444444444, "AUC": 0.5, "TP": 17, "TN": 22, "FP": 5, "FN": 10}}}