{"RF": {"valid": {"ACC": 0.7011494252873564, "F1_Score": 0.7173913043478259, "Recall": 0.7674418604651163, "Precision": 0.673469387755102, "SP": 0.6363636363636364, "Cohen_Kappa": 0.4031662269129288, "AUC": 0.7145877378435519, "TP": 33, "TN": 28, "FP": 16, "FN": 10}, "test": {"ACC": 0.632183908045977, "F1_Score": 0.6521739130434783, "Recall": 0.6818181818181818, "Precision": 0.625, "SP": 0.5813953488372093, "Cohen_Kappa": 0.26349206349206356, "AUC": 0.7270084566596194, "TP": 30, "TN": 25, "FP": 18, "FN": 14}}}