{"GB": {"valid": {"ACC": 0.7639484978540773, "F1_Score": 0.7717842323651453, "Recall": 0.7948717948717948, "Precision": 0.75, "SP": 0.7327586206896551, "Cohen_Kappa": 0.527766518038103, "AUC": 0.8164235190097259, "TP": 93, "TN": 85, "FP": 31, "FN": 24}, "test": {"ACC": 0.7521367521367521, "F1_Score": 0.7542372881355932, "Recall": 0.7606837606837606, "Precision": 0.7478991596638656, "SP": 0.7435897435897436, "Cohen_Kappa": 0.5042735042735043, "AUC": 0.808751552341296, "TP": 89, "TN": 87, "FP": 30, "FN": 28}}}