{"RF": {"valid": {"ACC": 0.7708333333333334, "F1_Score": 0.7843137254901961, "Recall": 0.8333333333333334, "Precision": 0.7407407407407407, "Cohen_Kappa": 0.5416666666666667, "AUC": 0.7569444444444444, "TP": 20, "TN": 17, "FP": 7, "FN": 4}, "test": {"ACC": 0.625, "F1_Score": 0.6538461538461539, "Recall": 0.7083333333333334, "Precision": 0.6071428571428571, "Cohen_Kappa": 0.25, "AUC": 0.7508680555555556, "TP": 17, "TN": 13, "FP": 11, "FN": 7}}}