{"XGB": {"valid": {"ACC": 0.7017543859649122, "F1_Score": 0.7017543859649122, "Recall": 0.7017543859649122, "Precision": 0.7017543859649122, "Cohen_Kappa": 0.4035087719298246, "AUC": 0.7172976300400123, "TP": 40, "TN": 40, "FP": 17, "FN": 17}, "test": {"ACC": 0.7280701754385965, "F1_Score": 0.7256637168141592, "Recall": 0.7192982456140351, "Precision": 0.7321428571428571, "Cohen_Kappa": 0.45614035087719296, "AUC": 0.7919359803016313, "TP": 41, "TN": 42, "FP": 15, "FN": 16}}}