{"ETAs": {"valid": {"ACC": 0.7655172413793103, "F1_Score": 0.7848101265822784, "Recall": 0.8611111111111112, "Precision": 0.7209302325581395, "SP": 0.6712328767123288, "Cohen_Kappa": 0.5316359490784723, "AUC": 0.8095509893455098, "TP": 62, "TN": 49, "FP": 24, "FN": 10}, "test": {"ACC": 0.7103448275862069, "F1_Score": 0.7162162162162162, "Recall": 0.726027397260274, "Precision": 0.7066666666666667, "SP": 0.6944444444444444, "Cohen_Kappa": 0.4205518553758325, "AUC": 0.7714992389649923, "TP": 53, "TN": 50, "FP": 22, "FN": 20}}}