{"RF": {"valid": {"ACC": 0.7419354838709677, "F1_Score": 0.7647058823529413, "Recall": 0.8666666666666667, "Precision": 0.6842105263157895, "Cohen_Kappa": 0.487603305785124, "AUC": 0.71875, "TP": 13, "TN": 10, "FP": 6, "FN": 2}, "test": {"ACC": 0.7419354838709677, "F1_Score": 0.7333333333333334, "Recall": 0.6875, "Precision": 0.7857142857142857, "Cohen_Kappa": 0.48547717842323646, "AUC": 0.7895833333333333, "TP": 11, "TN": 12, "FP": 3, "FN": 5}}}