{"GB": {"valid": {"ACC": 0.75, "F1_Score": 0.7479674796747967, "Recall": 0.7419354838709677, "Precision": 0.7540983606557377, "Cohen_Kappa": 0.5, "AUC": 0.7814776274713839, "TP": 92, "TN": 94, "FP": 30, "FN": 32}, "test": {"ACC": 0.714859437751004, "F1_Score": 0.7193675889328064, "Recall": 0.7338709677419355, "Precision": 0.7054263565891473, "Cohen_Kappa": 0.4298016448959846, "AUC": 0.785225806451613, "TP": 91, "TN": 87, "FP": 38, "FN": 33}}}