{"RF": {"valid": {"ACC": 0.7011494252873564, "F1_Score": 0.7173913043478259, "Recall": 0.7674418604651163, "Precision": 0.673469387755102, "SP": 0.6363636363636364, "Cohen_Kappa": 0.4031662269129288, "AUC": 0.7317653276955602, "TP": 33, "TN": 28, "FP": 16, "FN": 10}, "test": {"ACC": 0.6781609195402298, "F1_Score": 0.6956521739130435, "Recall": 0.7272727272727273, "Precision": 0.6666666666666666, "SP": 0.627906976744186, "Cohen_Kappa": 0.3555555555555556, "AUC": 0.7238372093023256, "TP": 32, "TN": 27, "FP": 16, "FN": 12}}}