{"RF": {"valid": {"ACC": 0.7346938775510204, "F1_Score": 0.6976744186046512, "Recall": 0.625, "Precision": 0.7894736842105263, "SP": 0.84, "Cohen_Kappa": 0.46694560669456064, "AUC": 0.8141666666666667, "TP": 15, "TN": 21, "FP": 4, "FN": 9}, "test": {"ACC": 0.6530612244897959, "F1_Score": 0.6530612244897959, "Recall": 0.64, "Precision": 0.6666666666666666, "SP": 0.6666666666666666, "Cohen_Kappa": 0.30641132389675274, "AUC": 0.6775, "TP": 16, "TN": 16, "FP": 8, "FN": 9}}}