{"ETAs": {"valid": {"ACC": 0.7708333333333334, "F1_Score": 0.7673716012084593, "Recall": 0.7559523809523809, "Precision": 0.7791411042944786, "SP": 0.7857142857142857, "Cohen_Kappa": 0.5416666666666667, "AUC": 0.8334927721088436, "TP": 127, "TN": 132, "FP": 36, "FN": 41}, "test": {"ACC": 0.6824925816023739, "F1_Score": 0.6985915492957745, "Recall": 0.7337278106508875, "Precision": 0.6666666666666666, "SP": 0.6309523809523809, "Cohen_Kappa": 0.36478940229358614, "AUC": 0.7481156663848971, "TP": 124, "TN": 106, "FP": 62, "FN": 45}}}