{"ETAs": {"valid": {"ACC": 0.7768924302788844, "F1_Score": 0.791044776119403, "Recall": 0.8412698412698413, "Precision": 0.7464788732394366, "SP": 0.712, "Cohen_Kappa": 0.5535510100368441, "AUC": 0.8442857142857142, "TP": 106, "TN": 89, "FP": 36, "FN": 20}, "test": {"ACC": 0.7301587301587301, "F1_Score": 0.7384615384615385, "Recall": 0.7619047619047619, "Precision": 0.7164179104477612, "SP": 0.6984126984126984, "Cohen_Kappa": 0.46031746031746035, "AUC": 0.8174918115394305, "TP": 96, "TN": 88, "FP": 38, "FN": 30}}}