{"XGB": {"valid": {"ACC": 0.7659574468085106, "F1_Score": 0.7659574468085107, "Recall": 0.782608695652174, "Precision": 0.75, "SP": 0.75, "Cohen_Kappa": 0.5321266968325792, "AUC": 0.7916666666666665, "TP": 18, "TN": 18, "FP": 6, "FN": 5}, "test": {"ACC": 0.5319148936170213, "F1_Score": 0.5, "Recall": 0.4583333333333333, "Precision": 0.55, "SP": 0.6086956521739131, "Cohen_Kappa": 0.06678700361010825, "AUC": 0.6304347826086956, "TP": 11, "TN": 14, "FP": 9, "FN": 13}}}