{"ETAs": {"valid": {"ACC": 0.7808764940239044, "F1_Score": 0.7940074906367042, "Recall": 0.8412698412698413, "Precision": 0.75177304964539, "SP": 0.72, "Cohen_Kappa": 0.5615372399555344, "AUC": 0.8496825396825396, "TP": 106, "TN": 90, "FP": 35, "FN": 20}, "test": {"ACC": 0.7380952380952381, "F1_Score": 0.7401574803149606, "Recall": 0.746031746031746, "Precision": 0.734375, "SP": 0.7301587301587301, "Cohen_Kappa": 0.47619047619047616, "AUC": 0.8086104812295288, "TP": 94, "TN": 92, "FP": 34, "FN": 32}}}