{"ETAs": {"valid": {"ACC": 0.7655172413793103, "F1_Score": 0.782051282051282, "Recall": 0.8472222222222222, "Precision": 0.7261904761904762, "SP": 0.684931506849315, "Cohen_Kappa": 0.531546940326872, "AUC": 0.8004185692541856, "TP": 61, "TN": 50, "FP": 23, "FN": 11}, "test": {"ACC": 0.7172413793103448, "F1_Score": 0.7248322147651005, "Recall": 0.7397260273972602, "Precision": 0.7105263157894737, "SP": 0.6944444444444444, "Cohen_Kappa": 0.4342944143115425, "AUC": 0.774638508371385, "TP": 54, "TN": 50, "FP": 22, "FN": 19}}}