{"RF": {"valid": {"ACC": 0.7110266159695817, "F1_Score": 0.7007874015748031, "Recall": 0.6793893129770993, "Precision": 0.7235772357723578, "SP": 0.7424242424242424, "Cohen_Kappa": 0.4219111522443313, "AUC": 0.7789729354614852, "TP": 89, "TN": 98, "FP": 34, "FN": 42}, "test": {"ACC": 0.6806083650190115, "F1_Score": 0.676923076923077, "Recall": 0.6666666666666666, "Precision": 0.6875, "SP": 0.6946564885496184, "Cohen_Kappa": 0.3612813692610154, "AUC": 0.7569974554707378, "TP": 88, "TN": 91, "FP": 40, "FN": 44}}}