{"ETAs": {"valid": {"ACC": 0.8, "F1_Score": 0.8, "Recall": 0.8055555555555556, "Precision": 0.7945205479452054, "SP": 0.7945205479452054, "Cohen_Kappa": 0.6000190240654428, "AUC": 0.8489345509893456, "TP": 58, "TN": 58, "FP": 15, "FN": 14}, "test": {"ACC": 0.7862068965517242, "F1_Score": 0.7801418439716311, "Recall": 0.7534246575342466, "Precision": 0.8088235294117647, "SP": 0.8194444444444444, "Cohen_Kappa": 0.5725967481220882, "AUC": 0.8439878234398782, "TP": 55, "TN": 59, "FP": 13, "FN": 18}}}