{"OVR": {"valid": {"ACC": 0.7551020408163265, "F1_Score": 0.75, "Recall": 0.75, "Precision": 0.75, "SP": 0.76, "Cohen_Kappa": 0.51, "AUC": 0.8233333333333333, "TP": 18, "TN": 19, "FP": 6, "FN": 6}, "test": {"ACC": 0.6122448979591837, "F1_Score": 0.6415094339622641, "Recall": 0.68, "Precision": 0.6071428571428571, "SP": 0.5416666666666666, "Cohen_Kappa": 0.2222222222222222, "AUC": 0.74, "TP": 17, "TN": 13, "FP": 11, "FN": 8}}}