{"MNB": {"valid": {"ACC": 0.7346938775510204, "F1_Score": 0.7346938775510204, "Recall": 0.75, "Precision": 0.72, "SP": 0.72, "Cohen_Kappa": 0.46960865945045793, "AUC": 0.7666666666666667, "TP": 18, "TN": 18, "FP": 7, "FN": 6}, "test": {"ACC": 0.6530612244897959, "F1_Score": 0.6666666666666666, "Recall": 0.68, "Precision": 0.6538461538461539, "SP": 0.625, "Cohen_Kappa": 0.30525437864887406, "AUC": 0.6816666666666666, "TP": 17, "TN": 15, "FP": 9, "FN": 8}}}