{"RF": {"valid": {"ACC": 0.7586206896551724, "F1_Score": 0.7586206896551724, "Recall": 0.7674418604651163, "Precision": 0.75, "SP": 0.75, "Cohen_Kappa": 0.5173051519154557, "AUC": 0.8366807610993657, "TP": 33, "TN": 33, "FP": 11, "FN": 10}, "test": {"ACC": 0.735632183908046, "F1_Score": 0.7415730337078651, "Recall": 0.75, "Precision": 0.7333333333333333, "SP": 0.7209302325581395, "Cohen_Kappa": 0.4710547184773989, "AUC": 0.7645348837209301, "TP": 33, "TN": 31, "FP": 12, "FN": 11}}}