{"MLP": {"valid": {"ACC": 0.723404255319149, "F1_Score": 0.723404255319149, "Recall": 0.7391304347826086, "Precision": 0.7083333333333334, "SP": 0.7083333333333334, "Cohen_Kappa": 0.44705882352941173, "AUC": 0.7047101449275363, "TP": 17, "TN": 17, "FP": 7, "FN": 6}, "test": {"ACC": 0.7021276595744681, "F1_Score": 0.6818181818181818, "Recall": 0.625, "Precision": 0.75, "SP": 0.782608695652174, "Cohen_Kappa": 0.40613718411552346, "AUC": 0.7409420289855073, "TP": 15, "TN": 18, "FP": 5, "FN": 9}}}