{"RF": {"valid": {"ACC": 0.7768924302788844, "F1_Score": 0.7862595419847327, "Recall": 0.8174603174603174, "Precision": 0.7573529411764706, "SP": 0.736, "Cohen_Kappa": 0.5536360749444269, "AUC": 0.8540952380952381, "TP": 103, "TN": 92, "FP": 33, "FN": 23}, "test": {"ACC": 0.8015873015873016, "F1_Score": 0.7999999999999999, "Recall": 0.7936507936507936, "Precision": 0.8064516129032258, "SP": 0.8095238095238095, "Cohen_Kappa": 0.6031746031746033, "AUC": 0.8529226505416981, "TP": 100, "TN": 102, "FP": 24, "FN": 26}}}