{"GB": {"valid": {"ACC": 0.8157894736842105, "F1_Score": 0.8108108108108109, "Recall": 0.7894736842105263, "Precision": 0.8333333333333334, "SP": 0.8421052631578947, "Cohen_Kappa": 0.631578947368421, "AUC": 0.8491843644198214, "TP": 45, "TN": 48, "FP": 9, "FN": 12}, "test": {"ACC": 0.6578947368421053, "F1_Score": 0.6355140186915889, "Recall": 0.5964912280701754, "Precision": 0.68, "SP": 0.7192982456140351, "Cohen_Kappa": 0.3157894736842105, "AUC": 0.72668513388735, "TP": 34, "TN": 41, "FP": 16, "FN": 23}}}