{"ADA": {"valid": {"ACC": 0.7682403433476395, "F1_Score": 0.7786885245901639, "Recall": 0.811965811965812, "Precision": 0.7480314960629921, "SP": 0.7241379310344828, "Cohen_Kappa": 0.5363013193779023, "AUC": 0.8000294724432655, "TP": 95, "TN": 84, "FP": 32, "FN": 22}, "test": {"ACC": 0.7307692307692307, "F1_Score": 0.7385892116182572, "Recall": 0.7606837606837606, "Precision": 0.717741935483871, "SP": 0.7008547008547008, "Cohen_Kappa": 0.46153846153846156, "AUC": 0.8088246036963986, "TP": 89, "TN": 82, "FP": 35, "FN": 28}}}