{"ETAs": {"valid": {"ACC": 0.722972972972973, "F1_Score": 0.6962962962962963, "Recall": 0.6351351351351351, "Precision": 0.7704918032786885, "SP": 0.8108108108108109, "Cohen_Kappa": 0.44594594594594594, "AUC": 0.760409057706355, "TP": 47, "TN": 60, "FP": 14, "FN": 27}, "test": {"ACC": 0.7449664429530202, "F1_Score": 0.7285714285714285, "Recall": 0.68, "Precision": 0.7846153846153846, "SP": 0.8108108108108109, "Cohen_Kappa": 0.4903690369036904, "AUC": 0.7542342342342343, "TP": 51, "TN": 60, "FP": 14, "FN": 24}}}