{"OVR": {"valid": {"ACC": 0.7432432432432432, "F1_Score": 0.7432432432432431, "Recall": 0.7432432432432432, "Precision": 0.7432432432432432, "SP": 0.7432432432432432, "Cohen_Kappa": 0.4864864864864865, "AUC": 0.7618699780861944, "TP": 55, "TN": 55, "FP": 19, "FN": 19}, "test": {"ACC": 0.6845637583892618, "F1_Score": 0.6802721088435373, "Recall": 0.6666666666666666, "Precision": 0.6944444444444444, "SP": 0.7027027027027027, "Cohen_Kappa": 0.3692695667837521, "AUC": 0.7212612612612612, "TP": 50, "TN": 52, "FP": 22, "FN": 25}}}