{"RF": {"valid": {"ACC": 0.7471264367816092, "F1_Score": 0.7608695652173914, "Recall": 0.813953488372093, "Precision": 0.7142857142857143, "SP": 0.6818181818181818, "Cohen_Kappa": 0.4949868073878628, "AUC": 0.8443446088794927, "TP": 35, "TN": 30, "FP": 14, "FN": 8}, "test": {"ACC": 0.6666666666666666, "F1_Score": 0.6666666666666666, "Recall": 0.6590909090909091, "Precision": 0.6744186046511628, "SP": 0.6744186046511628, "Cohen_Kappa": 0.33342140026420075, "AUC": 0.7526427061310782, "TP": 29, "TN": 29, "FP": 14, "FN": 15}}}