{"XGB": {"valid": {"ACC": 0.7592592592592593, "F1_Score": 0.711111111111111, "Recall": 0.5925925925925926, "Precision": 0.8888888888888888, "SP": 0.9259259259259259, "Cohen_Kappa": 0.5185185185185186, "AUC": 0.7791495198902606, "TP": 16, "TN": 25, "FP": 2, "FN": 11}, "test": {"ACC": 0.6851851851851852, "F1_Score": 0.6530612244897959, "Recall": 0.5925925925925926, "Precision": 0.7272727272727273, "SP": 0.7777777777777778, "Cohen_Kappa": 0.37037037037037035, "AUC": 0.7640603566529492, "TP": 16, "TN": 21, "FP": 6, "FN": 11}}}