{"BAG": {"valid": {"ACC": 0.7021276595744681, "F1_Score": 0.7083333333333334, "Recall": 0.7391304347826086, "Precision": 0.68, "SP": 0.6666666666666666, "Cohen_Kappa": 0.40506329113924044, "AUC": 0.746376811594203, "TP": 17, "TN": 16, "FP": 8, "FN": 6}, "test": {"ACC": 0.5957446808510638, "F1_Score": 0.5777777777777778, "Recall": 0.5416666666666666, "Precision": 0.6190476190476191, "SP": 0.6521739130434783, "Cohen_Kappa": 0.19331526648599817, "AUC": 0.634963768115942, "TP": 13, "TN": 15, "FP": 8, "FN": 11}}}