{"OVR": {"valid": {"ACC": 0.7110266159695817, "F1_Score": 0.7054263565891473, "Recall": 0.6946564885496184, "Precision": 0.7165354330708661, "SP": 0.7272727272727273, "Cohen_Kappa": 0.4219780219780219, "AUC": 0.7638792505204719, "TP": 91, "TN": 96, "FP": 36, "FN": 40}, "test": {"ACC": 0.6615969581749049, "F1_Score": 0.6563706563706564, "Recall": 0.6439393939393939, "Precision": 0.6692913385826772, "SP": 0.6793893129770993, "Cohen_Kappa": 0.3232819682558039, "AUC": 0.712294702752718, "TP": 85, "TN": 89, "FP": 42, "FN": 47}}}