{"KNB": {"valid": {"ACC": 0.8007968127490039, "F1_Score": 0.8015873015873016, "Recall": 0.8015873015873016, "Precision": 0.8015873015873016, "SP": 0.8, "Cohen_Kappa": 0.6015873015873017, "AUC": 0.845968253968254, "TP": 101, "TN": 100, "FP": 25, "FN": 25}, "test": {"ACC": 0.7619047619047619, "F1_Score": 0.7656250000000001, "Recall": 0.7777777777777778, "Precision": 0.7538461538461538, "SP": 0.746031746031746, "Cohen_Kappa": 0.5238095238095238, "AUC": 0.8136495338876291, "TP": 98, "TN": 94, "FP": 32, "FN": 28}}}