{"ETAs": {"valid": {"ACC": 0.8068965517241379, "F1_Score": 0.8028169014084506, "Recall": 0.7916666666666666, "Precision": 0.8142857142857143, "SP": 0.821917808219178, "Cohen_Kappa": 0.6137012369172217, "AUC": 0.8614916286149162, "TP": 57, "TN": 60, "FP": 13, "FN": 15}, "test": {"ACC": 0.7724137931034483, "F1_Score": 0.7659574468085105, "Recall": 0.7397260273972602, "Precision": 0.7941176470588235, "SP": 0.8055555555555556, "Cohen_Kappa": 0.545022344775126, "AUC": 0.8451293759512937, "TP": 54, "TN": 58, "FP": 14, "FN": 19}}}