{"GB": {"valid": {"ACC": 0.8070175438596491, "F1_Score": 0.8035714285714286, "Recall": 0.7894736842105263, "Precision": 0.8181818181818182, "SP": 0.8245614035087719, "Cohen_Kappa": 0.6140350877192983, "AUC": 0.8485687903970452, "TP": 45, "TN": 47, "FP": 10, "FN": 12}, "test": {"ACC": 0.6578947368421053, "F1_Score": 0.6355140186915889, "Recall": 0.5964912280701754, "Precision": 0.68, "SP": 0.7192982456140351, "Cohen_Kappa": 0.3157894736842105, "AUC": 0.7276084949215144, "TP": 34, "TN": 41, "FP": 16, "FN": 23}}}