{"OVR": {"valid": {"ACC": 0.6693548387096774, "F1_Score": 0.6719999999999999, "Recall": 0.6774193548387096, "Precision": 0.6666666666666666, "Cohen_Kappa": 0.33870967741935487, "AUC": 0.6960848074921957, "TP": 84, "TN": 82, "FP": 42, "FN": 40}, "test": {"ACC": 0.7108433734939759, "F1_Score": 0.7209302325581396, "Recall": 0.75, "Precision": 0.6940298507462687, "Cohen_Kappa": 0.42186391486617214, "AUC": 0.7631612903225806, "TP": 93, "TN": 84, "FP": 41, "FN": 31}}, "KNB": {"valid": {"ACC": 0.6290322580645161, "F1_Score": 0.6198347107438016, "Recall": 0.6048387096774194, "Precision": 0.635593220338983, "Cohen_Kappa": 0.25806451612903225, "AUC": 0.6840530697190427, "TP": 75, "TN": 81, "FP": 43, "FN": 49}, "test": {"ACC": 0.6907630522088354, "F1_Score": 0.6831275720164609, "Recall": 0.6693548387096774, "Precision": 0.6974789915966386, "Cohen_Kappa": 0.3814163574770124, "AUC": 0.7450645161290324, "TP": 83, "TN": 89, "FP": 36, "FN": 41}}, "DT": {"valid": {"ACC": 0.625, "F1_Score": 0.6294820717131475, "Recall": 0.6370967741935484, "Precision": 0.6220472440944882, "Cohen_Kappa": 0.25, "AUC": 0.6235366805411031, "TP": 79, "TN": 76, "FP": 48, "FN": 45}, "test": {"ACC": 0.6385542168674698, "F1_Score": 0.6218487394957983, "Recall": 0.5967741935483871, "Precision": 0.6491228070175439, "Cohen_Kappa": 0.27686350435624396, "AUC": 0.642258064516129, "TP": 74, "TN": 85, "FP": 40, "FN": 50}}, "MNB": {"valid": {"ACC": 0.592741935483871, "F1_Score": 0.6039215686274509, "Recall": 0.6209677419354839, "Precision": 0.5877862595419847, "Cohen_Kappa": 0.18548387096774188, "AUC": 0.6237643080124871, "TP": 77, "TN": 70, "FP": 54, "FN": 47}, "test": {"ACC": 0.6465863453815262, "F1_Score": 0.6535433070866141, "Recall": 0.6693548387096774, "Precision": 0.6384615384615384, "Cohen_Kappa": 0.2932980713410308, "AUC": 0.6706129032258065, "TP": 83, "TN": 78, "FP": 47, "FN": 41}}, "RF": {"valid": {"ACC": 0.6814516129032258, "F1_Score": 0.6926070038910506, "Recall": 0.717741935483871, "Precision": 0.6691729323308271, "Cohen_Kappa": 0.3629032258064516, "AUC": 0.7544875130072841, "TP": 89, "TN": 80, "FP": 44, "FN": 35}, "test": {"ACC": 0.7228915662650602, "F1_Score": 0.7160493827160493, "Recall": 0.7016129032258065, "Precision": 0.7310924369747899, "Cohen_Kappa": 0.4456847878690111, "AUC": 0.7930645161290323, "TP": 87, "TN": 93, "FP": 32, "FN": 37}}, "ADA": {"valid": {"ACC": 0.657258064516129, "F1_Score": 0.6502057613168724, "Recall": 0.6370967741935484, "Precision": 0.6638655462184874, "Cohen_Kappa": 0.3145161290322581, "AUC": 0.67400494276795, "TP": 79, "TN": 84, "FP": 40, "FN": 45}, "test": {"ACC": 0.6506024096385542, "F1_Score": 0.6506024096385542, "Recall": 0.6532258064516129, "Precision": 0.648, "Cohen_Kappa": 0.30121608980355474, "AUC": 0.7271290322580646, "TP": 81, "TN": 81, "FP": 44, "FN": 43}}, "XGB": {"valid": {"ACC": 0.6975806451612904, "F1_Score": 0.7104247104247104, "Recall": 0.7419354838709677, "Precision": 0.6814814814814815, "Cohen_Kappa": 0.3951612903225806, "AUC": 0.7527315296566077, "TP": 92, "TN": 81, "FP": 43, "FN": 32}, "test": {"ACC": 0.7228915662650602, "F1_Score": 0.7294117647058822, "Recall": 0.75, "Precision": 0.7099236641221374, "Cohen_Kappa": 0.44589931305834174, "AUC": 0.8176129032258065, "TP": 93, "TN": 87, "FP": 38, "FN": 31}}, "MLP": {"valid": {"ACC": 0.6532258064516129, "F1_Score": 0.6532258064516129, "Recall": 0.6532258064516129, "Precision": 0.6532258064516129, "Cohen_Kappa": 0.30645161290322576, "AUC": 0.6913371488033299, "TP": 81, "TN": 81, "FP": 43, "FN": 43}, "test": {"ACC": 0.7389558232931727, "F1_Score": 0.7325102880658436, "Recall": 0.717741935483871, "Precision": 0.7478991596638656, "Cohen_Kappa": 0.47781900306501046, "AUC": 0.7978064516129033, "TP": 89, "TN": 95, "FP": 30, "FN": 35}}, "LR": {"valid": {"ACC": 0.6693548387096774, "F1_Score": 0.6719999999999999, "Recall": 0.6774193548387096, "Precision": 0.6666666666666666, "Cohen_Kappa": 0.33870967741935487, "AUC": 0.6960848074921957, "TP": 84, "TN": 82, "FP": 42, "FN": 40}, "test": {"ACC": 0.7108433734939759, "F1_Score": 0.7209302325581396, "Recall": 0.75, "Precision": 0.6940298507462687, "Cohen_Kappa": 0.42186391486617214, "AUC": 0.7631612903225806, "TP": 93, "TN": 84, "FP": 41, "FN": 31}}, "ETAs": {"valid": {"ACC": 0.6733870967741935, "F1_Score": 0.6872586872586872, "Recall": 0.717741935483871, "Precision": 0.6592592592592592, "Cohen_Kappa": 0.3467741935483871, "AUC": 0.7400819458896982, "TP": 89, "TN": 78, "FP": 46, "FN": 35}, "test": {"ACC": 0.7108433734939759, "F1_Score": 0.7049180327868854, "Recall": 0.6935483870967742, "Precision": 0.7166666666666667, "Cohen_Kappa": 0.42160278745644597, "AUC": 0.797483870967742, "TP": 86, "TN": 91, "FP": 34, "FN": 38}}, "CNB": {"valid": {"ACC": 0.592741935483871, "F1_Score": 0.6039215686274509, "Recall": 0.6209677419354839, "Precision": 0.5877862595419847, "Cohen_Kappa": 0.18548387096774188, "AUC": 0.6237643080124871, "TP": 77, "TN": 70, "FP": 54, "FN": 47}, "test": {"ACC": 0.6465863453815262, "F1_Score": 0.6535433070866141, "Recall": 0.6693548387096774, "Precision": 0.6384615384615384, "Cohen_Kappa": 0.2932980713410308, "AUC": 0.6706129032258065, "TP": 83, "TN": 78, "FP": 47, "FN": 41}}, "GB": {"valid": {"ACC": 0.657258064516129, "F1_Score": 0.6613545816733067, "Recall": 0.6693548387096774, "Precision": 0.6535433070866141, "Cohen_Kappa": 0.3145161290322581, "AUC": 0.7256113423517169, "TP": 83, "TN": 80, "FP": 44, "FN": 41}, "test": {"ACC": 0.6987951807228916, "F1_Score": 0.6963562753036437, "Recall": 0.6935483870967742, "Precision": 0.6991869918699187, "Cohen_Kappa": 0.39756121165198877, "AUC": 0.7956774193548388, "TP": 86, "TN": 88, "FP": 37, "FN": 38}}, "BAG": {"valid": {"ACC": 0.6854838709677419, "F1_Score": 0.6829268292682927, "Recall": 0.6774193548387096, "Precision": 0.6885245901639344, "Cohen_Kappa": 0.3709677419354839, "AUC": 0.7392689906347555, "TP": 84, "TN": 86, "FP": 38, "FN": 40}, "test": {"ACC": 0.642570281124498, "F1_Score": 0.611353711790393, "Recall": 0.5645161290322581, "Precision": 0.6666666666666666, "Cohen_Kappa": 0.2846906168296698, "AUC": 0.7266451612903225, "TP": 70, "TN": 90, "FP": 35, "FN": 54}}}