{"OVR": {"valid": {"ACC": 0.6363636363636364, "F1_Score": 0.625, "Recall": 0.6060606060606061, "Precision": 0.6451612903225806, "Cohen_Kappa": 0.2727272727272727, "AUC": 0.7235996326905417, "TP": 20, "TN": 22, "FP": 11, "FN": 13}, "test": {"ACC": 0.6716417910447762, "F1_Score": 0.6857142857142857, "Recall": 0.7058823529411765, "Precision": 0.6666666666666666, "Cohen_Kappa": 0.3425512934879571, "AUC": 0.7130124777183601, "TP": 24, "TN": 21, "FP": 12, "FN": 10}}, "KNB": {"valid": {"ACC": 0.6363636363636364, "F1_Score": 0.6571428571428571, "Recall": 0.696969696969697, "Precision": 0.6216216216216216, "Cohen_Kappa": 0.2727272727272727, "AUC": 0.657483930211203, "TP": 23, "TN": 19, "FP": 14, "FN": 10}, "test": {"ACC": 0.5671641791044776, "F1_Score": 0.5671641791044776, "Recall": 0.5588235294117647, "Precision": 0.5757575757575758, "Cohen_Kappa": 0.13452115812917598, "AUC": 0.627005347593583, "TP": 19, "TN": 19, "FP": 14, "FN": 15}}, "DT": {"valid": {"ACC": 0.5909090909090909, "F1_Score": 0.6301369863013698, "Recall": 0.696969696969697, "Precision": 0.575, "Cohen_Kappa": 0.18181818181818177, "AUC": 0.5909090909090909, "TP": 23, "TN": 16, "FP": 17, "FN": 10}, "test": {"ACC": 0.6567164179104478, "F1_Score": 0.6666666666666666, "Recall": 0.6764705882352942, "Precision": 0.6571428571428571, "Cohen_Kappa": 0.31297369594293356, "AUC": 0.6564171122994653, "TP": 23, "TN": 21, "FP": 12, "FN": 11}}, "MNB": {"valid": {"ACC": 0.6515151515151515, "F1_Score": 0.676056338028169, "Recall": 0.7272727272727273, "Precision": 0.631578947368421, "Cohen_Kappa": 0.303030303030303, "AUC": 0.6519742883379247, "TP": 24, "TN": 19, "FP": 14, "FN": 9}, "test": {"ACC": 0.5671641791044776, "F1_Score": 0.6329113924050633, "Recall": 0.7352941176470589, "Precision": 0.5555555555555556, "Cohen_Kappa": 0.1298701298701298, "AUC": 0.6452762923351159, "TP": 25, "TN": 13, "FP": 20, "FN": 9}}, "RF": {"valid": {"ACC": 0.6363636363636364, "F1_Score": 0.6470588235294118, "Recall": 0.6666666666666666, "Precision": 0.6285714285714286, "Cohen_Kappa": 0.2727272727272727, "AUC": 0.7626262626262627, "TP": 22, "TN": 20, "FP": 13, "FN": 11}, "test": {"ACC": 0.5373134328358209, "F1_Score": 0.507936507936508, "Recall": 0.47058823529411764, "Precision": 0.5517241379310345, "Cohen_Kappa": 0.07647843485993788, "AUC": 0.5873440285204992, "TP": 16, "TN": 20, "FP": 13, "FN": 18}}, "ADA": {"valid": {"ACC": 0.6515151515151515, "F1_Score": 0.6349206349206349, "Recall": 0.6060606060606061, "Precision": 0.6666666666666666, "Cohen_Kappa": 0.303030303030303, "AUC": 0.6859504132231404, "TP": 20, "TN": 23, "FP": 10, "FN": 13}, "test": {"ACC": 0.6716417910447762, "F1_Score": 0.6857142857142857, "Recall": 0.7058823529411765, "Precision": 0.6666666666666666, "Cohen_Kappa": 0.3425512934879571, "AUC": 0.6390374331550801, "TP": 24, "TN": 21, "FP": 12, "FN": 10}}, "XGB": {"valid": {"ACC": 0.6666666666666666, "F1_Score": 0.6451612903225807, "Recall": 0.6060606060606061, "Precision": 0.6896551724137931, "Cohen_Kappa": 0.33333333333333337, "AUC": 0.7566574839302111, "TP": 20, "TN": 24, "FP": 9, "FN": 13}, "test": {"ACC": 0.5671641791044776, "F1_Score": 0.5797101449275363, "Recall": 0.5882352941176471, "Precision": 0.5714285714285714, "Cohen_Kappa": 0.13374944271065536, "AUC": 0.6283422459893049, "TP": 20, "TN": 18, "FP": 15, "FN": 14}}, "MLP": {"valid": {"ACC": 0.6515151515151515, "F1_Score": 0.6567164179104478, "Recall": 0.6666666666666666, "Precision": 0.6470588235294118, "Cohen_Kappa": 0.303030303030303, "AUC": 0.7520661157024794, "TP": 22, "TN": 21, "FP": 12, "FN": 11}, "test": {"ACC": 0.6119402985074627, "F1_Score": 0.6285714285714287, "Recall": 0.6470588235294118, "Precision": 0.6111111111111112, "Cohen_Kappa": 0.2230151650312221, "AUC": 0.6889483065953654, "TP": 22, "TN": 19, "FP": 14, "FN": 12}}, "LR": {"valid": {"ACC": 0.6363636363636364, "F1_Score": 0.625, "Recall": 0.6060606060606061, "Precision": 0.6451612903225806, "Cohen_Kappa": 0.2727272727272727, "AUC": 0.7235996326905417, "TP": 20, "TN": 22, "FP": 11, "FN": 13}, "test": {"ACC": 0.6716417910447762, "F1_Score": 0.6857142857142857, "Recall": 0.7058823529411765, "Precision": 0.6666666666666666, "Cohen_Kappa": 0.3425512934879571, "AUC": 0.7130124777183601, "TP": 24, "TN": 21, "FP": 12, "FN": 10}}, "ETAs": {"valid": {"ACC": 0.696969696969697, "F1_Score": 0.6875, "Recall": 0.6666666666666666, "Precision": 0.7096774193548387, "Cohen_Kappa": 0.3939393939393939, "AUC": 0.7805325987144169, "TP": 22, "TN": 24, "FP": 9, "FN": 11}, "test": {"ACC": 0.5671641791044776, "F1_Score": 0.5538461538461539, "Recall": 0.5294117647058824, "Precision": 0.5806451612903226, "Cohen_Kappa": 0.13529149977748112, "AUC": 0.5868983957219251, "TP": 18, "TN": 20, "FP": 13, "FN": 16}}, "CNB": {"valid": {"ACC": 0.6515151515151515, "F1_Score": 0.676056338028169, "Recall": 0.7272727272727273, "Precision": 0.631578947368421, "Cohen_Kappa": 0.303030303030303, "AUC": 0.6519742883379247, "TP": 24, "TN": 19, "FP": 14, "FN": 9}, "test": {"ACC": 0.5671641791044776, "F1_Score": 0.6329113924050633, "Recall": 0.7352941176470589, "Precision": 0.5555555555555556, "Cohen_Kappa": 0.1298701298701298, "AUC": 0.6452762923351159, "TP": 25, "TN": 13, "FP": 20, "FN": 9}}, "GB": {"valid": {"ACC": 0.5909090909090909, "F1_Score": 0.5970149253731343, "Recall": 0.6060606060606061, "Precision": 0.5882352941176471, "Cohen_Kappa": 0.18181818181818177, "AUC": 0.7015610651974289, "TP": 20, "TN": 19, "FP": 14, "FN": 13}, "test": {"ACC": 0.5970149253731343, "F1_Score": 0.619718309859155, "Recall": 0.6470588235294118, "Precision": 0.5945945945945946, "Cohen_Kappa": 0.19277108433734946, "AUC": 0.606951871657754, "TP": 22, "TN": 18, "FP": 15, "FN": 12}}, "BAG": {"valid": {"ACC": 0.6060606060606061, "F1_Score": 0.5806451612903226, "Recall": 0.5454545454545454, "Precision": 0.6206896551724138, "Cohen_Kappa": 0.21212121212121215, "AUC": 0.6395775941230486, "TP": 18, "TN": 22, "FP": 11, "FN": 15}, "test": {"ACC": 0.5970149253731343, "F1_Score": 0.5423728813559322, "Recall": 0.47058823529411764, "Precision": 0.64, "Cohen_Kappa": 0.19707057256990668, "AUC": 0.6528520499108734, "TP": 16, "TN": 24, "FP": 9, "FN": 18}}}