{"OVR": {"valid": {"ACC": 0.6834319526627219, "F1_Score": 0.6880466472303207, "Recall": 0.6941176470588235, "Precision": 0.6820809248554913, "Cohen_Kappa": 0.3667752214868508, "AUC": 0.6957282913165266, "TP": 118, "TN": 113, "FP": 55, "FN": 52}, "test": {"ACC": 0.696165191740413, "F1_Score": 0.6811145510835913, "Recall": 0.650887573964497, "Precision": 0.7142857142857143, "Cohen_Kappa": 0.3921664200539646, "AUC": 0.7508179603202229, "TP": 110, "TN": 126, "FP": 44, "FN": 59}}, "KNB": {"valid": {"ACC": 0.6863905325443787, "F1_Score": 0.6807228915662651, "Recall": 0.6647058823529411, "Precision": 0.6975308641975309, "Cohen_Kappa": 0.3729347521702604, "AUC": 0.7261904761904762, "TP": 113, "TN": 119, "FP": 49, "FN": 57}, "test": {"ACC": 0.6784660766961652, "F1_Score": 0.668693009118541, "Recall": 0.650887573964497, "Precision": 0.6875, "Cohen_Kappa": 0.35682581678299774, "AUC": 0.7232509571876087, "TP": 110, "TN": 120, "FP": 50, "FN": 59}}, "DT": {"valid": {"ACC": 0.6094674556213018, "F1_Score": 0.5950920245398773, "Recall": 0.5705882352941176, "Precision": 0.6217948717948718, "Cohen_Kappa": 0.21929026387625106, "AUC": 0.6096988795518207, "TP": 97, "TN": 109, "FP": 59, "FN": 73}, "test": {"ACC": 0.640117994100295, "F1_Score": 0.6390532544378699, "Recall": 0.6390532544378699, "Precision": 0.6390532544378699, "Cohen_Kappa": 0.2802297250261051, "AUC": 0.6401148625130526, "TP": 108, "TN": 109, "FP": 61, "FN": 61}}, "MNB": {"valid": {"ACC": 0.6390532544378699, "F1_Score": 0.659217877094972, "Recall": 0.6941176470588235, "Precision": 0.6276595744680851, "Cohen_Kappa": 0.27762595473337537, "AUC": 0.6826155462184874, "TP": 118, "TN": 98, "FP": 70, "FN": 52}, "test": {"ACC": 0.616519174041298, "F1_Score": 0.6306818181818182, "Recall": 0.6568047337278107, "Precision": 0.6065573770491803, "Cohen_Kappa": 0.23321849879945722, "AUC": 0.6376957883745215, "TP": 111, "TN": 98, "FP": 72, "FN": 58}}, "RF": {"valid": {"ACC": 0.7041420118343196, "F1_Score": 0.6875, "Recall": 0.6470588235294118, "Precision": 0.7333333333333333, "Cohen_Kappa": 0.4086773967809657, "AUC": 0.7902135854341736, "TP": 110, "TN": 128, "FP": 40, "FN": 60}, "test": {"ACC": 0.672566371681416, "F1_Score": 0.6584615384615384, "Recall": 0.6331360946745562, "Precision": 0.6858974358974359, "Cohen_Kappa": 0.3449788500704998, "AUC": 0.7499477897667942, "TP": 107, "TN": 121, "FP": 49, "FN": 62}}, "ADA": {"valid": {"ACC": 0.6538461538461539, "F1_Score": 0.6548672566371683, "Recall": 0.6529411764705882, "Precision": 0.6568047337278107, "Cohen_Kappa": 0.3076923076923077, "AUC": 0.6910889355742298, "TP": 111, "TN": 110, "FP": 58, "FN": 59}, "test": {"ACC": 0.6371681415929203, "F1_Score": 0.6215384615384616, "Recall": 0.5976331360946746, "Precision": 0.6474358974358975, "Cohen_Kappa": 0.274165752780824, "AUC": 0.7060563870518621, "TP": 101, "TN": 115, "FP": 55, "FN": 68}}, "XGB": {"valid": {"ACC": 0.7100591715976331, "F1_Score": 0.7100591715976332, "Recall": 0.7058823529411765, "Precision": 0.7142857142857143, "Cohen_Kappa": 0.42013864575309845, "AUC": 0.7764355742296918, "TP": 120, "TN": 120, "FP": 48, "FN": 50}, "test": {"ACC": 0.7227138643067846, "F1_Score": 0.716867469879518, "Recall": 0.7041420118343196, "Precision": 0.7300613496932515, "Cohen_Kappa": 0.4453649876422877, "AUC": 0.7590671771667246, "TP": 119, "TN": 126, "FP": 44, "FN": 50}}, "MLP": {"valid": {"ACC": 0.6982248520710059, "F1_Score": 0.6946107784431137, "Recall": 0.6823529411764706, "Precision": 0.7073170731707317, "Cohen_Kappa": 0.396555345515648, "AUC": 0.7449229691876751, "TP": 116, "TN": 120, "FP": 48, "FN": 54}, "test": {"ACC": 0.6755162241887905, "F1_Score": 0.6540880503144655, "Recall": 0.6153846153846154, "Precision": 0.697986577181208, "Cohen_Kappa": 0.3508008356545961, "AUC": 0.7471980508179603, "TP": 104, "TN": 125, "FP": 45, "FN": 65}}, "LR": {"valid": {"ACC": 0.6834319526627219, "F1_Score": 0.6880466472303207, "Recall": 0.6941176470588235, "Precision": 0.6820809248554913, "Cohen_Kappa": 0.3667752214868508, "AUC": 0.6957282913165266, "TP": 118, "TN": 113, "FP": 55, "FN": 52}, "test": {"ACC": 0.696165191740413, "F1_Score": 0.6811145510835913, "Recall": 0.650887573964497, "Precision": 0.7142857142857143, "Cohen_Kappa": 0.3921664200539646, "AUC": 0.7508179603202229, "TP": 110, "TN": 126, "FP": 44, "FN": 59}}, "ETAs": {"valid": {"ACC": 0.7189349112426036, "F1_Score": 0.7112462006079028, "Recall": 0.6882352941176471, "Precision": 0.7358490566037735, "Cohen_Kappa": 0.43806657099856494, "AUC": 0.7996673669467788, "TP": 117, "TN": 126, "FP": 42, "FN": 53}, "test": {"ACC": 0.7050147492625368, "F1_Score": 0.6951219512195121, "Recall": 0.6745562130177515, "Precision": 0.7169811320754716, "Cohen_Kappa": 0.4099216710182767, "AUC": 0.753793943612948, "TP": 114, "TN": 125, "FP": 45, "FN": 55}}, "CNB": {"valid": {"ACC": 0.6390532544378699, "F1_Score": 0.659217877094972, "Recall": 0.6941176470588235, "Precision": 0.6276595744680851, "Cohen_Kappa": 0.27762595473337537, "AUC": 0.6826155462184874, "TP": 118, "TN": 98, "FP": 70, "FN": 52}, "test": {"ACC": 0.616519174041298, "F1_Score": 0.6306818181818182, "Recall": 0.6568047337278107, "Precision": 0.6065573770491803, "Cohen_Kappa": 0.23321849879945722, "AUC": 0.6376957883745215, "TP": 111, "TN": 98, "FP": 72, "FN": 58}}, "GB": {"valid": {"ACC": 0.6863905325443787, "F1_Score": 0.6863905325443787, "Recall": 0.6823529411764706, "Precision": 0.6904761904761905, "Cohen_Kappa": 0.37280302499824935, "AUC": 0.7521358543417368, "TP": 116, "TN": 116, "FP": 52, "FN": 54}, "test": {"ACC": 0.7079646017699115, "F1_Score": 0.6990881458966565, "Recall": 0.6804733727810651, "Precision": 0.71875, "Cohen_Kappa": 0.4158326225827227, "AUC": 0.7739296902192829, "TP": 115, "TN": 125, "FP": 45, "FN": 54}}, "BAG": {"valid": {"ACC": 0.6804733727810651, "F1_Score": 0.6447368421052632, "Recall": 0.5764705882352941, "Precision": 0.7313432835820896, "Cohen_Kappa": 0.3617289131347041, "AUC": 0.7443977591036415, "TP": 98, "TN": 132, "FP": 36, "FN": 72}, "test": {"ACC": 0.6224188790560472, "F1_Score": 0.6000000000000001, "Recall": 0.5680473372781065, "Precision": 0.6357615894039735, "Cohen_Kappa": 0.2445945475436092, "AUC": 0.7076052906369649, "TP": 96, "TN": 115, "FP": 55, "FN": 73}}}