{"OVR": {"valid": {"ACC": 0.6825396825396826, "F1_Score": 0.6938775510204082, "Recall": 0.723404255319149, "Precision": 0.6666666666666666, "Cohen_Kappa": 0.36534586971121563, "AUC": 0.7870100783874581, "TP": 68, "TN": 61, "FP": 34, "FN": 26}, "test": {"ACC": 0.671957671957672, "F1_Score": 0.6702127659574467, "Recall": 0.6631578947368421, "Precision": 0.6774193548387096, "Cohen_Kappa": 0.3439704400403091, "AUC": 0.719484882418813, "TP": 63, "TN": 64, "FP": 30, "FN": 32}}, "KNB": {"valid": {"ACC": 0.6772486772486772, "F1_Score": 0.6772486772486772, "Recall": 0.6808510638297872, "Precision": 0.6736842105263158, "Cohen_Kappa": 0.3545154246682717, "AUC": 0.752407614781635, "TP": 64, "TN": 64, "FP": 31, "FN": 30}, "test": {"ACC": 0.6772486772486772, "F1_Score": 0.6473988439306358, "Recall": 0.5894736842105263, "Precision": 0.717948717948718, "Cohen_Kappa": 0.35509313643228724, "AUC": 0.722228443449048, "TP": 56, "TN": 72, "FP": 22, "FN": 39}}, "DT": {"valid": {"ACC": 0.6666666666666666, "F1_Score": 0.6701570680628272, "Recall": 0.6808510638297872, "Precision": 0.6597938144329897, "Cohen_Kappa": 0.3334266360633713, "AUC": 0.6648936170212767, "TP": 64, "TN": 62, "FP": 33, "FN": 30}, "test": {"ACC": 0.6455026455026455, "F1_Score": 0.6492146596858639, "Recall": 0.6526315789473685, "Precision": 0.6458333333333334, "Cohen_Kappa": 0.2909457416428691, "AUC": 0.645464725643897, "TP": 62, "TN": 60, "FP": 34, "FN": 33}}, "MNB": {"valid": {"ACC": 0.6772486772486772, "F1_Score": 0.6903553299492386, "Recall": 0.723404255319149, "Precision": 0.6601941747572816, "Cohen_Kappa": 0.35480440987184514, "AUC": 0.6818029115341545, "TP": 68, "TN": 60, "FP": 35, "FN": 26}, "test": {"ACC": 0.6402116402116402, "F1_Score": 0.6421052631578947, "Recall": 0.6421052631578947, "Precision": 0.6421052631578947, "Cohen_Kappa": 0.2804031354983202, "AUC": 0.6394736842105263, "TP": 61, "TN": 60, "FP": 34, "FN": 34}}, "RF": {"valid": {"ACC": 0.7248677248677249, "F1_Score": 0.7346938775510204, "Recall": 0.7659574468085106, "Precision": 0.7058823529411765, "Cohen_Kappa": 0.4499664204163869, "AUC": 0.8108062709966405, "TP": 72, "TN": 65, "FP": 30, "FN": 22}, "test": {"ACC": 0.7195767195767195, "F1_Score": 0.7309644670050761, "Recall": 0.7578947368421053, "Precision": 0.7058823529411765, "Cohen_Kappa": 0.43891782893631315, "AUC": 0.7685890257558792, "TP": 72, "TN": 64, "FP": 30, "FN": 23}}, "ADA": {"valid": {"ACC": 0.6825396825396826, "F1_Score": 0.6907216494845361, "Recall": 0.7127659574468085, "Precision": 0.67, "Cohen_Kappa": 0.365274823687451, "AUC": 0.7295072788353862, "TP": 67, "TN": 62, "FP": 33, "FN": 27}, "test": {"ACC": 0.6772486772486772, "F1_Score": 0.6965174129353233, "Recall": 0.7368421052631579, "Precision": 0.660377358490566, "Cohen_Kappa": 0.3540814611462827, "AUC": 0.700615901455767, "TP": 70, "TN": 58, "FP": 36, "FN": 25}}, "XGB": {"valid": {"ACC": 0.7513227513227513, "F1_Score": 0.7614213197969544, "Recall": 0.7978723404255319, "Precision": 0.7281553398058253, "Cohen_Kappa": 0.5028820862947003, "AUC": 0.8344904815229562, "TP": 75, "TN": 67, "FP": 28, "FN": 19}, "test": {"ACC": 0.7301587301587301, "F1_Score": 0.7411167512690356, "Recall": 0.7684210526315789, "Precision": 0.7156862745098039, "Cohen_Kappa": 0.46009074105192405, "AUC": 0.7917133258678611, "TP": 73, "TN": 65, "FP": 29, "FN": 22}}, "MLP": {"valid": {"ACC": 0.746031746031746, "F1_Score": 0.7499999999999999, "Recall": 0.7659574468085106, "Precision": 0.7346938775510204, "Cohen_Kappa": 0.49216300940438873, "AUC": 0.8030235162374021, "TP": 72, "TN": 69, "FP": 26, "FN": 22}, "test": {"ACC": 0.6507936507936508, "F1_Score": 0.6489361702127658, "Recall": 0.6421052631578947, "Precision": 0.6559139784946236, "Cohen_Kappa": 0.30164595230097413, "AUC": 0.7206047032474805, "TP": 61, "TN": 62, "FP": 32, "FN": 34}}, "LR": {"valid": {"ACC": 0.6825396825396826, "F1_Score": 0.6938775510204082, "Recall": 0.723404255319149, "Precision": 0.6666666666666666, "Cohen_Kappa": 0.36534586971121563, "AUC": 0.7870100783874581, "TP": 68, "TN": 61, "FP": 34, "FN": 26}, "test": {"ACC": 0.671957671957672, "F1_Score": 0.6702127659574467, "Recall": 0.6631578947368421, "Precision": 0.6774193548387096, "Cohen_Kappa": 0.3439704400403091, "AUC": 0.719484882418813, "TP": 63, "TN": 64, "FP": 30, "FN": 32}}, "ETAs": {"valid": {"ACC": 0.7724867724867724, "F1_Score": 0.7839195979899497, "Recall": 0.8297872340425532, "Precision": 0.7428571428571429, "Cohen_Kappa": 0.5452408930669801, "AUC": 0.8148936170212766, "TP": 78, "TN": 68, "FP": 27, "FN": 16}, "test": {"ACC": 0.7248677248677249, "F1_Score": 0.7346938775510204, "Recall": 0.7578947368421053, "Precision": 0.7128712871287128, "Cohen_Kappa": 0.44953511818079983, "AUC": 0.781578947368421, "TP": 72, "TN": 65, "FP": 29, "FN": 23}}, "CNB": {"valid": {"ACC": 0.6772486772486772, "F1_Score": 0.6903553299492386, "Recall": 0.723404255319149, "Precision": 0.6601941747572816, "Cohen_Kappa": 0.35480440987184514, "AUC": 0.6818029115341545, "TP": 68, "TN": 60, "FP": 35, "FN": 26}, "test": {"ACC": 0.6402116402116402, "F1_Score": 0.6421052631578947, "Recall": 0.6421052631578947, "Precision": 0.6421052631578947, "Cohen_Kappa": 0.2804031354983202, "AUC": 0.6394736842105263, "TP": 61, "TN": 60, "FP": 34, "FN": 34}}, "GB": {"valid": {"ACC": 0.7354497354497355, "F1_Score": 0.7524752475247524, "Recall": 0.8085106382978723, "Precision": 0.7037037037037037, "Cohen_Kappa": 0.4712990936555891, "AUC": 0.7933930571108623, "TP": 76, "TN": 63, "FP": 32, "FN": 18}, "test": {"ACC": 0.6931216931216931, "F1_Score": 0.71, "Recall": 0.7473684210526316, "Precision": 0.6761904761904762, "Cohen_Kappa": 0.38588235294117645, "AUC": 0.7403135498320269, "TP": 71, "TN": 60, "FP": 34, "FN": 24}}, "BAG": {"valid": {"ACC": 0.7195767195767195, "F1_Score": 0.7225130890052357, "Recall": 0.7340425531914894, "Precision": 0.711340206185567, "Cohen_Kappa": 0.43923193192632826, "AUC": 0.7650055991041433, "TP": 69, "TN": 67, "FP": 28, "FN": 25}, "test": {"ACC": 0.6772486772486772, "F1_Score": 0.6553672316384181, "Recall": 0.6105263157894737, "Precision": 0.7073170731707317, "Cohen_Kappa": 0.3549488054607509, "AUC": 0.727211646136618, "TP": 58, "TN": 70, "FP": 24, "FN": 37}}}