{"OVR": {"valid": {"ACC": 0.7192982456140351, "F1_Score": 0.7241379310344828, "Recall": 0.7368421052631579, "Precision": 0.711864406779661, "Cohen_Kappa": 0.4385964912280702, "AUC": 0.7522314558325639, "TP": 42, "TN": 40, "FP": 17, "FN": 15}, "test": {"ACC": 0.6842105263157895, "F1_Score": 0.7049180327868853, "Recall": 0.7543859649122807, "Precision": 0.6615384615384615, "Cohen_Kappa": 0.368421052631579, "AUC": 0.7731609726069559, "TP": 43, "TN": 35, "FP": 22, "FN": 14}}, "KNB": {"valid": {"ACC": 0.6929824561403509, "F1_Score": 0.6846846846846847, "Recall": 0.6666666666666666, "Precision": 0.7037037037037037, "Cohen_Kappa": 0.38596491228070173, "AUC": 0.7386888273314866, "TP": 38, "TN": 41, "FP": 16, "FN": 19}, "test": {"ACC": 0.631578947368421, "F1_Score": 0.6181818181818182, "Recall": 0.5964912280701754, "Precision": 0.6415094339622641, "Cohen_Kappa": 0.26315789473684215, "AUC": 0.7151431209602955, "TP": 34, "TN": 38, "FP": 19, "FN": 23}}, "DT": {"valid": {"ACC": 0.6491228070175439, "F1_Score": 0.6666666666666666, "Recall": 0.7017543859649122, "Precision": 0.6349206349206349, "Cohen_Kappa": 0.29824561403508776, "AUC": 0.6491228070175439, "TP": 40, "TN": 34, "FP": 23, "FN": 17}, "test": {"ACC": 0.6052631578947368, "F1_Score": 0.628099173553719, "Recall": 0.6666666666666666, "Precision": 0.59375, "Cohen_Kappa": 0.21052631578947367, "AUC": 0.6052631578947368, "TP": 38, "TN": 31, "FP": 26, "FN": 19}}, "MNB": {"valid": {"ACC": 0.6754385964912281, "F1_Score": 0.6605504587155963, "Recall": 0.631578947368421, "Precision": 0.6923076923076923, "Cohen_Kappa": 0.3508771929824561, "AUC": 0.6955986457371499, "TP": 36, "TN": 41, "FP": 16, "FN": 21}, "test": {"ACC": 0.7456140350877193, "F1_Score": 0.7478260869565219, "Recall": 0.7543859649122807, "Precision": 0.7413793103448276, "Cohen_Kappa": 0.49122807017543857, "AUC": 0.7706986765158511, "TP": 43, "TN": 42, "FP": 15, "FN": 14}}, "RF": {"valid": {"ACC": 0.6842105263157895, "F1_Score": 0.7, "Recall": 0.7368421052631579, "Precision": 0.6666666666666666, "Cohen_Kappa": 0.368421052631579, "AUC": 0.7309941520467836, "TP": 42, "TN": 36, "FP": 21, "FN": 15}, "test": {"ACC": 0.7543859649122807, "F1_Score": 0.7777777777777778, "Recall": 0.8596491228070176, "Precision": 0.7101449275362319, "Cohen_Kappa": 0.5087719298245614, "AUC": 0.8240997229916898, "TP": 49, "TN": 37, "FP": 20, "FN": 8}}, "ADA": {"valid": {"ACC": 0.6578947368421053, "F1_Score": 0.6776859504132231, "Recall": 0.7192982456140351, "Precision": 0.640625, "Cohen_Kappa": 0.3157894736842105, "AUC": 0.7174515235457064, "TP": 41, "TN": 34, "FP": 23, "FN": 16}, "test": {"ACC": 0.6754385964912281, "F1_Score": 0.6942148760330578, "Recall": 0.7368421052631579, "Precision": 0.65625, "Cohen_Kappa": 0.3508771929824561, "AUC": 0.7429978454909202, "TP": 42, "TN": 35, "FP": 22, "FN": 15}}, "XGB": {"valid": {"ACC": 0.6929824561403509, "F1_Score": 0.6956521739130435, "Recall": 0.7017543859649122, "Precision": 0.6896551724137931, "Cohen_Kappa": 0.38596491228070173, "AUC": 0.7590027700831025, "TP": 40, "TN": 39, "FP": 18, "FN": 17}, "test": {"ACC": 0.6842105263157895, "F1_Score": 0.6949152542372881, "Recall": 0.7192982456140351, "Precision": 0.6721311475409836, "Cohen_Kappa": 0.368421052631579, "AUC": 0.7823945829485996, "TP": 41, "TN": 37, "FP": 20, "FN": 16}}, "MLP": {"valid": {"ACC": 0.7192982456140351, "F1_Score": 0.7419354838709676, "Recall": 0.8070175438596491, "Precision": 0.6865671641791045, "Cohen_Kappa": 0.4385964912280702, "AUC": 0.7466912896275777, "TP": 46, "TN": 36, "FP": 21, "FN": 11}, "test": {"ACC": 0.7105263157894737, "F1_Score": 0.7401574803149606, "Recall": 0.8245614035087719, "Precision": 0.6714285714285714, "Cohen_Kappa": 0.42105263157894735, "AUC": 0.824561403508772, "TP": 47, "TN": 34, "FP": 23, "FN": 10}}, "LR": {"valid": {"ACC": 0.7192982456140351, "F1_Score": 0.7241379310344828, "Recall": 0.7368421052631579, "Precision": 0.711864406779661, "Cohen_Kappa": 0.4385964912280702, "AUC": 0.7522314558325639, "TP": 42, "TN": 40, "FP": 17, "FN": 15}, "test": {"ACC": 0.6842105263157895, "F1_Score": 0.7049180327868853, "Recall": 0.7543859649122807, "Precision": 0.6615384615384615, "Cohen_Kappa": 0.368421052631579, "AUC": 0.7731609726069559, "TP": 43, "TN": 35, "FP": 22, "FN": 14}}, "ETAs": {"valid": {"ACC": 0.7017543859649122, "F1_Score": 0.7166666666666668, "Recall": 0.7543859649122807, "Precision": 0.6825396825396826, "Cohen_Kappa": 0.4035087719298246, "AUC": 0.742074484456756, "TP": 43, "TN": 37, "FP": 20, "FN": 14}, "test": {"ACC": 0.7105263157894737, "F1_Score": 0.7317073170731707, "Recall": 0.7894736842105263, "Precision": 0.6818181818181818, "Cohen_Kappa": 0.42105263157894735, "AUC": 0.7777777777777778, "TP": 45, "TN": 36, "FP": 21, "FN": 12}}, "CNB": {"valid": {"ACC": 0.6754385964912281, "F1_Score": 0.6605504587155963, "Recall": 0.631578947368421, "Precision": 0.6923076923076923, "Cohen_Kappa": 0.3508771929824561, "AUC": 0.6955986457371499, "TP": 36, "TN": 41, "FP": 16, "FN": 21}, "test": {"ACC": 0.7456140350877193, "F1_Score": 0.7478260869565219, "Recall": 0.7543859649122807, "Precision": 0.7413793103448276, "Cohen_Kappa": 0.49122807017543857, "AUC": 0.7706986765158511, "TP": 43, "TN": 42, "FP": 15, "FN": 14}}, "GB": {"valid": {"ACC": 0.7105263157894737, "F1_Score": 0.7226890756302521, "Recall": 0.7543859649122807, "Precision": 0.6935483870967742, "Cohen_Kappa": 0.42105263157894735, "AUC": 0.7950138504155124, "TP": 43, "TN": 38, "FP": 19, "FN": 14}, "test": {"ACC": 0.7017543859649122, "F1_Score": 0.7258064516129032, "Recall": 0.7894736842105263, "Precision": 0.6716417910447762, "Cohen_Kappa": 0.4035087719298246, "AUC": 0.8131732840874115, "TP": 45, "TN": 35, "FP": 22, "FN": 12}}, "BAG": {"valid": {"ACC": 0.631578947368421, "F1_Score": 0.6379310344827587, "Recall": 0.6491228070175439, "Precision": 0.6271186440677966, "Cohen_Kappa": 0.26315789473684215, "AUC": 0.7076023391812867, "TP": 37, "TN": 35, "FP": 22, "FN": 20}, "test": {"ACC": 0.6842105263157895, "F1_Score": 0.6949152542372881, "Recall": 0.7192982456140351, "Precision": 0.6721311475409836, "Cohen_Kappa": 0.368421052631579, "AUC": 0.7691597414589103, "TP": 41, "TN": 37, "FP": 20, "FN": 16}}}