{"OVR": {"valid": {"ACC": 0.5393258426966292, "F1_Score": 0.5622775800711743, "Recall": 0.5939849624060151, "Precision": 0.5337837837837838, "Cohen_Kappa": 0.07902633276311732, "AUC": 0.5472449781169342, "TP": 79, "TN": 65, "FP": 69, "FN": 54}, "test": {"ACC": 0.6305970149253731, "F1_Score": 0.6264150943396226, "Recall": 0.6194029850746269, "Precision": 0.6335877862595419, "Cohen_Kappa": 0.26119402985074625, "AUC": 0.6380040098017375, "TP": 83, "TN": 86, "FP": 48, "FN": 51}}, "KNB": {"valid": {"ACC": 0.5880149812734082, "F1_Score": 0.5669291338582677, "Recall": 0.5413533834586466, "Precision": 0.5950413223140496, "Cohen_Kappa": 0.1757409070498429, "AUC": 0.644512400403995, "TP": 72, "TN": 85, "FP": 49, "FN": 61}, "test": {"ACC": 0.6865671641791045, "F1_Score": 0.6557377049180327, "Recall": 0.5970149253731343, "Precision": 0.7272727272727273, "Cohen_Kappa": 0.3731343283582089, "AUC": 0.7234350634885276, "TP": 80, "TN": 104, "FP": 30, "FN": 54}}, "DT": {"valid": {"ACC": 0.6254681647940075, "F1_Score": 0.635036496350365, "Recall": 0.6541353383458647, "Precision": 0.6170212765957447, "Cohen_Kappa": 0.25109390777515983, "AUC": 0.6252384693075974, "TP": 87, "TN": 80, "FP": 54, "FN": 46}, "test": {"ACC": 0.6044776119402985, "F1_Score": 0.6131386861313868, "Recall": 0.6268656716417911, "Precision": 0.6, "Cohen_Kappa": 0.20895522388059706, "AUC": 0.6047003787034974, "TP": 84, "TN": 78, "FP": 56, "FN": 50}}, "MNB": {"valid": {"ACC": 0.6104868913857678, "F1_Score": 0.6, "Recall": 0.5864661654135338, "Precision": 0.6141732283464567, "Cohen_Kappa": 0.22083169650373202, "AUC": 0.6365166647963192, "TP": 78, "TN": 85, "FP": 49, "FN": 55}, "test": {"ACC": 0.6529850746268657, "F1_Score": 0.640926640926641, "Recall": 0.6194029850746269, "Precision": 0.664, "Cohen_Kappa": 0.30597014925373134, "AUC": 0.6932501670750723, "TP": 83, "TN": 92, "FP": 42, "FN": 51}}, "RF": {"valid": {"ACC": 0.6292134831460674, "F1_Score": 0.6373626373626373, "Recall": 0.6541353383458647, "Precision": 0.6214285714285714, "Cohen_Kappa": 0.2585621721690836, "AUC": 0.6774772752777465, "TP": 87, "TN": 81, "FP": 53, "FN": 46}, "test": {"ACC": 0.6902985074626866, "F1_Score": 0.6770428015564202, "Recall": 0.6492537313432836, "Precision": 0.7073170731707317, "Cohen_Kappa": 0.3805970149253731, "AUC": 0.7437903764758297, "TP": 87, "TN": 98, "FP": 36, "FN": 47}}, "ADA": {"valid": {"ACC": 0.5767790262172284, "F1_Score": 0.5767790262172285, "Recall": 0.5789473684210527, "Precision": 0.5746268656716418, "Cohen_Kappa": 0.1535699256557722, "AUC": 0.6241723712265739, "TP": 77, "TN": 77, "FP": 57, "FN": 56}, "test": {"ACC": 0.585820895522388, "F1_Score": 0.5779467680608366, "Recall": 0.5671641791044776, "Precision": 0.5891472868217055, "Cohen_Kappa": 0.17164179104477617, "AUC": 0.6584985520160394, "TP": 76, "TN": 81, "FP": 53, "FN": 58}}, "XGB": {"valid": {"ACC": 0.5917602996254682, "F1_Score": 0.5977859778597786, "Recall": 0.6090225563909775, "Precision": 0.5869565217391305, "Cohen_Kappa": 0.18362366405789787, "AUC": 0.6383121984064639, "TP": 81, "TN": 77, "FP": 57, "FN": 52}, "test": {"ACC": 0.6791044776119403, "F1_Score": 0.6666666666666666, "Recall": 0.6417910447761194, "Precision": 0.6935483870967742, "Cohen_Kappa": 0.35820895522388063, "AUC": 0.7258298061929159, "TP": 86, "TN": 96, "FP": 38, "FN": 48}}, "MLP": {"valid": {"ACC": 0.599250936329588, "F1_Score": 0.6219081272084805, "Recall": 0.6616541353383458, "Precision": 0.5866666666666667, "Cohen_Kappa": 0.1988727180953983, "AUC": 0.6159241387049714, "TP": 88, "TN": 72, "FP": 62, "FN": 45}, "test": {"ACC": 0.5932835820895522, "F1_Score": 0.6093189964157706, "Recall": 0.6343283582089553, "Precision": 0.5862068965517241, "Cohen_Kappa": 0.18656716417910446, "AUC": 0.6599465359768323, "TP": 85, "TN": 74, "FP": 60, "FN": 49}}, "LR": {"valid": {"ACC": 0.5393258426966292, "F1_Score": 0.5622775800711743, "Recall": 0.5939849624060151, "Precision": 0.5337837837837838, "Cohen_Kappa": 0.07902633276311732, "AUC": 0.5472449781169342, "TP": 79, "TN": 65, "FP": 69, "FN": 54}, "test": {"ACC": 0.6305970149253731, "F1_Score": 0.6264150943396226, "Recall": 0.6194029850746269, "Precision": 0.6335877862595419, "Cohen_Kappa": 0.26119402985074625, "AUC": 0.6380040098017375, "TP": 83, "TN": 86, "FP": 48, "FN": 51}}, "ETAs": {"valid": {"ACC": 0.6142322097378277, "F1_Score": 0.6254545454545454, "Recall": 0.6466165413533834, "Precision": 0.6056338028169014, "Cohen_Kappa": 0.22864836058676685, "AUC": 0.6652732577712939, "TP": 86, "TN": 78, "FP": 56, "FN": 47}, "test": {"ACC": 0.6828358208955224, "F1_Score": 0.6816479400749064, "Recall": 0.6791044776119403, "Precision": 0.6842105263157895, "Cohen_Kappa": 0.3656716417910447, "AUC": 0.7302572956114947, "TP": 91, "TN": 92, "FP": 42, "FN": 43}}, "CNB": {"valid": {"ACC": 0.6104868913857678, "F1_Score": 0.6, "Recall": 0.5864661654135338, "Precision": 0.6141732283464567, "Cohen_Kappa": 0.22083169650373202, "AUC": 0.6365166647963192, "TP": 78, "TN": 85, "FP": 49, "FN": 55}, "test": {"ACC": 0.6529850746268657, "F1_Score": 0.640926640926641, "Recall": 0.6194029850746269, "Precision": 0.664, "Cohen_Kappa": 0.30597014925373134, "AUC": 0.6932501670750723, "TP": 83, "TN": 92, "FP": 42, "FN": 51}}, "GB": {"valid": {"ACC": 0.6254681647940075, "F1_Score": 0.6376811594202899, "Recall": 0.6616541353383458, "Precision": 0.6153846153846154, "Cohen_Kappa": 0.2511359174286195, "AUC": 0.6592974974750309, "TP": 88, "TN": 79, "FP": 55, "FN": 45}, "test": {"ACC": 0.667910447761194, "F1_Score": 0.6615969581749049, "Recall": 0.6492537313432836, "Precision": 0.6744186046511628, "Cohen_Kappa": 0.33582089552238803, "AUC": 0.7295611494764982, "TP": 87, "TN": 92, "FP": 42, "FN": 47}}, "BAG": {"valid": {"ACC": 0.5880149812734082, "F1_Score": 0.5985401459854015, "Recall": 0.6165413533834586, "Precision": 0.5815602836879432, "Cohen_Kappa": 0.1762032985526758, "AUC": 0.6393221860621704, "TP": 82, "TN": 75, "FP": 59, "FN": 51}, "test": {"ACC": 0.6305970149253731, "F1_Score": 0.6086956521739131, "Recall": 0.5746268656716418, "Precision": 0.6470588235294118, "Cohen_Kappa": 0.26119402985074625, "AUC": 0.677294497660949, "TP": 77, "TN": 92, "FP": 42, "FN": 57}}}