{"OVR": {"valid": {"ACC": 0.7016129032258065, "F1_Score": 0.6991869918699187, "Recall": 0.6935483870967742, "Precision": 0.7049180327868853, "Cohen_Kappa": 0.4032258064516129, "AUC": 0.7271071800208116, "TP": 86, "TN": 88, "FP": 36, "FN": 38}, "test": {"ACC": 0.7068273092369478, "F1_Score": 0.6995884773662551, "Recall": 0.6854838709677419, "Precision": 0.7142857142857143, "Cohen_Kappa": 0.41355057267301176, "AUC": 0.779741935483871, "TP": 85, "TN": 91, "FP": 34, "FN": 39}}, "KNB": {"valid": {"ACC": 0.5887096774193549, "F1_Score": 0.544642857142857, "Recall": 0.49193548387096775, "Precision": 0.61, "Cohen_Kappa": 0.17741935483870963, "AUC": 0.6515673777315297, "TP": 61, "TN": 85, "FP": 39, "FN": 63}, "test": {"ACC": 0.6947791164658634, "F1_Score": 0.638095238095238, "Recall": 0.5403225806451613, "Precision": 0.7790697674418605, "Cohen_Kappa": 0.3887991731800271, "AUC": 0.7665483870967742, "TP": 67, "TN": 106, "FP": 19, "FN": 57}}, "DT": {"valid": {"ACC": 0.6169354838709677, "F1_Score": 0.6058091286307054, "Recall": 0.5887096774193549, "Precision": 0.6239316239316239, "Cohen_Kappa": 0.2338709677419355, "AUC": 0.6169354838709677, "TP": 73, "TN": 80, "FP": 44, "FN": 51}, "test": {"ACC": 0.6987951807228916, "F1_Score": 0.6938775510204082, "Recall": 0.6854838709677419, "Precision": 0.7024793388429752, "Cohen_Kappa": 0.39752234087169724, "AUC": 0.6987419354838709, "TP": 85, "TN": 89, "FP": 36, "FN": 39}}, "MNB": {"valid": {"ACC": 0.6491935483870968, "F1_Score": 0.6561264822134388, "Recall": 0.6693548387096774, "Precision": 0.6434108527131783, "Cohen_Kappa": 0.2983870967741935, "AUC": 0.6792403746097815, "TP": 83, "TN": 78, "FP": 46, "FN": 41}, "test": {"ACC": 0.6867469879518072, "F1_Score": 0.6929133858267716, "Recall": 0.7096774193548387, "Precision": 0.676923076923077, "Cohen_Kappa": 0.37360510868864094, "AUC": 0.7609032258064516, "TP": 88, "TN": 83, "FP": 42, "FN": 36}}, "RF": {"valid": {"ACC": 0.6532258064516129, "F1_Score": 0.6504065040650406, "Recall": 0.6451612903225806, "Precision": 0.6557377049180327, "Cohen_Kappa": 0.30645161290322576, "AUC": 0.7358870967741935, "TP": 80, "TN": 82, "FP": 42, "FN": 44}, "test": {"ACC": 0.751004016064257, "F1_Score": 0.7372881355932204, "Recall": 0.7016129032258065, "Precision": 0.7767857142857143, "Cohen_Kappa": 0.501807151155286, "AUC": 0.8221935483870968, "TP": 87, "TN": 100, "FP": 25, "FN": 37}}, "ADA": {"valid": {"ACC": 0.6209677419354839, "F1_Score": 0.6016949152542374, "Recall": 0.5725806451612904, "Precision": 0.6339285714285714, "Cohen_Kappa": 0.24193548387096775, "AUC": 0.6681516649323621, "TP": 71, "TN": 83, "FP": 41, "FN": 53}, "test": {"ACC": 0.678714859437751, "F1_Score": 0.6694214876033057, "Recall": 0.6532258064516129, "Precision": 0.6864406779661016, "Cohen_Kappa": 0.3572949603148996, "AUC": 0.7544193548387097, "TP": 81, "TN": 88, "FP": 37, "FN": 43}}, "XGB": {"valid": {"ACC": 0.6612903225806451, "F1_Score": 0.6612903225806451, "Recall": 0.6612903225806451, "Precision": 0.6612903225806451, "Cohen_Kappa": 0.32258064516129037, "AUC": 0.7205385015608741, "TP": 82, "TN": 82, "FP": 42, "FN": 42}, "test": {"ACC": 0.7269076305220884, "F1_Score": 0.7166666666666668, "Recall": 0.6935483870967742, "Precision": 0.7413793103448276, "Cohen_Kappa": 0.4536654620547239, "AUC": 0.8056129032258065, "TP": 86, "TN": 95, "FP": 30, "FN": 38}}, "MLP": {"valid": {"ACC": 0.6451612903225806, "F1_Score": 0.6507936507936509, "Recall": 0.6612903225806451, "Precision": 0.640625, "Cohen_Kappa": 0.29032258064516125, "AUC": 0.6893860561914673, "TP": 82, "TN": 78, "FP": 46, "FN": 42}, "test": {"ACC": 0.7028112449799196, "F1_Score": 0.689075630252101, "Recall": 0.6612903225806451, "Precision": 0.7192982456140351, "Cohen_Kappa": 0.4054211035818006, "AUC": 0.7608387096774193, "TP": 82, "TN": 93, "FP": 32, "FN": 42}}, "LR": {"valid": {"ACC": 0.7016129032258065, "F1_Score": 0.6991869918699187, "Recall": 0.6935483870967742, "Precision": 0.7049180327868853, "Cohen_Kappa": 0.4032258064516129, "AUC": 0.7271071800208116, "TP": 86, "TN": 88, "FP": 36, "FN": 38}, "test": {"ACC": 0.7068273092369478, "F1_Score": 0.6995884773662551, "Recall": 0.6854838709677419, "Precision": 0.7142857142857143, "Cohen_Kappa": 0.41355057267301176, "AUC": 0.779741935483871, "TP": 85, "TN": 91, "FP": 34, "FN": 39}}, "ETAs": {"valid": {"ACC": 0.657258064516129, "F1_Score": 0.6443514644351465, "Recall": 0.6209677419354839, "Precision": 0.6695652173913044, "Cohen_Kappa": 0.3145161290322581, "AUC": 0.7417728928199792, "TP": 77, "TN": 86, "FP": 38, "FN": 47}, "test": {"ACC": 0.7710843373493976, "F1_Score": 0.7574468085106383, "Recall": 0.717741935483871, "Precision": 0.8018018018018018, "Cohen_Kappa": 0.5419692128957305, "AUC": 0.8348064516129033, "TP": 89, "TN": 103, "FP": 22, "FN": 35}}, "CNB": {"valid": {"ACC": 0.6491935483870968, "F1_Score": 0.6561264822134388, "Recall": 0.6693548387096774, "Precision": 0.6434108527131783, "Cohen_Kappa": 0.2983870967741935, "AUC": 0.6792403746097815, "TP": 83, "TN": 78, "FP": 46, "FN": 41}, "test": {"ACC": 0.6867469879518072, "F1_Score": 0.6929133858267716, "Recall": 0.7096774193548387, "Precision": 0.676923076923077, "Cohen_Kappa": 0.37360510868864094, "AUC": 0.7609032258064516, "TP": 88, "TN": 83, "FP": 42, "FN": 36}}, "GB": {"valid": {"ACC": 0.6532258064516129, "F1_Score": 0.6386554621848739, "Recall": 0.6129032258064516, "Precision": 0.6666666666666666, "Cohen_Kappa": 0.30645161290322576, "AUC": 0.7282127991675338, "TP": 76, "TN": 86, "FP": 38, "FN": 48}, "test": {"ACC": 0.751004016064257, "F1_Score": 0.7304347826086955, "Recall": 0.6774193548387096, "Precision": 0.7924528301886793, "Cohen_Kappa": 0.5017106707120262, "AUC": 0.8188064516129033, "TP": 84, "TN": 103, "FP": 22, "FN": 40}}, "BAG": {"valid": {"ACC": 0.6290322580645161, "F1_Score": 0.603448275862069, "Recall": 0.5645161290322581, "Precision": 0.6481481481481481, "Cohen_Kappa": 0.25806451612903225, "AUC": 0.7112057752341311, "TP": 70, "TN": 86, "FP": 38, "FN": 54}, "test": {"ACC": 0.7349397590361446, "F1_Score": 0.7027027027027026, "Recall": 0.6290322580645161, "Precision": 0.7959183673469388, "Cohen_Kappa": 0.4694259701685285, "AUC": 0.8121612903225806, "TP": 78, "TN": 105, "FP": 20, "FN": 46}}}