{"OVR": {"valid": {"ACC": 0.6031746031746031, "F1_Score": 0.6073298429319371, "Recall": 0.6170212765957447, "Precision": 0.5979381443298969, "Cohen_Kappa": 0.20646028102782288, "AUC": 0.669036954087346, "TP": 58, "TN": 56, "FP": 39, "FN": 36}, "test": {"ACC": 0.6666666666666666, "F1_Score": 0.6735751295336787, "Recall": 0.6842105263157895, "Precision": 0.6632653061224489, "Cohen_Kappa": 0.33320266562132494, "AUC": 0.6980403135498321, "TP": 65, "TN": 61, "FP": 33, "FN": 30}}, "KNB": {"valid": {"ACC": 0.6349206349206349, "F1_Score": 0.6145251396648045, "Recall": 0.5851063829787234, "Precision": 0.6470588235294118, "Cohen_Kappa": 0.26945269172595376, "AUC": 0.6742441209406494, "TP": 55, "TN": 65, "FP": 30, "FN": 39}, "test": {"ACC": 0.5978835978835979, "F1_Score": 0.5824175824175823, "Recall": 0.5578947368421052, "Precision": 0.6091954022988506, "Cohen_Kappa": 0.1961047683008731, "AUC": 0.6251399776035834, "TP": 53, "TN": 60, "FP": 34, "FN": 42}}, "DT": {"valid": {"ACC": 0.6084656084656085, "F1_Score": 0.6262626262626262, "Recall": 0.6595744680851063, "Precision": 0.5961538461538461, "Cohen_Kappa": 0.21734750979294903, "AUC": 0.6115341545352744, "TP": 62, "TN": 53, "FP": 42, "FN": 32}, "test": {"ACC": 0.5661375661375662, "F1_Score": 0.5638297872340426, "Recall": 0.5578947368421052, "Precision": 0.5698924731182796, "Cohen_Kappa": 0.13234800134363456, "AUC": 0.5665733482642777, "TP": 53, "TN": 54, "FP": 40, "FN": 42}}, "MNB": {"valid": {"ACC": 0.6613756613756614, "F1_Score": 0.6923076923076923, "Recall": 0.7659574468085106, "Precision": 0.631578947368421, "Cohen_Kappa": 0.3234899328859061, "AUC": 0.7045352743561031, "TP": 72, "TN": 53, "FP": 42, "FN": 22}, "test": {"ACC": 0.6031746031746031, "F1_Score": 0.6411483253588517, "Recall": 0.7052631578947368, "Precision": 0.5877192982456141, "Cohen_Kappa": 0.20548175550697823, "AUC": 0.6594624860022397, "TP": 67, "TN": 47, "FP": 47, "FN": 28}}, "RF": {"valid": {"ACC": 0.6455026455026455, "F1_Score": 0.6528497409326425, "Recall": 0.6702127659574468, "Precision": 0.6363636363636364, "Cohen_Kappa": 0.291183879093199, "AUC": 0.7338185890257558, "TP": 63, "TN": 59, "FP": 36, "FN": 31}, "test": {"ACC": 0.6349206349206349, "F1_Score": 0.6461538461538461, "Recall": 0.6631578947368421, "Precision": 0.63, "Cohen_Kappa": 0.2696163539624755, "AUC": 0.6795072788353862, "TP": 63, "TN": 57, "FP": 37, "FN": 32}}, "ADA": {"valid": {"ACC": 0.5925925925925926, "F1_Score": 0.6010362694300518, "Recall": 0.6170212765957447, "Precision": 0.5858585858585859, "Cohen_Kappa": 0.1853904282115868, "AUC": 0.6648936170212767, "TP": 58, "TN": 54, "FP": 41, "FN": 36}, "test": {"ACC": 0.6666666666666666, "F1_Score": 0.6735751295336787, "Recall": 0.6842105263157895, "Precision": 0.6632653061224489, "Cohen_Kappa": 0.33320266562132494, "AUC": 0.6934490481522956, "TP": 65, "TN": 61, "FP": 33, "FN": 30}}, "XGB": {"valid": {"ACC": 0.6296296296296297, "F1_Score": 0.6428571428571428, "Recall": 0.6702127659574468, "Precision": 0.6176470588235294, "Cohen_Kappa": 0.2595701813297515, "AUC": 0.6987122060470324, "TP": 63, "TN": 56, "FP": 39, "FN": 31}, "test": {"ACC": 0.6031746031746031, "F1_Score": 0.5945945945945946, "Recall": 0.5789473684210527, "Precision": 0.6111111111111112, "Cohen_Kappa": 0.20654911838790924, "AUC": 0.6524076147816349, "TP": 55, "TN": 59, "FP": 35, "FN": 40}}, "MLP": {"valid": {"ACC": 0.6243386243386243, "F1_Score": 0.6395939086294415, "Recall": 0.6702127659574468, "Precision": 0.6116504854368932, "Cohen_Kappa": 0.24903464099837702, "AUC": 0.6974804031354983, "TP": 63, "TN": 55, "FP": 40, "FN": 31}, "test": {"ACC": 0.6190476190476191, "F1_Score": 0.625, "Recall": 0.631578947368421, "Precision": 0.6185567010309279, "Cohen_Kappa": 0.23798857654832561, "AUC": 0.6693729003359462, "TP": 60, "TN": 57, "FP": 37, "FN": 35}}, "LR": {"valid": {"ACC": 0.6031746031746031, "F1_Score": 0.6073298429319371, "Recall": 0.6170212765957447, "Precision": 0.5979381443298969, "Cohen_Kappa": 0.20646028102782288, "AUC": 0.669036954087346, "TP": 58, "TN": 56, "FP": 39, "FN": 36}, "test": {"ACC": 0.6666666666666666, "F1_Score": 0.6735751295336787, "Recall": 0.6842105263157895, "Precision": 0.6632653061224489, "Cohen_Kappa": 0.33320266562132494, "AUC": 0.6980403135498321, "TP": 65, "TN": 61, "FP": 33, "FN": 30}}, "ETAs": {"valid": {"ACC": 0.671957671957672, "F1_Score": 0.6836734693877551, "Recall": 0.7127659574468085, "Precision": 0.6568627450980392, "Cohen_Kappa": 0.3441907320349228, "AUC": 0.7169092945128779, "TP": 67, "TN": 60, "FP": 35, "FN": 27}, "test": {"ACC": 0.6296296296296297, "F1_Score": 0.6391752577319588, "Recall": 0.6526315789473685, "Precision": 0.6262626262626263, "Cohen_Kappa": 0.25907258064516137, "AUC": 0.6558790593505038, "TP": 62, "TN": 57, "FP": 37, "FN": 33}}, "CNB": {"valid": {"ACC": 0.6613756613756614, "F1_Score": 0.6923076923076923, "Recall": 0.7659574468085106, "Precision": 0.631578947368421, "Cohen_Kappa": 0.3234899328859061, "AUC": 0.7045352743561031, "TP": 72, "TN": 53, "FP": 42, "FN": 22}, "test": {"ACC": 0.6031746031746031, "F1_Score": 0.6411483253588517, "Recall": 0.7052631578947368, "Precision": 0.5877192982456141, "Cohen_Kappa": 0.20548175550697823, "AUC": 0.6594624860022397, "TP": 67, "TN": 47, "FP": 47, "FN": 28}}, "GB": {"valid": {"ACC": 0.6349206349206349, "F1_Score": 0.6387434554973821, "Recall": 0.648936170212766, "Precision": 0.6288659793814433, "Cohen_Kappa": 0.2699434585455971, "AUC": 0.6973684210526316, "TP": 61, "TN": 59, "FP": 36, "FN": 33}, "test": {"ACC": 0.6243386243386243, "F1_Score": 0.6243386243386243, "Recall": 0.6210526315789474, "Precision": 0.6276595744680851, "Cohen_Kappa": 0.24869828117126702, "AUC": 0.6778835386338184, "TP": 59, "TN": 59, "FP": 35, "FN": 36}}, "BAG": {"valid": {"ACC": 0.6137566137566137, "F1_Score": 0.6137566137566138, "Recall": 0.6170212765957447, "Precision": 0.6105263157894737, "Cohen_Kappa": 0.2275348524718661, "AUC": 0.6903135498320269, "TP": 58, "TN": 58, "FP": 37, "FN": 36}, "test": {"ACC": 0.6137566137566137, "F1_Score": 0.6054054054054053, "Recall": 0.5894736842105263, "Precision": 0.6222222222222222, "Cohen_Kappa": 0.22770780856423167, "AUC": 0.6529115341545352, "TP": 56, "TN": 60, "FP": 34, "FN": 39}}}