{"OVR": {"valid": {"ACC": 0.5842696629213483, "F1_Score": 0.5842696629213483, "Recall": 0.5864661654135338, "Precision": 0.582089552238806, "Cohen_Kappa": 0.16855098891850184, "AUC": 0.6347772416114915, "TP": 78, "TN": 78, "FP": 56, "FN": 55}, "test": {"ACC": 0.6417910447761194, "F1_Score": 0.6390977443609023, "Recall": 0.6343283582089553, "Precision": 0.6439393939393939, "Cohen_Kappa": 0.28358208955223885, "AUC": 0.6818333704611271, "TP": 85, "TN": 87, "FP": 47, "FN": 49}}, "KNB": {"valid": {"ACC": 0.6217228464419475, "F1_Score": 0.61003861003861, "Recall": 0.5939849624060151, "Precision": 0.626984126984127, "Cohen_Kappa": 0.24328647192524622, "AUC": 0.6688643249915834, "TP": 79, "TN": 87, "FP": 47, "FN": 54}, "test": {"ACC": 0.5970149253731343, "F1_Score": 0.5970149253731343, "Recall": 0.5970149253731343, "Precision": 0.5970149253731343, "Cohen_Kappa": 0.19402985074626866, "AUC": 0.6232457117398084, "TP": 80, "TN": 80, "FP": 54, "FN": 54}}, "DT": {"valid": {"ACC": 0.6104868913857678, "F1_Score": 0.5840000000000001, "Recall": 0.5488721804511278, "Precision": 0.6239316239316239, "Cohen_Kappa": 0.22061300101044123, "AUC": 0.6121927954213893, "TP": 73, "TN": 90, "FP": 44, "FN": 60}, "test": {"ACC": 0.5783582089552238, "F1_Score": 0.5735849056603773, "Recall": 0.5671641791044776, "Precision": 0.5801526717557252, "Cohen_Kappa": 0.15671641791044777, "AUC": 0.558754733793718, "TP": 76, "TN": 79, "FP": 55, "FN": 58}}, "MNB": {"valid": {"ACC": 0.5655430711610487, "F1_Score": 0.6027397260273973, "Recall": 0.6616541353383458, "Precision": 0.5534591194968553, "Cohen_Kappa": 0.13170731707317074, "AUC": 0.6278756592974974, "TP": 88, "TN": 63, "FP": 71, "FN": 45}, "test": {"ACC": 0.5895522388059702, "F1_Score": 0.6099290780141844, "Recall": 0.6417910447761194, "Precision": 0.581081081081081, "Cohen_Kappa": 0.17910447761194026, "AUC": 0.6525952327912676, "TP": 86, "TN": 72, "FP": 62, "FN": 48}}, "RF": {"valid": {"ACC": 0.6367041198501873, "F1_Score": 0.6420664206642067, "Recall": 0.6541353383458647, "Precision": 0.6304347826086957, "Cohen_Kappa": 0.27349995792308335, "AUC": 0.6956851082931209, "TP": 87, "TN": 83, "FP": 51, "FN": 46}, "test": {"ACC": 0.6119402985074627, "F1_Score": 0.6176470588235294, "Recall": 0.6268656716417911, "Precision": 0.6086956521739131, "Cohen_Kappa": 0.22388059701492535, "AUC": 0.6579973267988416, "TP": 84, "TN": 80, "FP": 54, "FN": 50}}, "ADA": {"valid": {"ACC": 0.5805243445692884, "F1_Score": 0.5851851851851851, "Recall": 0.5939849624060151, "Precision": 0.5766423357664233, "Cohen_Kappa": 0.1611310592459605, "AUC": 0.6355347323532713, "TP": 79, "TN": 76, "FP": 58, "FN": 54}, "test": {"ACC": 0.6231343283582089, "F1_Score": 0.6100386100386102, "Recall": 0.5895522388059702, "Precision": 0.632, "Cohen_Kappa": 0.24626865671641796, "AUC": 0.6839775005569169, "TP": 79, "TN": 88, "FP": 46, "FN": 55}}, "XGB": {"valid": {"ACC": 0.6142322097378277, "F1_Score": 0.6227106227106227, "Recall": 0.6390977443609023, "Precision": 0.6071428571428571, "Cohen_Kappa": 0.2286050882163193, "AUC": 0.6675457299966334, "TP": 85, "TN": 79, "FP": 55, "FN": 48}, "test": {"ACC": 0.6417910447761194, "F1_Score": 0.6521739130434784, "Recall": 0.6716417910447762, "Precision": 0.6338028169014085, "Cohen_Kappa": 0.28358208955223885, "AUC": 0.6714190242815772, "TP": 90, "TN": 82, "FP": 52, "FN": 44}}, "MLP": {"valid": {"ACC": 0.5880149812734082, "F1_Score": 0.5801526717557253, "Recall": 0.5714285714285714, "Precision": 0.5891472868217055, "Cohen_Kappa": 0.17592592592592593, "AUC": 0.6376949837279766, "TP": 76, "TN": 81, "FP": 53, "FN": 57}, "test": {"ACC": 0.6268656716417911, "F1_Score": 0.6296296296296297, "Recall": 0.6343283582089553, "Precision": 0.625, "Cohen_Kappa": 0.25373134328358204, "AUC": 0.6592782356872354, "TP": 85, "TN": 83, "FP": 51, "FN": 49}}, "LR": {"valid": {"ACC": 0.5842696629213483, "F1_Score": 0.5842696629213483, "Recall": 0.5864661654135338, "Precision": 0.582089552238806, "Cohen_Kappa": 0.16855098891850184, "AUC": 0.6347772416114915, "TP": 78, "TN": 78, "FP": 56, "FN": 55}, "test": {"ACC": 0.6417910447761194, "F1_Score": 0.6390977443609023, "Recall": 0.6343283582089553, "Precision": 0.6439393939393939, "Cohen_Kappa": 0.28358208955223885, "AUC": 0.6818333704611271, "TP": 85, "TN": 87, "FP": 47, "FN": 49}}, "ETAs": {"valid": {"ACC": 0.6329588014981273, "F1_Score": 0.6259541984732825, "Recall": 0.6165413533834586, "Precision": 0.6356589147286822, "Cohen_Kappa": 0.26582491582491585, "AUC": 0.6860621703512513, "TP": 82, "TN": 87, "FP": 47, "FN": 51}, "test": {"ACC": 0.6156716417910447, "F1_Score": 0.617100371747212, "Recall": 0.6194029850746269, "Precision": 0.6148148148148148, "Cohen_Kappa": 0.23134328358208955, "AUC": 0.6449933169971039, "TP": 83, "TN": 82, "FP": 52, "FN": 51}}, "CNB": {"valid": {"ACC": 0.5655430711610487, "F1_Score": 0.6027397260273973, "Recall": 0.6616541353383458, "Precision": 0.5534591194968553, "Cohen_Kappa": 0.13170731707317074, "AUC": 0.6278756592974974, "TP": 88, "TN": 63, "FP": 71, "FN": 45}, "test": {"ACC": 0.5895522388059702, "F1_Score": 0.6099290780141844, "Recall": 0.6417910447761194, "Precision": 0.581081081081081, "Cohen_Kappa": 0.17910447761194026, "AUC": 0.6525952327912676, "TP": 86, "TN": 72, "FP": 62, "FN": 48}}, "GB": {"valid": {"ACC": 0.6329588014981273, "F1_Score": 0.6423357664233577, "Recall": 0.6616541353383458, "Precision": 0.624113475177305, "Cohen_Kappa": 0.2660720296196567, "AUC": 0.666704073616878, "TP": 88, "TN": 81, "FP": 53, "FN": 45}, "test": {"ACC": 0.6194029850746269, "F1_Score": 0.6106870229007634, "Recall": 0.5970149253731343, "Precision": 0.625, "Cohen_Kappa": 0.23880597014925375, "AUC": 0.6726999331699711, "TP": 80, "TN": 86, "FP": 48, "FN": 54}}, "BAG": {"valid": {"ACC": 0.5805243445692884, "F1_Score": 0.5692307692307692, "Recall": 0.556390977443609, "Precision": 0.5826771653543307, "Cohen_Kappa": 0.16089567315786524, "AUC": 0.6670687913814388, "TP": 74, "TN": 81, "FP": 53, "FN": 59}, "test": {"ACC": 0.6007462686567164, "F1_Score": 0.6022304832713754, "Recall": 0.6044776119402985, "Precision": 0.6, "Cohen_Kappa": 0.20149253731343286, "AUC": 0.6550735130318557, "TP": 81, "TN": 80, "FP": 54, "FN": 53}}}