{"OVR": {"valid": {"ACC": 0.6330645161290323, "F1_Score": 0.6374501992031872, "Recall": 0.6451612903225806, "Precision": 0.6299212598425197, "Cohen_Kappa": 0.2661290322580645, "AUC": 0.6851586888657648, "TP": 80, "TN": 77, "FP": 47, "FN": 44}, "test": {"ACC": 0.6746987951807228, "F1_Score": 0.6493506493506492, "Recall": 0.6048387096774194, "Precision": 0.7009345794392523, "Cohen_Kappa": 0.3490301132879321, "AUC": 0.7489677419354839, "TP": 75, "TN": 93, "FP": 32, "FN": 49}}, "KNB": {"valid": {"ACC": 0.6370967741935484, "F1_Score": 0.5631067961165048, "Recall": 0.46774193548387094, "Precision": 0.7073170731707317, "Cohen_Kappa": 0.27419354838709675, "AUC": 0.6689646201873048, "TP": 58, "TN": 100, "FP": 24, "FN": 66}, "test": {"ACC": 0.6626506024096386, "F1_Score": 0.5670103092783505, "Recall": 0.4435483870967742, "Precision": 0.7857142857142857, "Cohen_Kappa": 0.3241129709817101, "AUC": 0.7460322580645162, "TP": 55, "TN": 110, "FP": 15, "FN": 69}}, "DT": {"valid": {"ACC": 0.6209677419354839, "F1_Score": 0.6299212598425198, "Recall": 0.6451612903225806, "Precision": 0.6153846153846154, "Cohen_Kappa": 0.24193548387096775, "AUC": 0.6195369406867846, "TP": 80, "TN": 74, "FP": 50, "FN": 44}, "test": {"ACC": 0.6546184738955824, "F1_Score": 0.6504065040650406, "Recall": 0.6451612903225806, "Precision": 0.6557377049180327, "Cohen_Kappa": 0.30918123749919346, "AUC": 0.6531612903225806, "TP": 80, "TN": 83, "FP": 42, "FN": 44}}, "MNB": {"valid": {"ACC": 0.6612903225806451, "F1_Score": 0.6557377049180327, "Recall": 0.6451612903225806, "Precision": 0.6666666666666666, "Cohen_Kappa": 0.32258064516129037, "AUC": 0.6984911550468262, "TP": 80, "TN": 84, "FP": 40, "FN": 44}, "test": {"ACC": 0.6867469879518072, "F1_Score": 0.6608695652173913, "Recall": 0.6129032258064516, "Precision": 0.7169811320754716, "Cohen_Kappa": 0.3731198760570653, "AUC": 0.7654193548387097, "TP": 76, "TN": 95, "FP": 30, "FN": 48}}, "RF": {"valid": {"ACC": 0.6733870967741935, "F1_Score": 0.6798418972332015, "Recall": 0.6935483870967742, "Precision": 0.6666666666666666, "Cohen_Kappa": 0.3467741935483871, "AUC": 0.7548777315296566, "TP": 86, "TN": 81, "FP": 43, "FN": 38}, "test": {"ACC": 0.7590361445783133, "F1_Score": 0.76, "Recall": 0.7661290322580645, "Precision": 0.753968253968254, "Cohen_Kappa": 0.5180956067350493, "AUC": 0.8202903225806453, "TP": 95, "TN": 94, "FP": 31, "FN": 29}}, "ADA": {"valid": {"ACC": 0.6370967741935484, "F1_Score": 0.625, "Recall": 0.6048387096774194, "Precision": 0.646551724137931, "Cohen_Kappa": 0.27419354838709675, "AUC": 0.6966376170655568, "TP": 75, "TN": 83, "FP": 41, "FN": 49}, "test": {"ACC": 0.678714859437751, "F1_Score": 0.6694214876033057, "Recall": 0.6532258064516129, "Precision": 0.6864406779661016, "Cohen_Kappa": 0.3572949603148996, "AUC": 0.7244516129032258, "TP": 81, "TN": 88, "FP": 37, "FN": 43}}, "XGB": {"valid": {"ACC": 0.6532258064516129, "F1_Score": 0.6446280991735538, "Recall": 0.6290322580645161, "Precision": 0.6610169491525424, "Cohen_Kappa": 0.30645161290322576, "AUC": 0.7252861602497397, "TP": 78, "TN": 84, "FP": 40, "FN": 46}, "test": {"ACC": 0.7309236947791165, "F1_Score": 0.7219917012448134, "Recall": 0.7016129032258065, "Precision": 0.7435897435897436, "Cohen_Kappa": 0.46171716193979284, "AUC": 0.788741935483871, "TP": 87, "TN": 95, "FP": 30, "FN": 37}}, "MLP": {"valid": {"ACC": 0.6330645161290323, "F1_Score": 0.6486486486486487, "Recall": 0.6774193548387096, "Precision": 0.6222222222222222, "Cohen_Kappa": 0.2661290322580645, "AUC": 0.701547866805411, "TP": 84, "TN": 73, "FP": 51, "FN": 40}, "test": {"ACC": 0.6947791164658634, "F1_Score": 0.6779661016949152, "Recall": 0.6451612903225806, "Precision": 0.7142857142857143, "Cohen_Kappa": 0.38931199173873765, "AUC": 0.7645806451612903, "TP": 80, "TN": 93, "FP": 32, "FN": 44}}, "LR": {"valid": {"ACC": 0.6330645161290323, "F1_Score": 0.6374501992031872, "Recall": 0.6451612903225806, "Precision": 0.6299212598425197, "Cohen_Kappa": 0.2661290322580645, "AUC": 0.6851586888657648, "TP": 80, "TN": 77, "FP": 47, "FN": 44}, "test": {"ACC": 0.6746987951807228, "F1_Score": 0.6493506493506492, "Recall": 0.6048387096774194, "Precision": 0.7009345794392523, "Cohen_Kappa": 0.3490301132879321, "AUC": 0.7489677419354839, "TP": 75, "TN": 93, "FP": 32, "FN": 49}}, "ETAs": {"valid": {"ACC": 0.6532258064516129, "F1_Score": 0.6504065040650406, "Recall": 0.6451612903225806, "Precision": 0.6557377049180327, "Cohen_Kappa": 0.30645161290322576, "AUC": 0.7442442767950052, "TP": 80, "TN": 82, "FP": 42, "FN": 44}, "test": {"ACC": 0.7751004016064257, "F1_Score": 0.7666666666666667, "Recall": 0.7419354838709677, "Precision": 0.7931034482758621, "Cohen_Kappa": 0.5500774393391843, "AUC": 0.8394838709677419, "TP": 92, "TN": 101, "FP": 24, "FN": 32}}, "CNB": {"valid": {"ACC": 0.6612903225806451, "F1_Score": 0.6557377049180327, "Recall": 0.6451612903225806, "Precision": 0.6666666666666666, "Cohen_Kappa": 0.32258064516129037, "AUC": 0.6984911550468262, "TP": 80, "TN": 84, "FP": 40, "FN": 44}, "test": {"ACC": 0.6867469879518072, "F1_Score": 0.6608695652173913, "Recall": 0.6129032258064516, "Precision": 0.7169811320754716, "Cohen_Kappa": 0.3731198760570653, "AUC": 0.7654193548387097, "TP": 76, "TN": 95, "FP": 30, "FN": 48}}, "GB": {"valid": {"ACC": 0.6774193548387096, "F1_Score": 0.6666666666666667, "Recall": 0.6451612903225806, "Precision": 0.6896551724137931, "Cohen_Kappa": 0.3548387096774194, "AUC": 0.7387486992715921, "TP": 80, "TN": 88, "FP": 36, "FN": 44}, "test": {"ACC": 0.7068273092369478, "F1_Score": 0.6995884773662551, "Recall": 0.6854838709677419, "Precision": 0.7142857142857143, "Cohen_Kappa": 0.41355057267301176, "AUC": 0.7680645161290321, "TP": 85, "TN": 91, "FP": 34, "FN": 39}}, "BAG": {"valid": {"ACC": 0.6451612903225806, "F1_Score": 0.648, "Recall": 0.6532258064516129, "Precision": 0.6428571428571429, "Cohen_Kappa": 0.29032258064516125, "AUC": 0.7107180020811654, "TP": 81, "TN": 79, "FP": 45, "FN": 43}, "test": {"ACC": 0.7309236947791165, "F1_Score": 0.7196652719665273, "Recall": 0.6935483870967742, "Precision": 0.7478260869565218, "Cohen_Kappa": 0.46168242392952796, "AUC": 0.7648387096774194, "TP": 86, "TN": 96, "FP": 29, "FN": 38}}}