{"OVR": {"valid": {"ACC": 0.550561797752809, "F1_Score": 0.5555555555555556, "Recall": 0.5639097744360902, "Precision": 0.5474452554744526, "Cohen_Kappa": 0.10121184919210058, "AUC": 0.5810795645830995, "TP": 75, "TN": 72, "FP": 62, "FN": 58}, "test": {"ACC": 0.6268656716417911, "F1_Score": 0.6183206106870228, "Recall": 0.6044776119402985, "Precision": 0.6328125, "Cohen_Kappa": 0.25373134328358204, "AUC": 0.6657941635108043, "TP": 81, "TN": 87, "FP": 47, "FN": 53}}, "KNB": {"valid": {"ACC": 0.5805243445692884, "F1_Score": 0.5409836065573771, "Recall": 0.49624060150375937, "Precision": 0.5945945945945946, "Cohen_Kappa": 0.16051878052888668, "AUC": 0.6238357086746718, "TP": 66, "TN": 89, "FP": 45, "FN": 67}, "test": {"ACC": 0.667910447761194, "F1_Score": 0.6044444444444445, "Recall": 0.5074626865671642, "Precision": 0.7472527472527473, "Cohen_Kappa": 0.33582089552238803, "AUC": 0.6798563154377367, "TP": 68, "TN": 111, "FP": 23, "FN": 66}}, "DT": {"valid": {"ACC": 0.5543071161048689, "F1_Score": 0.5576208178438661, "Recall": 0.5639097744360902, "Precision": 0.5514705882352942, "Cohen_Kappa": 0.10867674699133167, "AUC": 0.5543429469195377, "TP": 75, "TN": 73, "FP": 61, "FN": 58}, "test": {"ACC": 0.6007462686567164, "F1_Score": 0.5962264150943397, "Recall": 0.5895522388059702, "Precision": 0.6030534351145038, "Cohen_Kappa": 0.20149253731343286, "AUC": 0.59996658498552, "TP": 79, "TN": 82, "FP": 52, "FN": 55}}, "MNB": {"valid": {"ACC": 0.5767790262172284, "F1_Score": 0.586080586080586, "Recall": 0.6015037593984962, "Precision": 0.5714285714285714, "Cohen_Kappa": 0.15371237833440854, "AUC": 0.6132308382897542, "TP": 80, "TN": 74, "FP": 60, "FN": 53}, "test": {"ACC": 0.6007462686567164, "F1_Score": 0.5900383141762452, "Recall": 0.5746268656716418, "Precision": 0.6062992125984252, "Cohen_Kappa": 0.20149253731343286, "AUC": 0.6770438850523502, "TP": 77, "TN": 84, "FP": 50, "FN": 57}}, "RF": {"valid": {"ACC": 0.651685393258427, "F1_Score": 0.6568265682656826, "Recall": 0.6691729323308271, "Precision": 0.644927536231884, "Cohen_Kappa": 0.3034587225448119, "AUC": 0.6761025698574795, "TP": 89, "TN": 85, "FP": 49, "FN": 44}, "test": {"ACC": 0.6492537313432836, "F1_Score": 0.6384615384615385, "Recall": 0.6194029850746269, "Precision": 0.6587301587301587, "Cohen_Kappa": 0.29850746268656714, "AUC": 0.7127979505457785, "TP": 83, "TN": 91, "FP": 43, "FN": 51}}, "ADA": {"valid": {"ACC": 0.5955056179775281, "F1_Score": 0.578125, "Recall": 0.556390977443609, "Precision": 0.6016260162601627, "Cohen_Kappa": 0.1907728573833979, "AUC": 0.5732241050387161, "TP": 74, "TN": 85, "FP": 49, "FN": 59}, "test": {"ACC": 0.6156716417910447, "F1_Score": 0.6083650190114068, "Recall": 0.5970149253731343, "Precision": 0.6201550387596899, "Cohen_Kappa": 0.23134328358208955, "AUC": 0.6559367342392515, "TP": 80, "TN": 85, "FP": 49, "FN": 54}}, "XGB": {"valid": {"ACC": 0.5955056179775281, "F1_Score": 0.5813953488372092, "Recall": 0.5639097744360902, "Precision": 0.6, "Cohen_Kappa": 0.1908182736558537, "AUC": 0.6308495118392998, "TP": 75, "TN": 84, "FP": 50, "FN": 58}, "test": {"ACC": 0.6156716417910447, "F1_Score": 0.617100371747212, "Recall": 0.6194029850746269, "Precision": 0.6148148148148148, "Cohen_Kappa": 0.23134328358208955, "AUC": 0.6812764535531299, "TP": 83, "TN": 82, "FP": 52, "FN": 51}}, "MLP": {"valid": {"ACC": 0.5430711610486891, "F1_Score": 0.5547445255474451, "Recall": 0.5714285714285714, "Precision": 0.5390070921985816, "Cohen_Kappa": 0.08633456748569501, "AUC": 0.5529682414992705, "TP": 76, "TN": 69, "FP": 65, "FN": 57}, "test": {"ACC": 0.6156716417910447, "F1_Score": 0.6113207547169811, "Recall": 0.6044776119402985, "Precision": 0.6183206106870229, "Cohen_Kappa": 0.23134328358208955, "AUC": 0.638338159946536, "TP": 81, "TN": 84, "FP": 50, "FN": 53}}, "LR": {"valid": {"ACC": 0.550561797752809, "F1_Score": 0.5555555555555556, "Recall": 0.5639097744360902, "Precision": 0.5474452554744526, "Cohen_Kappa": 0.10121184919210058, "AUC": 0.5810795645830995, "TP": 75, "TN": 72, "FP": 62, "FN": 58}, "test": {"ACC": 0.6268656716417911, "F1_Score": 0.6183206106870228, "Recall": 0.6044776119402985, "Precision": 0.6328125, "Cohen_Kappa": 0.25373134328358204, "AUC": 0.6657941635108043, "TP": 81, "TN": 87, "FP": 47, "FN": 53}}, "ETAs": {"valid": {"ACC": 0.6217228464419475, "F1_Score": 0.6273062730627306, "Recall": 0.6390977443609023, "Precision": 0.6159420289855072, "Cohen_Kappa": 0.24354119330135482, "AUC": 0.6623835708674672, "TP": 85, "TN": 81, "FP": 53, "FN": 48}, "test": {"ACC": 0.6119402985074627, "F1_Score": 0.606060606060606, "Recall": 0.5970149253731343, "Precision": 0.6153846153846154, "Cohen_Kappa": 0.22388059701492535, "AUC": 0.6948930719536645, "TP": 80, "TN": 84, "FP": 50, "FN": 54}}, "CNB": {"valid": {"ACC": 0.5767790262172284, "F1_Score": 0.586080586080586, "Recall": 0.6015037593984962, "Precision": 0.5714285714285714, "Cohen_Kappa": 0.15371237833440854, "AUC": 0.6132308382897542, "TP": 80, "TN": 74, "FP": 60, "FN": 53}, "test": {"ACC": 0.6007462686567164, "F1_Score": 0.5900383141762452, "Recall": 0.5746268656716418, "Precision": 0.6062992125984252, "Cohen_Kappa": 0.20149253731343286, "AUC": 0.6770438850523502, "TP": 77, "TN": 84, "FP": 50, "FN": 57}}, "GB": {"valid": {"ACC": 0.5730337078651685, "F1_Score": 0.5546875, "Recall": 0.5338345864661654, "Precision": 0.5772357723577236, "Cohen_Kappa": 0.1458157939046978, "AUC": 0.6154752553024353, "TP": 71, "TN": 82, "FP": 52, "FN": 62}, "test": {"ACC": 0.6305970149253731, "F1_Score": 0.5991902834008097, "Recall": 0.5522388059701493, "Precision": 0.6548672566371682, "Cohen_Kappa": 0.26119402985074625, "AUC": 0.6890175985742928, "TP": 74, "TN": 95, "FP": 39, "FN": 60}}, "BAG": {"valid": {"ACC": 0.6067415730337079, "F1_Score": 0.5945945945945946, "Recall": 0.5789473684210527, "Precision": 0.6111111111111112, "Cohen_Kappa": 0.21331761932822624, "AUC": 0.6196835372012119, "TP": 77, "TN": 85, "FP": 49, "FN": 56}, "test": {"ACC": 0.6492537313432836, "F1_Score": 0.6178861788617885, "Recall": 0.5671641791044776, "Precision": 0.6785714285714286, "Cohen_Kappa": 0.29850746268656714, "AUC": 0.6696368901759857, "TP": 76, "TN": 98, "FP": 36, "FN": 58}}}