{"OVR": {"valid": {"ACC": 0.6228070175438597, "F1_Score": 0.6386554621848739, "Recall": 0.6666666666666666, "Precision": 0.6129032258064516, "Cohen_Kappa": 0.24561403508771928, "AUC": 0.7125269313634964, "TP": 38, "TN": 33, "FP": 24, "FN": 19}, "test": {"ACC": 0.6578947368421053, "F1_Score": 0.6422018348623854, "Recall": 0.6140350877192983, "Precision": 0.6730769230769231, "Cohen_Kappa": 0.3157894736842105, "AUC": 0.7069867651585102, "TP": 35, "TN": 40, "FP": 17, "FN": 22}}, "KNB": {"valid": {"ACC": 0.543859649122807, "F1_Score": 0.2571428571428571, "Recall": 0.15789473684210525, "Precision": 0.6923076923076923, "Cohen_Kappa": 0.08771929824561409, "AUC": 0.6666666666666666, "TP": 9, "TN": 53, "FP": 4, "FN": 48}, "test": {"ACC": 0.5087719298245614, "F1_Score": 0.125, "Recall": 0.07017543859649122, "Precision": 0.5714285714285714, "Cohen_Kappa": 0.01754385964912286, "AUC": 0.6049553708833487, "TP": 4, "TN": 54, "FP": 3, "FN": 53}}, "DT": {"valid": {"ACC": 0.5526315789473685, "F1_Score": 0.5714285714285714, "Recall": 0.5964912280701754, "Precision": 0.5483870967741935, "Cohen_Kappa": 0.10526315789473684, "AUC": 0.5526315789473685, "TP": 34, "TN": 29, "FP": 28, "FN": 23}, "test": {"ACC": 0.5614035087719298, "F1_Score": 0.5901639344262295, "Recall": 0.631578947368421, "Precision": 0.5538461538461539, "Cohen_Kappa": 0.1228070175438597, "AUC": 0.5614035087719298, "TP": 36, "TN": 28, "FP": 29, "FN": 21}}, "MNB": {"valid": {"ACC": 0.7017543859649122, "F1_Score": 0.7166666666666668, "Recall": 0.7543859649122807, "Precision": 0.6825396825396826, "Cohen_Kappa": 0.4035087719298246, "AUC": 0.7442289935364728, "TP": 43, "TN": 37, "FP": 20, "FN": 14}, "test": {"ACC": 0.6754385964912281, "F1_Score": 0.6605504587155963, "Recall": 0.631578947368421, "Precision": 0.6923076923076923, "Cohen_Kappa": 0.3508771929824561, "AUC": 0.7451523545706371, "TP": 36, "TN": 41, "FP": 16, "FN": 21}}, "RF": {"valid": {"ACC": 0.7192982456140351, "F1_Score": 0.7419354838709676, "Recall": 0.8070175438596491, "Precision": 0.6865671641791045, "Cohen_Kappa": 0.4385964912280702, "AUC": 0.7831640504770698, "TP": 46, "TN": 36, "FP": 21, "FN": 11}, "test": {"ACC": 0.7368421052631579, "F1_Score": 0.7500000000000001, "Recall": 0.7894736842105263, "Precision": 0.7142857142857143, "Cohen_Kappa": 0.4736842105263158, "AUC": 0.7853185595567868, "TP": 45, "TN": 39, "FP": 18, "FN": 12}}, "ADA": {"valid": {"ACC": 0.6929824561403509, "F1_Score": 0.6956521739130435, "Recall": 0.7017543859649122, "Precision": 0.6896551724137931, "Cohen_Kappa": 0.38596491228070173, "AUC": 0.7428439519852262, "TP": 40, "TN": 39, "FP": 18, "FN": 17}, "test": {"ACC": 0.6754385964912281, "F1_Score": 0.6782608695652174, "Recall": 0.6842105263157895, "Precision": 0.6724137931034483, "Cohen_Kappa": 0.3508771929824561, "AUC": 0.6952908587257618, "TP": 39, "TN": 38, "FP": 19, "FN": 18}}, "XGB": {"valid": {"ACC": 0.6842105263157895, "F1_Score": 0.7142857142857143, "Recall": 0.7894736842105263, "Precision": 0.6521739130434783, "Cohen_Kappa": 0.368421052631579, "AUC": 0.7491535857186827, "TP": 45, "TN": 33, "FP": 24, "FN": 12}, "test": {"ACC": 0.6842105263157895, "F1_Score": 0.6785714285714286, "Recall": 0.6666666666666666, "Precision": 0.6909090909090909, "Cohen_Kappa": 0.368421052631579, "AUC": 0.7436134195136966, "TP": 38, "TN": 40, "FP": 17, "FN": 19}}, "MLP": {"valid": {"ACC": 0.6403508771929824, "F1_Score": 0.6771653543307086, "Recall": 0.7543859649122807, "Precision": 0.6142857142857143, "Cohen_Kappa": 0.2807017543859649, "AUC": 0.7180670975684826, "TP": 43, "TN": 30, "FP": 27, "FN": 14}, "test": {"ACC": 0.6842105263157895, "F1_Score": 0.6842105263157895, "Recall": 0.6842105263157895, "Precision": 0.6842105263157895, "Cohen_Kappa": 0.368421052631579, "AUC": 0.710987996306556, "TP": 39, "TN": 39, "FP": 18, "FN": 18}}, "LR": {"valid": {"ACC": 0.6228070175438597, "F1_Score": 0.6386554621848739, "Recall": 0.6666666666666666, "Precision": 0.6129032258064516, "Cohen_Kappa": 0.24561403508771928, "AUC": 0.7125269313634964, "TP": 38, "TN": 33, "FP": 24, "FN": 19}, "test": {"ACC": 0.6578947368421053, "F1_Score": 0.6422018348623854, "Recall": 0.6140350877192983, "Precision": 0.6730769230769231, "Cohen_Kappa": 0.3157894736842105, "AUC": 0.7069867651585102, "TP": 35, "TN": 40, "FP": 17, "FN": 22}}, "ETAs": {"valid": {"ACC": 0.7017543859649122, "F1_Score": 0.7258064516129032, "Recall": 0.7894736842105263, "Precision": 0.6716417910447762, "Cohen_Kappa": 0.4035087719298246, "AUC": 0.7623884272083719, "TP": 45, "TN": 35, "FP": 22, "FN": 12}, "test": {"ACC": 0.7192982456140351, "F1_Score": 0.746031746031746, "Recall": 0.8245614035087719, "Precision": 0.6811594202898551, "Cohen_Kappa": 0.4385964912280702, "AUC": 0.7828562634656818, "TP": 47, "TN": 35, "FP": 22, "FN": 10}}, "CNB": {"valid": {"ACC": 0.7017543859649122, "F1_Score": 0.7166666666666668, "Recall": 0.7543859649122807, "Precision": 0.6825396825396826, "Cohen_Kappa": 0.4035087719298246, "AUC": 0.7442289935364728, "TP": 43, "TN": 37, "FP": 20, "FN": 14}, "test": {"ACC": 0.6754385964912281, "F1_Score": 0.6605504587155963, "Recall": 0.631578947368421, "Precision": 0.6923076923076923, "Cohen_Kappa": 0.3508771929824561, "AUC": 0.7451523545706371, "TP": 36, "TN": 41, "FP": 16, "FN": 21}}, "GB": {"valid": {"ACC": 0.6578947368421053, "F1_Score": 0.6608695652173913, "Recall": 0.6666666666666666, "Precision": 0.6551724137931034, "Cohen_Kappa": 0.3157894736842105, "AUC": 0.7117574638350261, "TP": 38, "TN": 37, "FP": 20, "FN": 19}, "test": {"ACC": 0.6578947368421053, "F1_Score": 0.6548672566371682, "Recall": 0.6491228070175439, "Precision": 0.6607142857142857, "Cohen_Kappa": 0.3157894736842105, "AUC": 0.6835949522930133, "TP": 37, "TN": 38, "FP": 19, "FN": 20}}, "BAG": {"valid": {"ACC": 0.6754385964912281, "F1_Score": 0.6837606837606838, "Recall": 0.7017543859649122, "Precision": 0.6666666666666666, "Cohen_Kappa": 0.3508771929824561, "AUC": 0.6955986457371499, "TP": 40, "TN": 37, "FP": 20, "FN": 17}, "test": {"ACC": 0.6491228070175439, "F1_Score": 0.6428571428571428, "Recall": 0.631578947368421, "Precision": 0.6545454545454545, "Cohen_Kappa": 0.29824561403508776, "AUC": 0.7060634041243459, "TP": 36, "TN": 38, "FP": 19, "FN": 21}}}