{"OVR": {"valid": {"ACC": 0.5757575757575758, "F1_Score": 0.5625, "Recall": 0.5454545454545454, "Precision": 0.5806451612903226, "Cohen_Kappa": 0.1515151515151515, "AUC": 0.6372819100091827, "TP": 18, "TN": 20, "FP": 13, "FN": 15}, "test": {"ACC": 0.6119402985074627, "F1_Score": 0.6060606060606061, "Recall": 0.5882352941176471, "Precision": 0.625, "Cohen_Kappa": 0.22439893143365985, "AUC": 0.607397504456328, "TP": 20, "TN": 21, "FP": 12, "FN": 14}}, "KNB": {"valid": {"ACC": 0.6666666666666666, "F1_Score": 0.6857142857142857, "Recall": 0.7272727272727273, "Precision": 0.6486486486486487, "Cohen_Kappa": 0.33333333333333337, "AUC": 0.7245179063360881, "TP": 24, "TN": 20, "FP": 13, "FN": 9}, "test": {"ACC": 0.5522388059701493, "F1_Score": 0.5714285714285715, "Recall": 0.5882352941176471, "Precision": 0.5555555555555556, "Cohen_Kappa": 0.10347903657448698, "AUC": 0.5588235294117646, "TP": 20, "TN": 17, "FP": 16, "FN": 14}}, "DT": {"valid": {"ACC": 0.7121212121212122, "F1_Score": 0.6779661016949152, "Recall": 0.6060606060606061, "Precision": 0.7692307692307693, "Cohen_Kappa": 0.4242424242424242, "AUC": 0.7185491276400366, "TP": 20, "TN": 27, "FP": 6, "FN": 13}, "test": {"ACC": 0.6417910447761194, "F1_Score": 0.6363636363636364, "Recall": 0.6176470588235294, "Precision": 0.65625, "Cohen_Kappa": 0.28406055209260905, "AUC": 0.6363636363636364, "TP": 21, "TN": 22, "FP": 11, "FN": 13}}, "MNB": {"valid": {"ACC": 0.6212121212121212, "F1_Score": 0.5454545454545454, "Recall": 0.45454545454545453, "Precision": 0.6818181818181818, "Cohen_Kappa": 0.24242424242424243, "AUC": 0.6841138659320478, "TP": 15, "TN": 26, "FP": 7, "FN": 18}, "test": {"ACC": 0.582089552238806, "F1_Score": 0.5483870967741935, "Recall": 0.5, "Precision": 0.6071428571428571, "Cohen_Kappa": 0.16622222222222216, "AUC": 0.6287878787878788, "TP": 17, "TN": 22, "FP": 11, "FN": 17}}, "RF": {"valid": {"ACC": 0.6515151515151515, "F1_Score": 0.6461538461538462, "Recall": 0.6363636363636364, "Precision": 0.65625, "Cohen_Kappa": 0.303030303030303, "AUC": 0.7520661157024793, "TP": 21, "TN": 22, "FP": 11, "FN": 12}, "test": {"ACC": 0.5970149253731343, "F1_Score": 0.619718309859155, "Recall": 0.6470588235294118, "Precision": 0.5945945945945946, "Cohen_Kappa": 0.19277108433734946, "AUC": 0.7098930481283422, "TP": 22, "TN": 18, "FP": 15, "FN": 12}}, "ADA": {"valid": {"ACC": 0.6060606060606061, "F1_Score": 0.59375, "Recall": 0.5757575757575758, "Precision": 0.6129032258064516, "Cohen_Kappa": 0.21212121212121215, "AUC": 0.650137741046832, "TP": 19, "TN": 21, "FP": 12, "FN": 14}, "test": {"ACC": 0.5373134328358209, "F1_Score": 0.507936507936508, "Recall": 0.47058823529411764, "Precision": 0.5517241379310345, "Cohen_Kappa": 0.07647843485993788, "AUC": 0.571301247771836, "TP": 16, "TN": 20, "FP": 13, "FN": 18}}, "XGB": {"valid": {"ACC": 0.7272727272727273, "F1_Score": 0.7272727272727273, "Recall": 0.7272727272727273, "Precision": 0.7272727272727273, "Cohen_Kappa": 0.4545454545454546, "AUC": 0.7346189164370983, "TP": 24, "TN": 24, "FP": 9, "FN": 9}, "test": {"ACC": 0.6268656716417911, "F1_Score": 0.6376811594202899, "Recall": 0.6470588235294118, "Precision": 0.6285714285714286, "Cohen_Kappa": 0.25323227819884087, "AUC": 0.7009803921568628, "TP": 22, "TN": 20, "FP": 13, "FN": 12}}, "MLP": {"valid": {"ACC": 0.6666666666666666, "F1_Score": 0.6857142857142857, "Recall": 0.7272727272727273, "Precision": 0.6486486486486487, "Cohen_Kappa": 0.33333333333333337, "AUC": 0.7355371900826446, "TP": 24, "TN": 20, "FP": 13, "FN": 9}, "test": {"ACC": 0.6268656716417911, "F1_Score": 0.6268656716417911, "Recall": 0.6176470588235294, "Precision": 0.6363636363636364, "Cohen_Kappa": 0.2538975501113586, "AUC": 0.6403743315508021, "TP": 21, "TN": 21, "FP": 12, "FN": 13}}, "LR": {"valid": {"ACC": 0.5757575757575758, "F1_Score": 0.5625, "Recall": 0.5454545454545454, "Precision": 0.5806451612903226, "Cohen_Kappa": 0.1515151515151515, "AUC": 0.6372819100091827, "TP": 18, "TN": 20, "FP": 13, "FN": 15}, "test": {"ACC": 0.6119402985074627, "F1_Score": 0.6060606060606061, "Recall": 0.5882352941176471, "Precision": 0.625, "Cohen_Kappa": 0.22439893143365985, "AUC": 0.607397504456328, "TP": 20, "TN": 21, "FP": 12, "FN": 14}}, "ETAs": {"valid": {"ACC": 0.6212121212121212, "F1_Score": 0.6268656716417911, "Recall": 0.6363636363636364, "Precision": 0.6176470588235294, "Cohen_Kappa": 0.24242424242424243, "AUC": 0.7382920110192838, "TP": 21, "TN": 20, "FP": 13, "FN": 12}, "test": {"ACC": 0.7164179104477612, "F1_Score": 0.7164179104477613, "Recall": 0.7058823529411765, "Precision": 0.7272727272727273, "Cohen_Kappa": 0.4329621380846326, "AUC": 0.6831550802139038, "TP": 24, "TN": 24, "FP": 9, "FN": 10}}, "CNB": {"valid": {"ACC": 0.6212121212121212, "F1_Score": 0.5454545454545454, "Recall": 0.45454545454545453, "Precision": 0.6818181818181818, "Cohen_Kappa": 0.24242424242424243, "AUC": 0.6841138659320478, "TP": 15, "TN": 26, "FP": 7, "FN": 18}, "test": {"ACC": 0.582089552238806, "F1_Score": 0.5483870967741935, "Recall": 0.5, "Precision": 0.6071428571428571, "Cohen_Kappa": 0.16622222222222216, "AUC": 0.6287878787878788, "TP": 17, "TN": 22, "FP": 11, "FN": 17}}, "GB": {"valid": {"ACC": 0.6666666666666666, "F1_Score": 0.6451612903225807, "Recall": 0.6060606060606061, "Precision": 0.6896551724137931, "Cohen_Kappa": 0.33333333333333337, "AUC": 0.6859504132231405, "TP": 20, "TN": 24, "FP": 9, "FN": 13}, "test": {"ACC": 0.582089552238806, "F1_Score": 0.5625, "Recall": 0.5294117647058824, "Precision": 0.6, "Cohen_Kappa": 0.1654804270462633, "AUC": 0.6212121212121211, "TP": 18, "TN": 21, "FP": 12, "FN": 16}}, "BAG": {"valid": {"ACC": 0.6212121212121212, "F1_Score": 0.6031746031746033, "Recall": 0.5757575757575758, "Precision": 0.6333333333333333, "Cohen_Kappa": 0.24242424242424243, "AUC": 0.7047750229568412, "TP": 19, "TN": 22, "FP": 11, "FN": 14}, "test": {"ACC": 0.6119402985074627, "F1_Score": 0.6060606060606061, "Recall": 0.5882352941176471, "Precision": 0.625, "Cohen_Kappa": 0.22439893143365985, "AUC": 0.6114081996434937, "TP": 20, "TN": 21, "FP": 12, "FN": 14}}}