{"OVR": {"valid": {"ACC": 0.5161290322580645, "F1_Score": 0.4827586206896552, "Recall": 0.4666666666666667, "Precision": 0.5, "Cohen_Kappa": 0.029227557411273586, "AUC": 0.6, "TP": 7, "TN": 9, "FP": 7, "FN": 8}, "test": {"ACC": 0.6451612903225806, "F1_Score": 0.6451612903225806, "Recall": 0.625, "Precision": 0.6666666666666666, "Cohen_Kappa": 0.2910602910602911, "AUC": 0.725, "TP": 10, "TN": 10, "FP": 5, "FN": 6}}, "KNB": {"valid": {"ACC": 0.5806451612903226, "F1_Score": 0.6666666666666667, "Recall": 0.8666666666666667, "Precision": 0.5416666666666666, "Cohen_Kappa": 0.17586912065439664, "AUC": 0.7000000000000001, "TP": 13, "TN": 5, "FP": 11, "FN": 2}, "test": {"ACC": 0.6451612903225806, "F1_Score": 0.7027027027027026, "Recall": 0.8125, "Precision": 0.6190476190476191, "Cohen_Kappa": 0.28210526315789486, "AUC": 0.6395833333333334, "TP": 13, "TN": 7, "FP": 8, "FN": 3}}, "DT": {"valid": {"ACC": 0.7096774193548387, "F1_Score": 0.689655172413793, "Recall": 0.6666666666666666, "Precision": 0.7142857142857143, "Cohen_Kappa": 0.4175365344467642, "AUC": 0.7083333333333334, "TP": 10, "TN": 12, "FP": 4, "FN": 5}, "test": {"ACC": 0.5806451612903226, "F1_Score": 0.6285714285714286, "Recall": 0.6875, "Precision": 0.5789473684210527, "Cohen_Kappa": 0.15513626834381544, "AUC": 0.5770833333333333, "TP": 11, "TN": 7, "FP": 8, "FN": 5}}, "MNB": {"valid": {"ACC": 0.6129032258064516, "F1_Score": 0.6, "Recall": 0.6, "Precision": 0.6, "Cohen_Kappa": 0.22499999999999998, "AUC": 0.6208333333333333, "TP": 9, "TN": 10, "FP": 6, "FN": 6}, "test": {"ACC": 0.6451612903225806, "F1_Score": 0.6451612903225806, "Recall": 0.625, "Precision": 0.6666666666666666, "Cohen_Kappa": 0.2910602910602911, "AUC": 0.7, "TP": 10, "TN": 10, "FP": 5, "FN": 6}}, "RF": {"valid": {"ACC": 0.5483870967741935, "F1_Score": 0.5, "Recall": 0.4666666666666667, "Precision": 0.5384615384615384, "Cohen_Kappa": 0.09205020920502083, "AUC": 0.6875, "TP": 7, "TN": 10, "FP": 6, "FN": 8}, "test": {"ACC": 0.6774193548387096, "F1_Score": 0.6428571428571429, "Recall": 0.5625, "Precision": 0.75, "Cohen_Kappa": 0.359504132231405, "AUC": 0.7708333333333334, "TP": 9, "TN": 12, "FP": 3, "FN": 7}}, "ADA": {"valid": {"ACC": 0.5806451612903226, "F1_Score": 0.5185185185185186, "Recall": 0.4666666666666667, "Precision": 0.5833333333333334, "Cohen_Kappa": 0.15513626834381544, "AUC": 0.5333333333333333, "TP": 7, "TN": 11, "FP": 5, "FN": 8}, "test": {"ACC": 0.6451612903225806, "F1_Score": 0.5925925925925926, "Recall": 0.5, "Precision": 0.7272727272727273, "Cohen_Kappa": 0.2969072164948453, "AUC": 0.6666666666666667, "TP": 8, "TN": 12, "FP": 3, "FN": 8}}, "XGB": {"valid": {"ACC": 0.5483870967741935, "F1_Score": 0.5, "Recall": 0.4666666666666667, "Precision": 0.5384615384615384, "Cohen_Kappa": 0.09205020920502083, "AUC": 0.6, "TP": 7, "TN": 10, "FP": 6, "FN": 8}, "test": {"ACC": 0.6451612903225806, "F1_Score": 0.6451612903225806, "Recall": 0.625, "Precision": 0.6666666666666666, "Cohen_Kappa": 0.2910602910602911, "AUC": 0.7875000000000001, "TP": 10, "TN": 10, "FP": 5, "FN": 6}}, "MLP": {"valid": {"ACC": 0.5483870967741935, "F1_Score": 0.5, "Recall": 0.4666666666666667, "Precision": 0.5384615384615384, "Cohen_Kappa": 0.09205020920502083, "AUC": 0.6, "TP": 7, "TN": 10, "FP": 6, "FN": 8}, "test": {"ACC": 0.6129032258064516, "F1_Score": 0.6000000000000001, "Recall": 0.5625, "Precision": 0.6428571428571429, "Cohen_Kappa": 0.22821576763485474, "AUC": 0.6583333333333333, "TP": 9, "TN": 10, "FP": 5, "FN": 7}}, "LR": {"valid": {"ACC": 0.5161290322580645, "F1_Score": 0.4827586206896552, "Recall": 0.4666666666666667, "Precision": 0.5, "Cohen_Kappa": 0.029227557411273586, "AUC": 0.6, "TP": 7, "TN": 9, "FP": 7, "FN": 8}, "test": {"ACC": 0.6451612903225806, "F1_Score": 0.6451612903225806, "Recall": 0.625, "Precision": 0.6666666666666666, "Cohen_Kappa": 0.2910602910602911, "AUC": 0.725, "TP": 10, "TN": 10, "FP": 5, "FN": 6}}, "ETAs": {"valid": {"ACC": 0.5483870967741935, "F1_Score": 0.5333333333333333, "Recall": 0.5333333333333333, "Precision": 0.5333333333333333, "Cohen_Kappa": 0.09583333333333333, "AUC": 0.6291666666666667, "TP": 8, "TN": 9, "FP": 7, "FN": 7}, "test": {"ACC": 0.6774193548387096, "F1_Score": 0.6666666666666666, "Recall": 0.625, "Precision": 0.7142857142857143, "Cohen_Kappa": 0.3568464730290456, "AUC": 0.7604166666666667, "TP": 10, "TN": 11, "FP": 4, "FN": 6}}, "CNB": {"valid": {"ACC": 0.6129032258064516, "F1_Score": 0.6, "Recall": 0.6, "Precision": 0.6, "Cohen_Kappa": 0.22499999999999998, "AUC": 0.6208333333333333, "TP": 9, "TN": 10, "FP": 6, "FN": 6}, "test": {"ACC": 0.6451612903225806, "F1_Score": 0.6451612903225806, "Recall": 0.625, "Precision": 0.6666666666666666, "Cohen_Kappa": 0.2910602910602911, "AUC": 0.7, "TP": 10, "TN": 10, "FP": 5, "FN": 6}}, "GB": {"valid": {"ACC": 0.5483870967741935, "F1_Score": 0.5333333333333333, "Recall": 0.5333333333333333, "Precision": 0.5333333333333333, "Cohen_Kappa": 0.09583333333333333, "AUC": 0.5499999999999999, "TP": 8, "TN": 9, "FP": 7, "FN": 7}, "test": {"ACC": 0.7741935483870968, "F1_Score": 0.7586206896551724, "Recall": 0.6875, "Precision": 0.8461538461538461, "Cohen_Kappa": 0.5507246376811594, "AUC": 0.8125, "TP": 11, "TN": 13, "FP": 2, "FN": 5}}, "BAG": {"valid": {"ACC": 0.5483870967741935, "F1_Score": 0.4615384615384615, "Recall": 0.4, "Precision": 0.5454545454545454, "Cohen_Kappa": 0.08823529411764708, "AUC": 0.6375000000000001, "TP": 6, "TN": 11, "FP": 5, "FN": 9}, "test": {"ACC": 0.7096774193548387, "F1_Score": 0.6666666666666666, "Recall": 0.5625, "Precision": 0.8181818181818182, "Cohen_Kappa": 0.42474226804123705, "AUC": 0.7895833333333334, "TP": 9, "TN": 13, "FP": 2, "FN": 7}}}