{"OVR": {"valid": {"ACC": 0.5767790262172284, "F1_Score": 0.6035087719298246, "Recall": 0.6466165413533834, "Precision": 0.5657894736842105, "Cohen_Kappa": 0.15399713989288621, "AUC": 0.572887442486814, "TP": 86, "TN": 68, "FP": 66, "FN": 47}, "test": {"ACC": 0.5783582089552238, "F1_Score": 0.586080586080586, "Recall": 0.5970149253731343, "Precision": 0.5755395683453237, "Cohen_Kappa": 0.15671641791044777, "AUC": 0.6305970149253731, "TP": 80, "TN": 75, "FP": 59, "FN": 54}}, "KNB": {"valid": {"ACC": 0.5617977528089888, "F1_Score": 0.4292682926829269, "Recall": 0.3308270676691729, "Precision": 0.6111111111111112, "Cohen_Kappa": 0.12208076890650044, "AUC": 0.5773201660868589, "TP": 44, "TN": 106, "FP": 28, "FN": 89}, "test": {"ACC": 0.6231343283582089, "F1_Score": 0.4924623115577889, "Recall": 0.3656716417910448, "Precision": 0.7538461538461538, "Cohen_Kappa": 0.24626865671641796, "AUC": 0.6284807306749833, "TP": 49, "TN": 118, "FP": 16, "FN": 85}}, "DT": {"valid": {"ACC": 0.5543071161048689, "F1_Score": 0.5543071161048688, "Recall": 0.556390977443609, "Precision": 0.5522388059701493, "Cohen_Kappa": 0.10862673586758309, "AUC": 0.5543148917068792, "TP": 74, "TN": 74, "FP": 60, "FN": 59}, "test": {"ACC": 0.6007462686567164, "F1_Score": 0.624561403508772, "Recall": 0.664179104477612, "Precision": 0.5894039735099338, "Cohen_Kappa": 0.20149253731343286, "AUC": 0.6007462686567164, "TP": 89, "TN": 72, "FP": 62, "FN": 45}}, "MNB": {"valid": {"ACC": 0.5767790262172284, "F1_Score": 0.5890909090909091, "Recall": 0.6090225563909775, "Precision": 0.5704225352112676, "Cohen_Kappa": 0.1537598519058705, "AUC": 0.6311861743912018, "TP": 81, "TN": 73, "FP": 61, "FN": 52}, "test": {"ACC": 0.5932835820895522, "F1_Score": 0.5917602996254682, "Recall": 0.5895522388059702, "Precision": 0.5939849624060151, "Cohen_Kappa": 0.18656716417910446, "AUC": 0.6537090666072621, "TP": 79, "TN": 80, "FP": 54, "FN": 55}}, "RF": {"valid": {"ACC": 0.6329588014981273, "F1_Score": 0.6474820143884892, "Recall": 0.6766917293233082, "Precision": 0.6206896551724138, "Cohen_Kappa": 0.2661543639219206, "AUC": 0.6656379755358545, "TP": 90, "TN": 79, "FP": 55, "FN": 43}, "test": {"ACC": 0.6268656716417911, "F1_Score": 0.635036496350365, "Recall": 0.6492537313432836, "Precision": 0.6214285714285714, "Cohen_Kappa": 0.25373134328358204, "AUC": 0.6924704834038762, "TP": 87, "TN": 81, "FP": 53, "FN": 47}}, "ADA": {"valid": {"ACC": 0.5580524344569289, "F1_Score": 0.5496183206106869, "Recall": 0.5413533834586466, "Precision": 0.5581395348837209, "Cohen_Kappa": 0.11599326599326598, "AUC": 0.5921052631578947, "TP": 72, "TN": 77, "FP": 57, "FN": 61}, "test": {"ACC": 0.582089552238806, "F1_Score": 0.5882352941176471, "Recall": 0.5970149253731343, "Precision": 0.5797101449275363, "Cohen_Kappa": 0.16417910447761197, "AUC": 0.5978781465805301, "TP": 80, "TN": 76, "FP": 58, "FN": 54}}, "XGB": {"valid": {"ACC": 0.5842696629213483, "F1_Score": 0.5963636363636363, "Recall": 0.6165413533834586, "Precision": 0.5774647887323944, "Cohen_Kappa": 0.1687375536420498, "AUC": 0.6273706654696443, "TP": 82, "TN": 74, "FP": 60, "FN": 51}, "test": {"ACC": 0.585820895522388, "F1_Score": 0.5873605947955389, "Recall": 0.5895522388059702, "Precision": 0.5851851851851851, "Cohen_Kappa": 0.17164179104477617, "AUC": 0.6408442860325239, "TP": 79, "TN": 78, "FP": 56, "FN": 55}}, "MLP": {"valid": {"ACC": 0.5805243445692884, "F1_Score": 0.6, "Recall": 0.631578947368421, "Precision": 0.5714285714285714, "Cohen_Kappa": 0.16136631330977624, "AUC": 0.5953316126136236, "TP": 84, "TN": 71, "FP": 63, "FN": 49}, "test": {"ACC": 0.5746268656716418, "F1_Score": 0.5899280575539567, "Recall": 0.6119402985074627, "Precision": 0.5694444444444444, "Cohen_Kappa": 0.14925373134328357, "AUC": 0.6323791490309645, "TP": 82, "TN": 72, "FP": 62, "FN": 52}}, "LR": {"valid": {"ACC": 0.5767790262172284, "F1_Score": 0.6035087719298246, "Recall": 0.6466165413533834, "Precision": 0.5657894736842105, "Cohen_Kappa": 0.15399713989288621, "AUC": 0.572887442486814, "TP": 86, "TN": 68, "FP": 66, "FN": 47}, "test": {"ACC": 0.5783582089552238, "F1_Score": 0.586080586080586, "Recall": 0.5970149253731343, "Precision": 0.5755395683453237, "Cohen_Kappa": 0.15671641791044777, "AUC": 0.6305970149253731, "TP": 80, "TN": 75, "FP": 59, "FN": 54}}, "ETAs": {"valid": {"ACC": 0.6292134831460674, "F1_Score": 0.6264150943396226, "Recall": 0.6240601503759399, "Precision": 0.6287878787878788, "Cohen_Kappa": 0.258395757932834, "AUC": 0.6586802827965436, "TP": 83, "TN": 85, "FP": 49, "FN": 50}, "test": {"ACC": 0.6380597014925373, "F1_Score": 0.6420664206642067, "Recall": 0.6492537313432836, "Precision": 0.635036496350365, "Cohen_Kappa": 0.27611940298507465, "AUC": 0.6978725774114501, "TP": 87, "TN": 84, "FP": 50, "FN": 47}}, "CNB": {"valid": {"ACC": 0.5767790262172284, "F1_Score": 0.5890909090909091, "Recall": 0.6090225563909775, "Precision": 0.5704225352112676, "Cohen_Kappa": 0.1537598519058705, "AUC": 0.6311861743912018, "TP": 81, "TN": 73, "FP": 61, "FN": 52}, "test": {"ACC": 0.5932835820895522, "F1_Score": 0.5917602996254682, "Recall": 0.5895522388059702, "Precision": 0.5939849624060151, "Cohen_Kappa": 0.18656716417910446, "AUC": 0.6537090666072621, "TP": 79, "TN": 80, "FP": 54, "FN": 55}}, "GB": {"valid": {"ACC": 0.6254681647940075, "F1_Score": 0.6240601503759399, "Recall": 0.6240601503759399, "Precision": 0.6240601503759399, "Cohen_Kappa": 0.25092582201773095, "AUC": 0.6498148355964538, "TP": 83, "TN": 84, "FP": 50, "FN": 50}, "test": {"ACC": 0.6007462686567164, "F1_Score": 0.5737051792828686, "Recall": 0.5373134328358209, "Precision": 0.6153846153846154, "Cohen_Kappa": 0.20149253731343286, "AUC": 0.6647638672310091, "TP": 72, "TN": 89, "FP": 45, "FN": 62}}, "BAG": {"valid": {"ACC": 0.599250936329588, "F1_Score": 0.5931558935361216, "Recall": 0.5864661654135338, "Precision": 0.6, "Cohen_Kappa": 0.19842316433321172, "AUC": 0.6362080574570754, "TP": 78, "TN": 82, "FP": 52, "FN": 55}, "test": {"ACC": 0.6119402985074627, "F1_Score": 0.606060606060606, "Recall": 0.5970149253731343, "Precision": 0.6153846153846154, "Cohen_Kappa": 0.22388059701492535, "AUC": 0.6505346402316774, "TP": 80, "TN": 84, "FP": 50, "FN": 54}}}