{"OVR": {"valid": {"ACC": 0.6181818181818182, "F1_Score": 0.6440677966101694, "Recall": 0.7037037037037037, "Precision": 0.59375, "Cohen_Kappa": 0.23862887277521416, "AUC": 0.6243386243386243, "TP": 19, "TN": 15, "FP": 13, "FN": 8}, "test": {"ACC": 0.625, "F1_Score": 0.6315789473684211, "Recall": 0.6428571428571429, "Precision": 0.6206896551724138, "Cohen_Kappa": 0.25, "AUC": 0.6709183673469388, "TP": 18, "TN": 17, "FP": 11, "FN": 10}}, "KNB": {"valid": {"ACC": 0.6363636363636364, "F1_Score": 0.6296296296296297, "Recall": 0.6296296296296297, "Precision": 0.6296296296296297, "Cohen_Kappa": 0.27248677248677255, "AUC": 0.683862433862434, "TP": 17, "TN": 18, "FP": 10, "FN": 10}, "test": {"ACC": 0.6428571428571429, "F1_Score": 0.5454545454545454, "Recall": 0.42857142857142855, "Precision": 0.75, "Cohen_Kappa": 0.2857142857142857, "AUC": 0.6441326530612246, "TP": 12, "TN": 24, "FP": 4, "FN": 16}}, "DT": {"valid": {"ACC": 0.5636363636363636, "F1_Score": 0.5714285714285714, "Recall": 0.5925925925925926, "Precision": 0.5517241379310345, "Cohen_Kappa": 0.12813738441215328, "AUC": 0.5641534391534391, "TP": 16, "TN": 15, "FP": 13, "FN": 11}, "test": {"ACC": 0.6071428571428571, "F1_Score": 0.5925925925925927, "Recall": 0.5714285714285714, "Precision": 0.6153846153846154, "Cohen_Kappa": 0.2142857142857143, "AUC": 0.6071428571428571, "TP": 16, "TN": 18, "FP": 10, "FN": 12}}, "MNB": {"valid": {"ACC": 0.5636363636363636, "F1_Score": 0.5714285714285714, "Recall": 0.5925925925925926, "Precision": 0.5517241379310345, "Cohen_Kappa": 0.12813738441215328, "AUC": 0.6878306878306878, "TP": 16, "TN": 15, "FP": 13, "FN": 11}, "test": {"ACC": 0.6428571428571429, "F1_Score": 0.6428571428571429, "Recall": 0.6428571428571429, "Precision": 0.6428571428571429, "Cohen_Kappa": 0.2857142857142857, "AUC": 0.7193877551020409, "TP": 18, "TN": 18, "FP": 10, "FN": 10}}, "RF": {"valid": {"ACC": 0.6181818181818182, "F1_Score": 0.6666666666666666, "Recall": 0.7777777777777778, "Precision": 0.5833333333333334, "Cohen_Kappa": 0.2406311637080868, "AUC": 0.6626984126984127, "TP": 21, "TN": 13, "FP": 15, "FN": 6}, "test": {"ACC": 0.6428571428571429, "F1_Score": 0.6666666666666666, "Recall": 0.7142857142857143, "Precision": 0.625, "Cohen_Kappa": 0.2857142857142857, "AUC": 0.7378826530612246, "TP": 20, "TN": 16, "FP": 12, "FN": 8}}, "ADA": {"valid": {"ACC": 0.6, "F1_Score": 0.6206896551724138, "Recall": 0.6666666666666666, "Precision": 0.5806451612903226, "Cohen_Kappa": 0.20184696569920846, "AUC": 0.6329365079365079, "TP": 18, "TN": 15, "FP": 13, "FN": 9}, "test": {"ACC": 0.6428571428571429, "F1_Score": 0.6774193548387097, "Recall": 0.75, "Precision": 0.6176470588235294, "Cohen_Kappa": 0.2857142857142857, "AUC": 0.7066326530612245, "TP": 21, "TN": 15, "FP": 13, "FN": 7}}, "XGB": {"valid": {"ACC": 0.6, "F1_Score": 0.6333333333333334, "Recall": 0.7037037037037037, "Precision": 0.5757575757575758, "Cohen_Kappa": 0.2028985507246377, "AUC": 0.6574074074074073, "TP": 19, "TN": 14, "FP": 14, "FN": 8}, "test": {"ACC": 0.6428571428571429, "F1_Score": 0.6551724137931035, "Recall": 0.6785714285714286, "Precision": 0.6333333333333333, "Cohen_Kappa": 0.2857142857142857, "AUC": 0.6836734693877551, "TP": 19, "TN": 17, "FP": 11, "FN": 9}}, "MLP": {"valid": {"ACC": 0.6, "F1_Score": 0.6333333333333334, "Recall": 0.7037037037037037, "Precision": 0.5757575757575758, "Cohen_Kappa": 0.2028985507246377, "AUC": 0.6798941798941799, "TP": 19, "TN": 14, "FP": 14, "FN": 8}, "test": {"ACC": 0.5892857142857143, "F1_Score": 0.5818181818181818, "Recall": 0.5714285714285714, "Precision": 0.5925925925925926, "Cohen_Kappa": 0.1785714285714286, "AUC": 0.6505102040816326, "TP": 16, "TN": 17, "FP": 11, "FN": 12}}, "LR": {"valid": {"ACC": 0.6181818181818182, "F1_Score": 0.6440677966101694, "Recall": 0.7037037037037037, "Precision": 0.59375, "Cohen_Kappa": 0.23862887277521416, "AUC": 0.6243386243386243, "TP": 19, "TN": 15, "FP": 13, "FN": 8}, "test": {"ACC": 0.625, "F1_Score": 0.6315789473684211, "Recall": 0.6428571428571429, "Precision": 0.6206896551724138, "Cohen_Kappa": 0.25, "AUC": 0.6709183673469388, "TP": 18, "TN": 17, "FP": 11, "FN": 10}}, "ETAs": {"valid": {"ACC": 0.6, "F1_Score": 0.6333333333333334, "Recall": 0.7037037037037037, "Precision": 0.5757575757575758, "Cohen_Kappa": 0.2028985507246377, "AUC": 0.6752645502645502, "TP": 19, "TN": 14, "FP": 14, "FN": 8}, "test": {"ACC": 0.6785714285714286, "F1_Score": 0.689655172413793, "Recall": 0.7142857142857143, "Precision": 0.6666666666666666, "Cohen_Kappa": 0.3571428571428571, "AUC": 0.7366071428571429, "TP": 20, "TN": 18, "FP": 10, "FN": 8}}, "CNB": {"valid": {"ACC": 0.5636363636363636, "F1_Score": 0.5714285714285714, "Recall": 0.5925925925925926, "Precision": 0.5517241379310345, "Cohen_Kappa": 0.12813738441215328, "AUC": 0.6878306878306878, "TP": 16, "TN": 15, "FP": 13, "FN": 11}, "test": {"ACC": 0.6428571428571429, "F1_Score": 0.6428571428571429, "Recall": 0.6428571428571429, "Precision": 0.6428571428571429, "Cohen_Kappa": 0.2857142857142857, "AUC": 0.7193877551020409, "TP": 18, "TN": 18, "FP": 10, "FN": 10}}, "GB": {"valid": {"ACC": 0.5636363636363636, "F1_Score": 0.5555555555555556, "Recall": 0.5555555555555556, "Precision": 0.5555555555555556, "Cohen_Kappa": 0.12698412698412698, "AUC": 0.6362433862433863, "TP": 15, "TN": 16, "FP": 12, "FN": 12}, "test": {"ACC": 0.5714285714285714, "F1_Score": 0.5862068965517241, "Recall": 0.6071428571428571, "Precision": 0.5666666666666667, "Cohen_Kappa": 0.1428571428571429, "AUC": 0.6607142857142857, "TP": 17, "TN": 15, "FP": 13, "FN": 11}}, "BAG": {"valid": {"ACC": 0.5272727272727272, "F1_Score": 0.5357142857142857, "Recall": 0.5555555555555556, "Precision": 0.5172413793103449, "Cohen_Kappa": 0.05548216644649939, "AUC": 0.5138888888888888, "TP": 15, "TN": 14, "FP": 14, "FN": 12}, "test": {"ACC": 0.6428571428571429, "F1_Score": 0.6153846153846153, "Recall": 0.5714285714285714, "Precision": 0.6666666666666666, "Cohen_Kappa": 0.2857142857142857, "AUC": 0.6664540816326531, "TP": 16, "TN": 20, "FP": 8, "FN": 12}}}