{"OVR": {"valid": {"ACC": 0.6060606060606061, "F1_Score": 0.6176470588235293, "Recall": 0.6363636363636364, "Precision": 0.6, "Cohen_Kappa": 0.21212121212121215, "AUC": 0.6942148760330579, "TP": 21, "TN": 19, "FP": 14, "FN": 12}, "test": {"ACC": 0.582089552238806, "F1_Score": 0.5483870967741935, "Recall": 0.5, "Precision": 0.6071428571428571, "Cohen_Kappa": 0.16622222222222216, "AUC": 0.5891265597147951, "TP": 17, "TN": 22, "FP": 11, "FN": 17}}, "KNB": {"valid": {"ACC": 0.6060606060606061, "F1_Score": 0.6829268292682927, "Recall": 0.8484848484848485, "Precision": 0.5714285714285714, "Cohen_Kappa": 0.21212121212121215, "AUC": 0.6588613406795225, "TP": 28, "TN": 12, "FP": 21, "FN": 5}, "test": {"ACC": 0.47761194029850745, "F1_Score": 0.5454545454545455, "Recall": 0.6176470588235294, "Precision": 0.4883720930232558, "Cohen_Kappa": -0.04921700223713654, "AUC": 0.49598930481283426, "TP": 21, "TN": 11, "FP": 22, "FN": 13}}, "DT": {"valid": {"ACC": 0.696969696969697, "F1_Score": 0.6875, "Recall": 0.6666666666666666, "Precision": 0.7096774193548387, "Cohen_Kappa": 0.3939393939393939, "AUC": 0.696969696969697, "TP": 22, "TN": 24, "FP": 9, "FN": 11}, "test": {"ACC": 0.5373134328358209, "F1_Score": 0.5230769230769231, "Recall": 0.5, "Precision": 0.5483870967741935, "Cohen_Kappa": 0.07565643079661777, "AUC": 0.5378787878787878, "TP": 17, "TN": 19, "FP": 14, "FN": 17}}, "MNB": {"valid": {"ACC": 0.6515151515151515, "F1_Score": 0.6849315068493151, "Recall": 0.7575757575757576, "Precision": 0.625, "Cohen_Kappa": 0.303030303030303, "AUC": 0.7006427915518825, "TP": 25, "TN": 18, "FP": 15, "FN": 8}, "test": {"ACC": 0.4626865671641791, "F1_Score": 0.47058823529411764, "Recall": 0.47058823529411764, "Precision": 0.47058823529411764, "Cohen_Kappa": -0.07486631016042788, "AUC": 0.5561497326203209, "TP": 16, "TN": 15, "FP": 18, "FN": 18}}, "RF": {"valid": {"ACC": 0.6060606060606061, "F1_Score": 0.6486486486486487, "Recall": 0.7272727272727273, "Precision": 0.5853658536585366, "Cohen_Kappa": 0.21212121212121215, "AUC": 0.7598714416896235, "TP": 24, "TN": 16, "FP": 17, "FN": 9}, "test": {"ACC": 0.5373134328358209, "F1_Score": 0.5373134328358209, "Recall": 0.5294117647058824, "Precision": 0.5454545454545454, "Cohen_Kappa": 0.07483296213808466, "AUC": 0.5423351158645277, "TP": 18, "TN": 18, "FP": 15, "FN": 16}}, "ADA": {"valid": {"ACC": 0.5606060606060606, "F1_Score": 0.6133333333333334, "Recall": 0.696969696969697, "Precision": 0.5476190476190477, "Cohen_Kappa": 0.12121212121212122, "AUC": 0.6404958677685951, "TP": 23, "TN": 14, "FP": 19, "FN": 10}, "test": {"ACC": 0.5970149253731343, "F1_Score": 0.5846153846153845, "Recall": 0.5588235294117647, "Precision": 0.6129032258064516, "Cohen_Kappa": 0.19492656875834447, "AUC": 0.5993761140819964, "TP": 19, "TN": 21, "FP": 12, "FN": 15}}, "XGB": {"valid": {"ACC": 0.5909090909090909, "F1_Score": 0.6086956521739131, "Recall": 0.6363636363636364, "Precision": 0.5833333333333334, "Cohen_Kappa": 0.18181818181818177, "AUC": 0.6960514233241506, "TP": 21, "TN": 18, "FP": 15, "FN": 12}, "test": {"ACC": 0.4925373134328358, "F1_Score": 0.48484848484848486, "Recall": 0.47058823529411764, "Precision": 0.5, "Cohen_Kappa": -0.014247551202137165, "AUC": 0.5115864527629234, "TP": 16, "TN": 17, "FP": 16, "FN": 18}}, "MLP": {"valid": {"ACC": 0.6515151515151515, "F1_Score": 0.6666666666666666, "Recall": 0.696969696969697, "Precision": 0.6388888888888888, "Cohen_Kappa": 0.303030303030303, "AUC": 0.758494031221304, "TP": 23, "TN": 20, "FP": 13, "FN": 10}, "test": {"ACC": 0.5522388059701493, "F1_Score": 0.53125, "Recall": 0.5, "Precision": 0.5666666666666667, "Cohen_Kappa": 0.1058718861209964, "AUC": 0.5303030303030303, "TP": 17, "TN": 20, "FP": 13, "FN": 17}}, "LR": {"valid": {"ACC": 0.6060606060606061, "F1_Score": 0.6176470588235293, "Recall": 0.6363636363636364, "Precision": 0.6, "Cohen_Kappa": 0.21212121212121215, "AUC": 0.6942148760330579, "TP": 21, "TN": 19, "FP": 14, "FN": 12}, "test": {"ACC": 0.582089552238806, "F1_Score": 0.5483870967741935, "Recall": 0.5, "Precision": 0.6071428571428571, "Cohen_Kappa": 0.16622222222222216, "AUC": 0.5891265597147951, "TP": 17, "TN": 22, "FP": 11, "FN": 17}}, "ETAs": {"valid": {"ACC": 0.6363636363636364, "F1_Score": 0.6571428571428571, "Recall": 0.696969696969697, "Precision": 0.6216216216216216, "Cohen_Kappa": 0.2727272727272727, "AUC": 0.7254361799816346, "TP": 23, "TN": 19, "FP": 14, "FN": 10}, "test": {"ACC": 0.4925373134328358, "F1_Score": 0.5, "Recall": 0.5, "Precision": 0.5, "Cohen_Kappa": -0.015151515151515138, "AUC": 0.5142602495543671, "TP": 17, "TN": 16, "FP": 17, "FN": 17}}, "CNB": {"valid": {"ACC": 0.6515151515151515, "F1_Score": 0.6849315068493151, "Recall": 0.7575757575757576, "Precision": 0.625, "Cohen_Kappa": 0.303030303030303, "AUC": 0.7006427915518825, "TP": 25, "TN": 18, "FP": 15, "FN": 8}, "test": {"ACC": 0.4626865671641791, "F1_Score": 0.47058823529411764, "Recall": 0.47058823529411764, "Precision": 0.47058823529411764, "Cohen_Kappa": -0.07486631016042788, "AUC": 0.5561497326203209, "TP": 16, "TN": 15, "FP": 18, "FN": 18}}, "GB": {"valid": {"ACC": 0.6515151515151515, "F1_Score": 0.6567164179104478, "Recall": 0.6666666666666666, "Precision": 0.6470588235294118, "Cohen_Kappa": 0.303030303030303, "AUC": 0.7213039485766759, "TP": 22, "TN": 21, "FP": 12, "FN": 11}, "test": {"ACC": 0.5522388059701493, "F1_Score": 0.5454545454545455, "Recall": 0.5294117647058824, "Precision": 0.5625, "Cohen_Kappa": 0.10507569011576134, "AUC": 0.5499108734402852, "TP": 18, "TN": 19, "FP": 14, "FN": 16}}, "BAG": {"valid": {"ACC": 0.6666666666666666, "F1_Score": 0.6666666666666666, "Recall": 0.6666666666666666, "Precision": 0.6666666666666666, "Cohen_Kappa": 0.33333333333333337, "AUC": 0.6988062442607897, "TP": 22, "TN": 22, "FP": 11, "FN": 11}, "test": {"ACC": 0.5671641791044776, "F1_Score": 0.5084745762711865, "Recall": 0.4411764705882353, "Precision": 0.6, "Cohen_Kappa": 0.1375943186861961, "AUC": 0.5592691622103386, "TP": 15, "TN": 23, "FP": 10, "FN": 19}}}