{"OVR": {"valid": {"ACC": 0.6403508771929824, "F1_Score": 0.6371681415929203, "Recall": 0.631578947368421, "Precision": 0.6428571428571429, "Cohen_Kappa": 0.2807017543859649, "AUC": 0.6891351184979994, "TP": 36, "TN": 37, "FP": 20, "FN": 21}, "test": {"ACC": 0.6929824561403509, "F1_Score": 0.6788990825688075, "Recall": 0.6491228070175439, "Precision": 0.7115384615384616, "Cohen_Kappa": 0.38596491228070173, "AUC": 0.7559248999692213, "TP": 37, "TN": 42, "FP": 15, "FN": 20}}, "KNB": {"valid": {"ACC": 0.6666666666666666, "F1_Score": 0.6041666666666666, "Recall": 0.5087719298245614, "Precision": 0.7435897435897436, "Cohen_Kappa": 0.33333333333333337, "AUC": 0.713911972914743, "TP": 29, "TN": 47, "FP": 10, "FN": 28}, "test": {"ACC": 0.6052631578947368, "F1_Score": 0.45783132530120474, "Recall": 0.3333333333333333, "Precision": 0.7307692307692307, "Cohen_Kappa": 0.21052631578947367, "AUC": 0.6999076638965835, "TP": 19, "TN": 50, "FP": 7, "FN": 38}}, "DT": {"valid": {"ACC": 0.6140350877192983, "F1_Score": 0.6507936507936508, "Recall": 0.7192982456140351, "Precision": 0.5942028985507246, "Cohen_Kappa": 0.22807017543859653, "AUC": 0.6140350877192983, "TP": 41, "TN": 29, "FP": 28, "FN": 16}, "test": {"ACC": 0.6578947368421053, "F1_Score": 0.688, "Recall": 0.7543859649122807, "Precision": 0.6323529411764706, "Cohen_Kappa": 0.3157894736842105, "AUC": 0.6578947368421053, "TP": 43, "TN": 32, "FP": 25, "FN": 14}}, "MNB": {"valid": {"ACC": 0.6666666666666666, "F1_Score": 0.6935483870967741, "Recall": 0.7543859649122807, "Precision": 0.6417910447761194, "Cohen_Kappa": 0.33333333333333337, "AUC": 0.7389966143428748, "TP": 43, "TN": 33, "FP": 24, "FN": 14}, "test": {"ACC": 0.7017543859649122, "F1_Score": 0.7118644067796609, "Recall": 0.7368421052631579, "Precision": 0.6885245901639344, "Cohen_Kappa": 0.4035087719298246, "AUC": 0.7759310557094491, "TP": 42, "TN": 38, "FP": 19, "FN": 15}}, "RF": {"valid": {"ACC": 0.6929824561403509, "F1_Score": 0.6956521739130435, "Recall": 0.7017543859649122, "Precision": 0.6896551724137931, "Cohen_Kappa": 0.38596491228070173, "AUC": 0.7617728531855956, "TP": 40, "TN": 39, "FP": 18, "FN": 17}, "test": {"ACC": 0.8157894736842105, "F1_Score": 0.8205128205128205, "Recall": 0.8421052631578947, "Precision": 0.8, "Cohen_Kappa": 0.631578947368421, "AUC": 0.8279470606340412, "TP": 48, "TN": 45, "FP": 12, "FN": 9}}, "ADA": {"valid": {"ACC": 0.5964912280701754, "F1_Score": 0.6229508196721312, "Recall": 0.6666666666666666, "Precision": 0.5846153846153846, "Cohen_Kappa": 0.19298245614035092, "AUC": 0.6381963681132656, "TP": 38, "TN": 30, "FP": 27, "FN": 19}, "test": {"ACC": 0.631578947368421, "F1_Score": 0.625, "Recall": 0.6140350877192983, "Precision": 0.6363636363636364, "Cohen_Kappa": 0.26315789473684215, "AUC": 0.703601108033241, "TP": 35, "TN": 37, "FP": 20, "FN": 22}}, "XGB": {"valid": {"ACC": 0.6140350877192983, "F1_Score": 0.6451612903225806, "Recall": 0.7017543859649122, "Precision": 0.5970149253731343, "Cohen_Kappa": 0.22807017543859653, "AUC": 0.6971375807940905, "TP": 40, "TN": 30, "FP": 27, "FN": 17}, "test": {"ACC": 0.7456140350877193, "F1_Score": 0.7339449541284404, "Recall": 0.7017543859649122, "Precision": 0.7692307692307693, "Cohen_Kappa": 0.49122807017543857, "AUC": 0.7827023699599877, "TP": 40, "TN": 45, "FP": 12, "FN": 17}}, "MLP": {"valid": {"ACC": 0.5789473684210527, "F1_Score": 0.5932203389830507, "Recall": 0.6140350877192983, "Precision": 0.5737704918032787, "Cohen_Kappa": 0.1578947368421053, "AUC": 0.6451215758694984, "TP": 35, "TN": 31, "FP": 26, "FN": 22}, "test": {"ACC": 0.6666666666666666, "F1_Score": 0.6481481481481481, "Recall": 0.6140350877192983, "Precision": 0.6862745098039216, "Cohen_Kappa": 0.33333333333333337, "AUC": 0.7106802092951677, "TP": 35, "TN": 41, "FP": 16, "FN": 22}}, "LR": {"valid": {"ACC": 0.6403508771929824, "F1_Score": 0.6371681415929203, "Recall": 0.631578947368421, "Precision": 0.6428571428571429, "Cohen_Kappa": 0.2807017543859649, "AUC": 0.6891351184979994, "TP": 36, "TN": 37, "FP": 20, "FN": 21}, "test": {"ACC": 0.6929824561403509, "F1_Score": 0.6788990825688075, "Recall": 0.6491228070175439, "Precision": 0.7115384615384616, "Cohen_Kappa": 0.38596491228070173, "AUC": 0.7559248999692213, "TP": 37, "TN": 42, "FP": 15, "FN": 20}}, "ETAs": {"valid": {"ACC": 0.6754385964912281, "F1_Score": 0.6837606837606838, "Recall": 0.7017543859649122, "Precision": 0.6666666666666666, "Cohen_Kappa": 0.3508771929824561, "AUC": 0.7671591258848877, "TP": 40, "TN": 37, "FP": 20, "FN": 17}, "test": {"ACC": 0.7543859649122807, "F1_Score": 0.7586206896551725, "Recall": 0.7719298245614035, "Precision": 0.7457627118644068, "Cohen_Kappa": 0.5087719298245614, "AUC": 0.8134810710987996, "TP": 44, "TN": 42, "FP": 15, "FN": 13}}, "CNB": {"valid": {"ACC": 0.6666666666666666, "F1_Score": 0.6935483870967741, "Recall": 0.7543859649122807, "Precision": 0.6417910447761194, "Cohen_Kappa": 0.33333333333333337, "AUC": 0.7389966143428748, "TP": 43, "TN": 33, "FP": 24, "FN": 14}, "test": {"ACC": 0.7017543859649122, "F1_Score": 0.7118644067796609, "Recall": 0.7368421052631579, "Precision": 0.6885245901639344, "Cohen_Kappa": 0.4035087719298246, "AUC": 0.7759310557094491, "TP": 42, "TN": 38, "FP": 19, "FN": 15}}, "GB": {"valid": {"ACC": 0.6666666666666666, "F1_Score": 0.6607142857142858, "Recall": 0.6491228070175439, "Precision": 0.6727272727272727, "Cohen_Kappa": 0.33333333333333337, "AUC": 0.6962142197599261, "TP": 37, "TN": 39, "FP": 18, "FN": 20}, "test": {"ACC": 0.7017543859649122, "F1_Score": 0.6909090909090909, "Recall": 0.6666666666666666, "Precision": 0.7169811320754716, "Cohen_Kappa": 0.4035087719298246, "AUC": 0.7822406894429055, "TP": 38, "TN": 42, "FP": 15, "FN": 19}}, "BAG": {"valid": {"ACC": 0.6403508771929824, "F1_Score": 0.6554621848739496, "Recall": 0.6842105263157895, "Precision": 0.6290322580645161, "Cohen_Kappa": 0.2807017543859649, "AUC": 0.6883656509695291, "TP": 39, "TN": 34, "FP": 23, "FN": 18}, "test": {"ACC": 0.7280701754385965, "F1_Score": 0.735042735042735, "Recall": 0.7543859649122807, "Precision": 0.7166666666666667, "Cohen_Kappa": 0.45614035087719296, "AUC": 0.7608494921514312, "TP": 43, "TN": 40, "FP": 17, "FN": 14}}}