{"OVR": {"valid": {"ACC": 0.5625, "F1_Score": 0.5531914893617021, "Recall": 0.5416666666666666, "Precision": 0.5652173913043478, "Cohen_Kappa": 0.125, "AUC": 0.6024305555555555, "TP": 13, "TN": 14, "FP": 10, "FN": 11}, "test": {"ACC": 0.8125, "F1_Score": 0.7999999999999999, "Recall": 0.75, "Precision": 0.8571428571428571, "Cohen_Kappa": 0.625, "AUC": 0.8680555555555556, "TP": 18, "TN": 21, "FP": 3, "FN": 6}}, "KNB": {"valid": {"ACC": 0.6041666666666666, "F1_Score": 0.42424242424242425, "Recall": 0.2916666666666667, "Precision": 0.7777777777777778, "Cohen_Kappa": 0.20833333333333337, "AUC": 0.5980902777777778, "TP": 7, "TN": 22, "FP": 2, "FN": 17}, "test": {"ACC": 0.6875, "F1_Score": 0.5945945945945945, "Recall": 0.4583333333333333, "Precision": 0.8461538461538461, "Cohen_Kappa": 0.375, "AUC": 0.75, "TP": 11, "TN": 22, "FP": 2, "FN": 13}}, "DT": {"valid": {"ACC": 0.6041666666666666, "F1_Score": 0.6122448979591836, "Recall": 0.625, "Precision": 0.6, "Cohen_Kappa": 0.20833333333333337, "AUC": 0.6041666666666666, "TP": 15, "TN": 14, "FP": 10, "FN": 9}, "test": {"ACC": 0.6041666666666666, "F1_Score": 0.6415094339622641, "Recall": 0.7083333333333334, "Precision": 0.5862068965517241, "Cohen_Kappa": 0.20833333333333337, "AUC": 0.6041666666666667, "TP": 17, "TN": 12, "FP": 12, "FN": 7}}, "MNB": {"valid": {"ACC": 0.5416666666666666, "F1_Score": 0.5599999999999999, "Recall": 0.5833333333333334, "Precision": 0.5384615384615384, "Cohen_Kappa": 0.08333333333333337, "AUC": 0.5225694444444444, "TP": 14, "TN": 12, "FP": 12, "FN": 10}, "test": {"ACC": 0.75, "F1_Score": 0.7391304347826088, "Recall": 0.7083333333333334, "Precision": 0.7727272727272727, "Cohen_Kappa": 0.5, "AUC": 0.8038194444444444, "TP": 17, "TN": 19, "FP": 5, "FN": 7}}, "RF": {"valid": {"ACC": 0.5833333333333334, "F1_Score": 0.5454545454545454, "Recall": 0.5, "Precision": 0.6, "Cohen_Kappa": 0.16666666666666663, "AUC": 0.6510416666666667, "TP": 12, "TN": 16, "FP": 8, "FN": 12}, "test": {"ACC": 0.75, "F1_Score": 0.7391304347826088, "Recall": 0.7083333333333334, "Precision": 0.7727272727272727, "Cohen_Kappa": 0.5, "AUC": 0.8159722222222222, "TP": 17, "TN": 19, "FP": 5, "FN": 7}}, "ADA": {"valid": {"ACC": 0.5416666666666666, "F1_Score": 0.5416666666666666, "Recall": 0.5416666666666666, "Precision": 0.5416666666666666, "Cohen_Kappa": 0.08333333333333337, "AUC": 0.5503472222222222, "TP": 13, "TN": 13, "FP": 11, "FN": 11}, "test": {"ACC": 0.6666666666666666, "F1_Score": 0.6521739130434783, "Recall": 0.625, "Precision": 0.6818181818181818, "Cohen_Kappa": 0.33333333333333337, "AUC": 0.6901041666666665, "TP": 15, "TN": 17, "FP": 7, "FN": 9}}, "XGB": {"valid": {"ACC": 0.6666666666666666, "F1_Score": 0.5789473684210527, "Recall": 0.4583333333333333, "Precision": 0.7857142857142857, "Cohen_Kappa": 0.33333333333333337, "AUC": 0.6961805555555556, "TP": 11, "TN": 21, "FP": 3, "FN": 13}, "test": {"ACC": 0.7291666666666666, "F1_Score": 0.723404255319149, "Recall": 0.7083333333333334, "Precision": 0.7391304347826086, "Cohen_Kappa": 0.45833333333333337, "AUC": 0.814236111111111, "TP": 17, "TN": 18, "FP": 6, "FN": 7}}, "MLP": {"valid": {"ACC": 0.5208333333333334, "F1_Score": 0.5106382978723404, "Recall": 0.5, "Precision": 0.5217391304347826, "Cohen_Kappa": 0.04166666666666663, "AUC": 0.4635416666666667, "TP": 12, "TN": 13, "FP": 11, "FN": 12}, "test": {"ACC": 0.7083333333333334, "F1_Score": 0.7083333333333334, "Recall": 0.7083333333333334, "Precision": 0.7083333333333334, "Cohen_Kappa": 0.41666666666666663, "AUC": 0.8229166666666666, "TP": 17, "TN": 17, "FP": 7, "FN": 7}}, "LR": {"valid": {"ACC": 0.5625, "F1_Score": 0.5531914893617021, "Recall": 0.5416666666666666, "Precision": 0.5652173913043478, "Cohen_Kappa": 0.125, "AUC": 0.6024305555555555, "TP": 13, "TN": 14, "FP": 10, "FN": 11}, "test": {"ACC": 0.8125, "F1_Score": 0.7999999999999999, "Recall": 0.75, "Precision": 0.8571428571428571, "Cohen_Kappa": 0.625, "AUC": 0.8680555555555556, "TP": 18, "TN": 21, "FP": 3, "FN": 6}}, "ETAs": {"valid": {"ACC": 0.5833333333333334, "F1_Score": 0.5454545454545454, "Recall": 0.5, "Precision": 0.6, "Cohen_Kappa": 0.16666666666666663, "AUC": 0.6701388888888888, "TP": 12, "TN": 16, "FP": 8, "FN": 12}, "test": {"ACC": 0.6875, "F1_Score": 0.6938775510204083, "Recall": 0.7083333333333334, "Precision": 0.68, "Cohen_Kappa": 0.375, "AUC": 0.7994791666666667, "TP": 17, "TN": 16, "FP": 8, "FN": 7}}, "CNB": {"valid": {"ACC": 0.5416666666666666, "F1_Score": 0.5599999999999999, "Recall": 0.5833333333333334, "Precision": 0.5384615384615384, "Cohen_Kappa": 0.08333333333333337, "AUC": 0.5225694444444444, "TP": 14, "TN": 12, "FP": 12, "FN": 10}, "test": {"ACC": 0.75, "F1_Score": 0.7391304347826088, "Recall": 0.7083333333333334, "Precision": 0.7727272727272727, "Cohen_Kappa": 0.5, "AUC": 0.8038194444444444, "TP": 17, "TN": 19, "FP": 5, "FN": 7}}, "GB": {"valid": {"ACC": 0.5416666666666666, "F1_Score": 0.5, "Recall": 0.4583333333333333, "Precision": 0.55, "Cohen_Kappa": 0.08333333333333337, "AUC": 0.5850694444444445, "TP": 11, "TN": 15, "FP": 9, "FN": 13}, "test": {"ACC": 0.7708333333333334, "F1_Score": 0.7659574468085107, "Recall": 0.75, "Precision": 0.782608695652174, "Cohen_Kappa": 0.5416666666666667, "AUC": 0.8020833333333334, "TP": 18, "TN": 19, "FP": 5, "FN": 6}}, "BAG": {"valid": {"ACC": 0.625, "F1_Score": 0.5909090909090908, "Recall": 0.5416666666666666, "Precision": 0.65, "Cohen_Kappa": 0.25, "AUC": 0.6744791666666666, "TP": 13, "TN": 17, "FP": 7, "FN": 11}, "test": {"ACC": 0.6875, "F1_Score": 0.6341463414634146, "Recall": 0.5416666666666666, "Precision": 0.7647058823529411, "Cohen_Kappa": 0.375, "AUC": 0.7777777777777778, "TP": 13, "TN": 20, "FP": 4, "FN": 11}}}