{"OVR": {"valid": {"ACC": 0.509090909090909, "F1_Score": 0.5846153846153846, "Recall": 0.7037037037037037, "Precision": 0.5, "Cohen_Kappa": 0.024950755088640753, "AUC": 0.6177248677248678, "TP": 19, "TN": 9, "FP": 19, "FN": 8}, "test": {"ACC": 0.7142857142857143, "F1_Score": 0.7419354838709677, "Recall": 0.8214285714285714, "Precision": 0.6764705882352942, "Cohen_Kappa": 0.4285714285714286, "AUC": 0.7461734693877551, "TP": 23, "TN": 17, "FP": 11, "FN": 5}}, "KNB": {"valid": {"ACC": 0.6545454545454545, "F1_Score": 0.6779661016949152, "Recall": 0.7407407407407407, "Precision": 0.625, "Cohen_Kappa": 0.31114040870138426, "AUC": 0.740079365079365, "TP": 20, "TN": 16, "FP": 12, "FN": 7}, "test": {"ACC": 0.6071428571428571, "F1_Score": 0.5925925925925927, "Recall": 0.5714285714285714, "Precision": 0.6153846153846154, "Cohen_Kappa": 0.2142857142857143, "AUC": 0.6428571428571429, "TP": 16, "TN": 18, "FP": 10, "FN": 12}}, "DT": {"valid": {"ACC": 0.6181818181818182, "F1_Score": 0.6557377049180328, "Recall": 0.7407407407407407, "Precision": 0.5882352941176471, "Cohen_Kappa": 0.23963133640552992, "AUC": 0.6203703703703703, "TP": 20, "TN": 14, "FP": 14, "FN": 7}, "test": {"ACC": 0.6607142857142857, "F1_Score": 0.6122448979591837, "Recall": 0.5357142857142857, "Precision": 0.7142857142857143, "Cohen_Kappa": 0.3214285714285714, "AUC": 0.6524234693877551, "TP": 15, "TN": 22, "FP": 6, "FN": 13}}, "MNB": {"valid": {"ACC": 0.6181818181818182, "F1_Score": 0.6865671641791045, "Recall": 0.8518518518518519, "Precision": 0.575, "Cohen_Kappa": 0.2426229508196721, "AUC": 0.6666666666666666, "TP": 23, "TN": 11, "FP": 17, "FN": 4}, "test": {"ACC": 0.6964285714285714, "F1_Score": 0.7118644067796611, "Recall": 0.75, "Precision": 0.6774193548387096, "Cohen_Kappa": 0.3928571428571429, "AUC": 0.6938775510204082, "TP": 21, "TN": 18, "FP": 10, "FN": 7}}, "RF": {"valid": {"ACC": 0.6727272727272727, "F1_Score": 0.7272727272727274, "Recall": 0.8888888888888888, "Precision": 0.6153846153846154, "Cohen_Kappa": 0.3503937007874016, "AUC": 0.7281746031746031, "TP": 24, "TN": 13, "FP": 15, "FN": 3}, "test": {"ACC": 0.6428571428571429, "F1_Score": 0.6296296296296297, "Recall": 0.6071428571428571, "Precision": 0.6538461538461539, "Cohen_Kappa": 0.2857142857142857, "AUC": 0.7168367346938777, "TP": 17, "TN": 19, "FP": 9, "FN": 11}}, "ADA": {"valid": {"ACC": 0.509090909090909, "F1_Score": 0.5846153846153846, "Recall": 0.7037037037037037, "Precision": 0.5, "Cohen_Kappa": 0.024950755088640753, "AUC": 0.6415343915343915, "TP": 19, "TN": 9, "FP": 19, "FN": 8}, "test": {"ACC": 0.75, "F1_Score": 0.7666666666666666, "Recall": 0.8214285714285714, "Precision": 0.71875, "Cohen_Kappa": 0.5, "AUC": 0.7704081632653061, "TP": 23, "TN": 19, "FP": 9, "FN": 5}}, "XGB": {"valid": {"ACC": 0.6, "F1_Score": 0.65625, "Recall": 0.7777777777777778, "Precision": 0.5675675675675675, "Cohen_Kappa": 0.20499342969776613, "AUC": 0.7195767195767195, "TP": 21, "TN": 12, "FP": 16, "FN": 6}, "test": {"ACC": 0.6607142857142857, "F1_Score": 0.6415094339622641, "Recall": 0.6071428571428571, "Precision": 0.68, "Cohen_Kappa": 0.3214285714285714, "AUC": 0.7551020408163265, "TP": 17, "TN": 20, "FP": 8, "FN": 11}}, "MLP": {"valid": {"ACC": 0.6909090909090909, "F1_Score": 0.7301587301587301, "Recall": 0.8518518518518519, "Precision": 0.6388888888888888, "Cohen_Kappa": 0.38527284681130836, "AUC": 0.7367724867724869, "TP": 23, "TN": 15, "FP": 13, "FN": 4}, "test": {"ACC": 0.6964285714285714, "F1_Score": 0.6792452830188679, "Recall": 0.6428571428571429, "Precision": 0.72, "Cohen_Kappa": 0.3928571428571429, "AUC": 0.7346938775510203, "TP": 18, "TN": 21, "FP": 7, "FN": 10}}, "LR": {"valid": {"ACC": 0.509090909090909, "F1_Score": 0.5846153846153846, "Recall": 0.7037037037037037, "Precision": 0.5, "Cohen_Kappa": 0.024950755088640753, "AUC": 0.6177248677248678, "TP": 19, "TN": 9, "FP": 19, "FN": 8}, "test": {"ACC": 0.7142857142857143, "F1_Score": 0.7419354838709677, "Recall": 0.8214285714285714, "Precision": 0.6764705882352942, "Cohen_Kappa": 0.4285714285714286, "AUC": 0.7461734693877551, "TP": 23, "TN": 17, "FP": 11, "FN": 5}}, "ETAs": {"valid": {"ACC": 0.6545454545454545, "F1_Score": 0.6984126984126984, "Recall": 0.8148148148148148, "Precision": 0.6111111111111112, "Cohen_Kappa": 0.3129520052596976, "AUC": 0.7123015873015872, "TP": 22, "TN": 14, "FP": 14, "FN": 5}, "test": {"ACC": 0.625, "F1_Score": 0.6181818181818182, "Recall": 0.6071428571428571, "Precision": 0.6296296296296297, "Cohen_Kappa": 0.25, "AUC": 0.701530612244898, "TP": 17, "TN": 18, "FP": 10, "FN": 11}}, "CNB": {"valid": {"ACC": 0.6, "F1_Score": 0.6666666666666667, "Recall": 0.8148148148148148, "Precision": 0.5641025641025641, "Cohen_Kappa": 0.20603674540682415, "AUC": 0.6666666666666666, "TP": 22, "TN": 11, "FP": 17, "FN": 5}, "test": {"ACC": 0.6964285714285714, "F1_Score": 0.7118644067796611, "Recall": 0.75, "Precision": 0.6774193548387096, "Cohen_Kappa": 0.3928571428571429, "AUC": 0.6938775510204082, "TP": 21, "TN": 18, "FP": 10, "FN": 7}}, "GB": {"valid": {"ACC": 0.6545454545454545, "F1_Score": 0.7076923076923076, "Recall": 0.8518518518518519, "Precision": 0.6052631578947368, "Cohen_Kappa": 0.31385423506237686, "AUC": 0.746031746031746, "TP": 23, "TN": 13, "FP": 15, "FN": 4}, "test": {"ACC": 0.7142857142857143, "F1_Score": 0.7241379310344827, "Recall": 0.75, "Precision": 0.7, "Cohen_Kappa": 0.4285714285714286, "AUC": 0.7385204081632651, "TP": 21, "TN": 19, "FP": 9, "FN": 7}}, "BAG": {"valid": {"ACC": 0.6545454545454545, "F1_Score": 0.6885245901639345, "Recall": 0.7777777777777778, "Precision": 0.6176470588235294, "Cohen_Kappa": 0.3120473996050033, "AUC": 0.6984126984126984, "TP": 21, "TN": 15, "FP": 13, "FN": 6}, "test": {"ACC": 0.7142857142857143, "F1_Score": 0.6923076923076924, "Recall": 0.6428571428571429, "Precision": 0.75, "Cohen_Kappa": 0.4285714285714286, "AUC": 0.7340561224489797, "TP": 18, "TN": 22, "FP": 6, "FN": 10}}}