{"OVR": {"valid": {"ACC": 0.5416666666666666, "F1_Score": 0.5599999999999999, "Recall": 0.5833333333333334, "Precision": 0.5384615384615384, "Cohen_Kappa": 0.08333333333333337, "AUC": 0.5277777777777778, "TP": 14, "TN": 12, "FP": 12, "FN": 10}, "test": {"ACC": 0.7916666666666666, "F1_Score": 0.7727272727272727, "Recall": 0.7083333333333334, "Precision": 0.85, "Cohen_Kappa": 0.5833333333333333, "AUC": 0.8767361111111112, "TP": 17, "TN": 21, "FP": 3, "FN": 7}}, "KNB": {"valid": {"ACC": 0.5625, "F1_Score": 0.43243243243243246, "Recall": 0.3333333333333333, "Precision": 0.6153846153846154, "Cohen_Kappa": 0.125, "AUC": 0.5972222222222222, "TP": 8, "TN": 19, "FP": 5, "FN": 16}, "test": {"ACC": 0.7083333333333334, "F1_Score": 0.6666666666666666, "Recall": 0.5833333333333334, "Precision": 0.7777777777777778, "Cohen_Kappa": 0.41666666666666663, "AUC": 0.7994791666666667, "TP": 14, "TN": 20, "FP": 4, "FN": 10}}, "DT": {"valid": {"ACC": 0.5416666666666666, "F1_Score": 0.5, "Recall": 0.4583333333333333, "Precision": 0.55, "Cohen_Kappa": 0.08333333333333337, "AUC": 0.5416666666666666, "TP": 11, "TN": 15, "FP": 9, "FN": 13}, "test": {"ACC": 0.8333333333333334, "F1_Score": 0.8260869565217391, "Recall": 0.7916666666666666, "Precision": 0.8636363636363636, "Cohen_Kappa": 0.6666666666666667, "AUC": 0.8333333333333333, "TP": 19, "TN": 21, "FP": 3, "FN": 5}}, "MNB": {"valid": {"ACC": 0.5208333333333334, "F1_Score": 0.5660377358490567, "Recall": 0.625, "Precision": 0.5172413793103449, "Cohen_Kappa": 0.04166666666666663, "AUC": 0.5225694444444444, "TP": 15, "TN": 10, "FP": 14, "FN": 9}, "test": {"ACC": 0.8333333333333334, "F1_Score": 0.8260869565217391, "Recall": 0.7916666666666666, "Precision": 0.8636363636363636, "Cohen_Kappa": 0.6666666666666667, "AUC": 0.8524305555555556, "TP": 19, "TN": 21, "FP": 3, "FN": 5}}, "RF": {"valid": {"ACC": 0.5416666666666666, "F1_Score": 0.4761904761904762, "Recall": 0.4166666666666667, "Precision": 0.5555555555555556, "Cohen_Kappa": 0.08333333333333337, "AUC": 0.6675347222222223, "TP": 10, "TN": 16, "FP": 8, "FN": 14}, "test": {"ACC": 0.7916666666666666, "F1_Score": 0.7916666666666666, "Recall": 0.7916666666666666, "Precision": 0.7916666666666666, "Cohen_Kappa": 0.5833333333333333, "AUC": 0.8324652777777778, "TP": 19, "TN": 19, "FP": 5, "FN": 5}}, "ADA": {"valid": {"ACC": 0.4583333333333333, "F1_Score": 0.48000000000000004, "Recall": 0.5, "Precision": 0.46153846153846156, "Cohen_Kappa": -0.08333333333333326, "AUC": 0.4418402777777778, "TP": 12, "TN": 10, "FP": 14, "FN": 12}, "test": {"ACC": 0.7291666666666666, "F1_Score": 0.7111111111111111, "Recall": 0.6666666666666666, "Precision": 0.7619047619047619, "Cohen_Kappa": 0.45833333333333337, "AUC": 0.8020833333333334, "TP": 16, "TN": 19, "FP": 5, "FN": 8}}, "XGB": {"valid": {"ACC": 0.5416666666666666, "F1_Score": 0.5217391304347826, "Recall": 0.5, "Precision": 0.5454545454545454, "Cohen_Kappa": 0.08333333333333337, "AUC": 0.640625, "TP": 12, "TN": 14, "FP": 10, "FN": 12}, "test": {"ACC": 0.7708333333333334, "F1_Score": 0.7659574468085107, "Recall": 0.75, "Precision": 0.782608695652174, "Cohen_Kappa": 0.5416666666666667, "AUC": 0.84375, "TP": 18, "TN": 19, "FP": 5, "FN": 6}}, "MLP": {"valid": {"ACC": 0.4375, "F1_Score": 0.47058823529411764, "Recall": 0.5, "Precision": 0.4444444444444444, "Cohen_Kappa": -0.125, "AUC": 0.4253472222222222, "TP": 12, "TN": 9, "FP": 15, "FN": 12}, "test": {"ACC": 0.75, "F1_Score": 0.7391304347826088, "Recall": 0.7083333333333334, "Precision": 0.7727272727272727, "Cohen_Kappa": 0.5, "AUC": 0.828125, "TP": 17, "TN": 19, "FP": 5, "FN": 7}}, "LR": {"valid": {"ACC": 0.5416666666666666, "F1_Score": 0.5599999999999999, "Recall": 0.5833333333333334, "Precision": 0.5384615384615384, "Cohen_Kappa": 0.08333333333333337, "AUC": 0.5277777777777778, "TP": 14, "TN": 12, "FP": 12, "FN": 10}, "test": {"ACC": 0.7916666666666666, "F1_Score": 0.7727272727272727, "Recall": 0.7083333333333334, "Precision": 0.85, "Cohen_Kappa": 0.5833333333333333, "AUC": 0.8767361111111112, "TP": 17, "TN": 21, "FP": 3, "FN": 7}}, "ETAs": {"valid": {"ACC": 0.5833333333333334, "F1_Score": 0.5454545454545454, "Recall": 0.5, "Precision": 0.6, "Cohen_Kappa": 0.16666666666666663, "AUC": 0.693576388888889, "TP": 12, "TN": 16, "FP": 8, "FN": 12}, "test": {"ACC": 0.7708333333333334, "F1_Score": 0.7659574468085107, "Recall": 0.75, "Precision": 0.782608695652174, "Cohen_Kappa": 0.5416666666666667, "AUC": 0.8246527777777778, "TP": 18, "TN": 19, "FP": 5, "FN": 6}}, "CNB": {"valid": {"ACC": 0.5208333333333334, "F1_Score": 0.5660377358490567, "Recall": 0.625, "Precision": 0.5172413793103449, "Cohen_Kappa": 0.04166666666666663, "AUC": 0.5225694444444444, "TP": 15, "TN": 10, "FP": 14, "FN": 9}, "test": {"ACC": 0.8333333333333334, "F1_Score": 0.8260869565217391, "Recall": 0.7916666666666666, "Precision": 0.8636363636363636, "Cohen_Kappa": 0.6666666666666667, "AUC": 0.8524305555555556, "TP": 19, "TN": 21, "FP": 3, "FN": 5}}, "GB": {"valid": {"ACC": 0.5208333333333334, "F1_Score": 0.5106382978723404, "Recall": 0.5, "Precision": 0.5217391304347826, "Cohen_Kappa": 0.04166666666666663, "AUC": 0.5434027777777778, "TP": 12, "TN": 13, "FP": 11, "FN": 12}, "test": {"ACC": 0.7916666666666666, "F1_Score": 0.7826086956521738, "Recall": 0.75, "Precision": 0.8181818181818182, "Cohen_Kappa": 0.5833333333333333, "AUC": 0.8420138888888888, "TP": 18, "TN": 20, "FP": 4, "FN": 6}}, "BAG": {"valid": {"ACC": 0.5416666666666666, "F1_Score": 0.4761904761904762, "Recall": 0.4166666666666667, "Precision": 0.5555555555555556, "Cohen_Kappa": 0.08333333333333337, "AUC": 0.6458333333333333, "TP": 10, "TN": 16, "FP": 8, "FN": 14}, "test": {"ACC": 0.6875, "F1_Score": 0.6666666666666666, "Recall": 0.625, "Precision": 0.7142857142857143, "Cohen_Kappa": 0.375, "AUC": 0.7751736111111112, "TP": 15, "TN": 18, "FP": 6, "FN": 9}}}