{"OVR": {"valid": {"ACC": 0.62, "F1_Score": 0.6174496644295302, "Recall": 0.6133333333333333, "Precision": 0.6216216216216216, "Cohen_Kappa": 0.24, "AUC": 0.6389333333333334, "TP": 46, "TN": 47, "FP": 28, "FN": 29}, "test": {"ACC": 0.6133333333333333, "F1_Score": 0.6081081081081081, "Recall": 0.6, "Precision": 0.6164383561643836, "Cohen_Kappa": 0.22666666666666668, "AUC": 0.6711111111111111, "TP": 45, "TN": 47, "FP": 28, "FN": 30}}, "KNB": {"valid": {"ACC": 0.5733333333333334, "F1_Score": 0.4920634920634921, "Recall": 0.41333333333333333, "Precision": 0.6078431372549019, "Cohen_Kappa": 0.1466666666666666, "AUC": 0.6132444444444445, "TP": 31, "TN": 55, "FP": 20, "FN": 44}, "test": {"ACC": 0.6466666666666666, "F1_Score": 0.6187050359712232, "Recall": 0.5733333333333334, "Precision": 0.671875, "Cohen_Kappa": 0.29333333333333333, "AUC": 0.6803555555555556, "TP": 43, "TN": 54, "FP": 21, "FN": 32}}, "DT": {"valid": {"ACC": 0.5466666666666666, "F1_Score": 0.5853658536585366, "Recall": 0.64, "Precision": 0.5393258426966292, "Cohen_Kappa": 0.09333333333333338, "AUC": 0.5466666666666667, "TP": 48, "TN": 34, "FP": 41, "FN": 27}, "test": {"ACC": 0.5933333333333334, "F1_Score": 0.6257668711656442, "Recall": 0.68, "Precision": 0.5795454545454546, "Cohen_Kappa": 0.18666666666666665, "AUC": 0.5933333333333333, "TP": 51, "TN": 38, "FP": 37, "FN": 24}}, "MNB": {"valid": {"ACC": 0.6, "F1_Score": 0.6103896103896105, "Recall": 0.6266666666666667, "Precision": 0.5949367088607594, "Cohen_Kappa": 0.19999999999999996, "AUC": 0.6632888888888888, "TP": 47, "TN": 43, "FP": 32, "FN": 28}, "test": {"ACC": 0.6266666666666667, "F1_Score": 0.6455696202531646, "Recall": 0.68, "Precision": 0.6144578313253012, "Cohen_Kappa": 0.2533333333333333, "AUC": 0.6803555555555555, "TP": 51, "TN": 43, "FP": 32, "FN": 24}}, "RF": {"valid": {"ACC": 0.6266666666666667, "F1_Score": 0.641025641025641, "Recall": 0.6666666666666666, "Precision": 0.6172839506172839, "Cohen_Kappa": 0.2533333333333333, "AUC": 0.6876444444444445, "TP": 50, "TN": 44, "FP": 31, "FN": 25}, "test": {"ACC": 0.6866666666666666, "F1_Score": 0.6967741935483871, "Recall": 0.72, "Precision": 0.675, "Cohen_Kappa": 0.3733333333333333, "AUC": 0.7533333333333334, "TP": 54, "TN": 49, "FP": 26, "FN": 21}}, "ADA": {"valid": {"ACC": 0.6133333333333333, "F1_Score": 0.6282051282051282, "Recall": 0.6533333333333333, "Precision": 0.6049382716049383, "Cohen_Kappa": 0.22666666666666668, "AUC": 0.6333333333333334, "TP": 49, "TN": 43, "FP": 32, "FN": 26}, "test": {"ACC": 0.5866666666666667, "F1_Score": 0.5866666666666667, "Recall": 0.5866666666666667, "Precision": 0.5866666666666667, "Cohen_Kappa": 0.17333333333333334, "AUC": 0.6278222222222223, "TP": 44, "TN": 44, "FP": 31, "FN": 31}}, "XGB": {"valid": {"ACC": 0.64, "F1_Score": 0.6493506493506493, "Recall": 0.6666666666666666, "Precision": 0.6329113924050633, "Cohen_Kappa": 0.28, "AUC": 0.6929777777777777, "TP": 50, "TN": 46, "FP": 29, "FN": 25}, "test": {"ACC": 0.6133333333333333, "F1_Score": 0.6233766233766234, "Recall": 0.64, "Precision": 0.6075949367088608, "Cohen_Kappa": 0.22666666666666668, "AUC": 0.6888888888888889, "TP": 48, "TN": 44, "FP": 31, "FN": 27}}, "MLP": {"valid": {"ACC": 0.62, "F1_Score": 0.6225165562913908, "Recall": 0.6266666666666667, "Precision": 0.618421052631579, "Cohen_Kappa": 0.24, "AUC": 0.6346666666666667, "TP": 47, "TN": 46, "FP": 29, "FN": 28}, "test": {"ACC": 0.6466666666666666, "F1_Score": 0.6442953020134228, "Recall": 0.64, "Precision": 0.6486486486486487, "Cohen_Kappa": 0.29333333333333333, "AUC": 0.6991999999999999, "TP": 48, "TN": 49, "FP": 26, "FN": 27}}, "LR": {"valid": {"ACC": 0.62, "F1_Score": 0.6174496644295302, "Recall": 0.6133333333333333, "Precision": 0.6216216216216216, "Cohen_Kappa": 0.24, "AUC": 0.6389333333333334, "TP": 46, "TN": 47, "FP": 28, "FN": 29}, "test": {"ACC": 0.6133333333333333, "F1_Score": 0.6081081081081081, "Recall": 0.6, "Precision": 0.6164383561643836, "Cohen_Kappa": 0.22666666666666668, "AUC": 0.6711111111111111, "TP": 45, "TN": 47, "FP": 28, "FN": 30}}, "ETAs": {"valid": {"ACC": 0.6466666666666666, "F1_Score": 0.6535947712418301, "Recall": 0.6666666666666666, "Precision": 0.6410256410256411, "Cohen_Kappa": 0.29333333333333333, "AUC": 0.6841777777777778, "TP": 50, "TN": 47, "FP": 28, "FN": 25}, "test": {"ACC": 0.68, "F1_Score": 0.7000000000000001, "Recall": 0.7466666666666667, "Precision": 0.6588235294117647, "Cohen_Kappa": 0.36, "AUC": 0.760711111111111, "TP": 56, "TN": 46, "FP": 29, "FN": 19}}, "CNB": {"valid": {"ACC": 0.6, "F1_Score": 0.6103896103896105, "Recall": 0.6266666666666667, "Precision": 0.5949367088607594, "Cohen_Kappa": 0.19999999999999996, "AUC": 0.6632888888888888, "TP": 47, "TN": 43, "FP": 32, "FN": 28}, "test": {"ACC": 0.6266666666666667, "F1_Score": 0.6455696202531646, "Recall": 0.68, "Precision": 0.6144578313253012, "Cohen_Kappa": 0.2533333333333333, "AUC": 0.6803555555555555, "TP": 51, "TN": 43, "FP": 32, "FN": 24}}, "GB": {"valid": {"ACC": 0.6466666666666666, "F1_Score": 0.6535947712418301, "Recall": 0.6666666666666666, "Precision": 0.6410256410256411, "Cohen_Kappa": 0.29333333333333333, "AUC": 0.6944, "TP": 50, "TN": 47, "FP": 28, "FN": 25}, "test": {"ACC": 0.5866666666666667, "F1_Score": 0.6075949367088608, "Recall": 0.64, "Precision": 0.5783132530120482, "Cohen_Kappa": 0.17333333333333334, "AUC": 0.6577777777777777, "TP": 48, "TN": 40, "FP": 35, "FN": 27}}, "BAG": {"valid": {"ACC": 0.58, "F1_Score": 0.5263157894736842, "Recall": 0.4666666666666667, "Precision": 0.603448275862069, "Cohen_Kappa": 0.16000000000000003, "AUC": 0.6086222222222222, "TP": 35, "TN": 52, "FP": 23, "FN": 40}, "test": {"ACC": 0.6, "F1_Score": 0.5454545454545454, "Recall": 0.48, "Precision": 0.631578947368421, "Cohen_Kappa": 0.19999999999999996, "AUC": 0.6542222222222223, "TP": 36, "TN": 54, "FP": 21, "FN": 39}}}