{"OVR": {"valid": {"ACC": 0.6533333333333333, "F1_Score": 0.6623376623376623, "Recall": 0.68, "Precision": 0.6455696202531646, "Cohen_Kappa": 0.30666666666666664, "AUC": 0.672, "TP": 51, "TN": 47, "FP": 28, "FN": 24}, "test": {"ACC": 0.6133333333333333, "F1_Score": 0.6282051282051282, "Recall": 0.6533333333333333, "Precision": 0.6049382716049383, "Cohen_Kappa": 0.22666666666666668, "AUC": 0.6711111111111111, "TP": 49, "TN": 43, "FP": 32, "FN": 26}}, "KNB": {"valid": {"ACC": 0.66, "F1_Score": 0.6277372262773723, "Recall": 0.5733333333333334, "Precision": 0.6935483870967742, "Cohen_Kappa": 0.31999999999999995, "AUC": 0.6851555555555555, "TP": 43, "TN": 56, "FP": 19, "FN": 32}, "test": {"ACC": 0.6533333333333333, "F1_Score": 0.6438356164383562, "Recall": 0.6266666666666667, "Precision": 0.6619718309859155, "Cohen_Kappa": 0.30666666666666664, "AUC": 0.7019555555555556, "TP": 47, "TN": 51, "FP": 24, "FN": 28}}, "DT": {"valid": {"ACC": 0.5266666666666666, "F1_Score": 0.5170068027210885, "Recall": 0.5066666666666667, "Precision": 0.5277777777777778, "Cohen_Kappa": 0.053333333333333344, "AUC": 0.5266666666666667, "TP": 38, "TN": 41, "FP": 34, "FN": 37}, "test": {"ACC": 0.5666666666666667, "F1_Score": 0.5390070921985816, "Recall": 0.5066666666666667, "Precision": 0.5757575757575758, "Cohen_Kappa": 0.1333333333333333, "AUC": 0.5666666666666668, "TP": 38, "TN": 47, "FP": 28, "FN": 37}}, "MNB": {"valid": {"ACC": 0.6333333333333333, "F1_Score": 0.6820809248554913, "Recall": 0.7866666666666666, "Precision": 0.6020408163265306, "Cohen_Kappa": 0.2666666666666667, "AUC": 0.6362666666666666, "TP": 59, "TN": 36, "FP": 39, "FN": 16}, "test": {"ACC": 0.5533333333333333, "F1_Score": 0.6214689265536723, "Recall": 0.7333333333333333, "Precision": 0.5392156862745098, "Cohen_Kappa": 0.10666666666666669, "AUC": 0.6808888888888889, "TP": 55, "TN": 28, "FP": 47, "FN": 20}}, "RF": {"valid": {"ACC": 0.64, "F1_Score": 0.6538461538461539, "Recall": 0.68, "Precision": 0.6296296296296297, "Cohen_Kappa": 0.28, "AUC": 0.6984888888888889, "TP": 51, "TN": 45, "FP": 30, "FN": 24}, "test": {"ACC": 0.68, "F1_Score": 0.6756756756756757, "Recall": 0.6666666666666666, "Precision": 0.684931506849315, "Cohen_Kappa": 0.36, "AUC": 0.7319999999999999, "TP": 50, "TN": 52, "FP": 23, "FN": 25}}, "ADA": {"valid": {"ACC": 0.56, "F1_Score": 0.5875, "Recall": 0.6266666666666667, "Precision": 0.5529411764705883, "Cohen_Kappa": 0.12, "AUC": 0.5591111111111111, "TP": 47, "TN": 37, "FP": 38, "FN": 28}, "test": {"ACC": 0.6, "F1_Score": 0.6, "Recall": 0.6, "Precision": 0.6, "Cohen_Kappa": 0.19999999999999996, "AUC": 0.6029333333333333, "TP": 45, "TN": 45, "FP": 30, "FN": 30}}, "XGB": {"valid": {"ACC": 0.6133333333333333, "F1_Score": 0.6282051282051282, "Recall": 0.6533333333333333, "Precision": 0.6049382716049383, "Cohen_Kappa": 0.22666666666666668, "AUC": 0.6552888888888888, "TP": 49, "TN": 43, "FP": 32, "FN": 26}, "test": {"ACC": 0.6266666666666667, "F1_Score": 0.6216216216216216, "Recall": 0.6133333333333333, "Precision": 0.6301369863013698, "Cohen_Kappa": 0.2533333333333333, "AUC": 0.6792888888888888, "TP": 46, "TN": 48, "FP": 27, "FN": 29}}, "MLP": {"valid": {"ACC": 0.6466666666666666, "F1_Score": 0.6535947712418301, "Recall": 0.6666666666666666, "Precision": 0.6410256410256411, "Cohen_Kappa": 0.29333333333333333, "AUC": 0.6435555555555555, "TP": 50, "TN": 47, "FP": 28, "FN": 25}, "test": {"ACC": 0.6533333333333333, "F1_Score": 0.6623376623376623, "Recall": 0.68, "Precision": 0.6455696202531646, "Cohen_Kappa": 0.30666666666666664, "AUC": 0.7093333333333334, "TP": 51, "TN": 47, "FP": 28, "FN": 24}}, "LR": {"valid": {"ACC": 0.6533333333333333, "F1_Score": 0.6623376623376623, "Recall": 0.68, "Precision": 0.6455696202531646, "Cohen_Kappa": 0.30666666666666664, "AUC": 0.672, "TP": 51, "TN": 47, "FP": 28, "FN": 24}, "test": {"ACC": 0.6133333333333333, "F1_Score": 0.6282051282051282, "Recall": 0.6533333333333333, "Precision": 0.6049382716049383, "Cohen_Kappa": 0.22666666666666668, "AUC": 0.6711111111111111, "TP": 49, "TN": 43, "FP": 32, "FN": 26}}, "ETAs": {"valid": {"ACC": 0.6266666666666667, "F1_Score": 0.6363636363636364, "Recall": 0.6533333333333333, "Precision": 0.620253164556962, "Cohen_Kappa": 0.2533333333333333, "AUC": 0.6816888888888889, "TP": 49, "TN": 45, "FP": 30, "FN": 26}, "test": {"ACC": 0.6733333333333333, "F1_Score": 0.6754966887417219, "Recall": 0.68, "Precision": 0.6710526315789473, "Cohen_Kappa": 0.3466666666666667, "AUC": 0.739288888888889, "TP": 51, "TN": 50, "FP": 25, "FN": 24}}, "CNB": {"valid": {"ACC": 0.6333333333333333, "F1_Score": 0.6820809248554913, "Recall": 0.7866666666666666, "Precision": 0.6020408163265306, "Cohen_Kappa": 0.2666666666666667, "AUC": 0.6362666666666666, "TP": 59, "TN": 36, "FP": 39, "FN": 16}, "test": {"ACC": 0.5533333333333333, "F1_Score": 0.6214689265536723, "Recall": 0.7333333333333333, "Precision": 0.5392156862745098, "Cohen_Kappa": 0.10666666666666669, "AUC": 0.6808888888888889, "TP": 55, "TN": 28, "FP": 47, "FN": 20}}, "GB": {"valid": {"ACC": 0.6133333333333333, "F1_Score": 0.618421052631579, "Recall": 0.6266666666666667, "Precision": 0.6103896103896104, "Cohen_Kappa": 0.22666666666666668, "AUC": 0.6227555555555555, "TP": 47, "TN": 45, "FP": 30, "FN": 28}, "test": {"ACC": 0.6466666666666666, "F1_Score": 0.6490066225165563, "Recall": 0.6533333333333333, "Precision": 0.6447368421052632, "Cohen_Kappa": 0.29333333333333333, "AUC": 0.6832, "TP": 49, "TN": 48, "FP": 27, "FN": 26}}, "BAG": {"valid": {"ACC": 0.6133333333333333, "F1_Score": 0.6027397260273973, "Recall": 0.5866666666666667, "Precision": 0.6197183098591549, "Cohen_Kappa": 0.22666666666666668, "AUC": 0.6617777777777778, "TP": 44, "TN": 48, "FP": 27, "FN": 31}, "test": {"ACC": 0.5933333333333334, "F1_Score": 0.5547445255474452, "Recall": 0.5066666666666667, "Precision": 0.6129032258064516, "Cohen_Kappa": 0.18666666666666665, "AUC": 0.6664888888888889, "TP": 38, "TN": 51, "FP": 24, "FN": 37}}}