{"OVR": {"valid": {"ACC": 0.6986301369863014, "F1_Score": 0.6764705882352942, "Recall": 0.6301369863013698, "Precision": 0.7301587301587301, "Cohen_Kappa": 0.3972602739726028, "AUC": 0.7626196284481142, "TP": 46, "TN": 56, "FP": 17, "FN": 27}, "test": {"ACC": 0.6575342465753424, "F1_Score": 0.6666666666666666, "Recall": 0.684931506849315, "Precision": 0.6493506493506493, "Cohen_Kappa": 0.31506849315068497, "AUC": 0.7431037718145994, "TP": 50, "TN": 46, "FP": 27, "FN": 23}}, "KNB": {"valid": {"ACC": 0.678082191780822, "F1_Score": 0.5607476635514018, "Recall": 0.410958904109589, "Precision": 0.8823529411764706, "Cohen_Kappa": 0.3561643835616438, "AUC": 0.7544567461062114, "TP": 30, "TN": 69, "FP": 4, "FN": 43}, "test": {"ACC": 0.6986301369863014, "F1_Score": 0.6140350877192982, "Recall": 0.4794520547945205, "Precision": 0.8536585365853658, "Cohen_Kappa": 0.3972602739726028, "AUC": 0.741321073372115, "TP": 35, "TN": 67, "FP": 6, "FN": 38}}, "DT": {"valid": {"ACC": 0.6232876712328768, "F1_Score": 0.6206896551724138, "Recall": 0.6164383561643836, "Precision": 0.625, "Cohen_Kappa": 0.2465753424657534, "AUC": 0.6232876712328768, "TP": 45, "TN": 46, "FP": 27, "FN": 28}, "test": {"ACC": 0.6232876712328768, "F1_Score": 0.6357615894039735, "Recall": 0.6575342465753424, "Precision": 0.6153846153846154, "Cohen_Kappa": 0.2465753424657534, "AUC": 0.6232876712328768, "TP": 48, "TN": 43, "FP": 30, "FN": 25}}, "MNB": {"valid": {"ACC": 0.7397260273972602, "F1_Score": 0.712121212121212, "Recall": 0.6438356164383562, "Precision": 0.7966101694915254, "Cohen_Kappa": 0.4794520547945206, "AUC": 0.7583036216926252, "TP": 47, "TN": 61, "FP": 12, "FN": 26}, "test": {"ACC": 0.6643835616438356, "F1_Score": 0.6474820143884891, "Recall": 0.6164383561643836, "Precision": 0.6818181818181818, "Cohen_Kappa": 0.3287671232876712, "AUC": 0.7320322762244323, "TP": 45, "TN": 52, "FP": 21, "FN": 28}}, "RF": {"valid": {"ACC": 0.7602739726027398, "F1_Score": 0.75177304964539, "Recall": 0.726027397260274, "Precision": 0.7794117647058824, "Cohen_Kappa": 0.5205479452054795, "AUC": 0.8215425032839183, "TP": 53, "TN": 58, "FP": 15, "FN": 20}, "test": {"ACC": 0.726027397260274, "F1_Score": 0.7402597402597403, "Recall": 0.7808219178082192, "Precision": 0.7037037037037037, "Cohen_Kappa": 0.452054794520548, "AUC": 0.8003377744417339, "TP": 57, "TN": 49, "FP": 24, "FN": 16}}, "ADA": {"valid": {"ACC": 0.6986301369863014, "F1_Score": 0.6857142857142857, "Recall": 0.6575342465753424, "Precision": 0.7164179104477612, "Cohen_Kappa": 0.3972602739726028, "AUC": 0.740570463501595, "TP": 48, "TN": 54, "FP": 19, "FN": 25}, "test": {"ACC": 0.589041095890411, "F1_Score": 0.5774647887323944, "Recall": 0.5616438356164384, "Precision": 0.5942028985507246, "Cohen_Kappa": 0.17808219178082196, "AUC": 0.6449615312441359, "TP": 41, "TN": 45, "FP": 28, "FN": 32}}, "XGB": {"valid": {"ACC": 0.7123287671232876, "F1_Score": 0.7083333333333335, "Recall": 0.6986301369863014, "Precision": 0.7183098591549296, "Cohen_Kappa": 0.4246575342465754, "AUC": 0.7894539313191969, "TP": 51, "TN": 53, "FP": 20, "FN": 22}, "test": {"ACC": 0.6575342465753424, "F1_Score": 0.6753246753246753, "Recall": 0.7123287671232876, "Precision": 0.6419753086419753, "Cohen_Kappa": 0.31506849315068497, "AUC": 0.725652092325014, "TP": 52, "TN": 44, "FP": 29, "FN": 21}}, "MLP": {"valid": {"ACC": 0.7328767123287672, "F1_Score": 0.7022900763358779, "Recall": 0.6301369863013698, "Precision": 0.7931034482758621, "Cohen_Kappa": 0.4657534246575342, "AUC": 0.7947082004128353, "TP": 46, "TN": 61, "FP": 12, "FN": 27}, "test": {"ACC": 0.7054794520547946, "F1_Score": 0.7152317880794701, "Recall": 0.7397260273972602, "Precision": 0.6923076923076923, "Cohen_Kappa": 0.410958904109589, "AUC": 0.74085194220304, "TP": 54, "TN": 49, "FP": 24, "FN": 19}}, "LR": {"valid": {"ACC": 0.6986301369863014, "F1_Score": 0.6764705882352942, "Recall": 0.6301369863013698, "Precision": 0.7301587301587301, "Cohen_Kappa": 0.3972602739726028, "AUC": 0.7626196284481142, "TP": 46, "TN": 56, "FP": 17, "FN": 27}, "test": {"ACC": 0.6575342465753424, "F1_Score": 0.6666666666666666, "Recall": 0.684931506849315, "Precision": 0.6493506493506493, "Cohen_Kappa": 0.31506849315068497, "AUC": 0.7431037718145994, "TP": 50, "TN": 46, "FP": 27, "FN": 23}}, "ETAs": {"valid": {"ACC": 0.7465753424657534, "F1_Score": 0.7412587412587412, "Recall": 0.726027397260274, "Precision": 0.7571428571428571, "Cohen_Kappa": 0.4931506849315068, "AUC": 0.8281103396509664, "TP": 53, "TN": 56, "FP": 17, "FN": 20}, "test": {"ACC": 0.7328767123287672, "F1_Score": 0.7417218543046357, "Recall": 0.7671232876712328, "Precision": 0.717948717948718, "Cohen_Kappa": 0.4657534246575342, "AUC": 0.8051229123662976, "TP": 56, "TN": 51, "FP": 22, "FN": 17}}, "CNB": {"valid": {"ACC": 0.7397260273972602, "F1_Score": 0.712121212121212, "Recall": 0.6438356164383562, "Precision": 0.7966101694915254, "Cohen_Kappa": 0.4794520547945206, "AUC": 0.7583036216926252, "TP": 47, "TN": 61, "FP": 12, "FN": 26}, "test": {"ACC": 0.6643835616438356, "F1_Score": 0.6474820143884891, "Recall": 0.6164383561643836, "Precision": 0.6818181818181818, "Cohen_Kappa": 0.3287671232876712, "AUC": 0.7320322762244323, "TP": 45, "TN": 52, "FP": 21, "FN": 28}}, "GB": {"valid": {"ACC": 0.6917808219178082, "F1_Score": 0.6616541353383458, "Recall": 0.6027397260273972, "Precision": 0.7333333333333333, "Cohen_Kappa": 0.3835616438356164, "AUC": 0.7761306061174704, "TP": 44, "TN": 57, "FP": 16, "FN": 29}, "test": {"ACC": 0.6917808219178082, "F1_Score": 0.6979865771812079, "Recall": 0.7123287671232876, "Precision": 0.6842105263157895, "Cohen_Kappa": 0.3835616438356164, "AUC": 0.769750422218052, "TP": 52, "TN": 49, "FP": 24, "FN": 21}}, "BAG": {"valid": {"ACC": 0.6917808219178082, "F1_Score": 0.6616541353383458, "Recall": 0.6027397260273972, "Precision": 0.7333333333333333, "Cohen_Kappa": 0.3835616438356164, "AUC": 0.7462938637643085, "TP": 44, "TN": 57, "FP": 16, "FN": 29}, "test": {"ACC": 0.6712328767123288, "F1_Score": 0.657142857142857, "Recall": 0.6301369863013698, "Precision": 0.6865671641791045, "Cohen_Kappa": 0.34246575342465757, "AUC": 0.7135485081628823, "TP": 46, "TN": 52, "FP": 21, "FN": 27}}}