{"OVR": {"valid": {"ACC": 0.621301775147929, "F1_Score": 0.627906976744186, "Recall": 0.6352941176470588, "Precision": 0.6206896551724138, "Cohen_Kappa": 0.2424709343045245, "AUC": 0.6817401960784313, "TP": 108, "TN": 102, "FP": 66, "FN": 62}, "test": {"ACC": 0.5899705014749262, "F1_Score": 0.5899705014749262, "Recall": 0.591715976331361, "Precision": 0.5882352941176471, "Cohen_Kappa": 0.17994813873757853, "AUC": 0.6507309432648798, "TP": 100, "TN": 100, "FP": 70, "FN": 69}}, "KNB": {"valid": {"ACC": 0.606508875739645, "F1_Score": 0.5830721003134798, "Recall": 0.5470588235294118, "Precision": 0.6241610738255033, "Cohen_Kappa": 0.2135684545677199, "AUC": 0.6613095238095239, "TP": 93, "TN": 112, "FP": 56, "FN": 77}, "test": {"ACC": 0.6342182890855457, "F1_Score": 0.6075949367088607, "Recall": 0.5680473372781065, "Precision": 0.6530612244897959, "Cohen_Kappa": 0.2681500052230231, "AUC": 0.6497737556561086, "TP": 96, "TN": 119, "FP": 51, "FN": 73}}, "DT": {"valid": {"ACC": 0.5828402366863905, "F1_Score": 0.5523809523809523, "Recall": 0.5117647058823529, "Precision": 0.6, "Cohen_Kappa": 0.16638096903970612, "AUC": 0.5905812324929972, "TP": 87, "TN": 110, "FP": 58, "FN": 83}, "test": {"ACC": 0.616519174041298, "F1_Score": 0.5911949685534591, "Recall": 0.5562130177514792, "Precision": 0.6308724832214765, "Cohen_Kappa": 0.23276462395543174, "AUC": 0.6149321266968326, "TP": 94, "TN": 115, "FP": 55, "FN": 75}}, "MNB": {"valid": {"ACC": 0.6331360946745562, "F1_Score": 0.6497175141242938, "Recall": 0.6764705882352942, "Precision": 0.625, "Cohen_Kappa": 0.26588663910880683, "AUC": 0.6687850140056022, "TP": 115, "TN": 99, "FP": 69, "FN": 55}, "test": {"ACC": 0.5958702064896755, "F1_Score": 0.6140845070422536, "Recall": 0.6449704142011834, "Precision": 0.5860215053763441, "Cohen_Kappa": 0.19197244115037326, "AUC": 0.6296380090497739, "TP": 109, "TN": 93, "FP": 77, "FN": 60}}, "RF": {"valid": {"ACC": 0.6568047337278107, "F1_Score": 0.6463414634146342, "Recall": 0.6235294117647059, "Precision": 0.6708860759493671, "Cohen_Kappa": 0.31387372252554946, "AUC": 0.7059348739495799, "TP": 106, "TN": 116, "FP": 52, "FN": 64}, "test": {"ACC": 0.6371681415929203, "F1_Score": 0.6144200626959248, "Recall": 0.5798816568047337, "Precision": 0.6533333333333333, "Cohen_Kappa": 0.27408993576017127, "AUC": 0.6837974242951619, "TP": 98, "TN": 118, "FP": 52, "FN": 71}}, "ADA": {"valid": {"ACC": 0.6420118343195266, "F1_Score": 0.6512968299711815, "Recall": 0.6647058823529411, "Precision": 0.6384180790960452, "Cohen_Kappa": 0.28382306587749095, "AUC": 0.6874299719887955, "TP": 113, "TN": 104, "FP": 64, "FN": 57}, "test": {"ACC": 0.6047197640117994, "F1_Score": 0.6035502958579881, "Recall": 0.6035502958579881, "Precision": 0.6035502958579881, "Cohen_Kappa": 0.20943264879916468, "AUC": 0.6514096762965541, "TP": 102, "TN": 103, "FP": 67, "FN": 67}}, "XGB": {"valid": {"ACC": 0.636094674556213, "F1_Score": 0.616822429906542, "Recall": 0.5823529411764706, "Precision": 0.6556291390728477, "Cohen_Kappa": 0.27264774834668815, "AUC": 0.6894432773109244, "TP": 99, "TN": 116, "FP": 52, "FN": 71}, "test": {"ACC": 0.6342182890855457, "F1_Score": 0.617283950617284, "Recall": 0.591715976331361, "Precision": 0.6451612903225806, "Cohen_Kappa": 0.2682519235455907, "AUC": 0.683954054994779, "TP": 100, "TN": 115, "FP": 55, "FN": 69}}, "MLP": {"valid": {"ACC": 0.6597633136094675, "F1_Score": 0.6417445482866043, "Recall": 0.6058823529411764, "Precision": 0.6821192052980133, "Cohen_Kappa": 0.3199552118688548, "AUC": 0.7091211484593837, "TP": 103, "TN": 120, "FP": 48, "FN": 67}, "test": {"ACC": 0.6253687315634219, "F1_Score": 0.6018808777429469, "Recall": 0.5680473372781065, "Precision": 0.64, "Cohen_Kappa": 0.25048310440277843, "AUC": 0.6803863557257223, "TP": 96, "TN": 116, "FP": 54, "FN": 73}}, "LR": {"valid": {"ACC": 0.621301775147929, "F1_Score": 0.627906976744186, "Recall": 0.6352941176470588, "Precision": 0.6206896551724138, "Cohen_Kappa": 0.2424709343045245, "AUC": 0.6817401960784313, "TP": 108, "TN": 102, "FP": 66, "FN": 62}, "test": {"ACC": 0.5899705014749262, "F1_Score": 0.5899705014749262, "Recall": 0.591715976331361, "Precision": 0.5882352941176471, "Cohen_Kappa": 0.17994813873757853, "AUC": 0.6507309432648798, "TP": 100, "TN": 100, "FP": 70, "FN": 69}}, "ETAs": {"valid": {"ACC": 0.665680473372781, "F1_Score": 0.6479750778816199, "Recall": 0.611764705882353, "Precision": 0.6887417218543046, "Cohen_Kappa": 0.3317820777493964, "AUC": 0.7111694677871149, "TP": 104, "TN": 121, "FP": 47, "FN": 66}, "test": {"ACC": 0.6430678466076696, "F1_Score": 0.6182965299684542, "Recall": 0.5798816568047337, "Precision": 0.6621621621621622, "Cohen_Kappa": 0.2858684865683595, "AUC": 0.6884267316394012, "TP": 98, "TN": 120, "FP": 50, "FN": 71}}, "CNB": {"valid": {"ACC": 0.6331360946745562, "F1_Score": 0.6497175141242938, "Recall": 0.6764705882352942, "Precision": 0.625, "Cohen_Kappa": 0.26588663910880683, "AUC": 0.6687850140056022, "TP": 115, "TN": 99, "FP": 69, "FN": 55}, "test": {"ACC": 0.5958702064896755, "F1_Score": 0.6140845070422536, "Recall": 0.6449704142011834, "Precision": 0.5860215053763441, "Cohen_Kappa": 0.19197244115037326, "AUC": 0.6296380090497739, "TP": 109, "TN": 93, "FP": 77, "FN": 60}}, "GB": {"valid": {"ACC": 0.6597633136094675, "F1_Score": 0.6567164179104478, "Recall": 0.6470588235294118, "Precision": 0.6666666666666666, "Cohen_Kappa": 0.31962191493085945, "AUC": 0.6955357142857144, "TP": 110, "TN": 113, "FP": 55, "FN": 60}, "test": {"ACC": 0.6253687315634219, "F1_Score": 0.604361370716511, "Recall": 0.5739644970414202, "Precision": 0.6381578947368421, "Cohen_Kappa": 0.250509200424769, "AUC": 0.6693699965193178, "TP": 97, "TN": 115, "FP": 55, "FN": 72}}, "BAG": {"valid": {"ACC": 0.636094674556213, "F1_Score": 0.5993485342019543, "Recall": 0.5411764705882353, "Precision": 0.6715328467153284, "Cohen_Kappa": 0.2730038820690379, "AUC": 0.7051820728291317, "TP": 92, "TN": 123, "FP": 45, "FN": 78}, "test": {"ACC": 0.6135693215339233, "F1_Score": 0.5647840531561461, "Recall": 0.5029585798816568, "Precision": 0.6439393939393939, "Cohen_Kappa": 0.22663392717203912, "AUC": 0.673686042464323, "TP": 85, "TN": 123, "FP": 47, "FN": 84}}}