{"OVR": {"valid": {"ACC": 0.5806451612903226, "F1_Score": 0.59375, "Recall": 0.6129032258064516, "Precision": 0.5757575757575758, "Cohen_Kappa": 0.16129032258064513, "AUC": 0.6204474505723205, "TP": 76, "TN": 68, "FP": 56, "FN": 48}, "test": {"ACC": 0.6947791164658634, "F1_Score": 0.6779661016949152, "Recall": 0.6451612903225806, "Precision": 0.7142857142857143, "Cohen_Kappa": 0.38931199173873765, "AUC": 0.7429677419354839, "TP": 80, "TN": 93, "FP": 32, "FN": 44}}, "KNB": {"valid": {"ACC": 0.5967741935483871, "F1_Score": 0.4047619047619047, "Recall": 0.27419354838709675, "Precision": 0.7727272727272727, "Cohen_Kappa": 0.19354838709677424, "AUC": 0.6679240374609782, "TP": 34, "TN": 114, "FP": 10, "FN": 90}, "test": {"ACC": 0.6265060240963856, "F1_Score": 0.4294478527607362, "Recall": 0.28225806451612906, "Precision": 0.8974358974358975, "Cohen_Kappa": 0.25094614264919934, "AUC": 0.7030967741935484, "TP": 35, "TN": 121, "FP": 4, "FN": 89}}, "DT": {"valid": {"ACC": 0.532258064516129, "F1_Score": 0.5827338129496404, "Recall": 0.6532258064516129, "Precision": 0.525974025974026, "Cohen_Kappa": 0.06451612903225812, "AUC": 0.532258064516129, "TP": 81, "TN": 51, "FP": 73, "FN": 43}, "test": {"ACC": 0.6104417670682731, "F1_Score": 0.6394052044609665, "Recall": 0.6935483870967742, "Precision": 0.593103448275862, "Cohen_Kappa": 0.22139840753038265, "AUC": 0.6107741935483871, "TP": 86, "TN": 66, "FP": 59, "FN": 38}}, "MNB": {"valid": {"ACC": 0.6451612903225806, "F1_Score": 0.6333333333333333, "Recall": 0.6129032258064516, "Precision": 0.6551724137931034, "Cohen_Kappa": 0.29032258064516125, "AUC": 0.6762486992715921, "TP": 76, "TN": 84, "FP": 40, "FN": 48}, "test": {"ACC": 0.7068273092369478, "F1_Score": 0.6866952789699572, "Recall": 0.6451612903225806, "Precision": 0.7339449541284404, "Cohen_Kappa": 0.4133613038567049, "AUC": 0.7556774193548387, "TP": 80, "TN": 96, "FP": 29, "FN": 44}}, "RF": {"valid": {"ACC": 0.6612903225806451, "F1_Score": 0.6744186046511628, "Recall": 0.7016129032258065, "Precision": 0.6492537313432836, "Cohen_Kappa": 0.32258064516129037, "AUC": 0.7327328303850157, "TP": 87, "TN": 77, "FP": 47, "FN": 37}, "test": {"ACC": 0.7469879518072289, "F1_Score": 0.7385892116182572, "Recall": 0.717741935483871, "Precision": 0.7606837606837606, "Cohen_Kappa": 0.49385345077920817, "AUC": 0.8037096774193548, "TP": 89, "TN": 97, "FP": 28, "FN": 35}}, "ADA": {"valid": {"ACC": 0.6491935483870968, "F1_Score": 0.6588235294117646, "Recall": 0.6774193548387096, "Precision": 0.6412213740458015, "Cohen_Kappa": 0.2983870967741935, "AUC": 0.6811264308012486, "TP": 84, "TN": 77, "FP": 47, "FN": 40}, "test": {"ACC": 0.6506024096385542, "F1_Score": 0.6266094420600858, "Recall": 0.5887096774193549, "Precision": 0.6697247706422018, "Cohen_Kappa": 0.3008552525415523, "AUC": 0.6940000000000001, "TP": 73, "TN": 89, "FP": 36, "FN": 51}}, "XGB": {"valid": {"ACC": 0.6411290322580645, "F1_Score": 0.6536964980544746, "Recall": 0.6774193548387096, "Precision": 0.631578947368421, "Cohen_Kappa": 0.282258064516129, "AUC": 0.6984261186264309, "TP": 84, "TN": 75, "FP": 49, "FN": 40}, "test": {"ACC": 0.7068273092369478, "F1_Score": 0.7020408163265306, "Recall": 0.6935483870967742, "Precision": 0.7107438016528925, "Cohen_Kappa": 0.4135884117817853, "AUC": 0.7796129032258065, "TP": 86, "TN": 90, "FP": 35, "FN": 38}}, "MLP": {"valid": {"ACC": 0.6048387096774194, "F1_Score": 0.6141732283464566, "Recall": 0.6290322580645161, "Precision": 0.6, "Cohen_Kappa": 0.20967741935483875, "AUC": 0.6530306971904266, "TP": 78, "TN": 72, "FP": 52, "FN": 46}, "test": {"ACC": 0.6987951807228916, "F1_Score": 0.6887966804979253, "Recall": 0.6693548387096774, "Precision": 0.7094017094017094, "Cohen_Kappa": 0.3974445842609621, "AUC": 0.7666451612903226, "TP": 83, "TN": 91, "FP": 34, "FN": 41}}, "LR": {"valid": {"ACC": 0.5806451612903226, "F1_Score": 0.59375, "Recall": 0.6129032258064516, "Precision": 0.5757575757575758, "Cohen_Kappa": 0.16129032258064513, "AUC": 0.6204474505723205, "TP": 76, "TN": 68, "FP": 56, "FN": 48}, "test": {"ACC": 0.6947791164658634, "F1_Score": 0.6779661016949152, "Recall": 0.6451612903225806, "Precision": 0.7142857142857143, "Cohen_Kappa": 0.38931199173873765, "AUC": 0.7429677419354839, "TP": 80, "TN": 93, "FP": 32, "FN": 44}}, "ETAs": {"valid": {"ACC": 0.657258064516129, "F1_Score": 0.6613545816733067, "Recall": 0.6693548387096774, "Precision": 0.6535433070866141, "Cohen_Kappa": 0.3145161290322581, "AUC": 0.7242130593132154, "TP": 83, "TN": 80, "FP": 44, "FN": 41}, "test": {"ACC": 0.7389558232931727, "F1_Score": 0.7257383966244725, "Recall": 0.6935483870967742, "Precision": 0.7610619469026548, "Cohen_Kappa": 0.4777178998999645, "AUC": 0.8014193548387096, "TP": 86, "TN": 98, "FP": 27, "FN": 38}}, "CNB": {"valid": {"ACC": 0.6451612903225806, "F1_Score": 0.6333333333333333, "Recall": 0.6129032258064516, "Precision": 0.6551724137931034, "Cohen_Kappa": 0.29032258064516125, "AUC": 0.6762486992715921, "TP": 76, "TN": 84, "FP": 40, "FN": 48}, "test": {"ACC": 0.7068273092369478, "F1_Score": 0.6866952789699572, "Recall": 0.6451612903225806, "Precision": 0.7339449541284404, "Cohen_Kappa": 0.4133613038567049, "AUC": 0.7556774193548387, "TP": 80, "TN": 96, "FP": 29, "FN": 44}}, "GB": {"valid": {"ACC": 0.6854838709677419, "F1_Score": 0.6854838709677419, "Recall": 0.6854838709677419, "Precision": 0.6854838709677419, "Cohen_Kappa": 0.3709677419354839, "AUC": 0.7388787721123828, "TP": 85, "TN": 85, "FP": 39, "FN": 39}, "test": {"ACC": 0.6706827309236948, "F1_Score": 0.6434782608695653, "Recall": 0.5967741935483871, "Precision": 0.6981132075471698, "Cohen_Kappa": 0.3409721773933251, "AUC": 0.7408387096774194, "TP": 74, "TN": 93, "FP": 32, "FN": 50}}, "BAG": {"valid": {"ACC": 0.5766129032258065, "F1_Score": 0.5816733067729084, "Recall": 0.5887096774193549, "Precision": 0.5748031496062992, "Cohen_Kappa": 0.15322580645161288, "AUC": 0.6347229448491155, "TP": 73, "TN": 70, "FP": 54, "FN": 51}, "test": {"ACC": 0.6265060240963856, "F1_Score": 0.579185520361991, "Recall": 0.5161290322580645, "Precision": 0.6597938144329897, "Cohen_Kappa": 0.25234881993994773, "AUC": 0.6869999999999999, "TP": 64, "TN": 92, "FP": 33, "FN": 60}}}