{"OVR": {"valid": {"ACC": 0.5636363636363636, "F1_Score": 0.6, "Recall": 0.6666666666666666, "Precision": 0.5454545454545454, "Cohen_Kappa": 0.13043478260869568, "AUC": 0.6785714285714286, "TP": 18, "TN": 13, "FP": 15, "FN": 9}, "test": {"ACC": 0.6428571428571429, "F1_Score": 0.6428571428571429, "Recall": 0.6428571428571429, "Precision": 0.6428571428571429, "Cohen_Kappa": 0.2857142857142857, "AUC": 0.7168367346938775, "TP": 18, "TN": 18, "FP": 10, "FN": 10}}, "KNB": {"valid": {"ACC": 0.5818181818181818, "F1_Score": 0.634920634920635, "Recall": 0.7407407407407407, "Precision": 0.5555555555555556, "Cohen_Kappa": 0.168310322156476, "AUC": 0.6891534391534391, "TP": 20, "TN": 12, "FP": 16, "FN": 7}, "test": {"ACC": 0.6428571428571429, "F1_Score": 0.6551724137931035, "Recall": 0.6785714285714286, "Precision": 0.6333333333333333, "Cohen_Kappa": 0.2857142857142857, "AUC": 0.6760204081632654, "TP": 19, "TN": 17, "FP": 11, "FN": 9}}, "DT": {"valid": {"ACC": 0.6181818181818182, "F1_Score": 0.6557377049180328, "Recall": 0.7407407407407407, "Precision": 0.5882352941176471, "Cohen_Kappa": 0.23963133640552992, "AUC": 0.6203703703703703, "TP": 20, "TN": 14, "FP": 14, "FN": 7}, "test": {"ACC": 0.5178571428571429, "F1_Score": 0.5423728813559322, "Recall": 0.5714285714285714, "Precision": 0.5161290322580645, "Cohen_Kappa": 0.0357142857142857, "AUC": 0.5178571428571428, "TP": 16, "TN": 13, "FP": 15, "FN": 12}}, "MNB": {"valid": {"ACC": 0.6181818181818182, "F1_Score": 0.6666666666666666, "Recall": 0.7777777777777778, "Precision": 0.5833333333333334, "Cohen_Kappa": 0.2406311637080868, "AUC": 0.7076719576719578, "TP": 21, "TN": 13, "FP": 15, "FN": 6}, "test": {"ACC": 0.6607142857142857, "F1_Score": 0.6779661016949152, "Recall": 0.7142857142857143, "Precision": 0.6451612903225806, "Cohen_Kappa": 0.3214285714285714, "AUC": 0.7346938775510203, "TP": 20, "TN": 17, "FP": 11, "FN": 8}}, "RF": {"valid": {"ACC": 0.5818181818181818, "F1_Score": 0.634920634920635, "Recall": 0.7407407407407407, "Precision": 0.5555555555555556, "Cohen_Kappa": 0.168310322156476, "AUC": 0.6560846560846562, "TP": 20, "TN": 12, "FP": 16, "FN": 7}, "test": {"ACC": 0.6964285714285714, "F1_Score": 0.7017543859649122, "Recall": 0.7142857142857143, "Precision": 0.6896551724137931, "Cohen_Kappa": 0.3928571428571429, "AUC": 0.7436224489795918, "TP": 20, "TN": 19, "FP": 9, "FN": 8}}, "ADA": {"valid": {"ACC": 0.5454545454545454, "F1_Score": 0.5614035087719299, "Recall": 0.5925925925925926, "Precision": 0.5333333333333333, "Cohen_Kappa": 0.09240924092409242, "AUC": 0.6263227513227513, "TP": 16, "TN": 14, "FP": 14, "FN": 11}, "test": {"ACC": 0.5714285714285714, "F1_Score": 0.5862068965517241, "Recall": 0.6071428571428571, "Precision": 0.5666666666666667, "Cohen_Kappa": 0.1428571428571429, "AUC": 0.6014030612244898, "TP": 17, "TN": 15, "FP": 13, "FN": 11}}, "XGB": {"valid": {"ACC": 0.5636363636363636, "F1_Score": 0.625, "Recall": 0.7407407407407407, "Precision": 0.5405405405405406, "Cohen_Kappa": 0.13272010512483567, "AUC": 0.6507936507936508, "TP": 20, "TN": 11, "FP": 17, "FN": 7}, "test": {"ACC": 0.625, "F1_Score": 0.6557377049180327, "Recall": 0.7142857142857143, "Precision": 0.6060606060606061, "Cohen_Kappa": 0.25, "AUC": 0.7257653061224489, "TP": 20, "TN": 15, "FP": 13, "FN": 8}}, "MLP": {"valid": {"ACC": 0.5818181818181818, "F1_Score": 0.6461538461538462, "Recall": 0.7777777777777778, "Precision": 0.5526315789473685, "Cohen_Kappa": 0.16940249507550875, "AUC": 0.7433862433862434, "TP": 21, "TN": 11, "FP": 17, "FN": 6}, "test": {"ACC": 0.6071428571428571, "F1_Score": 0.6333333333333334, "Recall": 0.6785714285714286, "Precision": 0.59375, "Cohen_Kappa": 0.2142857142857143, "AUC": 0.6875, "TP": 19, "TN": 15, "FP": 13, "FN": 9}}, "LR": {"valid": {"ACC": 0.5636363636363636, "F1_Score": 0.6, "Recall": 0.6666666666666666, "Precision": 0.5454545454545454, "Cohen_Kappa": 0.13043478260869568, "AUC": 0.6785714285714286, "TP": 18, "TN": 13, "FP": 15, "FN": 9}, "test": {"ACC": 0.6428571428571429, "F1_Score": 0.6428571428571429, "Recall": 0.6428571428571429, "Precision": 0.6428571428571429, "Cohen_Kappa": 0.2857142857142857, "AUC": 0.7168367346938775, "TP": 18, "TN": 18, "FP": 10, "FN": 10}}, "ETAs": {"valid": {"ACC": 0.5818181818181818, "F1_Score": 0.6461538461538462, "Recall": 0.7777777777777778, "Precision": 0.5526315789473685, "Cohen_Kappa": 0.16940249507550875, "AUC": 0.6732804232804233, "TP": 21, "TN": 11, "FP": 17, "FN": 6}, "test": {"ACC": 0.6428571428571429, "F1_Score": 0.6666666666666666, "Recall": 0.7142857142857143, "Precision": 0.625, "Cohen_Kappa": 0.2857142857142857, "AUC": 0.6792091836734694, "TP": 20, "TN": 16, "FP": 12, "FN": 8}}, "CNB": {"valid": {"ACC": 0.6181818181818182, "F1_Score": 0.6666666666666666, "Recall": 0.7777777777777778, "Precision": 0.5833333333333334, "Cohen_Kappa": 0.2406311637080868, "AUC": 0.7076719576719578, "TP": 21, "TN": 13, "FP": 15, "FN": 6}, "test": {"ACC": 0.6607142857142857, "F1_Score": 0.6779661016949152, "Recall": 0.7142857142857143, "Precision": 0.6451612903225806, "Cohen_Kappa": 0.3214285714285714, "AUC": 0.7346938775510203, "TP": 20, "TN": 17, "FP": 11, "FN": 8}}, "GB": {"valid": {"ACC": 0.5818181818181818, "F1_Score": 0.6101694915254238, "Recall": 0.6666666666666666, "Precision": 0.5625, "Cohen_Kappa": 0.16611733684904406, "AUC": 0.6296296296296297, "TP": 18, "TN": 14, "FP": 14, "FN": 9}, "test": {"ACC": 0.5892857142857143, "F1_Score": 0.6101694915254238, "Recall": 0.6428571428571429, "Precision": 0.5806451612903226, "Cohen_Kappa": 0.1785714285714286, "AUC": 0.6556122448979591, "TP": 18, "TN": 15, "FP": 13, "FN": 10}}, "BAG": {"valid": {"ACC": 0.5818181818181818, "F1_Score": 0.5964912280701755, "Recall": 0.6296296296296297, "Precision": 0.5666666666666667, "Cohen_Kappa": 0.16501650165016502, "AUC": 0.6461640211640212, "TP": 17, "TN": 15, "FP": 13, "FN": 10}, "test": {"ACC": 0.5714285714285714, "F1_Score": 0.5384615384615384, "Recall": 0.5, "Precision": 0.5833333333333334, "Cohen_Kappa": 0.1428571428571429, "AUC": 0.6983418367346939, "TP": 14, "TN": 18, "FP": 10, "FN": 14}}}