{"OVR": {"valid": {"ACC": 0.684931506849315, "F1_Score": 0.6805555555555556, "Recall": 0.6712328767123288, "Precision": 0.6901408450704225, "Cohen_Kappa": 0.36986301369863017, "AUC": 0.7288421842747231, "TP": 49, "TN": 51, "FP": 22, "FN": 24}, "test": {"ACC": 0.6986301369863014, "F1_Score": 0.717948717948718, "Recall": 0.7671232876712328, "Precision": 0.6746987951807228, "Cohen_Kappa": 0.3972602739726028, "AUC": 0.7485456933758678, "TP": 56, "TN": 46, "FP": 27, "FN": 17}}, "KNB": {"valid": {"ACC": 0.5821917808219178, "F1_Score": 0.3440860215053763, "Recall": 0.2191780821917808, "Precision": 0.8, "Cohen_Kappa": 0.1643835616438356, "AUC": 0.6735785325577031, "TP": 16, "TN": 69, "FP": 4, "FN": 57}, "test": {"ACC": 0.6095890410958904, "F1_Score": 0.3870967741935484, "Recall": 0.2465753424657534, "Precision": 0.9, "Cohen_Kappa": 0.2191780821917808, "AUC": 0.7211484331018954, "TP": 18, "TN": 71, "FP": 2, "FN": 55}}, "DT": {"valid": {"ACC": 0.5616438356164384, "F1_Score": 0.5294117647058824, "Recall": 0.4931506849315068, "Precision": 0.5714285714285714, "Cohen_Kappa": 0.12328767123287676, "AUC": 0.5616438356164384, "TP": 36, "TN": 46, "FP": 27, "FN": 37}, "test": {"ACC": 0.6164383561643836, "F1_Score": 0.5942028985507246, "Recall": 0.5616438356164384, "Precision": 0.6307692307692307, "Cohen_Kappa": 0.23287671232876717, "AUC": 0.6164383561643836, "TP": 41, "TN": 49, "FP": 24, "FN": 32}}, "MNB": {"valid": {"ACC": 0.6575342465753424, "F1_Score": 0.6093750000000001, "Recall": 0.5342465753424658, "Precision": 0.7090909090909091, "Cohen_Kappa": 0.31506849315068497, "AUC": 0.7123287671232876, "TP": 39, "TN": 57, "FP": 16, "FN": 34}, "test": {"ACC": 0.6301369863013698, "F1_Score": 0.6142857142857142, "Recall": 0.589041095890411, "Precision": 0.6417910447761194, "Cohen_Kappa": 0.26027397260273977, "AUC": 0.710639894914618, "TP": 43, "TN": 49, "FP": 24, "FN": 30}}, "RF": {"valid": {"ACC": 0.7123287671232876, "F1_Score": 0.7200000000000001, "Recall": 0.7397260273972602, "Precision": 0.7012987012987013, "Cohen_Kappa": 0.4246575342465754, "AUC": 0.7839181835241132, "TP": 54, "TN": 50, "FP": 23, "FN": 19}, "test": {"ACC": 0.7328767123287672, "F1_Score": 0.7483870967741935, "Recall": 0.7945205479452054, "Precision": 0.7073170731707317, "Cohen_Kappa": 0.4657534246575342, "AUC": 0.789078626383937, "TP": 58, "TN": 49, "FP": 24, "FN": 15}}, "ADA": {"valid": {"ACC": 0.678082191780822, "F1_Score": 0.6666666666666666, "Recall": 0.6438356164383562, "Precision": 0.6911764705882353, "Cohen_Kappa": 0.3561643835616438, "AUC": 0.7448864702570839, "TP": 47, "TN": 52, "FP": 21, "FN": 26}, "test": {"ACC": 0.678082191780822, "F1_Score": 0.6758620689655173, "Recall": 0.6712328767123288, "Precision": 0.6805555555555556, "Cohen_Kappa": 0.3561643835616438, "AUC": 0.7306248827172077, "TP": 49, "TN": 50, "FP": 23, "FN": 24}}, "XGB": {"valid": {"ACC": 0.6712328767123288, "F1_Score": 0.6666666666666666, "Recall": 0.6575342465753424, "Precision": 0.676056338028169, "Cohen_Kappa": 0.34246575342465757, "AUC": 0.7519234377932069, "TP": 48, "TN": 50, "FP": 23, "FN": 25}, "test": {"ACC": 0.7465753424657534, "F1_Score": 0.7581699346405228, "Recall": 0.7945205479452054, "Precision": 0.725, "Cohen_Kappa": 0.4931506849315068, "AUC": 0.7639331957215236, "TP": 58, "TN": 51, "FP": 22, "FN": 15}}, "MLP": {"valid": {"ACC": 0.7054794520547946, "F1_Score": 0.6861313868613139, "Recall": 0.6438356164383562, "Precision": 0.734375, "Cohen_Kappa": 0.410958904109589, "AUC": 0.754925877275286, "TP": 47, "TN": 56, "FP": 17, "FN": 26}, "test": {"ACC": 0.684931506849315, "F1_Score": 0.7012987012987013, "Recall": 0.7397260273972602, "Precision": 0.6666666666666666, "Cohen_Kappa": 0.36986301369863017, "AUC": 0.7579283167573653, "TP": 54, "TN": 46, "FP": 27, "FN": 19}}, "LR": {"valid": {"ACC": 0.684931506849315, "F1_Score": 0.6805555555555556, "Recall": 0.6712328767123288, "Precision": 0.6901408450704225, "Cohen_Kappa": 0.36986301369863017, "AUC": 0.7288421842747231, "TP": 49, "TN": 51, "FP": 22, "FN": 24}, "test": {"ACC": 0.6986301369863014, "F1_Score": 0.717948717948718, "Recall": 0.7671232876712328, "Precision": 0.6746987951807228, "Cohen_Kappa": 0.3972602739726028, "AUC": 0.7485456933758678, "TP": 56, "TN": 46, "FP": 27, "FN": 17}}, "ETAs": {"valid": {"ACC": 0.7397260273972602, "F1_Score": 0.7285714285714286, "Recall": 0.6986301369863014, "Precision": 0.7611940298507462, "Cohen_Kappa": 0.4794520547945206, "AUC": 0.7885156689810471, "TP": 51, "TN": 57, "FP": 16, "FN": 22}, "test": {"ACC": 0.7054794520547946, "F1_Score": 0.7189542483660132, "Recall": 0.7534246575342466, "Precision": 0.6875, "Cohen_Kappa": 0.410958904109589, "AUC": 0.7860761869018578, "TP": 55, "TN": 48, "FP": 25, "FN": 18}}, "CNB": {"valid": {"ACC": 0.6575342465753424, "F1_Score": 0.6093750000000001, "Recall": 0.5342465753424658, "Precision": 0.7090909090909091, "Cohen_Kappa": 0.31506849315068497, "AUC": 0.7123287671232876, "TP": 39, "TN": 57, "FP": 16, "FN": 34}, "test": {"ACC": 0.6301369863013698, "F1_Score": 0.6142857142857142, "Recall": 0.589041095890411, "Precision": 0.6417910447761194, "Cohen_Kappa": 0.26027397260273977, "AUC": 0.710639894914618, "TP": 43, "TN": 49, "FP": 24, "FN": 30}}, "GB": {"valid": {"ACC": 0.7123287671232876, "F1_Score": 0.7083333333333335, "Recall": 0.6986301369863014, "Precision": 0.7183098591549296, "Cohen_Kappa": 0.4246575342465754, "AUC": 0.7691874648151623, "TP": 51, "TN": 53, "FP": 20, "FN": 22}, "test": {"ACC": 0.7123287671232876, "F1_Score": 0.7162162162162162, "Recall": 0.726027397260274, "Precision": 0.7066666666666667, "Cohen_Kappa": 0.4246575342465754, "AUC": 0.7596171889660349, "TP": 53, "TN": 51, "FP": 22, "FN": 20}}, "BAG": {"valid": {"ACC": 0.6712328767123288, "F1_Score": 0.657142857142857, "Recall": 0.6301369863013698, "Precision": 0.6865671641791045, "Cohen_Kappa": 0.34246575342465757, "AUC": 0.6779883655470069, "TP": 46, "TN": 52, "FP": 21, "FN": 27}, "test": {"ACC": 0.6986301369863014, "F1_Score": 0.6901408450704226, "Recall": 0.6712328767123288, "Precision": 0.7101449275362319, "Cohen_Kappa": 0.3972602739726028, "AUC": 0.7421655094764497, "TP": 49, "TN": 53, "FP": 20, "FN": 24}}}