{"OVR": {"valid": {"ACC": 0.708994708994709, "F1_Score": 0.7150259067357513, "Recall": 0.7340425531914894, "Precision": 0.696969696969697, "Cohen_Kappa": 0.4181360201511335, "AUC": 0.7870100783874581, "TP": 69, "TN": 65, "FP": 30, "FN": 25}, "test": {"ACC": 0.7354497354497355, "F1_Score": 0.7282608695652174, "Recall": 0.7052631578947368, "Precision": 0.7528089887640449, "Cohen_Kappa": 0.4710623530728759, "AUC": 0.7739081746920493, "TP": 67, "TN": 72, "FP": 22, "FN": 28}}, "KNB": {"valid": {"ACC": 0.6190476190476191, "F1_Score": 0.4461538461538461, "Recall": 0.30851063829787234, "Precision": 0.8055555555555556, "Cohen_Kappa": 0.23559150657229533, "AUC": 0.6738521836506159, "TP": 29, "TN": 88, "FP": 7, "FN": 65}, "test": {"ACC": 0.5978835978835979, "F1_Score": 0.40625000000000006, "Recall": 0.2736842105263158, "Precision": 0.7878787878787878, "Cohen_Kappa": 0.19852695011717447, "AUC": 0.7067189249720045, "TP": 26, "TN": 87, "FP": 7, "FN": 69}}, "DT": {"valid": {"ACC": 0.6243386243386243, "F1_Score": 0.6358974358974359, "Recall": 0.6595744680851063, "Precision": 0.6138613861386139, "Cohen_Kappa": 0.24895057928023734, "AUC": 0.6245240761478164, "TP": 62, "TN": 56, "FP": 39, "FN": 32}, "test": {"ACC": 0.5608465608465608, "F1_Score": 0.5414364640883979, "Recall": 0.5157894736842106, "Precision": 0.5697674418604651, "Cohen_Kappa": 0.12211091835021548, "AUC": 0.5610862262038074, "TP": 49, "TN": 57, "FP": 37, "FN": 46}}, "MNB": {"valid": {"ACC": 0.708994708994709, "F1_Score": 0.7208121827411168, "Recall": 0.7553191489361702, "Precision": 0.6893203883495146, "Cohen_Kappa": 0.41826627119592585, "AUC": 0.7721164613661814, "TP": 71, "TN": 63, "FP": 32, "FN": 23}, "test": {"ACC": 0.6455026455026455, "F1_Score": 0.6666666666666666, "Recall": 0.7052631578947368, "Precision": 0.6320754716981132, "Cohen_Kappa": 0.29054849011149086, "AUC": 0.7251959686450167, "TP": 67, "TN": 55, "FP": 39, "FN": 28}}, "RF": {"valid": {"ACC": 0.7301587301587301, "F1_Score": 0.7437185929648242, "Recall": 0.7872340425531915, "Precision": 0.7047619047619048, "Cohen_Kappa": 0.46063454759106937, "AUC": 0.785666293393057, "TP": 74, "TN": 64, "FP": 31, "FN": 20}, "test": {"ACC": 0.7037037037037037, "F1_Score": 0.7083333333333334, "Recall": 0.7157894736842105, "Precision": 0.7010309278350515, "Cohen_Kappa": 0.4073244484264755, "AUC": 0.7622620380739081, "TP": 68, "TN": 65, "FP": 29, "FN": 27}}, "ADA": {"valid": {"ACC": 0.5978835978835979, "F1_Score": 0.6000000000000001, "Recall": 0.6063829787234043, "Precision": 0.59375, "Cohen_Kappa": 0.19583473295263687, "AUC": 0.6702127659574468, "TP": 57, "TN": 56, "FP": 39, "FN": 37}, "test": {"ACC": 0.6402116402116402, "F1_Score": 0.6382978723404255, "Recall": 0.631578947368421, "Precision": 0.6451612903225806, "Cohen_Kappa": 0.28048370843130666, "AUC": 0.6666853303471445, "TP": 60, "TN": 61, "FP": 33, "FN": 35}}, "XGB": {"valid": {"ACC": 0.7195767195767195, "F1_Score": 0.7225130890052357, "Recall": 0.7340425531914894, "Precision": 0.711340206185567, "Cohen_Kappa": 0.43923193192632826, "AUC": 0.7541993281075028, "TP": 69, "TN": 67, "FP": 28, "FN": 25}, "test": {"ACC": 0.6455026455026455, "F1_Score": 0.6564102564102564, "Recall": 0.6736842105263158, "Precision": 0.64, "Cohen_Kappa": 0.2907868944273313, "AUC": 0.7171332586786114, "TP": 64, "TN": 58, "FP": 36, "FN": 31}}, "MLP": {"valid": {"ACC": 0.7195767195767195, "F1_Score": 0.7309644670050762, "Recall": 0.7659574468085106, "Precision": 0.6990291262135923, "Cohen_Kappa": 0.4394202249706195, "AUC": 0.7821948488241881, "TP": 72, "TN": 64, "FP": 31, "FN": 22}, "test": {"ACC": 0.6984126984126984, "F1_Score": 0.6850828729281767, "Recall": 0.6526315789473685, "Precision": 0.7209302325581395, "Cohen_Kappa": 0.3971123174212323, "AUC": 0.7443449048152296, "TP": 62, "TN": 70, "FP": 24, "FN": 33}}, "LR": {"valid": {"ACC": 0.708994708994709, "F1_Score": 0.7150259067357513, "Recall": 0.7340425531914894, "Precision": 0.696969696969697, "Cohen_Kappa": 0.4181360201511335, "AUC": 0.7870100783874581, "TP": 69, "TN": 65, "FP": 30, "FN": 25}, "test": {"ACC": 0.7354497354497355, "F1_Score": 0.7282608695652174, "Recall": 0.7052631578947368, "Precision": 0.7528089887640449, "Cohen_Kappa": 0.4710623530728759, "AUC": 0.7739081746920493, "TP": 67, "TN": 72, "FP": 22, "FN": 28}}, "ETAs": {"valid": {"ACC": 0.7619047619047619, "F1_Score": 0.761904761904762, "Recall": 0.7659574468085106, "Precision": 0.7578947368421053, "Cohen_Kappa": 0.5238228542634791, "AUC": 0.7908734602463605, "TP": 72, "TN": 72, "FP": 23, "FN": 22}, "test": {"ACC": 0.6772486772486772, "F1_Score": 0.6839378238341969, "Recall": 0.6947368421052632, "Precision": 0.673469387755102, "Cohen_Kappa": 0.35437083496667976, "AUC": 0.7340425531914894, "TP": 66, "TN": 62, "FP": 32, "FN": 29}}, "CNB": {"valid": {"ACC": 0.708994708994709, "F1_Score": 0.7208121827411168, "Recall": 0.7553191489361702, "Precision": 0.6893203883495146, "Cohen_Kappa": 0.41826627119592585, "AUC": 0.7721164613661814, "TP": 71, "TN": 63, "FP": 32, "FN": 23}, "test": {"ACC": 0.6455026455026455, "F1_Score": 0.6666666666666666, "Recall": 0.7052631578947368, "Precision": 0.6320754716981132, "Cohen_Kappa": 0.29054849011149086, "AUC": 0.7251959686450167, "TP": 67, "TN": 55, "FP": 39, "FN": 28}}, "GB": {"valid": {"ACC": 0.6825396825396826, "F1_Score": 0.6774193548387099, "Recall": 0.6702127659574468, "Precision": 0.6847826086956522, "Cohen_Kappa": 0.36499048045693805, "AUC": 0.7286114221724524, "TP": 63, "TN": 66, "FP": 29, "FN": 31}, "test": {"ACC": 0.6772486772486772, "F1_Score": 0.6903553299492386, "Recall": 0.7157894736842105, "Precision": 0.6666666666666666, "Cohen_Kappa": 0.3542261804738699, "AUC": 0.6980403135498321, "TP": 68, "TN": 60, "FP": 34, "FN": 27}}, "BAG": {"valid": {"ACC": 0.6084656084656085, "F1_Score": 0.6185567010309279, "Recall": 0.6382978723404256, "Precision": 0.6, "Cohen_Kappa": 0.21717228254785625, "AUC": 0.6698208286674133, "TP": 60, "TN": 55, "FP": 40, "FN": 34}, "test": {"ACC": 0.5925925925925926, "F1_Score": 0.6051282051282052, "Recall": 0.6210526315789474, "Precision": 0.59, "Cohen_Kappa": 0.1849341921030523, "AUC": 0.6694288913773797, "TP": 59, "TN": 53, "FP": 41, "FN": 36}}}