{"OVR": {"valid": {"ACC": 0.5666666666666667, "F1_Score": 0.5859872611464968, "Recall": 0.6133333333333333, "Precision": 0.5609756097560976, "Cohen_Kappa": 0.1333333333333333, "AUC": 0.6319999999999999, "TP": 46, "TN": 39, "FP": 36, "FN": 29}, "test": {"ACC": 0.54, "F1_Score": 0.5241379310344827, "Recall": 0.5066666666666667, "Precision": 0.5428571428571428, "Cohen_Kappa": 0.07999999999999996, "AUC": 0.5747555555555556, "TP": 38, "TN": 43, "FP": 32, "FN": 37}}, "KNB": {"valid": {"ACC": 0.5866666666666667, "F1_Score": 0.5921052631578947, "Recall": 0.6, "Precision": 0.5844155844155844, "Cohen_Kappa": 0.17333333333333334, "AUC": 0.6172444444444444, "TP": 45, "TN": 43, "FP": 32, "FN": 30}, "test": {"ACC": 0.5733333333333334, "F1_Score": 0.5362318840579711, "Recall": 0.49333333333333335, "Precision": 0.5873015873015873, "Cohen_Kappa": 0.1466666666666666, "AUC": 0.5792, "TP": 37, "TN": 49, "FP": 26, "FN": 38}}, "DT": {"valid": {"ACC": 0.5733333333333334, "F1_Score": 0.5492957746478873, "Recall": 0.52, "Precision": 0.582089552238806, "Cohen_Kappa": 0.1466666666666666, "AUC": 0.5711999999999999, "TP": 39, "TN": 47, "FP": 28, "FN": 36}, "test": {"ACC": 0.5866666666666667, "F1_Score": 0.5633802816901409, "Recall": 0.5333333333333333, "Precision": 0.5970149253731343, "Cohen_Kappa": 0.17333333333333334, "AUC": 0.6115555555555555, "TP": 40, "TN": 48, "FP": 27, "FN": 35}}, "MNB": {"valid": {"ACC": 0.6, "F1_Score": 0.6341463414634146, "Recall": 0.6933333333333334, "Precision": 0.5842696629213483, "Cohen_Kappa": 0.19999999999999996, "AUC": 0.6119111111111111, "TP": 52, "TN": 38, "FP": 37, "FN": 23}, "test": {"ACC": 0.52, "F1_Score": 0.5443037974683543, "Recall": 0.5733333333333334, "Precision": 0.5180722891566265, "Cohen_Kappa": 0.040000000000000036, "AUC": 0.5639111111111111, "TP": 43, "TN": 35, "FP": 40, "FN": 32}}, "RF": {"valid": {"ACC": 0.6, "F1_Score": 0.5945945945945945, "Recall": 0.5866666666666667, "Precision": 0.6027397260273972, "Cohen_Kappa": 0.19999999999999996, "AUC": 0.6457777777777778, "TP": 44, "TN": 46, "FP": 29, "FN": 31}, "test": {"ACC": 0.6266666666666667, "F1_Score": 0.6363636363636364, "Recall": 0.6533333333333333, "Precision": 0.620253164556962, "Cohen_Kappa": 0.2533333333333333, "AUC": 0.644888888888889, "TP": 49, "TN": 45, "FP": 30, "FN": 26}}, "ADA": {"valid": {"ACC": 0.5733333333333334, "F1_Score": 0.5844155844155844, "Recall": 0.6, "Precision": 0.569620253164557, "Cohen_Kappa": 0.1466666666666666, "AUC": 0.6318222222222222, "TP": 45, "TN": 41, "FP": 34, "FN": 30}, "test": {"ACC": 0.5333333333333333, "F1_Score": 0.513888888888889, "Recall": 0.49333333333333335, "Precision": 0.5362318840579711, "Cohen_Kappa": 0.06666666666666665, "AUC": 0.5734222222222223, "TP": 37, "TN": 43, "FP": 32, "FN": 38}}, "XGB": {"valid": {"ACC": 0.58, "F1_Score": 0.5827814569536424, "Recall": 0.5866666666666667, "Precision": 0.5789473684210527, "Cohen_Kappa": 0.16000000000000003, "AUC": 0.6284444444444444, "TP": 44, "TN": 43, "FP": 32, "FN": 31}, "test": {"ACC": 0.5733333333333334, "F1_Score": 0.5733333333333334, "Recall": 0.5733333333333334, "Precision": 0.5733333333333334, "Cohen_Kappa": 0.1466666666666666, "AUC": 0.6081777777777778, "TP": 43, "TN": 43, "FP": 32, "FN": 32}}, "MLP": {"valid": {"ACC": 0.6133333333333333, "F1_Score": 0.6233766233766234, "Recall": 0.64, "Precision": 0.6075949367088608, "Cohen_Kappa": 0.22666666666666668, "AUC": 0.6403555555555556, "TP": 48, "TN": 44, "FP": 31, "FN": 27}, "test": {"ACC": 0.5466666666666666, "F1_Score": 0.5342465753424657, "Recall": 0.52, "Precision": 0.5492957746478874, "Cohen_Kappa": 0.09333333333333338, "AUC": 0.5715555555555556, "TP": 39, "TN": 43, "FP": 32, "FN": 36}}, "LR": {"valid": {"ACC": 0.5666666666666667, "F1_Score": 0.5859872611464968, "Recall": 0.6133333333333333, "Precision": 0.5609756097560976, "Cohen_Kappa": 0.1333333333333333, "AUC": 0.6319999999999999, "TP": 46, "TN": 39, "FP": 36, "FN": 29}, "test": {"ACC": 0.54, "F1_Score": 0.5241379310344827, "Recall": 0.5066666666666667, "Precision": 0.5428571428571428, "Cohen_Kappa": 0.07999999999999996, "AUC": 0.5747555555555556, "TP": 38, "TN": 43, "FP": 32, "FN": 37}}, "ETAs": {"valid": {"ACC": 0.6, "F1_Score": 0.6103896103896105, "Recall": 0.6266666666666667, "Precision": 0.5949367088607594, "Cohen_Kappa": 0.19999999999999996, "AUC": 0.6331555555555556, "TP": 47, "TN": 43, "FP": 32, "FN": 28}, "test": {"ACC": 0.6133333333333333, "F1_Score": 0.6133333333333333, "Recall": 0.6133333333333333, "Precision": 0.6133333333333333, "Cohen_Kappa": 0.22666666666666668, "AUC": 0.6516444444444444, "TP": 46, "TN": 46, "FP": 29, "FN": 29}}, "CNB": {"valid": {"ACC": 0.6, "F1_Score": 0.6341463414634146, "Recall": 0.6933333333333334, "Precision": 0.5842696629213483, "Cohen_Kappa": 0.19999999999999996, "AUC": 0.6119111111111111, "TP": 52, "TN": 38, "FP": 37, "FN": 23}, "test": {"ACC": 0.52, "F1_Score": 0.5443037974683543, "Recall": 0.5733333333333334, "Precision": 0.5180722891566265, "Cohen_Kappa": 0.040000000000000036, "AUC": 0.5639111111111111, "TP": 43, "TN": 35, "FP": 40, "FN": 32}}, "GB": {"valid": {"ACC": 0.5866666666666667, "F1_Score": 0.6219512195121951, "Recall": 0.68, "Precision": 0.5730337078651685, "Cohen_Kappa": 0.17333333333333334, "AUC": 0.6391111111111112, "TP": 51, "TN": 37, "FP": 38, "FN": 24}, "test": {"ACC": 0.5733333333333334, "F1_Score": 0.5733333333333334, "Recall": 0.5733333333333334, "Precision": 0.5733333333333334, "Cohen_Kappa": 0.1466666666666666, "AUC": 0.5804444444444444, "TP": 43, "TN": 43, "FP": 32, "FN": 32}}, "BAG": {"valid": {"ACC": 0.5466666666666666, "F1_Score": 0.4999999999999999, "Recall": 0.4533333333333333, "Precision": 0.5573770491803278, "Cohen_Kappa": 0.09333333333333338, "AUC": 0.6144, "TP": 34, "TN": 48, "FP": 27, "FN": 41}, "test": {"ACC": 0.5533333333333333, "F1_Score": 0.5179856115107914, "Recall": 0.48, "Precision": 0.5625, "Cohen_Kappa": 0.10666666666666669, "AUC": 0.6054222222222223, "TP": 36, "TN": 47, "FP": 28, "FN": 39}}}