{"OVR": {"valid": {"ACC": 0.5430711610486891, "F1_Score": 0.5447761194029851, "Recall": 0.5488721804511278, "Precision": 0.5407407407407407, "Cohen_Kappa": 0.08618077764686083, "AUC": 0.5689597127146224, "TP": 73, "TN": 72, "FP": 62, "FN": 60}, "test": {"ACC": 0.6156716417910447, "F1_Score": 0.6142322097378277, "Recall": 0.6119402985074627, "Precision": 0.6165413533834586, "Cohen_Kappa": 0.23134328358208955, "AUC": 0.6463020717308976, "TP": 82, "TN": 83, "FP": 51, "FN": 52}}, "KNB": {"valid": {"ACC": 0.5692883895131086, "F1_Score": 0.39153439153439157, "Recall": 0.2781954887218045, "Precision": 0.6607142857142857, "Cohen_Kappa": 0.13669974976804333, "AUC": 0.5745707552463247, "TP": 37, "TN": 115, "FP": 19, "FN": 96}, "test": {"ACC": 0.6156716417910447, "F1_Score": 0.430939226519337, "Recall": 0.291044776119403, "Precision": 0.8297872340425532, "Cohen_Kappa": 0.23134328358208955, "AUC": 0.621881265315215, "TP": 39, "TN": 126, "FP": 8, "FN": 95}}, "DT": {"valid": {"ACC": 0.5692883895131086, "F1_Score": 0.5756457564575646, "Recall": 0.5864661654135338, "Precision": 0.5652173913043478, "Cohen_Kappa": 0.13868551712530508, "AUC": 0.5693524856918415, "TP": 78, "TN": 74, "FP": 60, "FN": 55}, "test": {"ACC": 0.5597014925373134, "F1_Score": 0.5693430656934307, "Recall": 0.582089552238806, "Precision": 0.5571428571428572, "Cohen_Kappa": 0.11940298507462688, "AUC": 0.5597014925373135, "TP": 78, "TN": 72, "FP": 62, "FN": 56}}, "MNB": {"valid": {"ACC": 0.5842696629213483, "F1_Score": 0.587360594795539, "Recall": 0.5939849624060151, "Precision": 0.5808823529411765, "Cohen_Kappa": 0.16859763794989757, "AUC": 0.6309617326899338, "TP": 79, "TN": 77, "FP": 57, "FN": 54}, "test": {"ACC": 0.5970149253731343, "F1_Score": 0.6, "Recall": 0.6044776119402985, "Precision": 0.5955882352941176, "Cohen_Kappa": 0.19402985074626866, "AUC": 0.6574961015816441, "TP": 81, "TN": 79, "FP": 55, "FN": 53}}, "RF": {"valid": {"ACC": 0.6067415730337079, "F1_Score": 0.6263345195729537, "Recall": 0.6616541353383458, "Precision": 0.5945945945945946, "Cohen_Kappa": 0.21380296699290502, "AUC": 0.6574739086522275, "TP": 88, "TN": 74, "FP": 60, "FN": 45}, "test": {"ACC": 0.6231343283582089, "F1_Score": 0.6353790613718411, "Recall": 0.6567164179104478, "Precision": 0.6153846153846154, "Cohen_Kappa": 0.24626865671641796, "AUC": 0.6787981733125417, "TP": 88, "TN": 79, "FP": 55, "FN": 46}}, "ADA": {"valid": {"ACC": 0.6104868913857678, "F1_Score": 0.59375, "Recall": 0.5714285714285714, "Precision": 0.6178861788617886, "Cohen_Kappa": 0.22074423303586466, "AUC": 0.6274828863202784, "TP": 76, "TN": 87, "FP": 47, "FN": 57}, "test": {"ACC": 0.6044776119402985, "F1_Score": 0.5923076923076923, "Recall": 0.5746268656716418, "Precision": 0.6111111111111112, "Cohen_Kappa": 0.20895522388059706, "AUC": 0.6419859656939185, "TP": 77, "TN": 85, "FP": 49, "FN": 57}}, "XGB": {"valid": {"ACC": 0.5880149812734082, "F1_Score": 0.5769230769230769, "Recall": 0.5639097744360902, "Precision": 0.5905511811023622, "Cohen_Kappa": 0.17587967899433188, "AUC": 0.6322522724722254, "TP": 75, "TN": 82, "FP": 52, "FN": 58}, "test": {"ACC": 0.6268656716417911, "F1_Score": 0.635036496350365, "Recall": 0.6492537313432836, "Precision": 0.6214285714285714, "Cohen_Kappa": 0.25373134328358204, "AUC": 0.6582200935620405, "TP": 87, "TN": 81, "FP": 53, "FN": 47}}, "MLP": {"valid": {"ACC": 0.5393258426966292, "F1_Score": 0.5214007782101167, "Recall": 0.5037593984962406, "Precision": 0.5403225806451613, "Cohen_Kappa": 0.07840606145643325, "AUC": 0.5949949500617215, "TP": 67, "TN": 77, "FP": 57, "FN": 66}, "test": {"ACC": 0.6194029850746269, "F1_Score": 0.6330935251798562, "Recall": 0.6567164179104478, "Precision": 0.6111111111111112, "Cohen_Kappa": 0.23880597014925375, "AUC": 0.6554355090220538, "TP": 88, "TN": 78, "FP": 56, "FN": 46}}, "LR": {"valid": {"ACC": 0.5430711610486891, "F1_Score": 0.5447761194029851, "Recall": 0.5488721804511278, "Precision": 0.5407407407407407, "Cohen_Kappa": 0.08618077764686083, "AUC": 0.5689597127146224, "TP": 73, "TN": 72, "FP": 62, "FN": 60}, "test": {"ACC": 0.6156716417910447, "F1_Score": 0.6142322097378277, "Recall": 0.6119402985074627, "Precision": 0.6165413533834586, "Cohen_Kappa": 0.23134328358208955, "AUC": 0.6463020717308976, "TP": 82, "TN": 83, "FP": 51, "FN": 52}}, "ETAs": {"valid": {"ACC": 0.6441947565543071, "F1_Score": 0.6494464944649446, "Recall": 0.6616541353383458, "Precision": 0.6376811594202898, "Cohen_Kappa": 0.2884793402339476, "AUC": 0.6654696442599035, "TP": 88, "TN": 84, "FP": 50, "FN": 45}, "test": {"ACC": 0.6119402985074627, "F1_Score": 0.6258992805755396, "Recall": 0.6492537313432836, "Precision": 0.6041666666666666, "Cohen_Kappa": 0.22388059701492535, "AUC": 0.6709456449097795, "TP": 87, "TN": 77, "FP": 57, "FN": 47}}, "CNB": {"valid": {"ACC": 0.5842696629213483, "F1_Score": 0.587360594795539, "Recall": 0.5939849624060151, "Precision": 0.5808823529411765, "Cohen_Kappa": 0.16859763794989757, "AUC": 0.6309617326899338, "TP": 79, "TN": 77, "FP": 57, "FN": 54}, "test": {"ACC": 0.5970149253731343, "F1_Score": 0.6, "Recall": 0.6044776119402985, "Precision": 0.5955882352941176, "Cohen_Kappa": 0.19402985074626866, "AUC": 0.6574961015816441, "TP": 81, "TN": 79, "FP": 55, "FN": 53}}, "GB": {"valid": {"ACC": 0.6104868913857678, "F1_Score": 0.59375, "Recall": 0.5714285714285714, "Precision": 0.6178861788617886, "Cohen_Kappa": 0.22074423303586466, "AUC": 0.6520873078217932, "TP": 76, "TN": 87, "FP": 47, "FN": 57}, "test": {"ACC": 0.6156716417910447, "F1_Score": 0.5992217898832685, "Recall": 0.5746268656716418, "Precision": 0.6260162601626016, "Cohen_Kappa": 0.23134328358208955, "AUC": 0.656660726219648, "TP": 77, "TN": 88, "FP": 46, "FN": 57}}, "BAG": {"valid": {"ACC": 0.6104868913857678, "F1_Score": 0.6, "Recall": 0.5864661654135338, "Precision": 0.6141732283464567, "Cohen_Kappa": 0.22083169650373202, "AUC": 0.6401918976545843, "TP": 78, "TN": 85, "FP": 49, "FN": 55}, "test": {"ACC": 0.5970149253731343, "F1_Score": 0.5970149253731343, "Recall": 0.5970149253731343, "Precision": 0.5970149253731343, "Cohen_Kappa": 0.19402985074626866, "AUC": 0.6269770550233905, "TP": 80, "TN": 80, "FP": 54, "FN": 54}}}