{"OVR": {"valid": {"ACC": 0.6466666666666666, "F1_Score": 0.6442953020134228, "Recall": 0.64, "Precision": 0.6486486486486487, "Cohen_Kappa": 0.29333333333333333, "AUC": 0.6620444444444444, "TP": 48, "TN": 49, "FP": 26, "FN": 27}, "test": {"ACC": 0.6133333333333333, "F1_Score": 0.618421052631579, "Recall": 0.6266666666666667, "Precision": 0.6103896103896104, "Cohen_Kappa": 0.22666666666666668, "AUC": 0.6695111111111111, "TP": 47, "TN": 45, "FP": 30, "FN": 28}}, "KNB": {"valid": {"ACC": 0.6466666666666666, "F1_Score": 0.6344827586206896, "Recall": 0.6133333333333333, "Precision": 0.6571428571428571, "Cohen_Kappa": 0.29333333333333333, "AUC": 0.7012444444444444, "TP": 46, "TN": 51, "FP": 24, "FN": 29}, "test": {"ACC": 0.6733333333333333, "F1_Score": 0.6620689655172415, "Recall": 0.64, "Precision": 0.6857142857142857, "Cohen_Kappa": 0.3466666666666667, "AUC": 0.6984888888888889, "TP": 48, "TN": 53, "FP": 22, "FN": 27}}, "DT": {"valid": {"ACC": 0.5466666666666666, "F1_Score": 0.5466666666666666, "Recall": 0.5466666666666666, "Precision": 0.5466666666666666, "Cohen_Kappa": 0.09333333333333338, "AUC": 0.5466666666666666, "TP": 41, "TN": 41, "FP": 34, "FN": 34}, "test": {"ACC": 0.6133333333333333, "F1_Score": 0.6027397260273973, "Recall": 0.5866666666666667, "Precision": 0.6197183098591549, "Cohen_Kappa": 0.22666666666666668, "AUC": 0.6133333333333334, "TP": 44, "TN": 48, "FP": 27, "FN": 31}}, "MNB": {"valid": {"ACC": 0.6066666666666667, "F1_Score": 0.6193548387096774, "Recall": 0.64, "Precision": 0.6, "Cohen_Kappa": 0.21333333333333337, "AUC": 0.6791111111111111, "TP": 48, "TN": 43, "FP": 32, "FN": 27}, "test": {"ACC": 0.64, "F1_Score": 0.6625, "Recall": 0.7066666666666667, "Precision": 0.6235294117647059, "Cohen_Kappa": 0.28, "AUC": 0.6942222222222222, "TP": 53, "TN": 43, "FP": 32, "FN": 22}}, "RF": {"valid": {"ACC": 0.6466666666666666, "F1_Score": 0.6535947712418301, "Recall": 0.6666666666666666, "Precision": 0.6410256410256411, "Cohen_Kappa": 0.29333333333333333, "AUC": 0.6978666666666667, "TP": 50, "TN": 47, "FP": 28, "FN": 25}, "test": {"ACC": 0.66, "F1_Score": 0.670967741935484, "Recall": 0.6933333333333334, "Precision": 0.65, "Cohen_Kappa": 0.31999999999999995, "AUC": 0.7422222222222222, "TP": 52, "TN": 47, "FP": 28, "FN": 23}}, "ADA": {"valid": {"ACC": 0.6333333333333333, "F1_Score": 0.6451612903225806, "Recall": 0.6666666666666666, "Precision": 0.625, "Cohen_Kappa": 0.2666666666666667, "AUC": 0.6625777777777777, "TP": 50, "TN": 45, "FP": 30, "FN": 25}, "test": {"ACC": 0.62, "F1_Score": 0.5899280575539567, "Recall": 0.5466666666666666, "Precision": 0.640625, "Cohen_Kappa": 0.24, "AUC": 0.6382222222222222, "TP": 41, "TN": 52, "FP": 23, "FN": 34}}, "XGB": {"valid": {"ACC": 0.6666666666666666, "F1_Score": 0.6794871794871794, "Recall": 0.7066666666666667, "Precision": 0.654320987654321, "Cohen_Kappa": 0.33333333333333337, "AUC": 0.7152000000000001, "TP": 53, "TN": 47, "FP": 28, "FN": 22}, "test": {"ACC": 0.6733333333333333, "F1_Score": 0.6797385620915033, "Recall": 0.6933333333333334, "Precision": 0.6666666666666666, "Cohen_Kappa": 0.3466666666666667, "AUC": 0.7328, "TP": 52, "TN": 49, "FP": 26, "FN": 23}}, "MLP": {"valid": {"ACC": 0.6333333333333333, "F1_Score": 0.6540880503144655, "Recall": 0.6933333333333334, "Precision": 0.6190476190476191, "Cohen_Kappa": 0.2666666666666667, "AUC": 0.6488888888888888, "TP": 52, "TN": 43, "FP": 32, "FN": 23}, "test": {"ACC": 0.6466666666666666, "F1_Score": 0.6442953020134228, "Recall": 0.64, "Precision": 0.6486486486486487, "Cohen_Kappa": 0.29333333333333333, "AUC": 0.6991999999999999, "TP": 48, "TN": 49, "FP": 26, "FN": 27}}, "LR": {"valid": {"ACC": 0.6466666666666666, "F1_Score": 0.6442953020134228, "Recall": 0.64, "Precision": 0.6486486486486487, "Cohen_Kappa": 0.29333333333333333, "AUC": 0.6620444444444444, "TP": 48, "TN": 49, "FP": 26, "FN": 27}, "test": {"ACC": 0.6133333333333333, "F1_Score": 0.618421052631579, "Recall": 0.6266666666666667, "Precision": 0.6103896103896104, "Cohen_Kappa": 0.22666666666666668, "AUC": 0.6695111111111111, "TP": 47, "TN": 45, "FP": 30, "FN": 28}}, "ETAs": {"valid": {"ACC": 0.6533333333333333, "F1_Score": 0.6623376623376623, "Recall": 0.68, "Precision": 0.6455696202531646, "Cohen_Kappa": 0.30666666666666664, "AUC": 0.6989333333333334, "TP": 51, "TN": 47, "FP": 28, "FN": 24}, "test": {"ACC": 0.6866666666666666, "F1_Score": 0.6967741935483871, "Recall": 0.72, "Precision": 0.675, "Cohen_Kappa": 0.3733333333333333, "AUC": 0.762311111111111, "TP": 54, "TN": 49, "FP": 26, "FN": 21}}, "CNB": {"valid": {"ACC": 0.6066666666666667, "F1_Score": 0.6193548387096774, "Recall": 0.64, "Precision": 0.6, "Cohen_Kappa": 0.21333333333333337, "AUC": 0.6791111111111111, "TP": 48, "TN": 43, "FP": 32, "FN": 27}, "test": {"ACC": 0.64, "F1_Score": 0.6625, "Recall": 0.7066666666666667, "Precision": 0.6235294117647059, "Cohen_Kappa": 0.28, "AUC": 0.6942222222222222, "TP": 53, "TN": 43, "FP": 32, "FN": 22}}, "GB": {"valid": {"ACC": 0.68, "F1_Score": 0.68, "Recall": 0.68, "Precision": 0.68, "Cohen_Kappa": 0.36, "AUC": 0.7267555555555556, "TP": 51, "TN": 51, "FP": 24, "FN": 24}, "test": {"ACC": 0.6666666666666666, "F1_Score": 0.6753246753246753, "Recall": 0.6933333333333334, "Precision": 0.6582278481012658, "Cohen_Kappa": 0.33333333333333337, "AUC": 0.6972444444444444, "TP": 52, "TN": 48, "FP": 27, "FN": 23}}, "BAG": {"valid": {"ACC": 0.62, "F1_Score": 0.6068965517241379, "Recall": 0.5866666666666667, "Precision": 0.6285714285714286, "Cohen_Kappa": 0.24, "AUC": 0.6674666666666668, "TP": 44, "TN": 49, "FP": 26, "FN": 31}, "test": {"ACC": 0.6266666666666667, "F1_Score": 0.6056338028169014, "Recall": 0.5733333333333334, "Precision": 0.6417910447761194, "Cohen_Kappa": 0.2533333333333333, "AUC": 0.7152, "TP": 43, "TN": 51, "FP": 24, "FN": 32}}}