{"OVR": {"valid": {"ACC": 0.6060606060606061, "F1_Score": 0.6285714285714286, "Recall": 0.6666666666666666, "Precision": 0.5945945945945946, "Cohen_Kappa": 0.21212121212121215, "AUC": 0.6666666666666667, "TP": 22, "TN": 18, "FP": 15, "FN": 11}, "test": {"ACC": 0.5074626865671642, "F1_Score": 0.5074626865671642, "Recall": 0.5, "Precision": 0.5151515151515151, "Cohen_Kappa": 0.015144766146993338, "AUC": 0.5508021390374331, "TP": 17, "TN": 17, "FP": 16, "FN": 17}}, "KNB": {"valid": {"ACC": 0.696969696969697, "F1_Score": 0.7058823529411764, "Recall": 0.7272727272727273, "Precision": 0.6857142857142857, "Cohen_Kappa": 0.3939393939393939, "AUC": 0.7493112947658402, "TP": 24, "TN": 22, "FP": 11, "FN": 9}, "test": {"ACC": 0.5074626865671642, "F1_Score": 0.47619047619047616, "Recall": 0.4411764705882353, "Precision": 0.5172413793103449, "Cohen_Kappa": 0.016896398399288692, "AUC": 0.5637254901960784, "TP": 15, "TN": 19, "FP": 14, "FN": 19}}, "DT": {"valid": {"ACC": 0.6363636363636364, "F1_Score": 0.6470588235294118, "Recall": 0.6666666666666666, "Precision": 0.6285714285714286, "Cohen_Kappa": 0.2727272727272727, "AUC": 0.6363636363636362, "TP": 22, "TN": 20, "FP": 13, "FN": 11}, "test": {"ACC": 0.5373134328358209, "F1_Score": 0.5373134328358209, "Recall": 0.5294117647058824, "Precision": 0.5454545454545454, "Cohen_Kappa": 0.07483296213808466, "AUC": 0.5454545454545454, "TP": 18, "TN": 18, "FP": 15, "FN": 16}}, "MNB": {"valid": {"ACC": 0.6212121212121212, "F1_Score": 0.6376811594202899, "Recall": 0.6666666666666666, "Precision": 0.6111111111111112, "Cohen_Kappa": 0.24242424242424243, "AUC": 0.6740128558310376, "TP": 22, "TN": 19, "FP": 14, "FN": 11}, "test": {"ACC": 0.417910447761194, "F1_Score": 0.41791044776119407, "Recall": 0.4117647058823529, "Precision": 0.42424242424242425, "Cohen_Kappa": -0.1639198218262805, "AUC": 0.5089126559714796, "TP": 14, "TN": 14, "FP": 19, "FN": 20}}, "RF": {"valid": {"ACC": 0.6363636363636364, "F1_Score": 0.625, "Recall": 0.6060606060606061, "Precision": 0.6451612903225806, "Cohen_Kappa": 0.2727272727272727, "AUC": 0.7006427915518825, "TP": 20, "TN": 22, "FP": 11, "FN": 13}, "test": {"ACC": 0.5373134328358209, "F1_Score": 0.5230769230769231, "Recall": 0.5, "Precision": 0.5483870967741935, "Cohen_Kappa": 0.07565643079661777, "AUC": 0.5334224598930482, "TP": 17, "TN": 19, "FP": 14, "FN": 17}}, "ADA": {"valid": {"ACC": 0.5757575757575758, "F1_Score": 0.5483870967741935, "Recall": 0.5151515151515151, "Precision": 0.5862068965517241, "Cohen_Kappa": 0.1515151515151515, "AUC": 0.6519742883379247, "TP": 17, "TN": 21, "FP": 12, "FN": 16}, "test": {"ACC": 0.582089552238806, "F1_Score": 0.5757575757575757, "Recall": 0.5588235294117647, "Precision": 0.59375, "Cohen_Kappa": 0.16473731077471054, "AUC": 0.5392156862745097, "TP": 19, "TN": 20, "FP": 13, "FN": 15}}, "XGB": {"valid": {"ACC": 0.6818181818181818, "F1_Score": 0.6956521739130435, "Recall": 0.7272727272727273, "Precision": 0.6666666666666666, "Cohen_Kappa": 0.36363636363636365, "AUC": 0.7208448117539026, "TP": 24, "TN": 21, "FP": 12, "FN": 9}, "test": {"ACC": 0.582089552238806, "F1_Score": 0.6, "Recall": 0.6176470588235294, "Precision": 0.5833333333333334, "Cohen_Kappa": 0.16324710080285454, "AUC": 0.5837789661319074, "TP": 21, "TN": 18, "FP": 15, "FN": 13}}, "MLP": {"valid": {"ACC": 0.5757575757575758, "F1_Score": 0.6000000000000001, "Recall": 0.6363636363636364, "Precision": 0.5675675675675675, "Cohen_Kappa": 0.1515151515151515, "AUC": 0.660238751147842, "TP": 21, "TN": 17, "FP": 16, "FN": 12}, "test": {"ACC": 0.5074626865671642, "F1_Score": 0.47619047619047616, "Recall": 0.4411764705882353, "Precision": 0.5172413793103449, "Cohen_Kappa": 0.016896398399288692, "AUC": 0.516042780748663, "TP": 15, "TN": 19, "FP": 14, "FN": 19}}, "LR": {"valid": {"ACC": 0.6060606060606061, "F1_Score": 0.6285714285714286, "Recall": 0.6666666666666666, "Precision": 0.5945945945945946, "Cohen_Kappa": 0.21212121212121215, "AUC": 0.6666666666666667, "TP": 22, "TN": 18, "FP": 15, "FN": 11}, "test": {"ACC": 0.5074626865671642, "F1_Score": 0.5074626865671642, "Recall": 0.5, "Precision": 0.5151515151515151, "Cohen_Kappa": 0.015144766146993338, "AUC": 0.5508021390374331, "TP": 17, "TN": 17, "FP": 16, "FN": 17}}, "ETAs": {"valid": {"ACC": 0.6363636363636364, "F1_Score": 0.6470588235294118, "Recall": 0.6666666666666666, "Precision": 0.6285714285714286, "Cohen_Kappa": 0.2727272727272727, "AUC": 0.7199265381083564, "TP": 22, "TN": 20, "FP": 13, "FN": 11}, "test": {"ACC": 0.47761194029850745, "F1_Score": 0.4776119402985075, "Recall": 0.47058823529411764, "Precision": 0.48484848484848486, "Cohen_Kappa": -0.04454342984409787, "AUC": 0.5267379679144385, "TP": 16, "TN": 16, "FP": 17, "FN": 18}}, "CNB": {"valid": {"ACC": 0.6212121212121212, "F1_Score": 0.6376811594202899, "Recall": 0.6666666666666666, "Precision": 0.6111111111111112, "Cohen_Kappa": 0.24242424242424243, "AUC": 0.6740128558310376, "TP": 22, "TN": 19, "FP": 14, "FN": 11}, "test": {"ACC": 0.417910447761194, "F1_Score": 0.41791044776119407, "Recall": 0.4117647058823529, "Precision": 0.42424242424242425, "Cohen_Kappa": -0.1639198218262805, "AUC": 0.5089126559714796, "TP": 14, "TN": 14, "FP": 19, "FN": 20}}, "GB": {"valid": {"ACC": 0.6818181818181818, "F1_Score": 0.6956521739130435, "Recall": 0.7272727272727273, "Precision": 0.6666666666666666, "Cohen_Kappa": 0.36363636363636365, "AUC": 0.7134986225895317, "TP": 24, "TN": 21, "FP": 12, "FN": 9}, "test": {"ACC": 0.5970149253731343, "F1_Score": 0.5846153846153845, "Recall": 0.5588235294117647, "Precision": 0.6129032258064516, "Cohen_Kappa": 0.19492656875834447, "AUC": 0.5980392156862745, "TP": 19, "TN": 21, "FP": 12, "FN": 15}}, "BAG": {"valid": {"ACC": 0.6515151515151515, "F1_Score": 0.5660377358490566, "Recall": 0.45454545454545453, "Precision": 0.75, "Cohen_Kappa": 0.303030303030303, "AUC": 0.6597796143250687, "TP": 15, "TN": 28, "FP": 5, "FN": 18}, "test": {"ACC": 0.5074626865671642, "F1_Score": 0.45901639344262296, "Recall": 0.4117647058823529, "Precision": 0.5185185185185185, "Cohen_Kappa": 0.017769880053309706, "AUC": 0.5347593582887701, "TP": 14, "TN": 20, "FP": 13, "FN": 20}}}