{"OVR": {"valid": {"ACC": 0.5161290322580645, "F1_Score": 0.4827586206896552, "Recall": 0.4666666666666667, "Precision": 0.5, "Cohen_Kappa": 0.029227557411273586, "AUC": 0.5916666666666667, "TP": 7, "TN": 9, "FP": 7, "FN": 8}, "test": {"ACC": 0.7096774193548387, "F1_Score": 0.6896551724137931, "Recall": 0.625, "Precision": 0.7692307692307693, "Cohen_Kappa": 0.422360248447205, "AUC": 0.7583333333333334, "TP": 10, "TN": 12, "FP": 3, "FN": 6}}, "KNB": {"valid": {"ACC": 0.5806451612903226, "F1_Score": 0.6666666666666667, "Recall": 0.8666666666666667, "Precision": 0.5416666666666666, "Cohen_Kappa": 0.17586912065439664, "AUC": 0.8125, "TP": 13, "TN": 5, "FP": 11, "FN": 2}, "test": {"ACC": 0.6129032258064516, "F1_Score": 0.6842105263157896, "Recall": 0.8125, "Precision": 0.5909090909090909, "Cohen_Kappa": 0.21518987341772144, "AUC": 0.6541666666666667, "TP": 13, "TN": 6, "FP": 9, "FN": 3}}, "DT": {"valid": {"ACC": 0.8064516129032258, "F1_Score": 0.8235294117647058, "Recall": 0.9333333333333333, "Precision": 0.7368421052631579, "Cohen_Kappa": 0.615702479338843, "AUC": 0.8104166666666667, "TP": 14, "TN": 11, "FP": 5, "FN": 1}, "test": {"ACC": 0.5806451612903226, "F1_Score": 0.6060606060606061, "Recall": 0.625, "Precision": 0.5882352941176471, "Cohen_Kappa": 0.15866388308977042, "AUC": 0.5791666666666667, "TP": 10, "TN": 8, "FP": 7, "FN": 6}}, "MNB": {"valid": {"ACC": 0.6451612903225806, "F1_Score": 0.6451612903225806, "Recall": 0.6666666666666666, "Precision": 0.625, "Cohen_Kappa": 0.2910602910602911, "AUC": 0.625, "TP": 10, "TN": 10, "FP": 6, "FN": 5}, "test": {"ACC": 0.6774193548387096, "F1_Score": 0.6875, "Recall": 0.6875, "Precision": 0.6875, "Cohen_Kappa": 0.35416666666666674, "AUC": 0.7166666666666668, "TP": 11, "TN": 10, "FP": 5, "FN": 5}}, "RF": {"valid": {"ACC": 0.5806451612903226, "F1_Score": 0.5806451612903225, "Recall": 0.6, "Precision": 0.5625, "Cohen_Kappa": 0.16216216216216217, "AUC": 0.6854166666666667, "TP": 9, "TN": 9, "FP": 7, "FN": 6}, "test": {"ACC": 0.7096774193548387, "F1_Score": 0.6666666666666666, "Recall": 0.5625, "Precision": 0.8181818181818182, "Cohen_Kappa": 0.42474226804123705, "AUC": 0.7979166666666666, "TP": 9, "TN": 13, "FP": 2, "FN": 7}}, "ADA": {"valid": {"ACC": 0.5806451612903226, "F1_Score": 0.5185185185185186, "Recall": 0.4666666666666667, "Precision": 0.5833333333333334, "Cohen_Kappa": 0.15513626834381544, "AUC": 0.5291666666666667, "TP": 7, "TN": 11, "FP": 5, "FN": 8}, "test": {"ACC": 0.6774193548387096, "F1_Score": 0.6428571428571429, "Recall": 0.5625, "Precision": 0.75, "Cohen_Kappa": 0.359504132231405, "AUC": 0.7104166666666667, "TP": 9, "TN": 12, "FP": 3, "FN": 7}}, "XGB": {"valid": {"ACC": 0.5806451612903226, "F1_Score": 0.5517241379310344, "Recall": 0.5333333333333333, "Precision": 0.5714285714285714, "Cohen_Kappa": 0.15866388308977042, "AUC": 0.6208333333333333, "TP": 8, "TN": 10, "FP": 6, "FN": 7}, "test": {"ACC": 0.6774193548387096, "F1_Score": 0.6666666666666666, "Recall": 0.625, "Precision": 0.7142857142857143, "Cohen_Kappa": 0.3568464730290456, "AUC": 0.7166666666666667, "TP": 10, "TN": 11, "FP": 4, "FN": 6}}, "MLP": {"valid": {"ACC": 0.5483870967741935, "F1_Score": 0.5625, "Recall": 0.6, "Precision": 0.5294117647058824, "Cohen_Kappa": 0.09958506224066377, "AUC": 0.6499999999999999, "TP": 9, "TN": 8, "FP": 8, "FN": 6}, "test": {"ACC": 0.6774193548387096, "F1_Score": 0.6666666666666666, "Recall": 0.625, "Precision": 0.7142857142857143, "Cohen_Kappa": 0.3568464730290456, "AUC": 0.6791666666666667, "TP": 10, "TN": 11, "FP": 4, "FN": 6}}, "LR": {"valid": {"ACC": 0.5161290322580645, "F1_Score": 0.4827586206896552, "Recall": 0.4666666666666667, "Precision": 0.5, "Cohen_Kappa": 0.029227557411273586, "AUC": 0.5916666666666667, "TP": 7, "TN": 9, "FP": 7, "FN": 8}, "test": {"ACC": 0.7096774193548387, "F1_Score": 0.6896551724137931, "Recall": 0.625, "Precision": 0.7692307692307693, "Cohen_Kappa": 0.422360248447205, "AUC": 0.7583333333333334, "TP": 10, "TN": 12, "FP": 3, "FN": 6}}, "ETAs": {"valid": {"ACC": 0.6129032258064516, "F1_Score": 0.6, "Recall": 0.6, "Precision": 0.6, "Cohen_Kappa": 0.22499999999999998, "AUC": 0.6875, "TP": 9, "TN": 10, "FP": 6, "FN": 6}, "test": {"ACC": 0.6774193548387096, "F1_Score": 0.6153846153846154, "Recall": 0.5, "Precision": 0.8, "Cohen_Kappa": 0.36213991769547316, "AUC": 0.7625, "TP": 8, "TN": 13, "FP": 2, "FN": 8}}, "CNB": {"valid": {"ACC": 0.6451612903225806, "F1_Score": 0.6451612903225806, "Recall": 0.6666666666666666, "Precision": 0.625, "Cohen_Kappa": 0.2910602910602911, "AUC": 0.625, "TP": 10, "TN": 10, "FP": 6, "FN": 5}, "test": {"ACC": 0.6774193548387096, "F1_Score": 0.6875, "Recall": 0.6875, "Precision": 0.6875, "Cohen_Kappa": 0.35416666666666674, "AUC": 0.7166666666666668, "TP": 11, "TN": 10, "FP": 5, "FN": 5}}, "GB": {"valid": {"ACC": 0.6451612903225806, "F1_Score": 0.6206896551724138, "Recall": 0.6, "Precision": 0.6428571428571429, "Cohen_Kappa": 0.28810020876826725, "AUC": 0.70625, "TP": 9, "TN": 11, "FP": 5, "FN": 6}, "test": {"ACC": 0.6129032258064516, "F1_Score": 0.6000000000000001, "Recall": 0.5625, "Precision": 0.6428571428571429, "Cohen_Kappa": 0.22821576763485474, "AUC": 0.7270833333333333, "TP": 9, "TN": 10, "FP": 5, "FN": 7}}, "BAG": {"valid": {"ACC": 0.6451612903225806, "F1_Score": 0.6206896551724138, "Recall": 0.6, "Precision": 0.6428571428571429, "Cohen_Kappa": 0.28810020876826725, "AUC": 0.75625, "TP": 9, "TN": 11, "FP": 5, "FN": 6}, "test": {"ACC": 0.7419354838709677, "F1_Score": 0.6923076923076923, "Recall": 0.5625, "Precision": 0.9, "Cohen_Kappa": 0.4897119341563786, "AUC": 0.7354166666666666, "TP": 9, "TN": 14, "FP": 1, "FN": 7}}}