{"OVR": {"valid": {"ACC": 0.6627218934911243, "F1_Score": 0.6607142857142857, "Recall": 0.6529411764705882, "Precision": 0.6686746987951807, "Cohen_Kappa": 0.3255146338047892, "AUC": 0.705392156862745, "TP": 111, "TN": 113, "FP": 55, "FN": 59}, "test": {"ACC": 0.6283185840707964, "F1_Score": 0.6086956521739131, "Recall": 0.5798816568047337, "Precision": 0.6405228758169934, "Cohen_Kappa": 0.25642364737831624, "AUC": 0.663418029933867, "TP": 98, "TN": 115, "FP": 55, "FN": 71}}, "KNB": {"valid": {"ACC": 0.650887573964497, "F1_Score": 0.5661764705882353, "Recall": 0.45294117647058824, "Precision": 0.7549019607843137, "Cohen_Kappa": 0.30340924968562244, "AUC": 0.694327731092437, "TP": 77, "TN": 143, "FP": 25, "FN": 93}, "test": {"ACC": 0.6253687315634219, "F1_Score": 0.5381818181818181, "Recall": 0.4378698224852071, "Precision": 0.6981132075471698, "Cohen_Kappa": 0.2499085318047981, "AUC": 0.7046989209885137, "TP": 74, "TN": 138, "FP": 32, "FN": 95}}, "DT": {"valid": {"ACC": 0.6094674556213018, "F1_Score": 0.6094674556213018, "Recall": 0.6058823529411764, "Precision": 0.6130952380952381, "Cohen_Kappa": 0.21896225754498977, "AUC": 0.6094887955182073, "TP": 103, "TN": 103, "FP": 65, "FN": 67}, "test": {"ACC": 0.5870206489675516, "F1_Score": 0.5783132530120483, "Recall": 0.5680473372781065, "Precision": 0.588957055214724, "Cohen_Kappa": 0.1739478539353222, "AUC": 0.5869648451096415, "TP": 96, "TN": 103, "FP": 67, "FN": 73}}, "MNB": {"valid": {"ACC": 0.6538461538461539, "F1_Score": 0.6443768996960486, "Recall": 0.6235294117647059, "Precision": 0.6666666666666666, "Cohen_Kappa": 0.3079346190192853, "AUC": 0.717296918767507, "TP": 106, "TN": 115, "FP": 53, "FN": 64}, "test": {"ACC": 0.6312684365781711, "F1_Score": 0.6200607902735562, "Recall": 0.6035502958579881, "Precision": 0.6375, "Cohen_Kappa": 0.26241492750343776, "AUC": 0.6801949182039679, "TP": 102, "TN": 112, "FP": 58, "FN": 67}}, "RF": {"valid": {"ACC": 0.7041420118343196, "F1_Score": 0.6987951807228916, "Recall": 0.6823529411764706, "Precision": 0.7160493827160493, "Cohen_Kappa": 0.40842901148137767, "AUC": 0.7641456582633054, "TP": 116, "TN": 122, "FP": 46, "FN": 54}, "test": {"ACC": 0.6755162241887905, "F1_Score": 0.6706586826347306, "Recall": 0.6627218934911243, "Precision": 0.6787878787878788, "Cohen_Kappa": 0.35098162071846284, "AUC": 0.7358336233901844, "TP": 112, "TN": 117, "FP": 53, "FN": 57}}, "ADA": {"valid": {"ACC": 0.6568047337278107, "F1_Score": 0.6441717791411042, "Recall": 0.6176470588235294, "Precision": 0.6730769230769231, "Cohen_Kappa": 0.3139217470427661, "AUC": 0.6787640056022408, "TP": 105, "TN": 117, "FP": 51, "FN": 65}, "test": {"ACC": 0.6194690265486725, "F1_Score": 0.6006191950464397, "Recall": 0.5739644970414202, "Precision": 0.6298701298701299, "Cohen_Kappa": 0.23873270084428588, "AUC": 0.6593282283327532, "TP": 97, "TN": 113, "FP": 57, "FN": 72}}, "XGB": {"valid": {"ACC": 0.665680473372781, "F1_Score": 0.6523076923076923, "Recall": 0.6235294117647059, "Precision": 0.6838709677419355, "Cohen_Kappa": 0.3316885389326334, "AUC": 0.733718487394958, "TP": 106, "TN": 119, "FP": 49, "FN": 64}, "test": {"ACC": 0.6371681415929203, "F1_Score": 0.6070287539936102, "Recall": 0.5621301775147929, "Precision": 0.6597222222222222, "Cohen_Kappa": 0.27401410289892925, "AUC": 0.6994082840236686, "TP": 95, "TN": 121, "FP": 49, "FN": 74}}, "MLP": {"valid": {"ACC": 0.6715976331360947, "F1_Score": 0.662613981762918, "Recall": 0.6411764705882353, "Precision": 0.6855345911949685, "Cohen_Kappa": 0.3434251513772707, "AUC": 0.7230042016806723, "TP": 109, "TN": 118, "FP": 50, "FN": 61}, "test": {"ACC": 0.6519174041297935, "F1_Score": 0.6312500000000001, "Recall": 0.5976331360946746, "Precision": 0.6688741721854304, "Cohen_Kappa": 0.30361059851676475, "AUC": 0.6881656804733728, "TP": 101, "TN": 120, "FP": 50, "FN": 68}}, "LR": {"valid": {"ACC": 0.6627218934911243, "F1_Score": 0.6607142857142857, "Recall": 0.6529411764705882, "Precision": 0.6686746987951807, "Cohen_Kappa": 0.3255146338047892, "AUC": 0.705392156862745, "TP": 111, "TN": 113, "FP": 55, "FN": 59}, "test": {"ACC": 0.6283185840707964, "F1_Score": 0.6086956521739131, "Recall": 0.5798816568047337, "Precision": 0.6405228758169934, "Cohen_Kappa": 0.25642364737831624, "AUC": 0.663418029933867, "TP": 98, "TN": 115, "FP": 55, "FN": 71}}, "ETAs": {"valid": {"ACC": 0.6952662721893491, "F1_Score": 0.6850152905198776, "Recall": 0.6588235294117647, "Precision": 0.7133757961783439, "Cohen_Kappa": 0.39078850663213527, "AUC": 0.7650910364145658, "TP": 112, "TN": 123, "FP": 45, "FN": 58}, "test": {"ACC": 0.6784660766961652, "F1_Score": 0.6625386996904026, "Recall": 0.6331360946745562, "Precision": 0.6948051948051948, "Cohen_Kappa": 0.35675863869788493, "AUC": 0.7435955447267664, "TP": 107, "TN": 123, "FP": 47, "FN": 62}}, "CNB": {"valid": {"ACC": 0.6538461538461539, "F1_Score": 0.6443768996960486, "Recall": 0.6235294117647059, "Precision": 0.6666666666666666, "Cohen_Kappa": 0.3079346190192853, "AUC": 0.717296918767507, "TP": 106, "TN": 115, "FP": 53, "FN": 64}, "test": {"ACC": 0.6312684365781711, "F1_Score": 0.6200607902735562, "Recall": 0.6035502958579881, "Precision": 0.6375, "Cohen_Kappa": 0.26241492750343776, "AUC": 0.6801949182039679, "TP": 102, "TN": 112, "FP": 58, "FN": 67}}, "GB": {"valid": {"ACC": 0.6982248520710059, "F1_Score": 0.6709677419354839, "Recall": 0.611764705882353, "Precision": 0.7428571428571429, "Cohen_Kappa": 0.39706190975865685, "AUC": 0.7447829131652661, "TP": 104, "TN": 132, "FP": 36, "FN": 66}, "test": {"ACC": 0.5958702064896755, "F1_Score": 0.5478547854785479, "Recall": 0.4911242603550296, "Precision": 0.6194029850746269, "Cohen_Kappa": 0.1912407488027862, "AUC": 0.6885833623390183, "TP": 83, "TN": 119, "FP": 51, "FN": 86}}, "BAG": {"valid": {"ACC": 0.6272189349112426, "F1_Score": 0.5771812080536912, "Recall": 0.5058823529411764, "Precision": 0.671875, "Cohen_Kappa": 0.2555066079295154, "AUC": 0.7033788515406163, "TP": 86, "TN": 126, "FP": 42, "FN": 84}, "test": {"ACC": 0.6548672566371682, "F1_Score": 0.613861386138614, "Recall": 0.5502958579881657, "Precision": 0.6940298507462687, "Cohen_Kappa": 0.30930779277318243, "AUC": 0.7092064044552733, "TP": 93, "TN": 129, "FP": 41, "FN": 76}}}