{"OVR": {"valid": {"ACC": 0.6129032258064516, "F1_Score": 0.625, "Recall": 0.6666666666666666, "Precision": 0.5882352941176471, "Cohen_Kappa": 0.22821576763485474, "AUC": 0.6958333333333333, "TP": 10, "TN": 9, "FP": 7, "FN": 5}, "test": {"ACC": 0.6129032258064516, "F1_Score": 0.5714285714285715, "Recall": 0.5, "Precision": 0.6666666666666666, "Cohen_Kappa": 0.23140495867768596, "AUC": 0.7541666666666667, "TP": 8, "TN": 11, "FP": 4, "FN": 8}}, "KNB": {"valid": {"ACC": 0.5806451612903226, "F1_Score": 0.5806451612903225, "Recall": 0.6, "Precision": 0.5625, "Cohen_Kappa": 0.16216216216216217, "AUC": 0.66875, "TP": 9, "TN": 9, "FP": 7, "FN": 6}, "test": {"ACC": 0.7096774193548387, "F1_Score": 0.6896551724137931, "Recall": 0.625, "Precision": 0.7692307692307693, "Cohen_Kappa": 0.422360248447205, "AUC": 0.8291666666666666, "TP": 10, "TN": 12, "FP": 3, "FN": 6}}, "DT": {"valid": {"ACC": 0.5161290322580645, "F1_Score": 0.5161290322580646, "Recall": 0.5333333333333333, "Precision": 0.5, "Cohen_Kappa": 0.033264033264033266, "AUC": 0.5166666666666666, "TP": 8, "TN": 8, "FP": 8, "FN": 7}, "test": {"ACC": 0.6774193548387096, "F1_Score": 0.7058823529411765, "Recall": 0.75, "Precision": 0.6666666666666666, "Cohen_Kappa": 0.35146443514644343, "AUC": 0.675, "TP": 12, "TN": 9, "FP": 6, "FN": 4}}, "MNB": {"valid": {"ACC": 0.6451612903225806, "F1_Score": 0.6666666666666666, "Recall": 0.7333333333333333, "Precision": 0.6111111111111112, "Cohen_Kappa": 0.29399585921325055, "AUC": 0.6958333333333333, "TP": 11, "TN": 9, "FP": 7, "FN": 4}, "test": {"ACC": 0.6451612903225806, "F1_Score": 0.5925925925925926, "Recall": 0.5, "Precision": 0.7272727272727273, "Cohen_Kappa": 0.2969072164948453, "AUC": 0.7541666666666667, "TP": 8, "TN": 12, "FP": 3, "FN": 8}}, "RF": {"valid": {"ACC": 0.6774193548387096, "F1_Score": 0.6666666666666666, "Recall": 0.6666666666666666, "Precision": 0.6666666666666666, "Cohen_Kappa": 0.35416666666666674, "AUC": 0.7520833333333333, "TP": 10, "TN": 11, "FP": 5, "FN": 5}, "test": {"ACC": 0.6451612903225806, "F1_Score": 0.6206896551724138, "Recall": 0.5625, "Precision": 0.6923076923076923, "Cohen_Kappa": 0.29399585921325055, "AUC": 0.78125, "TP": 9, "TN": 11, "FP": 4, "FN": 7}}, "ADA": {"valid": {"ACC": 0.6129032258064516, "F1_Score": 0.6, "Recall": 0.6, "Precision": 0.6, "Cohen_Kappa": 0.22499999999999998, "AUC": 0.7124999999999999, "TP": 9, "TN": 10, "FP": 6, "FN": 6}, "test": {"ACC": 0.6774193548387096, "F1_Score": 0.6428571428571429, "Recall": 0.5625, "Precision": 0.75, "Cohen_Kappa": 0.359504132231405, "AUC": 0.78125, "TP": 9, "TN": 12, "FP": 3, "FN": 7}}, "XGB": {"valid": {"ACC": 0.6451612903225806, "F1_Score": 0.6451612903225806, "Recall": 0.6666666666666666, "Precision": 0.625, "Cohen_Kappa": 0.2910602910602911, "AUC": 0.6583333333333333, "TP": 10, "TN": 10, "FP": 6, "FN": 5}, "test": {"ACC": 0.7741935483870968, "F1_Score": 0.787878787878788, "Recall": 0.8125, "Precision": 0.7647058823529411, "Cohen_Kappa": 0.546972860125261, "AUC": 0.7875000000000001, "TP": 13, "TN": 11, "FP": 4, "FN": 3}}, "MLP": {"valid": {"ACC": 0.5806451612903226, "F1_Score": 0.5806451612903225, "Recall": 0.6, "Precision": 0.5625, "Cohen_Kappa": 0.16216216216216217, "AUC": 0.7083333333333333, "TP": 9, "TN": 9, "FP": 7, "FN": 6}, "test": {"ACC": 0.6451612903225806, "F1_Score": 0.5925925925925926, "Recall": 0.5, "Precision": 0.7272727272727273, "Cohen_Kappa": 0.2969072164948453, "AUC": 0.75, "TP": 8, "TN": 12, "FP": 3, "FN": 8}}, "LR": {"valid": {"ACC": 0.6129032258064516, "F1_Score": 0.625, "Recall": 0.6666666666666666, "Precision": 0.5882352941176471, "Cohen_Kappa": 0.22821576763485474, "AUC": 0.6958333333333333, "TP": 10, "TN": 9, "FP": 7, "FN": 5}, "test": {"ACC": 0.6129032258064516, "F1_Score": 0.5714285714285715, "Recall": 0.5, "Precision": 0.6666666666666666, "Cohen_Kappa": 0.23140495867768596, "AUC": 0.7541666666666667, "TP": 8, "TN": 11, "FP": 4, "FN": 8}}, "ETAs": {"valid": {"ACC": 0.6451612903225806, "F1_Score": 0.6451612903225806, "Recall": 0.6666666666666666, "Precision": 0.625, "Cohen_Kappa": 0.2910602910602911, "AUC": 0.70625, "TP": 10, "TN": 10, "FP": 6, "FN": 5}, "test": {"ACC": 0.6774193548387096, "F1_Score": 0.6666666666666666, "Recall": 0.625, "Precision": 0.7142857142857143, "Cohen_Kappa": 0.3568464730290456, "AUC": 0.7541666666666667, "TP": 10, "TN": 11, "FP": 4, "FN": 6}}, "CNB": {"valid": {"ACC": 0.6451612903225806, "F1_Score": 0.6666666666666666, "Recall": 0.7333333333333333, "Precision": 0.6111111111111112, "Cohen_Kappa": 0.29399585921325055, "AUC": 0.6958333333333333, "TP": 11, "TN": 9, "FP": 7, "FN": 4}, "test": {"ACC": 0.6451612903225806, "F1_Score": 0.5925925925925926, "Recall": 0.5, "Precision": 0.7272727272727273, "Cohen_Kappa": 0.2969072164948453, "AUC": 0.7541666666666667, "TP": 8, "TN": 12, "FP": 3, "FN": 8}}, "GB": {"valid": {"ACC": 0.6774193548387096, "F1_Score": 0.6666666666666666, "Recall": 0.6666666666666666, "Precision": 0.6666666666666666, "Cohen_Kappa": 0.35416666666666674, "AUC": 0.7166666666666667, "TP": 10, "TN": 11, "FP": 5, "FN": 5}, "test": {"ACC": 0.7096774193548387, "F1_Score": 0.7272727272727272, "Recall": 0.75, "Precision": 0.7058823529411765, "Cohen_Kappa": 0.4175365344467642, "AUC": 0.875, "TP": 12, "TN": 10, "FP": 5, "FN": 4}}, "BAG": {"valid": {"ACC": 0.5483870967741935, "F1_Score": 0.5, "Recall": 0.4666666666666667, "Precision": 0.5384615384615384, "Cohen_Kappa": 0.09205020920502083, "AUC": 0.6062500000000001, "TP": 7, "TN": 10, "FP": 6, "FN": 8}, "test": {"ACC": 0.7096774193548387, "F1_Score": 0.7272727272727272, "Recall": 0.75, "Precision": 0.7058823529411765, "Cohen_Kappa": 0.4175365344467642, "AUC": 0.78125, "TP": 12, "TN": 10, "FP": 5, "FN": 4}}}