{"OVR": {"valid": {"ACC": 0.6875, "F1_Score": 0.6666666666666666, "Recall": 0.625, "Precision": 0.7142857142857143, "Cohen_Kappa": 0.375, "AUC": 0.6614583333333334, "TP": 15, "TN": 18, "FP": 6, "FN": 9}, "test": {"ACC": 0.6458333333333334, "F1_Score": 0.6666666666666667, "Recall": 0.7083333333333334, "Precision": 0.6296296296296297, "Cohen_Kappa": 0.29166666666666663, "AUC": 0.6979166666666667, "TP": 17, "TN": 14, "FP": 10, "FN": 7}}, "KNB": {"valid": {"ACC": 0.5833333333333334, "F1_Score": 0.5238095238095238, "Recall": 0.4583333333333333, "Precision": 0.6111111111111112, "Cohen_Kappa": 0.16666666666666663, "AUC": 0.6111111111111112, "TP": 11, "TN": 17, "FP": 7, "FN": 13}, "test": {"ACC": 0.6458333333333334, "F1_Score": 0.5641025641025641, "Recall": 0.4583333333333333, "Precision": 0.7333333333333333, "Cohen_Kappa": 0.29166666666666663, "AUC": 0.7612847222222223, "TP": 11, "TN": 20, "FP": 4, "FN": 13}}, "DT": {"valid": {"ACC": 0.6458333333333334, "F1_Score": 0.6382978723404256, "Recall": 0.625, "Precision": 0.6521739130434783, "Cohen_Kappa": 0.29166666666666663, "AUC": 0.6458333333333334, "TP": 15, "TN": 16, "FP": 8, "FN": 9}, "test": {"ACC": 0.6666666666666666, "F1_Score": 0.6363636363636365, "Recall": 0.5833333333333334, "Precision": 0.7, "Cohen_Kappa": 0.33333333333333337, "AUC": 0.6666666666666666, "TP": 14, "TN": 18, "FP": 6, "FN": 10}}, "MNB": {"valid": {"ACC": 0.5833333333333334, "F1_Score": 0.5652173913043478, "Recall": 0.5416666666666666, "Precision": 0.5909090909090909, "Cohen_Kappa": 0.16666666666666663, "AUC": 0.5989583333333333, "TP": 13, "TN": 15, "FP": 9, "FN": 11}, "test": {"ACC": 0.6666666666666666, "F1_Score": 0.6521739130434783, "Recall": 0.625, "Precision": 0.6818181818181818, "Cohen_Kappa": 0.33333333333333337, "AUC": 0.7604166666666666, "TP": 15, "TN": 17, "FP": 7, "FN": 9}}, "RF": {"valid": {"ACC": 0.6458333333333334, "F1_Score": 0.6222222222222222, "Recall": 0.5833333333333334, "Precision": 0.6666666666666666, "Cohen_Kappa": 0.29166666666666663, "AUC": 0.6770833333333334, "TP": 14, "TN": 17, "FP": 7, "FN": 10}, "test": {"ACC": 0.6875, "F1_Score": 0.6511627906976745, "Recall": 0.5833333333333334, "Precision": 0.7368421052631579, "Cohen_Kappa": 0.375, "AUC": 0.7612847222222223, "TP": 14, "TN": 19, "FP": 5, "FN": 10}}, "ADA": {"valid": {"ACC": 0.6666666666666666, "F1_Score": 0.6363636363636365, "Recall": 0.5833333333333334, "Precision": 0.7, "Cohen_Kappa": 0.33333333333333337, "AUC": 0.6623263888888888, "TP": 14, "TN": 18, "FP": 6, "FN": 10}, "test": {"ACC": 0.625, "F1_Score": 0.625, "Recall": 0.625, "Precision": 0.625, "Cohen_Kappa": 0.25, "AUC": 0.7361111111111112, "TP": 15, "TN": 15, "FP": 9, "FN": 9}}, "XGB": {"valid": {"ACC": 0.7708333333333334, "F1_Score": 0.7659574468085107, "Recall": 0.75, "Precision": 0.782608695652174, "Cohen_Kappa": 0.5416666666666667, "AUC": 0.7777777777777778, "TP": 18, "TN": 19, "FP": 5, "FN": 6}, "test": {"ACC": 0.75, "F1_Score": 0.75, "Recall": 0.75, "Precision": 0.75, "Cohen_Kappa": 0.5, "AUC": 0.7864583333333333, "TP": 18, "TN": 18, "FP": 6, "FN": 6}}, "MLP": {"valid": {"ACC": 0.5833333333333334, "F1_Score": 0.5833333333333334, "Recall": 0.5833333333333334, "Precision": 0.5833333333333334, "Cohen_Kappa": 0.16666666666666663, "AUC": 0.6024305555555556, "TP": 14, "TN": 14, "FP": 10, "FN": 10}, "test": {"ACC": 0.6875, "F1_Score": 0.6938775510204083, "Recall": 0.7083333333333334, "Precision": 0.68, "Cohen_Kappa": 0.375, "AUC": 0.7395833333333334, "TP": 17, "TN": 16, "FP": 8, "FN": 7}}, "LR": {"valid": {"ACC": 0.6875, "F1_Score": 0.6666666666666666, "Recall": 0.625, "Precision": 0.7142857142857143, "Cohen_Kappa": 0.375, "AUC": 0.6614583333333334, "TP": 15, "TN": 18, "FP": 6, "FN": 9}, "test": {"ACC": 0.6458333333333334, "F1_Score": 0.6666666666666667, "Recall": 0.7083333333333334, "Precision": 0.6296296296296297, "Cohen_Kappa": 0.29166666666666663, "AUC": 0.6979166666666667, "TP": 17, "TN": 14, "FP": 10, "FN": 7}}, "ETAs": {"valid": {"ACC": 0.6666666666666666, "F1_Score": 0.6666666666666666, "Recall": 0.6666666666666666, "Precision": 0.6666666666666666, "Cohen_Kappa": 0.33333333333333337, "AUC": 0.7630208333333334, "TP": 16, "TN": 16, "FP": 8, "FN": 8}, "test": {"ACC": 0.7291666666666666, "F1_Score": 0.7111111111111111, "Recall": 0.6666666666666666, "Precision": 0.7619047619047619, "Cohen_Kappa": 0.45833333333333337, "AUC": 0.7855902777777778, "TP": 16, "TN": 19, "FP": 5, "FN": 8}}, "CNB": {"valid": {"ACC": 0.5833333333333334, "F1_Score": 0.5652173913043478, "Recall": 0.5416666666666666, "Precision": 0.5909090909090909, "Cohen_Kappa": 0.16666666666666663, "AUC": 0.5989583333333333, "TP": 13, "TN": 15, "FP": 9, "FN": 11}, "test": {"ACC": 0.6666666666666666, "F1_Score": 0.6521739130434783, "Recall": 0.625, "Precision": 0.6818181818181818, "Cohen_Kappa": 0.33333333333333337, "AUC": 0.7604166666666666, "TP": 15, "TN": 17, "FP": 7, "FN": 9}}, "GB": {"valid": {"ACC": 0.6041666666666666, "F1_Score": 0.5365853658536585, "Recall": 0.4583333333333333, "Precision": 0.6470588235294118, "Cohen_Kappa": 0.20833333333333337, "AUC": 0.6961805555555556, "TP": 11, "TN": 18, "FP": 6, "FN": 13}, "test": {"ACC": 0.6666666666666666, "F1_Score": 0.6363636363636365, "Recall": 0.5833333333333334, "Precision": 0.7, "Cohen_Kappa": 0.33333333333333337, "AUC": 0.7430555555555556, "TP": 14, "TN": 18, "FP": 6, "FN": 10}}, "BAG": {"valid": {"ACC": 0.6666666666666666, "F1_Score": 0.68, "Recall": 0.7083333333333334, "Precision": 0.6538461538461539, "Cohen_Kappa": 0.33333333333333337, "AUC": 0.7378472222222222, "TP": 17, "TN": 15, "FP": 9, "FN": 7}, "test": {"ACC": 0.5833333333333334, "F1_Score": 0.5652173913043478, "Recall": 0.5416666666666666, "Precision": 0.5909090909090909, "Cohen_Kappa": 0.16666666666666663, "AUC": 0.6710069444444443, "TP": 13, "TN": 15, "FP": 9, "FN": 11}}}