{"OVR": {"valid": {"ACC": 0.6666666666666666, "F1_Score": 0.6545454545454544, "Recall": 0.631578947368421, "Precision": 0.6792452830188679, "Cohen_Kappa": 0.33333333333333337, "AUC": 0.7340720221606648, "TP": 36, "TN": 40, "FP": 17, "FN": 21}, "test": {"ACC": 0.6578947368421053, "F1_Score": 0.6422018348623854, "Recall": 0.6140350877192983, "Precision": 0.6730769230769231, "Cohen_Kappa": 0.3157894736842105, "AUC": 0.7494613727300709, "TP": 35, "TN": 40, "FP": 17, "FN": 22}}, "KNB": {"valid": {"ACC": 0.5964912280701754, "F1_Score": 0.43902439024390244, "Recall": 0.3157894736842105, "Precision": 0.72, "Cohen_Kappa": 0.19298245614035092, "AUC": 0.7156048014773777, "TP": 18, "TN": 50, "FP": 7, "FN": 39}, "test": {"ACC": 0.5877192982456141, "F1_Score": 0.38961038961038963, "Recall": 0.2631578947368421, "Precision": 0.75, "Cohen_Kappa": 0.17543859649122806, "AUC": 0.7611572791628194, "TP": 15, "TN": 52, "FP": 5, "FN": 42}}, "DT": {"valid": {"ACC": 0.631578947368421, "F1_Score": 0.6111111111111113, "Recall": 0.5789473684210527, "Precision": 0.6470588235294118, "Cohen_Kappa": 0.26315789473684215, "AUC": 0.6315789473684211, "TP": 33, "TN": 39, "FP": 18, "FN": 24}, "test": {"ACC": 0.5964912280701754, "F1_Score": 0.5660377358490565, "Recall": 0.5263157894736842, "Precision": 0.6122448979591837, "Cohen_Kappa": 0.19298245614035092, "AUC": 0.5964912280701755, "TP": 30, "TN": 38, "FP": 19, "FN": 27}}, "MNB": {"valid": {"ACC": 0.5789473684210527, "F1_Score": 0.6065573770491803, "Recall": 0.6491228070175439, "Precision": 0.5692307692307692, "Cohen_Kappa": 0.1578947368421053, "AUC": 0.6835949522930133, "TP": 37, "TN": 29, "FP": 28, "FN": 20}, "test": {"ACC": 0.7105263157894737, "F1_Score": 0.7027027027027027, "Recall": 0.6842105263157895, "Precision": 0.7222222222222222, "Cohen_Kappa": 0.42105263157894735, "AUC": 0.7925515543244076, "TP": 39, "TN": 42, "FP": 15, "FN": 18}}, "RF": {"valid": {"ACC": 0.7192982456140351, "F1_Score": 0.7142857142857142, "Recall": 0.7017543859649122, "Precision": 0.7272727272727273, "Cohen_Kappa": 0.4385964912280702, "AUC": 0.7586949830717143, "TP": 40, "TN": 42, "FP": 15, "FN": 17}, "test": {"ACC": 0.7105263157894737, "F1_Score": 0.7027027027027027, "Recall": 0.6842105263157895, "Precision": 0.7222222222222222, "Cohen_Kappa": 0.42105263157894735, "AUC": 0.7933210218528778, "TP": 39, "TN": 42, "FP": 15, "FN": 18}}, "ADA": {"valid": {"ACC": 0.6842105263157895, "F1_Score": 0.6785714285714286, "Recall": 0.6666666666666666, "Precision": 0.6909090909090909, "Cohen_Kappa": 0.368421052631579, "AUC": 0.6648199445983379, "TP": 38, "TN": 40, "FP": 17, "FN": 19}, "test": {"ACC": 0.6754385964912281, "F1_Score": 0.6837606837606838, "Recall": 0.7017543859649122, "Precision": 0.6666666666666666, "Cohen_Kappa": 0.3508771929824561, "AUC": 0.7636195752539243, "TP": 40, "TN": 37, "FP": 20, "FN": 17}}, "XGB": {"valid": {"ACC": 0.6666666666666666, "F1_Score": 0.6607142857142858, "Recall": 0.6491228070175439, "Precision": 0.6727272727272727, "Cohen_Kappa": 0.33333333333333337, "AUC": 0.7123730378578025, "TP": 37, "TN": 39, "FP": 18, "FN": 20}, "test": {"ACC": 0.6578947368421053, "F1_Score": 0.6486486486486486, "Recall": 0.631578947368421, "Precision": 0.6666666666666666, "Cohen_Kappa": 0.3157894736842105, "AUC": 0.744844567559249, "TP": 36, "TN": 39, "FP": 18, "FN": 21}}, "MLP": {"valid": {"ACC": 0.6929824561403509, "F1_Score": 0.6846846846846847, "Recall": 0.6666666666666666, "Precision": 0.7037037037037037, "Cohen_Kappa": 0.38596491228070173, "AUC": 0.7223761157279163, "TP": 38, "TN": 41, "FP": 16, "FN": 19}, "test": {"ACC": 0.6491228070175439, "F1_Score": 0.6428571428571428, "Recall": 0.631578947368421, "Precision": 0.6545454545454545, "Cohen_Kappa": 0.29824561403508776, "AUC": 0.716528162511542, "TP": 36, "TN": 38, "FP": 19, "FN": 21}}, "LR": {"valid": {"ACC": 0.6666666666666666, "F1_Score": 0.6545454545454544, "Recall": 0.631578947368421, "Precision": 0.6792452830188679, "Cohen_Kappa": 0.33333333333333337, "AUC": 0.7340720221606648, "TP": 36, "TN": 40, "FP": 17, "FN": 21}, "test": {"ACC": 0.6578947368421053, "F1_Score": 0.6422018348623854, "Recall": 0.6140350877192983, "Precision": 0.6730769230769231, "Cohen_Kappa": 0.3157894736842105, "AUC": 0.7494613727300709, "TP": 35, "TN": 40, "FP": 17, "FN": 22}}, "ETAs": {"valid": {"ACC": 0.7105263157894737, "F1_Score": 0.717948717948718, "Recall": 0.7368421052631579, "Precision": 0.7, "Cohen_Kappa": 0.42105263157894735, "AUC": 0.757463835026162, "TP": 42, "TN": 39, "FP": 18, "FN": 15}, "test": {"ACC": 0.7368421052631579, "F1_Score": 0.7321428571428571, "Recall": 0.7192982456140351, "Precision": 0.7454545454545455, "Cohen_Kappa": 0.4736842105263158, "AUC": 0.8164050477069869, "TP": 41, "TN": 43, "FP": 14, "FN": 16}}, "CNB": {"valid": {"ACC": 0.5789473684210527, "F1_Score": 0.6065573770491803, "Recall": 0.6491228070175439, "Precision": 0.5692307692307692, "Cohen_Kappa": 0.1578947368421053, "AUC": 0.6835949522930133, "TP": 37, "TN": 29, "FP": 28, "FN": 20}, "test": {"ACC": 0.7105263157894737, "F1_Score": 0.7027027027027027, "Recall": 0.6842105263157895, "Precision": 0.7222222222222222, "Cohen_Kappa": 0.42105263157894735, "AUC": 0.7925515543244076, "TP": 39, "TN": 42, "FP": 15, "FN": 18}}, "GB": {"valid": {"ACC": 0.6578947368421053, "F1_Score": 0.6486486486486486, "Recall": 0.631578947368421, "Precision": 0.6666666666666666, "Cohen_Kappa": 0.3157894736842105, "AUC": 0.7180670975684826, "TP": 36, "TN": 39, "FP": 18, "FN": 21}, "test": {"ACC": 0.7105263157894737, "F1_Score": 0.6915887850467289, "Recall": 0.6491228070175439, "Precision": 0.74, "Cohen_Kappa": 0.42105263157894735, "AUC": 0.7737765466297322, "TP": 37, "TN": 44, "FP": 13, "FN": 20}}, "BAG": {"valid": {"ACC": 0.6842105263157895, "F1_Score": 0.6842105263157895, "Recall": 0.6842105263157895, "Precision": 0.6842105263157895, "Cohen_Kappa": 0.368421052631579, "AUC": 0.7468451831332718, "TP": 39, "TN": 39, "FP": 18, "FN": 18}, "test": {"ACC": 0.6666666666666666, "F1_Score": 0.6346153846153846, "Recall": 0.5789473684210527, "Precision": 0.7021276595744681, "Cohen_Kappa": 0.33333333333333337, "AUC": 0.7539242843951985, "TP": 33, "TN": 43, "FP": 14, "FN": 24}}}