{"OVR": {"valid": {"ACC": 0.6875, "F1_Score": 0.6666666666666666, "Recall": 0.625, "Precision": 0.7142857142857143, "Cohen_Kappa": 0.375, "AUC": 0.6961805555555556, "TP": 15, "TN": 18, "FP": 6, "FN": 9}, "test": {"ACC": 0.75, "F1_Score": 0.7692307692307692, "Recall": 0.8333333333333334, "Precision": 0.7142857142857143, "Cohen_Kappa": 0.5, "AUC": 0.7673611111111112, "TP": 20, "TN": 16, "FP": 8, "FN": 4}}, "KNB": {"valid": {"ACC": 0.625, "F1_Score": 0.5263157894736842, "Recall": 0.4166666666666667, "Precision": 0.7142857142857143, "Cohen_Kappa": 0.25, "AUC": 0.6788194444444444, "TP": 10, "TN": 20, "FP": 4, "FN": 14}, "test": {"ACC": 0.6875, "F1_Score": 0.5945945945945945, "Recall": 0.4583333333333333, "Precision": 0.8461538461538461, "Cohen_Kappa": 0.375, "AUC": 0.7092013888888888, "TP": 11, "TN": 22, "FP": 2, "FN": 13}}, "DT": {"valid": {"ACC": 0.625, "F1_Score": 0.5909090909090908, "Recall": 0.5416666666666666, "Precision": 0.65, "Cohen_Kappa": 0.25, "AUC": 0.6249999999999999, "TP": 13, "TN": 17, "FP": 7, "FN": 11}, "test": {"ACC": 0.5416666666666666, "F1_Score": 0.5599999999999999, "Recall": 0.5833333333333334, "Precision": 0.5384615384615384, "Cohen_Kappa": 0.08333333333333337, "AUC": 0.5416666666666667, "TP": 14, "TN": 12, "FP": 12, "FN": 10}}, "MNB": {"valid": {"ACC": 0.6666666666666666, "F1_Score": 0.6363636363636365, "Recall": 0.5833333333333334, "Precision": 0.7, "Cohen_Kappa": 0.33333333333333337, "AUC": 0.6475694444444444, "TP": 14, "TN": 18, "FP": 6, "FN": 10}, "test": {"ACC": 0.7916666666666666, "F1_Score": 0.7916666666666666, "Recall": 0.7916666666666666, "Precision": 0.7916666666666666, "Cohen_Kappa": 0.5833333333333333, "AUC": 0.8072916666666666, "TP": 19, "TN": 19, "FP": 5, "FN": 5}}, "RF": {"valid": {"ACC": 0.6875, "F1_Score": 0.6511627906976745, "Recall": 0.5833333333333334, "Precision": 0.7368421052631579, "Cohen_Kappa": 0.375, "AUC": 0.728298611111111, "TP": 14, "TN": 19, "FP": 5, "FN": 10}, "test": {"ACC": 0.7083333333333334, "F1_Score": 0.6818181818181818, "Recall": 0.625, "Precision": 0.75, "Cohen_Kappa": 0.41666666666666663, "AUC": 0.7604166666666667, "TP": 15, "TN": 19, "FP": 5, "FN": 9}}, "ADA": {"valid": {"ACC": 0.6041666666666666, "F1_Score": 0.5957446808510638, "Recall": 0.5833333333333334, "Precision": 0.6086956521739131, "Cohen_Kappa": 0.20833333333333337, "AUC": 0.6371527777777778, "TP": 14, "TN": 15, "FP": 9, "FN": 10}, "test": {"ACC": 0.6875, "F1_Score": 0.6808510638297872, "Recall": 0.6666666666666666, "Precision": 0.6956521739130435, "Cohen_Kappa": 0.375, "AUC": 0.7621527777777778, "TP": 16, "TN": 17, "FP": 7, "FN": 8}}, "XGB": {"valid": {"ACC": 0.75, "F1_Score": 0.7272727272727272, "Recall": 0.6666666666666666, "Precision": 0.8, "Cohen_Kappa": 0.5, "AUC": 0.717013888888889, "TP": 16, "TN": 20, "FP": 4, "FN": 8}, "test": {"ACC": 0.6875, "F1_Score": 0.7058823529411765, "Recall": 0.75, "Precision": 0.6666666666666666, "Cohen_Kappa": 0.375, "AUC": 0.7690972222222222, "TP": 18, "TN": 15, "FP": 9, "FN": 6}}, "MLP": {"valid": {"ACC": 0.6458333333333334, "F1_Score": 0.6046511627906976, "Recall": 0.5416666666666666, "Precision": 0.6842105263157895, "Cohen_Kappa": 0.29166666666666663, "AUC": 0.6493055555555556, "TP": 13, "TN": 18, "FP": 6, "FN": 11}, "test": {"ACC": 0.7916666666666666, "F1_Score": 0.8, "Recall": 0.8333333333333334, "Precision": 0.7692307692307693, "Cohen_Kappa": 0.5833333333333333, "AUC": 0.8159722222222222, "TP": 20, "TN": 18, "FP": 6, "FN": 4}}, "LR": {"valid": {"ACC": 0.6875, "F1_Score": 0.6666666666666666, "Recall": 0.625, "Precision": 0.7142857142857143, "Cohen_Kappa": 0.375, "AUC": 0.6961805555555556, "TP": 15, "TN": 18, "FP": 6, "FN": 9}, "test": {"ACC": 0.75, "F1_Score": 0.7692307692307692, "Recall": 0.8333333333333334, "Precision": 0.7142857142857143, "Cohen_Kappa": 0.5, "AUC": 0.7673611111111112, "TP": 20, "TN": 16, "FP": 8, "FN": 4}}, "ETAs": {"valid": {"ACC": 0.6458333333333334, "F1_Score": 0.5853658536585366, "Recall": 0.5, "Precision": 0.7058823529411765, "Cohen_Kappa": 0.29166666666666663, "AUC": 0.7135416666666667, "TP": 12, "TN": 19, "FP": 5, "FN": 12}, "test": {"ACC": 0.7291666666666666, "F1_Score": 0.7346938775510204, "Recall": 0.75, "Precision": 0.72, "Cohen_Kappa": 0.45833333333333337, "AUC": 0.787326388888889, "TP": 18, "TN": 17, "FP": 7, "FN": 6}}, "CNB": {"valid": {"ACC": 0.6666666666666666, "F1_Score": 0.6363636363636365, "Recall": 0.5833333333333334, "Precision": 0.7, "Cohen_Kappa": 0.33333333333333337, "AUC": 0.6475694444444444, "TP": 14, "TN": 18, "FP": 6, "FN": 10}, "test": {"ACC": 0.7916666666666666, "F1_Score": 0.7916666666666666, "Recall": 0.7916666666666666, "Precision": 0.7916666666666666, "Cohen_Kappa": 0.5833333333333333, "AUC": 0.8072916666666666, "TP": 19, "TN": 19, "FP": 5, "FN": 5}}, "GB": {"valid": {"ACC": 0.6458333333333334, "F1_Score": 0.6046511627906976, "Recall": 0.5416666666666666, "Precision": 0.6842105263157895, "Cohen_Kappa": 0.29166666666666663, "AUC": 0.6701388888888888, "TP": 13, "TN": 18, "FP": 6, "FN": 11}, "test": {"ACC": 0.6875, "F1_Score": 0.6511627906976745, "Recall": 0.5833333333333334, "Precision": 0.7368421052631579, "Cohen_Kappa": 0.375, "AUC": 0.7326388888888888, "TP": 14, "TN": 19, "FP": 5, "FN": 10}}, "BAG": {"valid": {"ACC": 0.7291666666666666, "F1_Score": 0.6666666666666667, "Recall": 0.5416666666666666, "Precision": 0.8666666666666667, "Cohen_Kappa": 0.45833333333333337, "AUC": 0.8038194444444444, "TP": 13, "TN": 22, "FP": 2, "FN": 11}, "test": {"ACC": 0.75, "F1_Score": 0.76, "Recall": 0.7916666666666666, "Precision": 0.7307692307692307, "Cohen_Kappa": 0.5, "AUC": 0.75, "TP": 19, "TN": 17, "FP": 7, "FN": 5}}}