{"OVR": {"valid": {"ACC": 0.6842105263157895, "F1_Score": 0.6666666666666667, "Recall": 0.631578947368421, "Precision": 0.7058823529411765, "Cohen_Kappa": 0.368421052631579, "AUC": 0.73160972606956, "TP": 36, "TN": 42, "FP": 15, "FN": 21}, "test": {"ACC": 0.7280701754385965, "F1_Score": 0.7304347826086957, "Recall": 0.7368421052631579, "Precision": 0.7241379310344828, "Cohen_Kappa": 0.45614035087719296, "AUC": 0.7799322868574946, "TP": 42, "TN": 41, "FP": 16, "FN": 15}}, "KNB": {"valid": {"ACC": 0.6491228070175439, "F1_Score": 0.6078431372549019, "Recall": 0.543859649122807, "Precision": 0.6888888888888889, "Cohen_Kappa": 0.29824561403508776, "AUC": 0.6972914742997844, "TP": 31, "TN": 43, "FP": 14, "FN": 26}, "test": {"ACC": 0.6929824561403509, "F1_Score": 0.6902654867256636, "Recall": 0.6842105263157895, "Precision": 0.6964285714285714, "Cohen_Kappa": 0.38596491228070173, "AUC": 0.7500769467528471, "TP": 39, "TN": 40, "FP": 17, "FN": 18}}, "DT": {"valid": {"ACC": 0.6491228070175439, "F1_Score": 0.6666666666666666, "Recall": 0.7017543859649122, "Precision": 0.6349206349206349, "Cohen_Kappa": 0.29824561403508776, "AUC": 0.6517389966143429, "TP": 40, "TN": 34, "FP": 23, "FN": 17}, "test": {"ACC": 0.6666666666666666, "F1_Score": 0.6607142857142858, "Recall": 0.6491228070175439, "Precision": 0.6727272727272727, "Cohen_Kappa": 0.33333333333333337, "AUC": 0.6666666666666667, "TP": 37, "TN": 39, "FP": 18, "FN": 20}}, "MNB": {"valid": {"ACC": 0.6929824561403509, "F1_Score": 0.7107438016528924, "Recall": 0.7543859649122807, "Precision": 0.671875, "Cohen_Kappa": 0.38596491228070173, "AUC": 0.7208371806709757, "TP": 43, "TN": 36, "FP": 21, "FN": 14}, "test": {"ACC": 0.7368421052631579, "F1_Score": 0.7540983606557378, "Recall": 0.8070175438596491, "Precision": 0.7076923076923077, "Cohen_Kappa": 0.4736842105263158, "AUC": 0.75777162203755, "TP": 46, "TN": 38, "FP": 19, "FN": 11}}, "RF": {"valid": {"ACC": 0.7105263157894737, "F1_Score": 0.7079646017699114, "Recall": 0.7017543859649122, "Precision": 0.7142857142857143, "Cohen_Kappa": 0.42105263157894735, "AUC": 0.7577716220375501, "TP": 40, "TN": 41, "FP": 16, "FN": 17}, "test": {"ACC": 0.7456140350877193, "F1_Score": 0.743362831858407, "Recall": 0.7368421052631579, "Precision": 0.75, "Cohen_Kappa": 0.49122807017543857, "AUC": 0.7942443828870421, "TP": 42, "TN": 43, "FP": 14, "FN": 15}}, "ADA": {"valid": {"ACC": 0.6842105263157895, "F1_Score": 0.6603773584905661, "Recall": 0.6140350877192983, "Precision": 0.7142857142857143, "Cohen_Kappa": 0.368421052631579, "AUC": 0.716528162511542, "TP": 35, "TN": 43, "FP": 14, "FN": 22}, "test": {"ACC": 0.7105263157894737, "F1_Score": 0.7079646017699114, "Recall": 0.7017543859649122, "Precision": 0.7142857142857143, "Cohen_Kappa": 0.42105263157894735, "AUC": 0.7433056325023084, "TP": 40, "TN": 41, "FP": 16, "FN": 17}}, "XGB": {"valid": {"ACC": 0.6754385964912281, "F1_Score": 0.6605504587155963, "Recall": 0.631578947368421, "Precision": 0.6923076923076923, "Cohen_Kappa": 0.3508771929824561, "AUC": 0.7279162819329024, "TP": 36, "TN": 41, "FP": 16, "FN": 21}, "test": {"ACC": 0.7456140350877193, "F1_Score": 0.7563025210084033, "Recall": 0.7894736842105263, "Precision": 0.7258064516129032, "Cohen_Kappa": 0.49122807017543857, "AUC": 0.7934749153585718, "TP": 45, "TN": 40, "FP": 17, "FN": 12}}, "MLP": {"valid": {"ACC": 0.7017543859649122, "F1_Score": 0.7017543859649122, "Recall": 0.7017543859649122, "Precision": 0.7017543859649122, "Cohen_Kappa": 0.4035087719298246, "AUC": 0.7374576792859342, "TP": 40, "TN": 40, "FP": 17, "FN": 17}, "test": {"ACC": 0.6754385964912281, "F1_Score": 0.6725663716814159, "Recall": 0.6666666666666666, "Precision": 0.6785714285714286, "Cohen_Kappa": 0.3508771929824561, "AUC": 0.7325330871037242, "TP": 38, "TN": 39, "FP": 18, "FN": 19}}, "LR": {"valid": {"ACC": 0.6842105263157895, "F1_Score": 0.6666666666666667, "Recall": 0.631578947368421, "Precision": 0.7058823529411765, "Cohen_Kappa": 0.368421052631579, "AUC": 0.73160972606956, "TP": 36, "TN": 42, "FP": 15, "FN": 21}, "test": {"ACC": 0.7280701754385965, "F1_Score": 0.7304347826086957, "Recall": 0.7368421052631579, "Precision": 0.7241379310344828, "Cohen_Kappa": 0.45614035087719296, "AUC": 0.7799322868574946, "TP": 42, "TN": 41, "FP": 16, "FN": 15}}, "ETAs": {"valid": {"ACC": 0.7017543859649122, "F1_Score": 0.7118644067796609, "Recall": 0.7368421052631579, "Precision": 0.6885245901639344, "Cohen_Kappa": 0.4035087719298246, "AUC": 0.7546937519236689, "TP": 42, "TN": 38, "FP": 19, "FN": 15}, "test": {"ACC": 0.7105263157894737, "F1_Score": 0.717948717948718, "Recall": 0.7368421052631579, "Precision": 0.7, "Cohen_Kappa": 0.42105263157894735, "AUC": 0.7876269621421976, "TP": 42, "TN": 39, "FP": 18, "FN": 15}}, "CNB": {"valid": {"ACC": 0.6929824561403509, "F1_Score": 0.7107438016528924, "Recall": 0.7543859649122807, "Precision": 0.671875, "Cohen_Kappa": 0.38596491228070173, "AUC": 0.7208371806709757, "TP": 43, "TN": 36, "FP": 21, "FN": 14}, "test": {"ACC": 0.7368421052631579, "F1_Score": 0.7540983606557378, "Recall": 0.8070175438596491, "Precision": 0.7076923076923077, "Cohen_Kappa": 0.4736842105263158, "AUC": 0.75777162203755, "TP": 46, "TN": 38, "FP": 19, "FN": 11}}, "GB": {"valid": {"ACC": 0.7017543859649122, "F1_Score": 0.6792452830188679, "Recall": 0.631578947368421, "Precision": 0.7346938775510204, "Cohen_Kappa": 0.4035087719298246, "AUC": 0.7697753154816867, "TP": 36, "TN": 44, "FP": 13, "FN": 21}, "test": {"ACC": 0.7456140350877193, "F1_Score": 0.7478260869565219, "Recall": 0.7543859649122807, "Precision": 0.7413793103448276, "Cohen_Kappa": 0.49122807017543857, "AUC": 0.7805478608802708, "TP": 43, "TN": 42, "FP": 15, "FN": 14}}, "BAG": {"valid": {"ACC": 0.6754385964912281, "F1_Score": 0.6542056074766356, "Recall": 0.6140350877192983, "Precision": 0.7, "Cohen_Kappa": 0.3508771929824561, "AUC": 0.7056017236072638, "TP": 35, "TN": 42, "FP": 15, "FN": 22}, "test": {"ACC": 0.7105263157894737, "F1_Score": 0.7027027027027027, "Recall": 0.6842105263157895, "Precision": 0.7222222222222222, "Cohen_Kappa": 0.42105263157894735, "AUC": 0.7905509387503847, "TP": 39, "TN": 42, "FP": 15, "FN": 18}}}