{"OVR": {"valid": {"ACC": 0.6866666666666666, "F1_Score": 0.7006369426751593, "Recall": 0.7333333333333333, "Precision": 0.6707317073170732, "Cohen_Kappa": 0.3733333333333333, "AUC": 0.7372444444444444, "TP": 55, "TN": 48, "FP": 27, "FN": 20}, "test": {"ACC": 0.6533333333333333, "F1_Score": 0.6708860759493671, "Recall": 0.7066666666666667, "Precision": 0.6385542168674698, "Cohen_Kappa": 0.30666666666666664, "AUC": 0.6920888888888889, "TP": 53, "TN": 45, "FP": 30, "FN": 22}}, "KNB": {"valid": {"ACC": 0.6666666666666666, "F1_Score": 0.6428571428571429, "Recall": 0.6, "Precision": 0.6923076923076923, "Cohen_Kappa": 0.33333333333333337, "AUC": 0.7085333333333335, "TP": 45, "TN": 55, "FP": 20, "FN": 30}, "test": {"ACC": 0.6933333333333334, "F1_Score": 0.6849315068493151, "Recall": 0.6666666666666666, "Precision": 0.704225352112676, "Cohen_Kappa": 0.3866666666666667, "AUC": 0.7352888888888888, "TP": 50, "TN": 54, "FP": 21, "FN": 25}}, "DT": {"valid": {"ACC": 0.6466666666666666, "F1_Score": 0.6442953020134228, "Recall": 0.64, "Precision": 0.6486486486486487, "Cohen_Kappa": 0.29333333333333333, "AUC": 0.6466666666666667, "TP": 48, "TN": 49, "FP": 26, "FN": 27}, "test": {"ACC": 0.62, "F1_Score": 0.6415094339622641, "Recall": 0.68, "Precision": 0.6071428571428571, "Cohen_Kappa": 0.24, "AUC": 0.6200000000000001, "TP": 51, "TN": 42, "FP": 33, "FN": 24}}, "MNB": {"valid": {"ACC": 0.6733333333333333, "F1_Score": 0.6956521739130435, "Recall": 0.7466666666666667, "Precision": 0.6511627906976745, "Cohen_Kappa": 0.3466666666666667, "AUC": 0.7441777777777778, "TP": 56, "TN": 45, "FP": 30, "FN": 19}, "test": {"ACC": 0.64, "F1_Score": 0.6785714285714285, "Recall": 0.76, "Precision": 0.6129032258064516, "Cohen_Kappa": 0.28, "AUC": 0.6981333333333335, "TP": 57, "TN": 39, "FP": 36, "FN": 18}}, "RF": {"valid": {"ACC": 0.68, "F1_Score": 0.6712328767123288, "Recall": 0.6533333333333333, "Precision": 0.6901408450704225, "Cohen_Kappa": 0.36, "AUC": 0.7390222222222222, "TP": 49, "TN": 53, "FP": 22, "FN": 26}, "test": {"ACC": 0.68, "F1_Score": 0.7000000000000001, "Recall": 0.7466666666666667, "Precision": 0.6588235294117647, "Cohen_Kappa": 0.36, "AUC": 0.7424, "TP": 56, "TN": 46, "FP": 29, "FN": 19}}, "ADA": {"valid": {"ACC": 0.66, "F1_Score": 0.6530612244897959, "Recall": 0.64, "Precision": 0.6666666666666666, "Cohen_Kappa": 0.31999999999999995, "AUC": 0.6913777777777779, "TP": 48, "TN": 51, "FP": 24, "FN": 27}, "test": {"ACC": 0.5533333333333333, "F1_Score": 0.567741935483871, "Recall": 0.5866666666666667, "Precision": 0.55, "Cohen_Kappa": 0.10666666666666669, "AUC": 0.5369777777777778, "TP": 44, "TN": 39, "FP": 36, "FN": 31}}, "XGB": {"valid": {"ACC": 0.6666666666666666, "F1_Score": 0.6666666666666666, "Recall": 0.6666666666666666, "Precision": 0.6666666666666666, "Cohen_Kappa": 0.33333333333333337, "AUC": 0.7251555555555556, "TP": 50, "TN": 50, "FP": 25, "FN": 25}, "test": {"ACC": 0.6466666666666666, "F1_Score": 0.6624203821656051, "Recall": 0.6933333333333334, "Precision": 0.6341463414634146, "Cohen_Kappa": 0.29333333333333333, "AUC": 0.7064888888888889, "TP": 52, "TN": 45, "FP": 30, "FN": 23}}, "MLP": {"valid": {"ACC": 0.6333333333333333, "F1_Score": 0.6405228758169934, "Recall": 0.6533333333333333, "Precision": 0.6282051282051282, "Cohen_Kappa": 0.2666666666666667, "AUC": 0.7059555555555556, "TP": 49, "TN": 46, "FP": 29, "FN": 26}, "test": {"ACC": 0.6333333333333333, "F1_Score": 0.6496815286624205, "Recall": 0.68, "Precision": 0.6219512195121951, "Cohen_Kappa": 0.2666666666666667, "AUC": 0.6839111111111111, "TP": 51, "TN": 44, "FP": 31, "FN": 24}}, "LR": {"valid": {"ACC": 0.6866666666666666, "F1_Score": 0.7006369426751593, "Recall": 0.7333333333333333, "Precision": 0.6707317073170732, "Cohen_Kappa": 0.3733333333333333, "AUC": 0.7372444444444444, "TP": 55, "TN": 48, "FP": 27, "FN": 20}, "test": {"ACC": 0.6533333333333333, "F1_Score": 0.6708860759493671, "Recall": 0.7066666666666667, "Precision": 0.6385542168674698, "Cohen_Kappa": 0.30666666666666664, "AUC": 0.6920888888888889, "TP": 53, "TN": 45, "FP": 30, "FN": 22}}, "ETAs": {"valid": {"ACC": 0.6666666666666666, "F1_Score": 0.6710526315789473, "Recall": 0.68, "Precision": 0.6623376623376623, "Cohen_Kappa": 0.33333333333333337, "AUC": 0.7413333333333332, "TP": 51, "TN": 49, "FP": 26, "FN": 24}, "test": {"ACC": 0.7, "F1_Score": 0.7272727272727272, "Recall": 0.8, "Precision": 0.6666666666666666, "Cohen_Kappa": 0.4, "AUC": 0.7649777777777779, "TP": 60, "TN": 45, "FP": 30, "FN": 15}}, "CNB": {"valid": {"ACC": 0.6733333333333333, "F1_Score": 0.6956521739130435, "Recall": 0.7466666666666667, "Precision": 0.6511627906976745, "Cohen_Kappa": 0.3466666666666667, "AUC": 0.7441777777777778, "TP": 56, "TN": 45, "FP": 30, "FN": 19}, "test": {"ACC": 0.64, "F1_Score": 0.6785714285714285, "Recall": 0.76, "Precision": 0.6129032258064516, "Cohen_Kappa": 0.28, "AUC": 0.6981333333333335, "TP": 57, "TN": 39, "FP": 36, "FN": 18}}, "GB": {"valid": {"ACC": 0.7, "F1_Score": 0.7019867549668874, "Recall": 0.7066666666666667, "Precision": 0.6973684210526315, "Cohen_Kappa": 0.4, "AUC": 0.733688888888889, "TP": 53, "TN": 52, "FP": 23, "FN": 22}, "test": {"ACC": 0.6133333333333333, "F1_Score": 0.6419753086419753, "Recall": 0.6933333333333334, "Precision": 0.5977011494252874, "Cohen_Kappa": 0.22666666666666668, "AUC": 0.6611555555555556, "TP": 52, "TN": 40, "FP": 35, "FN": 23}}, "BAG": {"valid": {"ACC": 0.66, "F1_Score": 0.6433566433566433, "Recall": 0.6133333333333333, "Precision": 0.6764705882352942, "Cohen_Kappa": 0.31999999999999995, "AUC": 0.6993777777777778, "TP": 46, "TN": 53, "FP": 22, "FN": 29}, "test": {"ACC": 0.6466666666666666, "F1_Score": 0.6344827586206896, "Recall": 0.6133333333333333, "Precision": 0.6571428571428571, "Cohen_Kappa": 0.29333333333333333, "AUC": 0.6996444444444445, "TP": 46, "TN": 51, "FP": 24, "FN": 29}}}