{"OVR": {"valid": {"ACC": 0.6, "F1_Score": 0.6333333333333334, "Recall": 0.7037037037037037, "Precision": 0.5757575757575758, "Cohen_Kappa": 0.2028985507246377, "AUC": 0.7169312169312169, "TP": 19, "TN": 14, "FP": 14, "FN": 8}, "test": {"ACC": 0.6428571428571429, "F1_Score": 0.6296296296296297, "Recall": 0.6071428571428571, "Precision": 0.6538461538461539, "Cohen_Kappa": 0.2857142857142857, "AUC": 0.7448979591836734, "TP": 17, "TN": 19, "FP": 9, "FN": 11}}, "KNB": {"valid": {"ACC": 0.6181818181818182, "F1_Score": 0.6557377049180328, "Recall": 0.7407407407407407, "Precision": 0.5882352941176471, "Cohen_Kappa": 0.23963133640552992, "AUC": 0.6521164021164021, "TP": 20, "TN": 14, "FP": 14, "FN": 7}, "test": {"ACC": 0.6428571428571429, "F1_Score": 0.6153846153846153, "Recall": 0.5714285714285714, "Precision": 0.6666666666666666, "Cohen_Kappa": 0.2857142857142857, "AUC": 0.6804846938775511, "TP": 16, "TN": 20, "FP": 8, "FN": 12}}, "DT": {"valid": {"ACC": 0.6, "F1_Score": 0.6071428571428571, "Recall": 0.6296296296296297, "Precision": 0.5862068965517241, "Cohen_Kappa": 0.20079260237780716, "AUC": 0.6005291005291006, "TP": 17, "TN": 16, "FP": 12, "FN": 10}, "test": {"ACC": 0.5714285714285714, "F1_Score": 0.52, "Recall": 0.4642857142857143, "Precision": 0.5909090909090909, "Cohen_Kappa": 0.1428571428571429, "AUC": 0.5714285714285715, "TP": 13, "TN": 19, "FP": 9, "FN": 15}}, "MNB": {"valid": {"ACC": 0.6, "F1_Score": 0.65625, "Recall": 0.7777777777777778, "Precision": 0.5675675675675675, "Cohen_Kappa": 0.20499342969776613, "AUC": 0.738095238095238, "TP": 21, "TN": 12, "FP": 16, "FN": 6}, "test": {"ACC": 0.6964285714285714, "F1_Score": 0.6792452830188679, "Recall": 0.6428571428571429, "Precision": 0.72, "Cohen_Kappa": 0.3928571428571429, "AUC": 0.7283163265306123, "TP": 18, "TN": 21, "FP": 7, "FN": 10}}, "RF": {"valid": {"ACC": 0.6181818181818182, "F1_Score": 0.6557377049180328, "Recall": 0.7407407407407407, "Precision": 0.5882352941176471, "Cohen_Kappa": 0.23963133640552992, "AUC": 0.7321428571428571, "TP": 20, "TN": 14, "FP": 14, "FN": 7}, "test": {"ACC": 0.625, "F1_Score": 0.5882352941176471, "Recall": 0.5357142857142857, "Precision": 0.6521739130434783, "Cohen_Kappa": 0.25, "AUC": 0.7264030612244897, "TP": 15, "TN": 20, "FP": 8, "FN": 13}}, "ADA": {"valid": {"ACC": 0.6, "F1_Score": 0.6071428571428571, "Recall": 0.6296296296296297, "Precision": 0.5862068965517241, "Cohen_Kappa": 0.20079260237780716, "AUC": 0.6514550264550264, "TP": 17, "TN": 16, "FP": 12, "FN": 10}, "test": {"ACC": 0.6428571428571429, "F1_Score": 0.6153846153846153, "Recall": 0.5714285714285714, "Precision": 0.6666666666666666, "Cohen_Kappa": 0.2857142857142857, "AUC": 0.6779336734693877, "TP": 16, "TN": 20, "FP": 8, "FN": 12}}, "XGB": {"valid": {"ACC": 0.5636363636363636, "F1_Score": 0.6363636363636364, "Recall": 0.7777777777777778, "Precision": 0.5384615384615384, "Cohen_Kappa": 0.13385826771653553, "AUC": 0.6931216931216931, "TP": 21, "TN": 10, "FP": 18, "FN": 6}, "test": {"ACC": 0.625, "F1_Score": 0.5531914893617021, "Recall": 0.4642857142857143, "Precision": 0.6842105263157895, "Cohen_Kappa": 0.25, "AUC": 0.6938775510204082, "TP": 13, "TN": 22, "FP": 6, "FN": 15}}, "MLP": {"valid": {"ACC": 0.6, "F1_Score": 0.6333333333333334, "Recall": 0.7037037037037037, "Precision": 0.5757575757575758, "Cohen_Kappa": 0.2028985507246377, "AUC": 0.7261904761904762, "TP": 19, "TN": 14, "FP": 14, "FN": 8}, "test": {"ACC": 0.625, "F1_Score": 0.6181818181818182, "Recall": 0.6071428571428571, "Precision": 0.6296296296296297, "Cohen_Kappa": 0.25, "AUC": 0.7346938775510204, "TP": 17, "TN": 18, "FP": 10, "FN": 11}}, "LR": {"valid": {"ACC": 0.6, "F1_Score": 0.6333333333333334, "Recall": 0.7037037037037037, "Precision": 0.5757575757575758, "Cohen_Kappa": 0.2028985507246377, "AUC": 0.7169312169312169, "TP": 19, "TN": 14, "FP": 14, "FN": 8}, "test": {"ACC": 0.6428571428571429, "F1_Score": 0.6296296296296297, "Recall": 0.6071428571428571, "Precision": 0.6538461538461539, "Cohen_Kappa": 0.2857142857142857, "AUC": 0.7448979591836734, "TP": 17, "TN": 19, "FP": 9, "FN": 11}}, "ETAs": {"valid": {"ACC": 0.6363636363636364, "F1_Score": 0.6666666666666666, "Recall": 0.7407407407407407, "Precision": 0.6060606060606061, "Cohen_Kappa": 0.2753623188405797, "AUC": 0.7493386243386242, "TP": 20, "TN": 15, "FP": 13, "FN": 7}, "test": {"ACC": 0.625, "F1_Score": 0.5882352941176471, "Recall": 0.5357142857142857, "Precision": 0.6521739130434783, "Cohen_Kappa": 0.25, "AUC": 0.7410714285714285, "TP": 15, "TN": 20, "FP": 8, "FN": 13}}, "CNB": {"valid": {"ACC": 0.6, "F1_Score": 0.65625, "Recall": 0.7777777777777778, "Precision": 0.5675675675675675, "Cohen_Kappa": 0.20499342969776613, "AUC": 0.738095238095238, "TP": 21, "TN": 12, "FP": 16, "FN": 6}, "test": {"ACC": 0.6964285714285714, "F1_Score": 0.6792452830188679, "Recall": 0.6428571428571429, "Precision": 0.72, "Cohen_Kappa": 0.3928571428571429, "AUC": 0.7283163265306123, "TP": 18, "TN": 21, "FP": 7, "FN": 10}}, "GB": {"valid": {"ACC": 0.6181818181818182, "F1_Score": 0.6557377049180328, "Recall": 0.7407407407407407, "Precision": 0.5882352941176471, "Cohen_Kappa": 0.23963133640552992, "AUC": 0.7116402116402116, "TP": 20, "TN": 14, "FP": 14, "FN": 7}, "test": {"ACC": 0.6964285714285714, "F1_Score": 0.6792452830188679, "Recall": 0.6428571428571429, "Precision": 0.72, "Cohen_Kappa": 0.3928571428571429, "AUC": 0.6855867346938775, "TP": 18, "TN": 21, "FP": 7, "FN": 10}}, "BAG": {"valid": {"ACC": 0.5818181818181818, "F1_Score": 0.6229508196721312, "Recall": 0.7037037037037037, "Precision": 0.5588235294117647, "Cohen_Kappa": 0.16721527320605656, "AUC": 0.6951058201058202, "TP": 19, "TN": 13, "FP": 15, "FN": 8}, "test": {"ACC": 0.7142857142857143, "F1_Score": 0.68, "Recall": 0.6071428571428571, "Precision": 0.7727272727272727, "Cohen_Kappa": 0.4285714285714286, "AUC": 0.7448979591836734, "TP": 17, "TN": 23, "FP": 5, "FN": 11}}}