{"OVR": {"valid": {"ACC": 0.6575342465753424, "F1_Score": 0.6031746031746031, "Recall": 0.5205479452054794, "Precision": 0.7169811320754716, "Cohen_Kappa": 0.31506849315068497, "AUC": 0.7539876149371364, "TP": 38, "TN": 58, "FP": 15, "FN": 35}, "test": {"ACC": 0.7054794520547946, "F1_Score": 0.7189542483660132, "Recall": 0.7534246575342466, "Precision": 0.6875, "Cohen_Kappa": 0.410958904109589, "AUC": 0.7674985926064928, "TP": 55, "TN": 48, "FP": 25, "FN": 18}}, "KNB": {"valid": {"ACC": 0.726027397260274, "F1_Score": 0.6774193548387097, "Recall": 0.5753424657534246, "Precision": 0.8235294117647058, "Cohen_Kappa": 0.452054794520548, "AUC": 0.8097203978232314, "TP": 42, "TN": 64, "FP": 9, "FN": 31}, "test": {"ACC": 0.7054794520547946, "F1_Score": 0.6861313868613139, "Recall": 0.6438356164383562, "Precision": 0.734375, "Cohen_Kappa": 0.410958904109589, "AUC": 0.7613060611747046, "TP": 47, "TN": 56, "FP": 17, "FN": 26}}, "DT": {"valid": {"ACC": 0.6438356164383562, "F1_Score": 0.638888888888889, "Recall": 0.6301369863013698, "Precision": 0.647887323943662, "Cohen_Kappa": 0.28767123287671237, "AUC": 0.6438356164383561, "TP": 46, "TN": 48, "FP": 25, "FN": 27}, "test": {"ACC": 0.5958904109589042, "F1_Score": 0.6335403726708074, "Recall": 0.6986301369863014, "Precision": 0.5795454545454546, "Cohen_Kappa": 0.1917808219178082, "AUC": 0.5958904109589042, "TP": 51, "TN": 36, "FP": 37, "FN": 22}}, "MNB": {"valid": {"ACC": 0.6232876712328768, "F1_Score": 0.580152671755725, "Recall": 0.5205479452054794, "Precision": 0.6551724137931034, "Cohen_Kappa": 0.2465753424657534, "AUC": 0.7200225182961156, "TP": 38, "TN": 53, "FP": 20, "FN": 35}, "test": {"ACC": 0.684931506849315, "F1_Score": 0.684931506849315, "Recall": 0.684931506849315, "Precision": 0.684931506849315, "Cohen_Kappa": 0.36986301369863017, "AUC": 0.7506098705197973, "TP": 50, "TN": 50, "FP": 23, "FN": 23}}, "RF": {"valid": {"ACC": 0.726027397260274, "F1_Score": 0.7101449275362318, "Recall": 0.6712328767123288, "Precision": 0.7538461538461538, "Cohen_Kappa": 0.452054794520548, "AUC": 0.8085006567836367, "TP": 49, "TN": 57, "FP": 16, "FN": 24}, "test": {"ACC": 0.726027397260274, "F1_Score": 0.736842105263158, "Recall": 0.7671232876712328, "Precision": 0.7088607594936709, "Cohen_Kappa": 0.452054794520548, "AUC": 0.7938637643085007, "TP": 56, "TN": 50, "FP": 23, "FN": 17}}, "ADA": {"valid": {"ACC": 0.5958904109589042, "F1_Score": 0.5755395683453237, "Recall": 0.547945205479452, "Precision": 0.6060606060606061, "Cohen_Kappa": 0.1917808219178082, "AUC": 0.6789266278851567, "TP": 40, "TN": 47, "FP": 26, "FN": 33}, "test": {"ACC": 0.6986301369863014, "F1_Score": 0.6944444444444443, "Recall": 0.684931506849315, "Precision": 0.704225352112676, "Cohen_Kappa": 0.3972602739726028, "AUC": 0.741133420904485, "TP": 50, "TN": 52, "FP": 21, "FN": 23}}, "XGB": {"valid": {"ACC": 0.7465753424657534, "F1_Score": 0.7299270072992701, "Recall": 0.684931506849315, "Precision": 0.78125, "Cohen_Kappa": 0.4931506849315068, "AUC": 0.803903171326703, "TP": 50, "TN": 59, "FP": 14, "FN": 23}, "test": {"ACC": 0.6986301369863014, "F1_Score": 0.6986301369863014, "Recall": 0.6986301369863014, "Precision": 0.6986301369863014, "Cohen_Kappa": 0.3972602739726028, "AUC": 0.751735785325577, "TP": 51, "TN": 51, "FP": 22, "FN": 22}}, "MLP": {"valid": {"ACC": 0.6712328767123288, "F1_Score": 0.625, "Recall": 0.547945205479452, "Precision": 0.7272727272727273, "Cohen_Kappa": 0.34246575342465757, "AUC": 0.7599924939012949, "TP": 40, "TN": 58, "FP": 15, "FN": 33}, "test": {"ACC": 0.7191780821917808, "F1_Score": 0.7210884353741497, "Recall": 0.726027397260274, "Precision": 0.7162162162162162, "Cohen_Kappa": 0.4383561643835616, "AUC": 0.7746293863764308, "TP": 53, "TN": 52, "FP": 21, "FN": 20}}, "LR": {"valid": {"ACC": 0.6575342465753424, "F1_Score": 0.6031746031746031, "Recall": 0.5205479452054794, "Precision": 0.7169811320754716, "Cohen_Kappa": 0.31506849315068497, "AUC": 0.7539876149371364, "TP": 38, "TN": 58, "FP": 15, "FN": 35}, "test": {"ACC": 0.7054794520547946, "F1_Score": 0.7189542483660132, "Recall": 0.7534246575342466, "Precision": 0.6875, "Cohen_Kappa": 0.410958904109589, "AUC": 0.7674985926064928, "TP": 55, "TN": 48, "FP": 25, "FN": 18}}, "ETAs": {"valid": {"ACC": 0.7397260273972602, "F1_Score": 0.7246376811594203, "Recall": 0.684931506849315, "Precision": 0.7692307692307693, "Cohen_Kappa": 0.4794520547945206, "AUC": 0.8152561456183149, "TP": 50, "TN": 58, "FP": 15, "FN": 23}, "test": {"ACC": 0.7123287671232876, "F1_Score": 0.7307692307692306, "Recall": 0.7808219178082192, "Precision": 0.6867469879518072, "Cohen_Kappa": 0.4246575342465754, "AUC": 0.7935822856070557, "TP": 57, "TN": 47, "FP": 26, "FN": 16}}, "CNB": {"valid": {"ACC": 0.6232876712328768, "F1_Score": 0.580152671755725, "Recall": 0.5205479452054794, "Precision": 0.6551724137931034, "Cohen_Kappa": 0.2465753424657534, "AUC": 0.7200225182961156, "TP": 38, "TN": 53, "FP": 20, "FN": 35}, "test": {"ACC": 0.684931506849315, "F1_Score": 0.684931506849315, "Recall": 0.684931506849315, "Precision": 0.684931506849315, "Cohen_Kappa": 0.36986301369863017, "AUC": 0.7506098705197973, "TP": 50, "TN": 50, "FP": 23, "FN": 23}}, "GB": {"valid": {"ACC": 0.7191780821917808, "F1_Score": 0.7007299270072993, "Recall": 0.6575342465753424, "Precision": 0.75, "Cohen_Kappa": 0.4383561643835616, "AUC": 0.7548320510414712, "TP": 48, "TN": 57, "FP": 16, "FN": 25}, "test": {"ACC": 0.7054794520547946, "F1_Score": 0.7074829931972789, "Recall": 0.7123287671232876, "Precision": 0.7027027027027027, "Cohen_Kappa": 0.410958904109589, "AUC": 0.7519234377932069, "TP": 52, "TN": 51, "FP": 22, "FN": 21}}, "BAG": {"valid": {"ACC": 0.6986301369863014, "F1_Score": 0.6716417910447762, "Recall": 0.6164383561643836, "Precision": 0.7377049180327869, "Cohen_Kappa": 0.3972602739726028, "AUC": 0.7389754175267405, "TP": 45, "TN": 57, "FP": 16, "FN": 28}, "test": {"ACC": 0.636986301369863, "F1_Score": 0.65359477124183, "Recall": 0.684931506849315, "Precision": 0.625, "Cohen_Kappa": 0.273972602739726, "AUC": 0.7327828860949522, "TP": 50, "TN": 43, "FP": 30, "FN": 23}}}