{"OVR": {"valid": {"ACC": 0.6363636363636364, "F1_Score": 0.6756756756756757, "Recall": 0.7575757575757576, "Precision": 0.6097560975609756, "Cohen_Kappa": 0.2727272727272727, "AUC": 0.6877869605142333, "TP": 25, "TN": 17, "FP": 16, "FN": 8}, "test": {"ACC": 0.5522388059701493, "F1_Score": 0.5454545454545455, "Recall": 0.5294117647058824, "Precision": 0.5625, "Cohen_Kappa": 0.10507569011576134, "AUC": 0.6354723707664883, "TP": 18, "TN": 19, "FP": 14, "FN": 16}}, "KNB": {"valid": {"ACC": 0.6666666666666666, "F1_Score": 0.7105263157894738, "Recall": 0.8181818181818182, "Precision": 0.627906976744186, "Cohen_Kappa": 0.33333333333333337, "AUC": 0.6730945821854912, "TP": 27, "TN": 17, "FP": 16, "FN": 6}, "test": {"ACC": 0.6417910447761194, "F1_Score": 0.6571428571428571, "Recall": 0.6764705882352942, "Precision": 0.6388888888888888, "Cohen_Kappa": 0.28278322925958965, "AUC": 0.679590017825312, "TP": 23, "TN": 20, "FP": 13, "FN": 11}}, "DT": {"valid": {"ACC": 0.5909090909090909, "F1_Score": 0.619718309859155, "Recall": 0.6666666666666666, "Precision": 0.5789473684210527, "Cohen_Kappa": 0.18181818181818177, "AUC": 0.5909090909090908, "TP": 22, "TN": 17, "FP": 16, "FN": 11}, "test": {"ACC": 0.4626865671641791, "F1_Score": 0.47058823529411764, "Recall": 0.47058823529411764, "Precision": 0.47058823529411764, "Cohen_Kappa": -0.07486631016042788, "AUC": 0.46256684491978617, "TP": 16, "TN": 15, "FP": 18, "FN": 18}}, "MNB": {"valid": {"ACC": 0.6212121212121212, "F1_Score": 0.6478873239436619, "Recall": 0.696969696969697, "Precision": 0.6052631578947368, "Cohen_Kappa": 0.24242424242424243, "AUC": 0.6721763085399448, "TP": 23, "TN": 18, "FP": 15, "FN": 10}, "test": {"ACC": 0.5373134328358209, "F1_Score": 0.5230769230769231, "Recall": 0.5, "Precision": 0.5483870967741935, "Cohen_Kappa": 0.07565643079661777, "AUC": 0.5775401069518716, "TP": 17, "TN": 19, "FP": 14, "FN": 17}}, "RF": {"valid": {"ACC": 0.6363636363636364, "F1_Score": 0.6571428571428571, "Recall": 0.696969696969697, "Precision": 0.6216216216216216, "Cohen_Kappa": 0.2727272727272727, "AUC": 0.6873278236914601, "TP": 23, "TN": 19, "FP": 14, "FN": 10}, "test": {"ACC": 0.5522388059701493, "F1_Score": 0.5588235294117647, "Recall": 0.5588235294117647, "Precision": 0.5588235294117647, "Cohen_Kappa": 0.10427807486631013, "AUC": 0.5521390374331552, "TP": 19, "TN": 18, "FP": 15, "FN": 15}}, "ADA": {"valid": {"ACC": 0.6515151515151515, "F1_Score": 0.7012987012987013, "Recall": 0.8181818181818182, "Precision": 0.6136363636363636, "Cohen_Kappa": 0.303030303030303, "AUC": 0.5853994490358126, "TP": 27, "TN": 16, "FP": 17, "FN": 6}, "test": {"ACC": 0.5522388059701493, "F1_Score": 0.5714285714285715, "Recall": 0.5882352941176471, "Precision": 0.5555555555555556, "Cohen_Kappa": 0.10347903657448698, "AUC": 0.5940285204991087, "TP": 20, "TN": 17, "FP": 16, "FN": 14}}, "XGB": {"valid": {"ACC": 0.5909090909090909, "F1_Score": 0.619718309859155, "Recall": 0.6666666666666666, "Precision": 0.5789473684210527, "Cohen_Kappa": 0.18181818181818177, "AUC": 0.6501377410468321, "TP": 22, "TN": 17, "FP": 16, "FN": 11}, "test": {"ACC": 0.47761194029850745, "F1_Score": 0.4444444444444445, "Recall": 0.4117647058823529, "Precision": 0.4827586206896552, "Cohen_Kappa": -0.0426856380613605, "AUC": 0.5463458110516934, "TP": 14, "TN": 18, "FP": 15, "FN": 20}}, "MLP": {"valid": {"ACC": 0.6666666666666666, "F1_Score": 0.6857142857142857, "Recall": 0.7272727272727273, "Precision": 0.6486486486486487, "Cohen_Kappa": 0.33333333333333337, "AUC": 0.7254361799816345, "TP": 24, "TN": 20, "FP": 13, "FN": 9}, "test": {"ACC": 0.6417910447761194, "F1_Score": 0.5999999999999999, "Recall": 0.5294117647058824, "Precision": 0.6923076923076923, "Cohen_Kappa": 0.285968028419183, "AUC": 0.6773618538324421, "TP": 18, "TN": 25, "FP": 8, "FN": 16}}, "LR": {"valid": {"ACC": 0.6363636363636364, "F1_Score": 0.6756756756756757, "Recall": 0.7575757575757576, "Precision": 0.6097560975609756, "Cohen_Kappa": 0.2727272727272727, "AUC": 0.6877869605142333, "TP": 25, "TN": 17, "FP": 16, "FN": 8}, "test": {"ACC": 0.5522388059701493, "F1_Score": 0.5454545454545455, "Recall": 0.5294117647058824, "Precision": 0.5625, "Cohen_Kappa": 0.10507569011576134, "AUC": 0.6354723707664883, "TP": 18, "TN": 19, "FP": 14, "FN": 16}}, "ETAs": {"valid": {"ACC": 0.6363636363636364, "F1_Score": 0.6666666666666667, "Recall": 0.7272727272727273, "Precision": 0.6153846153846154, "Cohen_Kappa": 0.2727272727272727, "AUC": 0.7052341597796142, "TP": 24, "TN": 18, "FP": 15, "FN": 9}, "test": {"ACC": 0.5671641791044776, "F1_Score": 0.5396825396825397, "Recall": 0.5, "Precision": 0.5862068965517241, "Cohen_Kappa": 0.13606047132058696, "AUC": 0.5557040998217468, "TP": 17, "TN": 21, "FP": 12, "FN": 17}}, "CNB": {"valid": {"ACC": 0.6212121212121212, "F1_Score": 0.6478873239436619, "Recall": 0.696969696969697, "Precision": 0.6052631578947368, "Cohen_Kappa": 0.24242424242424243, "AUC": 0.6721763085399448, "TP": 23, "TN": 18, "FP": 15, "FN": 10}, "test": {"ACC": 0.5373134328358209, "F1_Score": 0.5230769230769231, "Recall": 0.5, "Precision": 0.5483870967741935, "Cohen_Kappa": 0.07565643079661777, "AUC": 0.5775401069518716, "TP": 17, "TN": 19, "FP": 14, "FN": 17}}, "GB": {"valid": {"ACC": 0.6212121212121212, "F1_Score": 0.6575342465753425, "Recall": 0.7272727272727273, "Precision": 0.6, "Cohen_Kappa": 0.24242424242424243, "AUC": 0.6639118457300276, "TP": 24, "TN": 17, "FP": 16, "FN": 9}, "test": {"ACC": 0.5522388059701493, "F1_Score": 0.5833333333333334, "Recall": 0.6176470588235294, "Precision": 0.5526315789473685, "Cohen_Kappa": 0.1026785714285714, "AUC": 0.5614973262032086, "TP": 21, "TN": 16, "FP": 17, "FN": 13}}, "BAG": {"valid": {"ACC": 0.6515151515151515, "F1_Score": 0.6849315068493151, "Recall": 0.7575757575757576, "Precision": 0.625, "Cohen_Kappa": 0.303030303030303, "AUC": 0.6730945821854913, "TP": 25, "TN": 18, "FP": 15, "FN": 8}, "test": {"ACC": 0.5223880597014925, "F1_Score": 0.5, "Recall": 0.47058823529411764, "Precision": 0.5333333333333333, "Cohen_Kappa": 0.0462633451957295, "AUC": 0.5334224598930482, "TP": 16, "TN": 19, "FP": 14, "FN": 18}}}