{"OVR": {"valid": {"ACC": 0.5757575757575758, "F1_Score": 0.6000000000000001, "Recall": 0.6363636363636364, "Precision": 0.5675675675675675, "Cohen_Kappa": 0.1515151515151515, "AUC": 0.6565656565656566, "TP": 21, "TN": 17, "FP": 16, "FN": 12}, "test": {"ACC": 0.5373134328358209, "F1_Score": 0.4745762711864407, "Recall": 0.4117647058823529, "Precision": 0.56, "Cohen_Kappa": 0.07811806480248551, "AUC": 0.5641711229946524, "TP": 14, "TN": 22, "FP": 11, "FN": 20}}, "KNB": {"valid": {"ACC": 0.696969696969697, "F1_Score": 0.6774193548387097, "Recall": 0.6363636363636364, "Precision": 0.7241379310344828, "Cohen_Kappa": 0.3939393939393939, "AUC": 0.7483930211202938, "TP": 21, "TN": 25, "FP": 8, "FN": 12}, "test": {"ACC": 0.6268656716417911, "F1_Score": 0.6153846153846154, "Recall": 0.5882352941176471, "Precision": 0.6451612903225806, "Cohen_Kappa": 0.2545616377392079, "AUC": 0.624777183600713, "TP": 20, "TN": 22, "FP": 11, "FN": 14}}, "DT": {"valid": {"ACC": 0.6363636363636364, "F1_Score": 0.6666666666666667, "Recall": 0.7272727272727273, "Precision": 0.6153846153846154, "Cohen_Kappa": 0.2727272727272727, "AUC": 0.6363636363636364, "TP": 24, "TN": 18, "FP": 15, "FN": 9}, "test": {"ACC": 0.4626865671641791, "F1_Score": 0.43749999999999994, "Recall": 0.4117647058823529, "Precision": 0.4666666666666667, "Cohen_Kappa": -0.07295373665480431, "AUC": 0.463458110516934, "TP": 14, "TN": 17, "FP": 16, "FN": 20}}, "MNB": {"valid": {"ACC": 0.5303030303030303, "F1_Score": 0.5866666666666667, "Recall": 0.6666666666666666, "Precision": 0.5238095238095238, "Cohen_Kappa": 0.06060606060606055, "AUC": 0.6299357208448118, "TP": 22, "TN": 13, "FP": 20, "FN": 11}, "test": {"ACC": 0.5074626865671642, "F1_Score": 0.47619047619047616, "Recall": 0.4411764705882353, "Precision": 0.5172413793103449, "Cohen_Kappa": 0.016896398399288692, "AUC": 0.5311942959001783, "TP": 15, "TN": 19, "FP": 14, "FN": 19}}, "RF": {"valid": {"ACC": 0.6363636363636364, "F1_Score": 0.6666666666666667, "Recall": 0.7272727272727273, "Precision": 0.6153846153846154, "Cohen_Kappa": 0.2727272727272727, "AUC": 0.679981634527089, "TP": 24, "TN": 18, "FP": 15, "FN": 9}, "test": {"ACC": 0.5223880597014925, "F1_Score": 0.5, "Recall": 0.47058823529411764, "Precision": 0.5333333333333333, "Cohen_Kappa": 0.0462633451957295, "AUC": 0.5704099821746881, "TP": 16, "TN": 19, "FP": 14, "FN": 18}}, "ADA": {"valid": {"ACC": 0.5303030303030303, "F1_Score": 0.5373134328358209, "Recall": 0.5454545454545454, "Precision": 0.5294117647058824, "Cohen_Kappa": 0.06060606060606055, "AUC": 0.5413223140495868, "TP": 18, "TN": 17, "FP": 16, "FN": 15}, "test": {"ACC": 0.47761194029850745, "F1_Score": 0.3636363636363637, "Recall": 0.29411764705882354, "Precision": 0.47619047619047616, "Cohen_Kappa": -0.03898980948161279, "AUC": 0.43270944741532974, "TP": 10, "TN": 22, "FP": 11, "FN": 24}}, "XGB": {"valid": {"ACC": 0.6060606060606061, "F1_Score": 0.6486486486486487, "Recall": 0.7272727272727273, "Precision": 0.5853658536585366, "Cohen_Kappa": 0.21212121212121215, "AUC": 0.6437098255280074, "TP": 24, "TN": 16, "FP": 17, "FN": 9}, "test": {"ACC": 0.582089552238806, "F1_Score": 0.5625, "Recall": 0.5294117647058824, "Precision": 0.6, "Cohen_Kappa": 0.1654804270462633, "AUC": 0.571301247771836, "TP": 18, "TN": 21, "FP": 12, "FN": 16}}, "MLP": {"valid": {"ACC": 0.6212121212121212, "F1_Score": 0.6575342465753425, "Recall": 0.7272727272727273, "Precision": 0.6, "Cohen_Kappa": 0.24242424242424243, "AUC": 0.6510560146923783, "TP": 24, "TN": 17, "FP": 16, "FN": 9}, "test": {"ACC": 0.5373134328358209, "F1_Score": 0.4745762711864407, "Recall": 0.4117647058823529, "Precision": 0.56, "Cohen_Kappa": 0.07811806480248551, "AUC": 0.5133689839572192, "TP": 14, "TN": 22, "FP": 11, "FN": 20}}, "LR": {"valid": {"ACC": 0.5757575757575758, "F1_Score": 0.6000000000000001, "Recall": 0.6363636363636364, "Precision": 0.5675675675675675, "Cohen_Kappa": 0.1515151515151515, "AUC": 0.6565656565656566, "TP": 21, "TN": 17, "FP": 16, "FN": 12}, "test": {"ACC": 0.5373134328358209, "F1_Score": 0.4745762711864407, "Recall": 0.4117647058823529, "Precision": 0.56, "Cohen_Kappa": 0.07811806480248551, "AUC": 0.5641711229946524, "TP": 14, "TN": 22, "FP": 11, "FN": 20}}, "ETAs": {"valid": {"ACC": 0.6212121212121212, "F1_Score": 0.6376811594202899, "Recall": 0.6666666666666666, "Precision": 0.6111111111111112, "Cohen_Kappa": 0.24242424242424243, "AUC": 0.6841138659320478, "TP": 22, "TN": 19, "FP": 14, "FN": 11}, "test": {"ACC": 0.4925373134328358, "F1_Score": 0.4333333333333333, "Recall": 0.38235294117647056, "Precision": 0.5, "Cohen_Kappa": -0.011545293072824148, "AUC": 0.48083778966131907, "TP": 13, "TN": 20, "FP": 13, "FN": 21}}, "CNB": {"valid": {"ACC": 0.5303030303030303, "F1_Score": 0.5866666666666667, "Recall": 0.6666666666666666, "Precision": 0.5238095238095238, "Cohen_Kappa": 0.06060606060606055, "AUC": 0.6299357208448118, "TP": 22, "TN": 13, "FP": 20, "FN": 11}, "test": {"ACC": 0.5074626865671642, "F1_Score": 0.47619047619047616, "Recall": 0.4411764705882353, "Precision": 0.5172413793103449, "Cohen_Kappa": 0.016896398399288692, "AUC": 0.5311942959001783, "TP": 15, "TN": 19, "FP": 14, "FN": 19}}, "GB": {"valid": {"ACC": 0.5303030303030303, "F1_Score": 0.5507246376811594, "Recall": 0.5757575757575758, "Precision": 0.5277777777777778, "Cohen_Kappa": 0.06060606060606055, "AUC": 0.5950413223140497, "TP": 19, "TN": 16, "FP": 17, "FN": 14}, "test": {"ACC": 0.5522388059701493, "F1_Score": 0.5, "Recall": 0.4411764705882353, "Precision": 0.5769230769230769, "Cohen_Kappa": 0.10746003552397865, "AUC": 0.5508021390374331, "TP": 15, "TN": 22, "FP": 11, "FN": 19}}, "BAG": {"valid": {"ACC": 0.6666666666666666, "F1_Score": 0.6666666666666666, "Recall": 0.6666666666666666, "Precision": 0.6666666666666666, "Cohen_Kappa": 0.33333333333333337, "AUC": 0.6905417814508724, "TP": 22, "TN": 22, "FP": 11, "FN": 11}, "test": {"ACC": 0.4626865671641791, "F1_Score": 0.33333333333333337, "Recall": 0.2647058823529412, "Precision": 0.45, "Cohen_Kappa": -0.06820194862710349, "AUC": 0.4710338680926916, "TP": 9, "TN": 22, "FP": 11, "FN": 25}}}