{"OVR": {"valid": {"ACC": 0.5757575757575758, "F1_Score": 0.611111111111111, "Recall": 0.6666666666666666, "Precision": 0.5641025641025641, "Cohen_Kappa": 0.1515151515151515, "AUC": 0.5831037649219467, "TP": 22, "TN": 16, "FP": 17, "FN": 11}, "test": {"ACC": 0.5373134328358209, "F1_Score": 0.5633802816901409, "Recall": 0.5882352941176471, "Precision": 0.5405405405405406, "Cohen_Kappa": 0.07318161535029011, "AUC": 0.622994652406417, "TP": 20, "TN": 16, "FP": 17, "FN": 14}}, "KNB": {"valid": {"ACC": 0.5909090909090909, "F1_Score": 0.64, "Recall": 0.7272727272727273, "Precision": 0.5714285714285714, "Cohen_Kappa": 0.18181818181818177, "AUC": 0.6652892561983471, "TP": 24, "TN": 15, "FP": 18, "FN": 9}, "test": {"ACC": 0.4925373134328358, "F1_Score": 0.5277777777777778, "Recall": 0.5588235294117647, "Precision": 0.5, "Cohen_Kappa": -0.016964285714285765, "AUC": 0.5753119429590018, "TP": 19, "TN": 14, "FP": 19, "FN": 15}}, "DT": {"valid": {"ACC": 0.6666666666666666, "F1_Score": 0.6666666666666666, "Recall": 0.6666666666666666, "Precision": 0.6666666666666666, "Cohen_Kappa": 0.33333333333333337, "AUC": 0.6666666666666667, "TP": 22, "TN": 22, "FP": 11, "FN": 11}, "test": {"ACC": 0.5373134328358209, "F1_Score": 0.4745762711864407, "Recall": 0.4117647058823529, "Precision": 0.56, "Cohen_Kappa": 0.07811806480248551, "AUC": 0.5392156862745098, "TP": 14, "TN": 22, "FP": 11, "FN": 20}}, "MNB": {"valid": {"ACC": 0.4696969696969697, "F1_Score": 0.49275362318840576, "Recall": 0.5151515151515151, "Precision": 0.4722222222222222, "Cohen_Kappa": -0.06060606060606055, "AUC": 0.559228650137741, "TP": 17, "TN": 14, "FP": 19, "FN": 16}, "test": {"ACC": 0.582089552238806, "F1_Score": 0.5483870967741935, "Recall": 0.5, "Precision": 0.6071428571428571, "Cohen_Kappa": 0.16622222222222216, "AUC": 0.6363636363636364, "TP": 17, "TN": 22, "FP": 11, "FN": 17}}, "RF": {"valid": {"ACC": 0.6363636363636364, "F1_Score": 0.6666666666666667, "Recall": 0.7272727272727273, "Precision": 0.6153846153846154, "Cohen_Kappa": 0.2727272727272727, "AUC": 0.6960514233241506, "TP": 24, "TN": 18, "FP": 15, "FN": 9}, "test": {"ACC": 0.582089552238806, "F1_Score": 0.5625, "Recall": 0.5294117647058824, "Precision": 0.6, "Cohen_Kappa": 0.1654804270462633, "AUC": 0.6372549019607843, "TP": 18, "TN": 21, "FP": 12, "FN": 16}}, "ADA": {"valid": {"ACC": 0.5, "F1_Score": 0.5479452054794521, "Recall": 0.6060606060606061, "Precision": 0.5, "Cohen_Kappa": 0.0, "AUC": 0.5339761248852157, "TP": 20, "TN": 13, "FP": 20, "FN": 13}, "test": {"ACC": 0.6268656716417911, "F1_Score": 0.6153846153846154, "Recall": 0.5882352941176471, "Precision": 0.6451612903225806, "Cohen_Kappa": 0.2545616377392079, "AUC": 0.6942959001782532, "TP": 20, "TN": 22, "FP": 11, "FN": 14}}, "XGB": {"valid": {"ACC": 0.6060606060606061, "F1_Score": 0.6176470588235293, "Recall": 0.6363636363636364, "Precision": 0.6, "Cohen_Kappa": 0.21212121212121215, "AUC": 0.6483011937557392, "TP": 21, "TN": 19, "FP": 14, "FN": 12}, "test": {"ACC": 0.5373134328358209, "F1_Score": 0.5507246376811593, "Recall": 0.5588235294117647, "Precision": 0.5428571428571428, "Cohen_Kappa": 0.07400802496656267, "AUC": 0.5811051693404634, "TP": 19, "TN": 17, "FP": 16, "FN": 15}}, "MLP": {"valid": {"ACC": 0.6666666666666666, "F1_Score": 0.7027027027027027, "Recall": 0.7878787878787878, "Precision": 0.6341463414634146, "Cohen_Kappa": 0.33333333333333337, "AUC": 0.6813590449954086, "TP": 26, "TN": 18, "FP": 15, "FN": 7}, "test": {"ACC": 0.5970149253731343, "F1_Score": 0.5846153846153845, "Recall": 0.5588235294117647, "Precision": 0.6129032258064516, "Cohen_Kappa": 0.19492656875834447, "AUC": 0.6301247771836007, "TP": 19, "TN": 21, "FP": 12, "FN": 15}}, "LR": {"valid": {"ACC": 0.5757575757575758, "F1_Score": 0.611111111111111, "Recall": 0.6666666666666666, "Precision": 0.5641025641025641, "Cohen_Kappa": 0.1515151515151515, "AUC": 0.5831037649219467, "TP": 22, "TN": 16, "FP": 17, "FN": 11}, "test": {"ACC": 0.5373134328358209, "F1_Score": 0.5633802816901409, "Recall": 0.5882352941176471, "Precision": 0.5405405405405406, "Cohen_Kappa": 0.07318161535029011, "AUC": 0.622994652406417, "TP": 20, "TN": 16, "FP": 17, "FN": 14}}, "ETAs": {"valid": {"ACC": 0.6060606060606061, "F1_Score": 0.6285714285714286, "Recall": 0.6666666666666666, "Precision": 0.5945945945945946, "Cohen_Kappa": 0.21212121212121215, "AUC": 0.7222222222222222, "TP": 22, "TN": 18, "FP": 15, "FN": 11}, "test": {"ACC": 0.5522388059701493, "F1_Score": 0.5454545454545455, "Recall": 0.5294117647058824, "Precision": 0.5625, "Cohen_Kappa": 0.10507569011576134, "AUC": 0.5926916221033869, "TP": 18, "TN": 19, "FP": 14, "FN": 16}}, "CNB": {"valid": {"ACC": 0.4696969696969697, "F1_Score": 0.49275362318840576, "Recall": 0.5151515151515151, "Precision": 0.4722222222222222, "Cohen_Kappa": -0.06060606060606055, "AUC": 0.559228650137741, "TP": 17, "TN": 14, "FP": 19, "FN": 16}, "test": {"ACC": 0.582089552238806, "F1_Score": 0.5483870967741935, "Recall": 0.5, "Precision": 0.6071428571428571, "Cohen_Kappa": 0.16622222222222216, "AUC": 0.6363636363636364, "TP": 17, "TN": 22, "FP": 11, "FN": 17}}, "GB": {"valid": {"ACC": 0.5757575757575758, "F1_Score": 0.6216216216216217, "Recall": 0.696969696969697, "Precision": 0.5609756097560976, "Cohen_Kappa": 0.1515151515151515, "AUC": 0.5831037649219468, "TP": 23, "TN": 15, "FP": 18, "FN": 10}, "test": {"ACC": 0.5223880597014925, "F1_Score": 0.5428571428571428, "Recall": 0.5588235294117647, "Precision": 0.5277777777777778, "Cohen_Kappa": 0.043710972346119426, "AUC": 0.6327985739750446, "TP": 19, "TN": 16, "FP": 17, "FN": 15}}, "BAG": {"valid": {"ACC": 0.6515151515151515, "F1_Score": 0.6567164179104478, "Recall": 0.6666666666666666, "Precision": 0.6470588235294118, "Cohen_Kappa": 0.303030303030303, "AUC": 0.6891643709825528, "TP": 22, "TN": 21, "FP": 12, "FN": 11}, "test": {"ACC": 0.5373134328358209, "F1_Score": 0.4745762711864407, "Recall": 0.4117647058823529, "Precision": 0.56, "Cohen_Kappa": 0.07811806480248551, "AUC": 0.6100713012477719, "TP": 14, "TN": 22, "FP": 11, "FN": 20}}}