{"OVR": {"valid": {"ACC": 0.66, "F1_Score": 0.6622516556291391, "Recall": 0.6666666666666666, "Precision": 0.6578947368421053, "Cohen_Kappa": 0.31999999999999995, "AUC": 0.6810666666666667, "TP": 50, "TN": 49, "FP": 26, "FN": 25}, "test": {"ACC": 0.6066666666666667, "F1_Score": 0.6242038216560509, "Recall": 0.6533333333333333, "Precision": 0.5975609756097561, "Cohen_Kappa": 0.21333333333333337, "AUC": 0.6739555555555555, "TP": 49, "TN": 42, "FP": 33, "FN": 26}}, "KNB": {"valid": {"ACC": 0.6133333333333333, "F1_Score": 0.6329113924050633, "Recall": 0.6666666666666666, "Precision": 0.6024096385542169, "Cohen_Kappa": 0.22666666666666668, "AUC": 0.6542222222222221, "TP": 50, "TN": 42, "FP": 33, "FN": 25}, "test": {"ACC": 0.6733333333333333, "F1_Score": 0.6878980891719746, "Recall": 0.72, "Precision": 0.6585365853658537, "Cohen_Kappa": 0.3466666666666667, "AUC": 0.7001777777777778, "TP": 54, "TN": 47, "FP": 28, "FN": 21}}, "DT": {"valid": {"ACC": 0.58, "F1_Score": 0.5771812080536912, "Recall": 0.5733333333333334, "Precision": 0.581081081081081, "Cohen_Kappa": 0.16000000000000003, "AUC": 0.58, "TP": 43, "TN": 44, "FP": 31, "FN": 32}, "test": {"ACC": 0.6466666666666666, "F1_Score": 0.6826347305389221, "Recall": 0.76, "Precision": 0.6195652173913043, "Cohen_Kappa": 0.29333333333333333, "AUC": 0.6486222222222222, "TP": 57, "TN": 40, "FP": 35, "FN": 18}}, "MNB": {"valid": {"ACC": 0.6266666666666667, "F1_Score": 0.6543209876543209, "Recall": 0.7066666666666667, "Precision": 0.6091954022988506, "Cohen_Kappa": 0.2533333333333333, "AUC": 0.7212444444444444, "TP": 53, "TN": 41, "FP": 34, "FN": 22}, "test": {"ACC": 0.5866666666666667, "F1_Score": 0.617283950617284, "Recall": 0.6666666666666666, "Precision": 0.5747126436781609, "Cohen_Kappa": 0.17333333333333334, "AUC": 0.6764444444444445, "TP": 50, "TN": 38, "FP": 37, "FN": 25}}, "RF": {"valid": {"ACC": 0.6333333333333333, "F1_Score": 0.6308724832214765, "Recall": 0.6266666666666667, "Precision": 0.6351351351351351, "Cohen_Kappa": 0.2666666666666667, "AUC": 0.7071999999999999, "TP": 47, "TN": 48, "FP": 27, "FN": 28}, "test": {"ACC": 0.6733333333333333, "F1_Score": 0.6993865030674846, "Recall": 0.76, "Precision": 0.6477272727272727, "Cohen_Kappa": 0.3466666666666667, "AUC": 0.7779555555555555, "TP": 57, "TN": 44, "FP": 31, "FN": 18}}, "ADA": {"valid": {"ACC": 0.6333333333333333, "F1_Score": 0.6308724832214765, "Recall": 0.6266666666666667, "Precision": 0.6351351351351351, "Cohen_Kappa": 0.2666666666666667, "AUC": 0.6865777777777778, "TP": 47, "TN": 48, "FP": 27, "FN": 28}, "test": {"ACC": 0.64, "F1_Score": 0.6538461538461539, "Recall": 0.68, "Precision": 0.6296296296296297, "Cohen_Kappa": 0.28, "AUC": 0.6997333333333333, "TP": 51, "TN": 45, "FP": 30, "FN": 24}}, "XGB": {"valid": {"ACC": 0.64, "F1_Score": 0.64, "Recall": 0.64, "Precision": 0.64, "Cohen_Kappa": 0.28, "AUC": 0.6700444444444443, "TP": 48, "TN": 48, "FP": 27, "FN": 27}, "test": {"ACC": 0.6533333333333333, "F1_Score": 0.6578947368421053, "Recall": 0.6666666666666666, "Precision": 0.6493506493506493, "Cohen_Kappa": 0.30666666666666664, "AUC": 0.7148444444444445, "TP": 50, "TN": 48, "FP": 27, "FN": 25}}, "MLP": {"valid": {"ACC": 0.6133333333333333, "F1_Score": 0.6081081081081081, "Recall": 0.6, "Precision": 0.6164383561643836, "Cohen_Kappa": 0.22666666666666668, "AUC": 0.6672, "TP": 45, "TN": 47, "FP": 28, "FN": 30}, "test": {"ACC": 0.6466666666666666, "F1_Score": 0.6787878787878788, "Recall": 0.7466666666666667, "Precision": 0.6222222222222222, "Cohen_Kappa": 0.29333333333333333, "AUC": 0.6958222222222223, "TP": 56, "TN": 41, "FP": 34, "FN": 19}}, "LR": {"valid": {"ACC": 0.66, "F1_Score": 0.6622516556291391, "Recall": 0.6666666666666666, "Precision": 0.6578947368421053, "Cohen_Kappa": 0.31999999999999995, "AUC": 0.6810666666666667, "TP": 50, "TN": 49, "FP": 26, "FN": 25}, "test": {"ACC": 0.6066666666666667, "F1_Score": 0.6242038216560509, "Recall": 0.6533333333333333, "Precision": 0.5975609756097561, "Cohen_Kappa": 0.21333333333333337, "AUC": 0.6739555555555555, "TP": 49, "TN": 42, "FP": 33, "FN": 26}}, "ETAs": {"valid": {"ACC": 0.66, "F1_Score": 0.6666666666666666, "Recall": 0.68, "Precision": 0.6538461538461539, "Cohen_Kappa": 0.31999999999999995, "AUC": 0.7140444444444445, "TP": 51, "TN": 48, "FP": 27, "FN": 24}, "test": {"ACC": 0.74, "F1_Score": 0.7636363636363636, "Recall": 0.84, "Precision": 0.7, "Cohen_Kappa": 0.48, "AUC": 0.8219555555555556, "TP": 63, "TN": 48, "FP": 27, "FN": 12}}, "CNB": {"valid": {"ACC": 0.6266666666666667, "F1_Score": 0.6543209876543209, "Recall": 0.7066666666666667, "Precision": 0.6091954022988506, "Cohen_Kappa": 0.2533333333333333, "AUC": 0.7212444444444444, "TP": 53, "TN": 41, "FP": 34, "FN": 22}, "test": {"ACC": 0.5866666666666667, "F1_Score": 0.617283950617284, "Recall": 0.6666666666666666, "Precision": 0.5747126436781609, "Cohen_Kappa": 0.17333333333333334, "AUC": 0.6764444444444445, "TP": 50, "TN": 38, "FP": 37, "FN": 25}}, "GB": {"valid": {"ACC": 0.6066666666666667, "F1_Score": 0.598639455782313, "Recall": 0.5866666666666667, "Precision": 0.6111111111111112, "Cohen_Kappa": 0.21333333333333337, "AUC": 0.6677333333333332, "TP": 44, "TN": 47, "FP": 28, "FN": 31}, "test": {"ACC": 0.6666666666666666, "F1_Score": 0.6621621621621622, "Recall": 0.6533333333333333, "Precision": 0.6712328767123288, "Cohen_Kappa": 0.33333333333333337, "AUC": 0.7047111111111112, "TP": 49, "TN": 51, "FP": 24, "FN": 26}}, "BAG": {"valid": {"ACC": 0.5866666666666667, "F1_Score": 0.5753424657534246, "Recall": 0.56, "Precision": 0.5915492957746479, "Cohen_Kappa": 0.17333333333333334, "AUC": 0.6340444444444444, "TP": 42, "TN": 46, "FP": 29, "FN": 33}, "test": {"ACC": 0.6466666666666666, "F1_Score": 0.6442953020134228, "Recall": 0.64, "Precision": 0.6486486486486487, "Cohen_Kappa": 0.29333333333333333, "AUC": 0.7017777777777777, "TP": 48, "TN": 49, "FP": 26, "FN": 27}}}