{"OVR": {"valid": {"ACC": 0.6254681647940075, "F1_Score": 0.6000000000000001, "Recall": 0.5639097744360902, "Precision": 0.6410256410256411, "Cohen_Kappa": 0.25058942404850115, "AUC": 0.65365839973067, "TP": 75, "TN": 92, "FP": 42, "FN": 58}, "test": {"ACC": 0.582089552238806, "F1_Score": 0.552, "Recall": 0.5149253731343284, "Precision": 0.5948275862068966, "Cohen_Kappa": 0.16417910447761197, "AUC": 0.6710291824459791, "TP": 69, "TN": 87, "FP": 47, "FN": 65}}, "KNB": {"valid": {"ACC": 0.5880149812734082, "F1_Score": 0.5669291338582677, "Recall": 0.5413533834586466, "Precision": 0.5950413223140496, "Cohen_Kappa": 0.1757409070498429, "AUC": 0.6193188194366512, "TP": 72, "TN": 85, "FP": 49, "FN": 61}, "test": {"ACC": 0.6417910447761194, "F1_Score": 0.6279069767441859, "Recall": 0.6044776119402985, "Precision": 0.6532258064516129, "Cohen_Kappa": 0.28358208955223885, "AUC": 0.6605034528848295, "TP": 81, "TN": 91, "FP": 43, "FN": 53}}, "DT": {"valid": {"ACC": 0.5842696629213483, "F1_Score": 0.5647058823529412, "Recall": 0.5413533834586466, "Precision": 0.5901639344262295, "Cohen_Kappa": 0.16827098476131674, "AUC": 0.5935360790034789, "TP": 72, "TN": 84, "FP": 50, "FN": 61}, "test": {"ACC": 0.6007462686567164, "F1_Score": 0.5803921568627451, "Recall": 0.5522388059701493, "Precision": 0.6115702479338843, "Cohen_Kappa": 0.20149253731343286, "AUC": 0.6067609712630875, "TP": 74, "TN": 87, "FP": 47, "FN": 60}}, "MNB": {"valid": {"ACC": 0.6104868913857678, "F1_Score": 0.59375, "Recall": 0.5714285714285714, "Precision": 0.6178861788617886, "Cohen_Kappa": 0.22074423303586466, "AUC": 0.649057344854674, "TP": 76, "TN": 87, "FP": 47, "FN": 57}, "test": {"ACC": 0.6194029850746269, "F1_Score": 0.5853658536585366, "Recall": 0.5373134328358209, "Precision": 0.6428571428571429, "Cohen_Kappa": 0.23880597014925375, "AUC": 0.6930830920026732, "TP": 72, "TN": 94, "FP": 40, "FN": 62}}, "RF": {"valid": {"ACC": 0.6404494382022472, "F1_Score": 0.6363636363636364, "Recall": 0.631578947368421, "Precision": 0.6412213740458015, "Cohen_Kappa": 0.2808484372369676, "AUC": 0.6828638761081809, "TP": 84, "TN": 87, "FP": 47, "FN": 49}, "test": {"ACC": 0.6604477611940298, "F1_Score": 0.6566037735849057, "Recall": 0.6492537313432836, "Precision": 0.6641221374045801, "Cohen_Kappa": 0.32089552238805974, "AUC": 0.7179772777901539, "TP": 87, "TN": 90, "FP": 44, "FN": 47}}, "ADA": {"valid": {"ACC": 0.5955056179775281, "F1_Score": 0.5714285714285713, "Recall": 0.5413533834586466, "Precision": 0.6050420168067226, "Cohen_Kappa": 0.19068200954252035, "AUC": 0.6179721692290427, "TP": 72, "TN": 87, "FP": 47, "FN": 61}, "test": {"ACC": 0.6492537313432836, "F1_Score": 0.6178861788617885, "Recall": 0.5671641791044776, "Precision": 0.6785714285714286, "Cohen_Kappa": 0.29850746268656714, "AUC": 0.6657106259746046, "TP": 76, "TN": 98, "FP": 36, "FN": 58}}, "XGB": {"valid": {"ACC": 0.6217228464419475, "F1_Score": 0.61003861003861, "Recall": 0.5939849624060151, "Precision": 0.626984126984127, "Cohen_Kappa": 0.24328647192524622, "AUC": 0.6594377735383236, "TP": 79, "TN": 87, "FP": 47, "FN": 54}, "test": {"ACC": 0.6305970149253731, "F1_Score": 0.6177606177606176, "Recall": 0.5970149253731343, "Precision": 0.64, "Cohen_Kappa": 0.26119402985074625, "AUC": 0.6642347961684116, "TP": 80, "TN": 89, "FP": 45, "FN": 54}}, "MLP": {"valid": {"ACC": 0.6217228464419475, "F1_Score": 0.61003861003861, "Recall": 0.5939849624060151, "Precision": 0.626984126984127, "Cohen_Kappa": 0.24328647192524622, "AUC": 0.6304286836494221, "TP": 79, "TN": 87, "FP": 47, "FN": 54}, "test": {"ACC": 0.6007462686567164, "F1_Score": 0.6051660516605165, "Recall": 0.6119402985074627, "Precision": 0.5985401459854015, "Cohen_Kappa": 0.20149253731343286, "AUC": 0.6226887948318112, "TP": 82, "TN": 79, "FP": 55, "FN": 52}}, "LR": {"valid": {"ACC": 0.6254681647940075, "F1_Score": 0.6000000000000001, "Recall": 0.5639097744360902, "Precision": 0.6410256410256411, "Cohen_Kappa": 0.25058942404850115, "AUC": 0.65365839973067, "TP": 75, "TN": 92, "FP": 42, "FN": 58}, "test": {"ACC": 0.582089552238806, "F1_Score": 0.552, "Recall": 0.5149253731343284, "Precision": 0.5948275862068966, "Cohen_Kappa": 0.16417910447761197, "AUC": 0.6710291824459791, "TP": 69, "TN": 87, "FP": 47, "FN": 65}}, "ETAs": {"valid": {"ACC": 0.6329588014981273, "F1_Score": 0.6259541984732825, "Recall": 0.6165413533834586, "Precision": 0.6356589147286822, "Cohen_Kappa": 0.26582491582491585, "AUC": 0.6827236000448884, "TP": 82, "TN": 87, "FP": 47, "FN": 51}, "test": {"ACC": 0.6492537313432836, "F1_Score": 0.6492537313432836, "Recall": 0.6492537313432836, "Precision": 0.6492537313432836, "Cohen_Kappa": 0.29850746268656714, "AUC": 0.705001113833816, "TP": 87, "TN": 87, "FP": 47, "FN": 47}}, "CNB": {"valid": {"ACC": 0.6104868913857678, "F1_Score": 0.59375, "Recall": 0.5714285714285714, "Precision": 0.6178861788617886, "Cohen_Kappa": 0.22074423303586466, "AUC": 0.649057344854674, "TP": 76, "TN": 87, "FP": 47, "FN": 57}, "test": {"ACC": 0.6194029850746269, "F1_Score": 0.5853658536585366, "Recall": 0.5373134328358209, "Precision": 0.6428571428571429, "Cohen_Kappa": 0.23880597014925375, "AUC": 0.6930830920026732, "TP": 72, "TN": 94, "FP": 40, "FN": 62}}, "GB": {"valid": {"ACC": 0.6292134831460674, "F1_Score": 0.5925925925925926, "Recall": 0.5413533834586466, "Precision": 0.6545454545454545, "Cohen_Kappa": 0.2579377333595352, "AUC": 0.6566883626977892, "TP": 72, "TN": 96, "FP": 38, "FN": 61}, "test": {"ACC": 0.6082089552238806, "F1_Score": 0.5643153526970954, "Recall": 0.5074626865671642, "Precision": 0.6355140186915887, "Cohen_Kappa": 0.21641791044776115, "AUC": 0.6617843617732235, "TP": 68, "TN": 95, "FP": 39, "FN": 66}}, "BAG": {"valid": {"ACC": 0.6217228464419475, "F1_Score": 0.6070038910505836, "Recall": 0.5864661654135338, "Precision": 0.6290322580645161, "Cohen_Kappa": 0.24324400168373794, "AUC": 0.6607002581079565, "TP": 78, "TN": 88, "FP": 46, "FN": 55}, "test": {"ACC": 0.664179104477612, "F1_Score": 0.6511627906976745, "Recall": 0.6268656716417911, "Precision": 0.6774193548387096, "Cohen_Kappa": 0.32835820895522383, "AUC": 0.7146357763421697, "TP": 84, "TN": 94, "FP": 40, "FN": 50}}}