{"OVR": {"valid": {"ACC": 0.7096774193548387, "F1_Score": 0.6666666666666665, "Recall": 0.6, "Precision": 0.75, "Cohen_Kappa": 0.41509433962264153, "AUC": 0.7041666666666667, "TP": 9, "TN": 13, "FP": 3, "FN": 6}, "test": {"ACC": 0.6129032258064516, "F1_Score": 0.6000000000000001, "Recall": 0.5625, "Precision": 0.6428571428571429, "Cohen_Kappa": 0.22821576763485474, "AUC": 0.7166666666666667, "TP": 9, "TN": 10, "FP": 5, "FN": 7}}, "KNB": {"valid": {"ACC": 0.6774193548387096, "F1_Score": 0.6666666666666666, "Recall": 0.6666666666666666, "Precision": 0.6666666666666666, "Cohen_Kappa": 0.35416666666666674, "AUC": 0.6875, "TP": 10, "TN": 11, "FP": 5, "FN": 5}, "test": {"ACC": 0.7096774193548387, "F1_Score": 0.7096774193548386, "Recall": 0.6875, "Precision": 0.7333333333333333, "Cohen_Kappa": 0.41995841995842, "AUC": 0.7333333333333334, "TP": 11, "TN": 11, "FP": 4, "FN": 5}}, "DT": {"valid": {"ACC": 0.6451612903225806, "F1_Score": 0.6451612903225806, "Recall": 0.6666666666666666, "Precision": 0.625, "Cohen_Kappa": 0.2910602910602911, "AUC": 0.6458333333333333, "TP": 10, "TN": 10, "FP": 6, "FN": 5}, "test": {"ACC": 0.5483870967741935, "F1_Score": 0.6111111111111112, "Recall": 0.6875, "Precision": 0.55, "Cohen_Kappa": 0.08823529411764708, "AUC": 0.54375, "TP": 11, "TN": 6, "FP": 9, "FN": 5}}, "MNB": {"valid": {"ACC": 0.6774193548387096, "F1_Score": 0.6875, "Recall": 0.7333333333333333, "Precision": 0.6470588235294118, "Cohen_Kappa": 0.3568464730290456, "AUC": 0.7125, "TP": 11, "TN": 10, "FP": 6, "FN": 4}, "test": {"ACC": 0.6129032258064516, "F1_Score": 0.6470588235294118, "Recall": 0.6875, "Precision": 0.6111111111111112, "Cohen_Kappa": 0.22175732217573219, "AUC": 0.7250000000000001, "TP": 11, "TN": 8, "FP": 7, "FN": 5}}, "RF": {"valid": {"ACC": 0.6129032258064516, "F1_Score": 0.6470588235294117, "Recall": 0.7333333333333333, "Precision": 0.5789473684210527, "Cohen_Kappa": 0.23140495867768596, "AUC": 0.7416666666666667, "TP": 11, "TN": 8, "FP": 8, "FN": 4}, "test": {"ACC": 0.6129032258064516, "F1_Score": 0.625, "Recall": 0.625, "Precision": 0.625, "Cohen_Kappa": 0.22499999999999998, "AUC": 0.6979166666666667, "TP": 10, "TN": 9, "FP": 6, "FN": 6}}, "ADA": {"valid": {"ACC": 0.6774193548387096, "F1_Score": 0.6428571428571429, "Recall": 0.6, "Precision": 0.6923076923076923, "Cohen_Kappa": 0.35146443514644343, "AUC": 0.6666666666666667, "TP": 9, "TN": 12, "FP": 4, "FN": 6}, "test": {"ACC": 0.4838709677419355, "F1_Score": 0.5, "Recall": 0.5, "Precision": 0.5, "Cohen_Kappa": -0.033333333333333215, "AUC": 0.5208333333333334, "TP": 8, "TN": 7, "FP": 8, "FN": 8}}, "XGB": {"valid": {"ACC": 0.7096774193548387, "F1_Score": 0.7428571428571429, "Recall": 0.8666666666666667, "Precision": 0.65, "Cohen_Kappa": 0.42474226804123705, "AUC": 0.7708333333333333, "TP": 13, "TN": 9, "FP": 7, "FN": 2}, "test": {"ACC": 0.6129032258064516, "F1_Score": 0.6470588235294118, "Recall": 0.6875, "Precision": 0.6111111111111112, "Cohen_Kappa": 0.22175732217573219, "AUC": 0.7083333333333333, "TP": 11, "TN": 8, "FP": 7, "FN": 5}}, "MLP": {"valid": {"ACC": 0.7096774193548387, "F1_Score": 0.689655172413793, "Recall": 0.6666666666666666, "Precision": 0.7142857142857143, "Cohen_Kappa": 0.4175365344467642, "AUC": 0.6791666666666667, "TP": 10, "TN": 12, "FP": 4, "FN": 5}, "test": {"ACC": 0.6451612903225806, "F1_Score": 0.6451612903225806, "Recall": 0.625, "Precision": 0.6666666666666666, "Cohen_Kappa": 0.2910602910602911, "AUC": 0.7458333333333333, "TP": 10, "TN": 10, "FP": 5, "FN": 6}}, "LR": {"valid": {"ACC": 0.7096774193548387, "F1_Score": 0.6666666666666665, "Recall": 0.6, "Precision": 0.75, "Cohen_Kappa": 0.41509433962264153, "AUC": 0.7041666666666667, "TP": 9, "TN": 13, "FP": 3, "FN": 6}, "test": {"ACC": 0.6129032258064516, "F1_Score": 0.6000000000000001, "Recall": 0.5625, "Precision": 0.6428571428571429, "Cohen_Kappa": 0.22821576763485474, "AUC": 0.7166666666666667, "TP": 9, "TN": 10, "FP": 5, "FN": 7}}, "ETAs": {"valid": {"ACC": 0.6451612903225806, "F1_Score": 0.6451612903225806, "Recall": 0.6666666666666666, "Precision": 0.625, "Cohen_Kappa": 0.2910602910602911, "AUC": 0.79375, "TP": 10, "TN": 10, "FP": 6, "FN": 5}, "test": {"ACC": 0.6129032258064516, "F1_Score": 0.625, "Recall": 0.625, "Precision": 0.625, "Cohen_Kappa": 0.22499999999999998, "AUC": 0.7312500000000001, "TP": 10, "TN": 9, "FP": 6, "FN": 6}}, "CNB": {"valid": {"ACC": 0.6774193548387096, "F1_Score": 0.6875, "Recall": 0.7333333333333333, "Precision": 0.6470588235294118, "Cohen_Kappa": 0.3568464730290456, "AUC": 0.7125, "TP": 11, "TN": 10, "FP": 6, "FN": 4}, "test": {"ACC": 0.6129032258064516, "F1_Score": 0.6470588235294118, "Recall": 0.6875, "Precision": 0.6111111111111112, "Cohen_Kappa": 0.22175732217573219, "AUC": 0.7250000000000001, "TP": 11, "TN": 8, "FP": 7, "FN": 5}}, "GB": {"valid": {"ACC": 0.7096774193548387, "F1_Score": 0.689655172413793, "Recall": 0.6666666666666666, "Precision": 0.7142857142857143, "Cohen_Kappa": 0.4175365344467642, "AUC": 0.7083333333333334, "TP": 10, "TN": 12, "FP": 4, "FN": 5}, "test": {"ACC": 0.6451612903225806, "F1_Score": 0.6666666666666667, "Recall": 0.6875, "Precision": 0.6470588235294118, "Cohen_Kappa": 0.28810020876826725, "AUC": 0.6875, "TP": 11, "TN": 9, "FP": 6, "FN": 5}}, "BAG": {"valid": {"ACC": 0.6451612903225806, "F1_Score": 0.5925925925925926, "Recall": 0.5333333333333333, "Precision": 0.6666666666666666, "Cohen_Kappa": 0.2851153039832285, "AUC": 0.7520833333333334, "TP": 8, "TN": 12, "FP": 4, "FN": 7}, "test": {"ACC": 0.5806451612903226, "F1_Score": 0.5517241379310345, "Recall": 0.5, "Precision": 0.6153846153846154, "Cohen_Kappa": 0.16563146997929612, "AUC": 0.6395833333333334, "TP": 8, "TN": 10, "FP": 5, "FN": 8}}}