{"OVR": {"valid": {"ACC": 0.6331360946745562, "F1_Score": 0.610062893081761, "Recall": 0.5705882352941176, "Precision": 0.6554054054054054, "Cohen_Kappa": 0.26681127982646413, "AUC": 0.6936274509803921, "TP": 97, "TN": 117, "FP": 51, "FN": 73}, "test": {"ACC": 0.6843657817109144, "F1_Score": 0.6624605678233438, "Recall": 0.621301775147929, "Precision": 0.7094594594594594, "Cohen_Kappa": 0.3684952732464005, "AUC": 0.733066481030282, "TP": 105, "TN": 127, "FP": 43, "FN": 64}}, "KNB": {"valid": {"ACC": 0.650887573964497, "F1_Score": 0.5661764705882353, "Recall": 0.45294117647058824, "Precision": 0.7549019607843137, "Cohen_Kappa": 0.30340924968562244, "AUC": 0.7174019607843136, "TP": 77, "TN": 143, "FP": 25, "FN": 93}, "test": {"ACC": 0.6253687315634219, "F1_Score": 0.5415162454873645, "Recall": 0.4437869822485207, "Precision": 0.6944444444444444, "Cohen_Kappa": 0.2499346678513562, "AUC": 0.669805081796032, "TP": 75, "TN": 137, "FP": 33, "FN": 94}}, "DT": {"valid": {"ACC": 0.6479289940828402, "F1_Score": 0.6426426426426426, "Recall": 0.6294117647058823, "Precision": 0.656441717791411, "Cohen_Kappa": 0.29600588091154134, "AUC": 0.6480392156862745, "TP": 107, "TN": 112, "FP": 56, "FN": 63}, "test": {"ACC": 0.6194690265486725, "F1_Score": 0.6102719033232629, "Recall": 0.5976331360946746, "Precision": 0.6234567901234568, "Cohen_Kappa": 0.23883870293979426, "AUC": 0.619404803341455, "TP": 101, "TN": 109, "FP": 61, "FN": 68}}, "MNB": {"valid": {"ACC": 0.650887573964497, "F1_Score": 0.6424242424242423, "Recall": 0.6235294117647059, "Precision": 0.6625, "Cohen_Kappa": 0.30199509975498773, "AUC": 0.6814425770308123, "TP": 106, "TN": 114, "FP": 54, "FN": 64}, "test": {"ACC": 0.6283185840707964, "F1_Score": 0.625, "Recall": 0.621301775147929, "Precision": 0.6287425149700598, "Cohen_Kappa": 0.25660482439347, "AUC": 0.6771319178558998, "TP": 105, "TN": 108, "FP": 62, "FN": 64}}, "RF": {"valid": {"ACC": 0.7041420118343196, "F1_Score": 0.6794871794871796, "Recall": 0.6235294117647059, "Precision": 0.7464788732394366, "Cohen_Kappa": 0.4088428711347418, "AUC": 0.7715511204481793, "TP": 106, "TN": 132, "FP": 36, "FN": 64}, "test": {"ACC": 0.6784660766961652, "F1_Score": 0.6495176848874599, "Recall": 0.5976331360946746, "Precision": 0.7112676056338029, "Cohen_Kappa": 0.3566242404192711, "AUC": 0.7478071702053602, "TP": 101, "TN": 129, "FP": 41, "FN": 68}}, "ADA": {"valid": {"ACC": 0.665680473372781, "F1_Score": 0.6501547987616099, "Recall": 0.6176470588235294, "Precision": 0.6862745098039216, "Cohen_Kappa": 0.3317353116142352, "AUC": 0.6947478991596638, "TP": 105, "TN": 120, "FP": 48, "FN": 65}, "test": {"ACC": 0.6194690265486725, "F1_Score": 0.5904761904761905, "Recall": 0.5502958579881657, "Precision": 0.636986301369863, "Cohen_Kappa": 0.23862666922018905, "AUC": 0.67493908806126, "TP": 93, "TN": 117, "FP": 53, "FN": 76}}, "XGB": {"valid": {"ACC": 0.6745562130177515, "F1_Score": 0.6604938271604938, "Recall": 0.6294117647058823, "Precision": 0.6948051948051948, "Cohen_Kappa": 0.34945408734602457, "AUC": 0.7390231092436974, "TP": 107, "TN": 121, "FP": 47, "FN": 63}, "test": {"ACC": 0.6519174041297935, "F1_Score": 0.6289308176100629, "Recall": 0.591715976331361, "Precision": 0.6711409395973155, "Cohen_Kappa": 0.30358635097493036, "AUC": 0.732335537765402, "TP": 100, "TN": 121, "FP": 49, "FN": 69}}, "MLP": {"valid": {"ACC": 0.6449704142011834, "F1_Score": 0.6273291925465839, "Recall": 0.5941176470588235, "Precision": 0.6644736842105263, "Cohen_Kappa": 0.2903632164602141, "AUC": 0.6947478991596638, "TP": 101, "TN": 117, "FP": 51, "FN": 69}, "test": {"ACC": 0.6902654867256637, "F1_Score": 0.6666666666666667, "Recall": 0.621301775147929, "Precision": 0.7191780821917808, "Cohen_Kappa": 0.3802775214582934, "AUC": 0.7292725374173339, "TP": 105, "TN": 129, "FP": 41, "FN": 64}}, "LR": {"valid": {"ACC": 0.6331360946745562, "F1_Score": 0.610062893081761, "Recall": 0.5705882352941176, "Precision": 0.6554054054054054, "Cohen_Kappa": 0.26681127982646413, "AUC": 0.6936274509803921, "TP": 97, "TN": 117, "FP": 51, "FN": 73}, "test": {"ACC": 0.6843657817109144, "F1_Score": 0.6624605678233438, "Recall": 0.621301775147929, "Precision": 0.7094594594594594, "Cohen_Kappa": 0.3684952732464005, "AUC": 0.733066481030282, "TP": 105, "TN": 127, "FP": 43, "FN": 64}}, "ETAs": {"valid": {"ACC": 0.7100591715976331, "F1_Score": 0.6878980891719745, "Recall": 0.6352941176470588, "Precision": 0.75, "Cohen_Kappa": 0.42062548100468755, "AUC": 0.7836309523809523, "TP": 108, "TN": 132, "FP": 36, "FN": 62}, "test": {"ACC": 0.6814159292035398, "F1_Score": 0.6493506493506495, "Recall": 0.591715976331361, "Precision": 0.7194244604316546, "Cohen_Kappa": 0.3624934703116838, "AUC": 0.7432648799164635, "TP": 100, "TN": 131, "FP": 39, "FN": 69}}, "CNB": {"valid": {"ACC": 0.650887573964497, "F1_Score": 0.6424242424242423, "Recall": 0.6235294117647059, "Precision": 0.6625, "Cohen_Kappa": 0.30199509975498773, "AUC": 0.6814425770308123, "TP": 106, "TN": 114, "FP": 54, "FN": 64}, "test": {"ACC": 0.6283185840707964, "F1_Score": 0.625, "Recall": 0.621301775147929, "Precision": 0.6287425149700598, "Cohen_Kappa": 0.25660482439347, "AUC": 0.6771319178558998, "TP": 105, "TN": 108, "FP": 62, "FN": 64}}, "GB": {"valid": {"ACC": 0.6597633136094675, "F1_Score": 0.6372239747634069, "Recall": 0.5941176470588235, "Precision": 0.6870748299319728, "Cohen_Kappa": 0.3200503795962636, "AUC": 0.7143557422969188, "TP": 101, "TN": 122, "FP": 46, "FN": 69}, "test": {"ACC": 0.6430678466076696, "F1_Score": 0.6158730158730159, "Recall": 0.5739644970414202, "Precision": 0.6643835616438356, "Cohen_Kappa": 0.28584361996622387, "AUC": 0.7106856943961016, "TP": 97, "TN": 121, "FP": 49, "FN": 72}}, "BAG": {"valid": {"ACC": 0.6538461538461539, "F1_Score": 0.6112956810631228, "Recall": 0.5411764705882353, "Precision": 0.7022900763358778, "Cohen_Kappa": 0.308612189237386, "AUC": 0.7188200280112046, "TP": 92, "TN": 129, "FP": 39, "FN": 78}, "test": {"ACC": 0.6755162241887905, "F1_Score": 0.6206896551724138, "Recall": 0.5325443786982249, "Precision": 0.743801652892562, "Cohen_Kappa": 0.35048421932696994, "AUC": 0.7258266620257571, "TP": 90, "TN": 139, "FP": 31, "FN": 79}}}