{"OVR": {"valid": {"ACC": 0.684931506849315, "F1_Score": 0.6666666666666666, "Recall": 0.6301369863013698, "Precision": 0.7076923076923077, "Cohen_Kappa": 0.36986301369863017, "AUC": 0.7539876149371364, "TP": 46, "TN": 54, "FP": 19, "FN": 27}, "test": {"ACC": 0.7534246575342466, "F1_Score": 0.7600000000000001, "Recall": 0.7808219178082192, "Precision": 0.7402597402597403, "Cohen_Kappa": 0.5068493150684932, "AUC": 0.8044661287295928, "TP": 57, "TN": 53, "FP": 20, "FN": 16}}, "KNB": {"valid": {"ACC": 0.7054794520547946, "F1_Score": 0.6993006993006993, "Recall": 0.684931506849315, "Precision": 0.7142857142857143, "Cohen_Kappa": 0.410958904109589, "AUC": 0.7750985175455057, "TP": 50, "TN": 53, "FP": 20, "FN": 23}, "test": {"ACC": 0.6986301369863014, "F1_Score": 0.725, "Recall": 0.7945205479452054, "Precision": 0.6666666666666666, "Cohen_Kappa": 0.3972602739726028, "AUC": 0.7498592606492775, "TP": 58, "TN": 44, "FP": 29, "FN": 15}}, "DT": {"valid": {"ACC": 0.6438356164383562, "F1_Score": 0.6285714285714286, "Recall": 0.6027397260273972, "Precision": 0.6567164179104478, "Cohen_Kappa": 0.28767123287671237, "AUC": 0.6389566522799774, "TP": 44, "TN": 50, "FP": 23, "FN": 29}, "test": {"ACC": 0.636986301369863, "F1_Score": 0.65359477124183, "Recall": 0.684931506849315, "Precision": 0.625, "Cohen_Kappa": 0.273972602739726, "AUC": 0.633890035653969, "TP": 50, "TN": 43, "FP": 30, "FN": 23}}, "MNB": {"valid": {"ACC": 0.6506849315068494, "F1_Score": 0.6433566433566433, "Recall": 0.6301369863013698, "Precision": 0.6571428571428571, "Cohen_Kappa": 0.3013698630136986, "AUC": 0.7427284668793395, "TP": 46, "TN": 49, "FP": 24, "FN": 27}, "test": {"ACC": 0.678082191780822, "F1_Score": 0.6887417218543046, "Recall": 0.7123287671232876, "Precision": 0.6666666666666666, "Cohen_Kappa": 0.3561643835616438, "AUC": 0.7633702383186339, "TP": 52, "TN": 47, "FP": 26, "FN": 21}}, "RF": {"valid": {"ACC": 0.7328767123287672, "F1_Score": 0.7234042553191489, "Recall": 0.6986301369863014, "Precision": 0.75, "Cohen_Kappa": 0.4657534246575342, "AUC": 0.8141302308125351, "TP": 51, "TN": 56, "FP": 17, "FN": 22}, "test": {"ACC": 0.7054794520547946, "F1_Score": 0.7152317880794701, "Recall": 0.7397260273972602, "Precision": 0.6923076923076923, "Cohen_Kappa": 0.410958904109589, "AUC": 0.7633702383186338, "TP": 54, "TN": 49, "FP": 24, "FN": 19}}, "ADA": {"valid": {"ACC": 0.678082191780822, "F1_Score": 0.6518518518518519, "Recall": 0.6027397260273972, "Precision": 0.7096774193548387, "Cohen_Kappa": 0.3561643835616438, "AUC": 0.7511728279226872, "TP": 44, "TN": 55, "FP": 18, "FN": 29}, "test": {"ACC": 0.7671232876712328, "F1_Score": 0.7702702702702703, "Recall": 0.7808219178082192, "Precision": 0.76, "Cohen_Kappa": 0.5342465753424658, "AUC": 0.8201351097766936, "TP": 57, "TN": 55, "FP": 18, "FN": 16}}, "XGB": {"valid": {"ACC": 0.684931506849315, "F1_Score": 0.661764705882353, "Recall": 0.6164383561643836, "Precision": 0.7142857142857143, "Cohen_Kappa": 0.36986301369863017, "AUC": 0.7952711578157252, "TP": 45, "TN": 55, "FP": 18, "FN": 28}, "test": {"ACC": 0.6643835616438356, "F1_Score": 0.6666666666666666, "Recall": 0.6712328767123288, "Precision": 0.6621621621621622, "Cohen_Kappa": 0.3287671232876712, "AUC": 0.7720022518296115, "TP": 49, "TN": 48, "FP": 25, "FN": 24}}, "MLP": {"valid": {"ACC": 0.684931506849315, "F1_Score": 0.661764705882353, "Recall": 0.6164383561643836, "Precision": 0.7142857142857143, "Cohen_Kappa": 0.36986301369863017, "AUC": 0.7659973728654532, "TP": 45, "TN": 55, "FP": 18, "FN": 28}, "test": {"ACC": 0.7054794520547946, "F1_Score": 0.703448275862069, "Recall": 0.6986301369863014, "Precision": 0.7083333333333334, "Cohen_Kappa": 0.410958904109589, "AUC": 0.7706886845562019, "TP": 51, "TN": 52, "FP": 21, "FN": 22}}, "LR": {"valid": {"ACC": 0.684931506849315, "F1_Score": 0.6666666666666666, "Recall": 0.6301369863013698, "Precision": 0.7076923076923077, "Cohen_Kappa": 0.36986301369863017, "AUC": 0.7539876149371364, "TP": 46, "TN": 54, "FP": 19, "FN": 27}, "test": {"ACC": 0.7534246575342466, "F1_Score": 0.7600000000000001, "Recall": 0.7808219178082192, "Precision": 0.7402597402597403, "Cohen_Kappa": 0.5068493150684932, "AUC": 0.8044661287295928, "TP": 57, "TN": 53, "FP": 20, "FN": 16}}, "ETAs": {"valid": {"ACC": 0.7328767123287672, "F1_Score": 0.7153284671532847, "Recall": 0.6712328767123288, "Precision": 0.765625, "Cohen_Kappa": 0.4657534246575342, "AUC": 0.8049352598986677, "TP": 49, "TN": 58, "FP": 15, "FN": 24}, "test": {"ACC": 0.7123287671232876, "F1_Score": 0.7236842105263158, "Recall": 0.7534246575342466, "Precision": 0.6962025316455697, "Cohen_Kappa": 0.4246575342465754, "AUC": 0.762994933383374, "TP": 55, "TN": 49, "FP": 24, "FN": 18}}, "CNB": {"valid": {"ACC": 0.6506849315068494, "F1_Score": 0.6433566433566433, "Recall": 0.6301369863013698, "Precision": 0.6571428571428571, "Cohen_Kappa": 0.3013698630136986, "AUC": 0.7427284668793395, "TP": 46, "TN": 49, "FP": 24, "FN": 27}, "test": {"ACC": 0.678082191780822, "F1_Score": 0.6887417218543046, "Recall": 0.7123287671232876, "Precision": 0.6666666666666666, "Cohen_Kappa": 0.3561643835616438, "AUC": 0.7633702383186339, "TP": 52, "TN": 47, "FP": 26, "FN": 21}}, "GB": {"valid": {"ACC": 0.684931506849315, "F1_Score": 0.661764705882353, "Recall": 0.6164383561643836, "Precision": 0.7142857142857143, "Cohen_Kappa": 0.36986301369863017, "AUC": 0.7660911990992681, "TP": 45, "TN": 55, "FP": 18, "FN": 28}, "test": {"ACC": 0.726027397260274, "F1_Score": 0.736842105263158, "Recall": 0.7671232876712328, "Precision": 0.7088607594936709, "Cohen_Kappa": 0.452054794520548, "AUC": 0.7985550759992495, "TP": 56, "TN": 50, "FP": 23, "FN": 17}}, "BAG": {"valid": {"ACC": 0.726027397260274, "F1_Score": 0.6969696969696969, "Recall": 0.6301369863013698, "Precision": 0.7796610169491526, "Cohen_Kappa": 0.452054794520548, "AUC": 0.7727528617001312, "TP": 46, "TN": 60, "FP": 13, "FN": 27}, "test": {"ACC": 0.7123287671232876, "F1_Score": 0.704225352112676, "Recall": 0.684931506849315, "Precision": 0.7246376811594203, "Cohen_Kappa": 0.4246575342465754, "AUC": 0.7491086507787577, "TP": 50, "TN": 54, "FP": 19, "FN": 23}}}