{"OVR": {"valid": {"ACC": 0.6712328767123288, "F1_Score": 0.6470588235294118, "Recall": 0.6027397260273972, "Precision": 0.6984126984126984, "Cohen_Kappa": 0.34246575342465757, "AUC": 0.7262150497279038, "TP": 44, "TN": 54, "FP": 19, "FN": 29}, "test": {"ACC": 0.684931506849315, "F1_Score": 0.6891891891891893, "Recall": 0.6986301369863014, "Precision": 0.68, "Cohen_Kappa": 0.36986301369863017, "AUC": 0.7823231375492588, "TP": 51, "TN": 49, "FP": 24, "FN": 22}}, "KNB": {"valid": {"ACC": 0.6712328767123288, "F1_Score": 0.5471698113207547, "Recall": 0.3972602739726027, "Precision": 0.8787878787878788, "Cohen_Kappa": 0.34246575342465757, "AUC": 0.7546443985738411, "TP": 29, "TN": 69, "FP": 4, "FN": 44}, "test": {"ACC": 0.6643835616438356, "F1_Score": 0.5663716814159292, "Recall": 0.4383561643835616, "Precision": 0.8, "Cohen_Kappa": 0.3287671232876712, "AUC": 0.7687183336460874, "TP": 32, "TN": 65, "FP": 8, "FN": 41}}, "DT": {"valid": {"ACC": 0.6164383561643836, "F1_Score": 0.6, "Recall": 0.5753424657534246, "Precision": 0.6268656716417911, "Cohen_Kappa": 0.23287671232876717, "AUC": 0.6164383561643836, "TP": 42, "TN": 48, "FP": 25, "FN": 31}, "test": {"ACC": 0.678082191780822, "F1_Score": 0.6887417218543046, "Recall": 0.7123287671232876, "Precision": 0.6666666666666666, "Cohen_Kappa": 0.3561643835616438, "AUC": 0.678082191780822, "TP": 52, "TN": 47, "FP": 26, "FN": 21}}, "MNB": {"valid": {"ACC": 0.6643835616438356, "F1_Score": 0.6201550387596898, "Recall": 0.547945205479452, "Precision": 0.7142857142857143, "Cohen_Kappa": 0.3287671232876712, "AUC": 0.7461062112966786, "TP": 40, "TN": 57, "FP": 16, "FN": 33}, "test": {"ACC": 0.7054794520547946, "F1_Score": 0.6993006993006993, "Recall": 0.684931506849315, "Precision": 0.7142857142857143, "Cohen_Kappa": 0.410958904109589, "AUC": 0.7522987427284669, "TP": 50, "TN": 53, "FP": 20, "FN": 23}}, "RF": {"valid": {"ACC": 0.7397260273972602, "F1_Score": 0.7246376811594203, "Recall": 0.684931506849315, "Precision": 0.7692307692307693, "Cohen_Kappa": 0.4794520547945206, "AUC": 0.7990242071683242, "TP": 50, "TN": 58, "FP": 15, "FN": 23}, "test": {"ACC": 0.726027397260274, "F1_Score": 0.7435897435897436, "Recall": 0.7945205479452054, "Precision": 0.6987951807228916, "Cohen_Kappa": 0.452054794520548, "AUC": 0.7957402889848002, "TP": 58, "TN": 48, "FP": 25, "FN": 15}}, "ADA": {"valid": {"ACC": 0.6506849315068494, "F1_Score": 0.6330935251798561, "Recall": 0.6027397260273972, "Precision": 0.6666666666666666, "Cohen_Kappa": 0.3013698630136986, "AUC": 0.6718896603490335, "TP": 44, "TN": 51, "FP": 22, "FN": 29}, "test": {"ACC": 0.6164383561643836, "F1_Score": 0.641025641025641, "Recall": 0.684931506849315, "Precision": 0.6024096385542169, "Cohen_Kappa": 0.23287671232876717, "AUC": 0.7007881403640458, "TP": 50, "TN": 40, "FP": 33, "FN": 23}}, "XGB": {"valid": {"ACC": 0.678082191780822, "F1_Score": 0.6618705035971223, "Recall": 0.6301369863013698, "Precision": 0.696969696969697, "Cohen_Kappa": 0.3561643835616438, "AUC": 0.7691874648151623, "TP": 46, "TN": 53, "FP": 20, "FN": 27}, "test": {"ACC": 0.7328767123287672, "F1_Score": 0.7346938775510203, "Recall": 0.7397260273972602, "Precision": 0.7297297297297297, "Cohen_Kappa": 0.4657534246575342, "AUC": 0.7988365547006944, "TP": 54, "TN": 53, "FP": 20, "FN": 19}}, "MLP": {"valid": {"ACC": 0.7054794520547946, "F1_Score": 0.6861313868613139, "Recall": 0.6438356164383562, "Precision": 0.734375, "Cohen_Kappa": 0.410958904109589, "AUC": 0.7355976731094014, "TP": 47, "TN": 56, "FP": 17, "FN": 26}, "test": {"ACC": 0.6917808219178082, "F1_Score": 0.6938775510204082, "Recall": 0.6986301369863014, "Precision": 0.6891891891891891, "Cohen_Kappa": 0.3835616438356164, "AUC": 0.7738787765059111, "TP": 51, "TN": 50, "FP": 23, "FN": 22}}, "LR": {"valid": {"ACC": 0.6712328767123288, "F1_Score": 0.6470588235294118, "Recall": 0.6027397260273972, "Precision": 0.6984126984126984, "Cohen_Kappa": 0.34246575342465757, "AUC": 0.7262150497279038, "TP": 44, "TN": 54, "FP": 19, "FN": 29}, "test": {"ACC": 0.684931506849315, "F1_Score": 0.6891891891891893, "Recall": 0.6986301369863014, "Precision": 0.68, "Cohen_Kappa": 0.36986301369863017, "AUC": 0.7823231375492588, "TP": 51, "TN": 49, "FP": 24, "FN": 22}}, "ETAs": {"valid": {"ACC": 0.7602739726027398, "F1_Score": 0.7445255474452555, "Recall": 0.6986301369863014, "Precision": 0.796875, "Cohen_Kappa": 0.5205479452054795, "AUC": 0.8136610996434603, "TP": 51, "TN": 60, "FP": 13, "FN": 22}, "test": {"ACC": 0.7328767123287672, "F1_Score": 0.751592356687898, "Recall": 0.8082191780821918, "Precision": 0.7023809523809523, "Cohen_Kappa": 0.4657534246575342, "AUC": 0.7972415087258398, "TP": 59, "TN": 48, "FP": 25, "FN": 14}}, "CNB": {"valid": {"ACC": 0.6643835616438356, "F1_Score": 0.6201550387596898, "Recall": 0.547945205479452, "Precision": 0.7142857142857143, "Cohen_Kappa": 0.3287671232876712, "AUC": 0.7461062112966786, "TP": 40, "TN": 57, "FP": 16, "FN": 33}, "test": {"ACC": 0.7054794520547946, "F1_Score": 0.6993006993006993, "Recall": 0.684931506849315, "Precision": 0.7142857142857143, "Cohen_Kappa": 0.410958904109589, "AUC": 0.7522987427284669, "TP": 50, "TN": 53, "FP": 20, "FN": 23}}, "GB": {"valid": {"ACC": 0.6986301369863014, "F1_Score": 0.6666666666666666, "Recall": 0.6027397260273972, "Precision": 0.7457627118644068, "Cohen_Kappa": 0.3972602739726028, "AUC": 0.7325014073935072, "TP": 44, "TN": 58, "FP": 15, "FN": 29}, "test": {"ACC": 0.6917808219178082, "F1_Score": 0.7058823529411764, "Recall": 0.7397260273972602, "Precision": 0.675, "Cohen_Kappa": 0.3835616438356164, "AUC": 0.7877650591105272, "TP": 54, "TN": 47, "FP": 26, "FN": 19}}, "BAG": {"valid": {"ACC": 0.7534246575342466, "F1_Score": 0.7464788732394365, "Recall": 0.726027397260274, "Precision": 0.7681159420289855, "Cohen_Kappa": 0.5068493150684932, "AUC": 0.792644023268906, "TP": 53, "TN": 57, "FP": 16, "FN": 20}, "test": {"ACC": 0.6575342465753424, "F1_Score": 0.6428571428571429, "Recall": 0.6164383561643836, "Precision": 0.6716417910447762, "Cohen_Kappa": 0.31506849315068497, "AUC": 0.7161756427097016, "TP": 45, "TN": 51, "FP": 22, "FN": 28}}}