{"OVR": {"valid": {"ACC": 0.636094674556213, "F1_Score": 0.6283987915407856, "Recall": 0.611764705882353, "Precision": 0.6459627329192547, "Cohen_Kappa": 0.2723931534180405, "AUC": 0.6742296918767507, "TP": 104, "TN": 111, "FP": 57, "FN": 66}, "test": {"ACC": 0.6519174041297935, "F1_Score": 0.638036809815951, "Recall": 0.6153846153846154, "Precision": 0.6624203821656051, "Cohen_Kappa": 0.30368333101239386, "AUC": 0.6864949530107901, "TP": 104, "TN": 117, "FP": 53, "FN": 65}}, "KNB": {"valid": {"ACC": 0.6153846153846154, "F1_Score": 0.47154471544715454, "Recall": 0.3411764705882353, "Precision": 0.7631578947368421, "Cohen_Kappa": 0.23326586165980312, "AUC": 0.7045168067226891, "TP": 58, "TN": 150, "FP": 18, "FN": 112}, "test": {"ACC": 0.5988200589970502, "F1_Score": 0.456, "Recall": 0.33727810650887574, "Precision": 0.7037037037037037, "Cohen_Kappa": 0.19640242627065463, "AUC": 0.6671945701357467, "TP": 57, "TN": 146, "FP": 24, "FN": 112}}, "DT": {"valid": {"ACC": 0.5739644970414202, "F1_Score": 0.5609756097560976, "Recall": 0.5411764705882353, "Precision": 0.5822784810126582, "Cohen_Kappa": 0.14825703485930275, "AUC": 0.5741596638655462, "TP": 92, "TN": 102, "FP": 66, "FN": 78}, "test": {"ACC": 0.6047197640117994, "F1_Score": 0.5759493670886077, "Recall": 0.5384615384615384, "Precision": 0.6190476190476191, "Cohen_Kappa": 0.20912984435391213, "AUC": 0.6045248868778281, "TP": 91, "TN": 114, "FP": 56, "FN": 78}}, "MNB": {"valid": {"ACC": 0.6420118343195266, "F1_Score": 0.6230529595015577, "Recall": 0.5882352941176471, "Precision": 0.6622516556291391, "Cohen_Kappa": 0.28447461422722975, "AUC": 0.685014005602241, "TP": 100, "TN": 117, "FP": 51, "FN": 70}, "test": {"ACC": 0.640117994100295, "F1_Score": 0.6347305389221557, "Recall": 0.6272189349112426, "Precision": 0.6424242424242425, "Cohen_Kappa": 0.28017961570593153, "AUC": 0.6895231465367213, "TP": 106, "TN": 111, "FP": 59, "FN": 63}}, "RF": {"valid": {"ACC": 0.7159763313609467, "F1_Score": 0.701863354037267, "Recall": 0.6647058823529411, "Precision": 0.743421052631579, "Cohen_Kappa": 0.4322905731681713, "AUC": 0.7742121848739495, "TP": 113, "TN": 129, "FP": 39, "FN": 57}, "test": {"ACC": 0.6755162241887905, "F1_Score": 0.6686746987951807, "Recall": 0.6568047337278107, "Precision": 0.6809815950920245, "Cohen_Kappa": 0.3509590280920388, "AUC": 0.7554994778976679, "TP": 111, "TN": 118, "FP": 52, "FN": 58}}, "ADA": {"valid": {"ACC": 0.6627218934911243, "F1_Score": 0.6415094339622641, "Recall": 0.6, "Precision": 0.6891891891891891, "Cohen_Kappa": 0.3259394024211042, "AUC": 0.7022233893557422, "TP": 102, "TN": 122, "FP": 46, "FN": 68}, "test": {"ACC": 0.6578171091445427, "F1_Score": 0.6352201257861635, "Recall": 0.5976331360946746, "Precision": 0.6778523489932886, "Cohen_Kappa": 0.31538997214484676, "AUC": 0.7157500870170553, "TP": 101, "TN": 122, "FP": 48, "FN": 68}}, "XGB": {"valid": {"ACC": 0.6715976331360947, "F1_Score": 0.6666666666666666, "Recall": 0.6529411764705882, "Precision": 0.6809815950920245, "Cohen_Kappa": 0.3433332166485805, "AUC": 0.7395658263305322, "TP": 111, "TN": 116, "FP": 52, "FN": 59}, "test": {"ACC": 0.672566371681416, "F1_Score": 0.6646525679758308, "Recall": 0.650887573964497, "Precision": 0.6790123456790124, "Cohen_Kappa": 0.3450472560179625, "AUC": 0.7407587887225896, "TP": 110, "TN": 118, "FP": 52, "FN": 59}}, "MLP": {"valid": {"ACC": 0.6627218934911243, "F1_Score": 0.6566265060240964, "Recall": 0.6411764705882353, "Precision": 0.6728395061728395, "Cohen_Kappa": 0.32560907308877063, "AUC": 0.7075280112044818, "TP": 109, "TN": 115, "FP": 53, "FN": 61}, "test": {"ACC": 0.6607669616519174, "F1_Score": 0.6525679758308157, "Recall": 0.6390532544378699, "Precision": 0.6666666666666666, "Cohen_Kappa": 0.32144535533392515, "AUC": 0.7026801253045596, "TP": 108, "TN": 116, "FP": 54, "FN": 61}}, "LR": {"valid": {"ACC": 0.636094674556213, "F1_Score": 0.6283987915407856, "Recall": 0.611764705882353, "Precision": 0.6459627329192547, "Cohen_Kappa": 0.2723931534180405, "AUC": 0.6742296918767507, "TP": 104, "TN": 111, "FP": 57, "FN": 66}, "test": {"ACC": 0.6519174041297935, "F1_Score": 0.638036809815951, "Recall": 0.6153846153846154, "Precision": 0.6624203821656051, "Cohen_Kappa": 0.30368333101239386, "AUC": 0.6864949530107901, "TP": 104, "TN": 117, "FP": 53, "FN": 65}}, "ETAs": {"valid": {"ACC": 0.6982248520710059, "F1_Score": 0.6871165644171779, "Recall": 0.6588235294117647, "Precision": 0.717948717948718, "Cohen_Kappa": 0.3967242948134667, "AUC": 0.7760504201680671, "TP": 112, "TN": 124, "FP": 44, "FN": 58}, "test": {"ACC": 0.696165191740413, "F1_Score": 0.6791277258566978, "Recall": 0.6449704142011834, "Precision": 0.7171052631578947, "Cohen_Kappa": 0.392145257037411, "AUC": 0.7595892794987817, "TP": 109, "TN": 127, "FP": 43, "FN": 60}}, "CNB": {"valid": {"ACC": 0.6420118343195266, "F1_Score": 0.6230529595015577, "Recall": 0.5882352941176471, "Precision": 0.6622516556291391, "Cohen_Kappa": 0.28447461422722975, "AUC": 0.685014005602241, "TP": 100, "TN": 117, "FP": 51, "FN": 70}, "test": {"ACC": 0.640117994100295, "F1_Score": 0.6347305389221557, "Recall": 0.6272189349112426, "Precision": 0.6424242424242425, "Cohen_Kappa": 0.28017961570593153, "AUC": 0.6895231465367213, "TP": 106, "TN": 111, "FP": 59, "FN": 63}}, "GB": {"valid": {"ACC": 0.6597633136094675, "F1_Score": 0.6349206349206349, "Recall": 0.5882352941176471, "Precision": 0.6896551724137931, "Cohen_Kappa": 0.3200979534721008, "AUC": 0.7178221288515407, "TP": 100, "TN": 123, "FP": 45, "FN": 70}, "test": {"ACC": 0.6578171091445427, "F1_Score": 0.6375000000000001, "Recall": 0.6035502958579881, "Precision": 0.6754966887417219, "Cohen_Kappa": 0.3154138087113958, "AUC": 0.7228506787330317, "TP": 102, "TN": 121, "FP": 49, "FN": 67}}, "BAG": {"valid": {"ACC": 0.6627218934911243, "F1_Score": 0.6437499999999999, "Recall": 0.6058823529411764, "Precision": 0.6866666666666666, "Cohen_Kappa": 0.32589223233030085, "AUC": 0.7206932773109244, "TP": 103, "TN": 121, "FP": 47, "FN": 67}, "test": {"ACC": 0.640117994100295, "F1_Score": 0.6114649681528662, "Recall": 0.5680473372781065, "Precision": 0.6620689655172414, "Cohen_Kappa": 0.27992896441256354, "AUC": 0.6968325791855203, "TP": 96, "TN": 121, "FP": 49, "FN": 73}}}