{"OVR": {"valid": {"ACC": 0.6, "F1_Score": 0.6333333333333334, "Recall": 0.7037037037037037, "Precision": 0.5757575757575758, "Cohen_Kappa": 0.2028985507246377, "AUC": 0.7222222222222222, "TP": 19, "TN": 14, "FP": 14, "FN": 8}, "test": {"ACC": 0.6071428571428571, "F1_Score": 0.5925925925925927, "Recall": 0.5714285714285714, "Precision": 0.6153846153846154, "Cohen_Kappa": 0.2142857142857143, "AUC": 0.7040816326530612, "TP": 16, "TN": 18, "FP": 10, "FN": 12}}, "KNB": {"valid": {"ACC": 0.6181818181818182, "F1_Score": 0.6440677966101694, "Recall": 0.7037037037037037, "Precision": 0.59375, "Cohen_Kappa": 0.23862887277521416, "AUC": 0.6726190476190476, "TP": 19, "TN": 15, "FP": 13, "FN": 8}, "test": {"ACC": 0.6607142857142857, "F1_Score": 0.6415094339622641, "Recall": 0.6071428571428571, "Precision": 0.68, "Cohen_Kappa": 0.3214285714285714, "AUC": 0.7047193877551019, "TP": 17, "TN": 20, "FP": 8, "FN": 11}}, "DT": {"valid": {"ACC": 0.6363636363636364, "F1_Score": 0.6428571428571429, "Recall": 0.6666666666666666, "Precision": 0.6206896551724138, "Cohen_Kappa": 0.27344782034346105, "AUC": 0.6369047619047619, "TP": 18, "TN": 17, "FP": 11, "FN": 9}, "test": {"ACC": 0.6607142857142857, "F1_Score": 0.6415094339622641, "Recall": 0.6071428571428571, "Precision": 0.68, "Cohen_Kappa": 0.3214285714285714, "AUC": 0.6607142857142858, "TP": 17, "TN": 20, "FP": 8, "FN": 11}}, "MNB": {"valid": {"ACC": 0.6363636363636364, "F1_Score": 0.6774193548387097, "Recall": 0.7777777777777778, "Precision": 0.6, "Cohen_Kappa": 0.2763157894736842, "AUC": 0.7076719576719577, "TP": 21, "TN": 14, "FP": 14, "FN": 6}, "test": {"ACC": 0.6071428571428571, "F1_Score": 0.6071428571428571, "Recall": 0.6071428571428571, "Precision": 0.6071428571428571, "Cohen_Kappa": 0.2142857142857143, "AUC": 0.7385204081632653, "TP": 17, "TN": 17, "FP": 11, "FN": 11}}, "RF": {"valid": {"ACC": 0.6363636363636364, "F1_Score": 0.6666666666666666, "Recall": 0.7407407407407407, "Precision": 0.6060606060606061, "Cohen_Kappa": 0.2753623188405797, "AUC": 0.708994708994709, "TP": 20, "TN": 15, "FP": 13, "FN": 7}, "test": {"ACC": 0.75, "F1_Score": 0.75, "Recall": 0.75, "Precision": 0.75, "Cohen_Kappa": 0.5, "AUC": 0.8042091836734694, "TP": 21, "TN": 21, "FP": 7, "FN": 7}}, "ADA": {"valid": {"ACC": 0.5636363636363636, "F1_Score": 0.5862068965517241, "Recall": 0.6296296296296297, "Precision": 0.5483870967741935, "Cohen_Kappa": 0.12928759894459096, "AUC": 0.5932539682539683, "TP": 17, "TN": 14, "FP": 14, "FN": 10}, "test": {"ACC": 0.6607142857142857, "F1_Score": 0.5957446808510638, "Recall": 0.5, "Precision": 0.7368421052631579, "Cohen_Kappa": 0.3214285714285714, "AUC": 0.6785714285714286, "TP": 14, "TN": 23, "FP": 5, "FN": 14}}, "XGB": {"valid": {"ACC": 0.6181818181818182, "F1_Score": 0.6557377049180328, "Recall": 0.7407407407407407, "Precision": 0.5882352941176471, "Cohen_Kappa": 0.23963133640552992, "AUC": 0.7420634920634921, "TP": 20, "TN": 14, "FP": 14, "FN": 7}, "test": {"ACC": 0.6071428571428571, "F1_Score": 0.6071428571428571, "Recall": 0.6071428571428571, "Precision": 0.6071428571428571, "Cohen_Kappa": 0.2142857142857143, "AUC": 0.6849489795918366, "TP": 17, "TN": 17, "FP": 11, "FN": 11}}, "MLP": {"valid": {"ACC": 0.6181818181818182, "F1_Score": 0.6666666666666666, "Recall": 0.7777777777777778, "Precision": 0.5833333333333334, "Cohen_Kappa": 0.2406311637080868, "AUC": 0.7195767195767195, "TP": 21, "TN": 13, "FP": 15, "FN": 6}, "test": {"ACC": 0.5892857142857143, "F1_Score": 0.6101694915254238, "Recall": 0.6428571428571429, "Precision": 0.5806451612903226, "Cohen_Kappa": 0.1785714285714286, "AUC": 0.7321428571428572, "TP": 18, "TN": 15, "FP": 13, "FN": 10}}, "LR": {"valid": {"ACC": 0.6, "F1_Score": 0.6333333333333334, "Recall": 0.7037037037037037, "Precision": 0.5757575757575758, "Cohen_Kappa": 0.2028985507246377, "AUC": 0.7222222222222222, "TP": 19, "TN": 14, "FP": 14, "FN": 8}, "test": {"ACC": 0.6071428571428571, "F1_Score": 0.5925925925925927, "Recall": 0.5714285714285714, "Precision": 0.6153846153846154, "Cohen_Kappa": 0.2142857142857143, "AUC": 0.7040816326530612, "TP": 16, "TN": 18, "FP": 10, "FN": 12}}, "ETAs": {"valid": {"ACC": 0.6363636363636364, "F1_Score": 0.6666666666666666, "Recall": 0.7407407407407407, "Precision": 0.6060606060606061, "Cohen_Kappa": 0.2753623188405797, "AUC": 0.716931216931217, "TP": 20, "TN": 15, "FP": 13, "FN": 7}, "test": {"ACC": 0.625, "F1_Score": 0.6037735849056605, "Recall": 0.5714285714285714, "Precision": 0.64, "Cohen_Kappa": 0.25, "AUC": 0.7225765306122448, "TP": 16, "TN": 19, "FP": 9, "FN": 12}}, "CNB": {"valid": {"ACC": 0.6363636363636364, "F1_Score": 0.6774193548387097, "Recall": 0.7777777777777778, "Precision": 0.6, "Cohen_Kappa": 0.2763157894736842, "AUC": 0.7076719576719577, "TP": 21, "TN": 14, "FP": 14, "FN": 6}, "test": {"ACC": 0.6071428571428571, "F1_Score": 0.6071428571428571, "Recall": 0.6071428571428571, "Precision": 0.6071428571428571, "Cohen_Kappa": 0.2142857142857143, "AUC": 0.7385204081632653, "TP": 17, "TN": 17, "FP": 11, "FN": 11}}, "GB": {"valid": {"ACC": 0.6545454545454545, "F1_Score": 0.6666666666666667, "Recall": 0.7037037037037037, "Precision": 0.6333333333333333, "Cohen_Kappa": 0.3102310231023102, "AUC": 0.6917989417989417, "TP": 19, "TN": 17, "FP": 11, "FN": 8}, "test": {"ACC": 0.7678571428571429, "F1_Score": 0.7346938775510204, "Recall": 0.6428571428571429, "Precision": 0.8571428571428571, "Cohen_Kappa": 0.5357142857142857, "AUC": 0.7806122448979592, "TP": 18, "TN": 25, "FP": 3, "FN": 10}}, "BAG": {"valid": {"ACC": 0.6363636363636364, "F1_Score": 0.6666666666666666, "Recall": 0.7407407407407407, "Precision": 0.6060606060606061, "Cohen_Kappa": 0.2753623188405797, "AUC": 0.7334656084656085, "TP": 20, "TN": 15, "FP": 13, "FN": 7}, "test": {"ACC": 0.6785714285714286, "F1_Score": 0.64, "Recall": 0.5714285714285714, "Precision": 0.7272727272727273, "Cohen_Kappa": 0.3571428571428571, "AUC": 0.7423469387755102, "TP": 16, "TN": 22, "FP": 6, "FN": 12}}}