{"OVR": {"valid": {"ACC": 0.6984126984126984, "F1_Score": 0.7076923076923077, "Recall": 0.7340425531914894, "Precision": 0.6831683168316832, "Cohen_Kappa": 0.39704483125314827, "AUC": 0.7809070548712206, "TP": 69, "TN": 63, "FP": 32, "FN": 25}, "test": {"ACC": 0.6349206349206349, "F1_Score": 0.6600985221674878, "Recall": 0.7052631578947368, "Precision": 0.6203703703703703, "Cohen_Kappa": 0.26928895612708015, "AUC": 0.6825307950727882, "TP": 67, "TN": 53, "FP": 41, "FN": 28}}, "KNB": {"valid": {"ACC": 0.671957671957672, "F1_Score": 0.6630434782608696, "Recall": 0.648936170212766, "Precision": 0.6777777777777778, "Cohen_Kappa": 0.34375, "AUC": 0.7374580067189249, "TP": 61, "TN": 66, "FP": 29, "FN": 33}, "test": {"ACC": 0.582010582010582, "F1_Score": 0.5586592178770949, "Recall": 0.5263157894736842, "Precision": 0.5952380952380952, "Cohen_Kappa": 0.16451233842538193, "AUC": 0.6187569988801791, "TP": 50, "TN": 60, "FP": 34, "FN": 45}}, "DT": {"valid": {"ACC": 0.656084656084656, "F1_Score": 0.6666666666666667, "Recall": 0.6914893617021277, "Precision": 0.6435643564356436, "Cohen_Kappa": 0.3124195444114848, "AUC": 0.6526315789473685, "TP": 65, "TN": 59, "FP": 36, "FN": 29}, "test": {"ACC": 0.6084656084656085, "F1_Score": 0.6021505376344085, "Recall": 0.5894736842105263, "Precision": 0.6153846153846154, "Cohen_Kappa": 0.2170846394984326, "AUC": 0.6041993281075029, "TP": 56, "TN": 59, "FP": 35, "FN": 39}}, "MNB": {"valid": {"ACC": 0.6666666666666666, "F1_Score": 0.676923076923077, "Recall": 0.7021276595744681, "Precision": 0.6534653465346535, "Cohen_Kappa": 0.3335758661219007, "AUC": 0.7227883538633818, "TP": 66, "TN": 60, "FP": 35, "FN": 28}, "test": {"ACC": 0.6349206349206349, "F1_Score": 0.6461538461538461, "Recall": 0.6631578947368421, "Precision": 0.63, "Cohen_Kappa": 0.2696163539624755, "AUC": 0.6733482642777155, "TP": 63, "TN": 57, "FP": 37, "FN": 32}}, "RF": {"valid": {"ACC": 0.708994708994709, "F1_Score": 0.7150259067357513, "Recall": 0.7340425531914894, "Precision": 0.696969696969697, "Cohen_Kappa": 0.4181360201511335, "AUC": 0.7919372900335947, "TP": 69, "TN": 65, "FP": 30, "FN": 25}, "test": {"ACC": 0.6772486772486772, "F1_Score": 0.6903553299492386, "Recall": 0.7157894736842105, "Precision": 0.6666666666666666, "Cohen_Kappa": 0.3542261804738699, "AUC": 0.7243001119820829, "TP": 68, "TN": 60, "FP": 34, "FN": 27}}, "ADA": {"valid": {"ACC": 0.6825396825396826, "F1_Score": 0.6842105263157895, "Recall": 0.6914893617021277, "Precision": 0.6770833333333334, "Cohen_Kappa": 0.36513268390997644, "AUC": 0.7853303471444568, "TP": 65, "TN": 64, "FP": 31, "FN": 29}, "test": {"ACC": 0.6931216931216931, "F1_Score": 0.6979166666666666, "Recall": 0.7052631578947368, "Precision": 0.6907216494845361, "Cohen_Kappa": 0.38615746444170673, "AUC": 0.7101903695408736, "TP": 67, "TN": 64, "FP": 30, "FN": 28}}, "XGB": {"valid": {"ACC": 0.7407407407407407, "F1_Score": 0.7537688442211057, "Recall": 0.7978723404255319, "Precision": 0.7142857142857143, "Cohen_Kappa": 0.481786133960047, "AUC": 0.8066629339305711, "TP": 75, "TN": 65, "FP": 30, "FN": 19}, "test": {"ACC": 0.6296296296296297, "F1_Score": 0.6500000000000001, "Recall": 0.6842105263157895, "Precision": 0.6190476190476191, "Cohen_Kappa": 0.2588235294117647, "AUC": 0.6856662933930571, "TP": 65, "TN": 54, "FP": 40, "FN": 30}}, "MLP": {"valid": {"ACC": 0.7354497354497355, "F1_Score": 0.7474747474747475, "Recall": 0.7872340425531915, "Precision": 0.7115384615384616, "Cohen_Kappa": 0.4711807498601007, "AUC": 0.7740761478163495, "TP": 74, "TN": 65, "FP": 30, "FN": 20}, "test": {"ACC": 0.656084656084656, "F1_Score": 0.6632124352331605, "Recall": 0.6736842105263158, "Precision": 0.6530612244897959, "Cohen_Kappa": 0.31203449627597024, "AUC": 0.6961926091825308, "TP": 64, "TN": 60, "FP": 34, "FN": 31}}, "LR": {"valid": {"ACC": 0.6984126984126984, "F1_Score": 0.7076923076923077, "Recall": 0.7340425531914894, "Precision": 0.6831683168316832, "Cohen_Kappa": 0.39704483125314827, "AUC": 0.7809070548712206, "TP": 69, "TN": 63, "FP": 32, "FN": 25}, "test": {"ACC": 0.6349206349206349, "F1_Score": 0.6600985221674878, "Recall": 0.7052631578947368, "Precision": 0.6203703703703703, "Cohen_Kappa": 0.26928895612708015, "AUC": 0.6825307950727882, "TP": 67, "TN": 53, "FP": 41, "FN": 28}}, "ETAs": {"valid": {"ACC": 0.7037037037037037, "F1_Score": 0.72, "Recall": 0.7659574468085106, "Precision": 0.6792452830188679, "Cohen_Kappa": 0.40778871978513875, "AUC": 0.7817469204927212, "TP": 72, "TN": 61, "FP": 34, "FN": 22}, "test": {"ACC": 0.6772486772486772, "F1_Score": 0.6965174129353233, "Recall": 0.7368421052631579, "Precision": 0.660377358490566, "Cohen_Kappa": 0.3540814611462827, "AUC": 0.7079507278835386, "TP": 70, "TN": 58, "FP": 36, "FN": 25}}, "CNB": {"valid": {"ACC": 0.6666666666666666, "F1_Score": 0.676923076923077, "Recall": 0.7021276595744681, "Precision": 0.6534653465346535, "Cohen_Kappa": 0.3335758661219007, "AUC": 0.7227883538633818, "TP": 66, "TN": 60, "FP": 35, "FN": 28}, "test": {"ACC": 0.6349206349206349, "F1_Score": 0.6461538461538461, "Recall": 0.6631578947368421, "Precision": 0.63, "Cohen_Kappa": 0.2696163539624755, "AUC": 0.6733482642777155, "TP": 63, "TN": 57, "FP": 37, "FN": 32}}, "GB": {"valid": {"ACC": 0.6931216931216931, "F1_Score": 0.6947368421052632, "Recall": 0.7021276595744681, "Precision": 0.6875, "Cohen_Kappa": 0.3862949277796439, "AUC": 0.7756998880179171, "TP": 66, "TN": 65, "FP": 30, "FN": 28}, "test": {"ACC": 0.6402116402116402, "F1_Score": 0.6382978723404255, "Recall": 0.631578947368421, "Precision": 0.6451612903225806, "Cohen_Kappa": 0.28048370843130666, "AUC": 0.7108622620380739, "TP": 60, "TN": 61, "FP": 33, "FN": 35}}, "BAG": {"valid": {"ACC": 0.746031746031746, "F1_Score": 0.7499999999999999, "Recall": 0.7659574468085106, "Precision": 0.7346938775510204, "Cohen_Kappa": 0.49216300940438873, "AUC": 0.8127659574468085, "TP": 72, "TN": 69, "FP": 26, "FN": 22}, "test": {"ACC": 0.6507936507936508, "F1_Score": 0.6489361702127658, "Recall": 0.6421052631578947, "Precision": 0.6559139784946236, "Cohen_Kappa": 0.30164595230097413, "AUC": 0.7075027995520717, "TP": 61, "TN": 62, "FP": 32, "FN": 34}}}