{"OVR": {"valid": {"ACC": 0.6931216931216931, "F1_Score": 0.6979166666666665, "Recall": 0.7127659574468085, "Precision": 0.6836734693877551, "Cohen_Kappa": 0.38636363636363635, "AUC": 0.7802911534154534, "TP": 67, "TN": 64, "FP": 31, "FN": 27}, "test": {"ACC": 0.6825396825396826, "F1_Score": 0.7, "Recall": 0.7368421052631579, "Precision": 0.6666666666666666, "Cohen_Kappa": 0.3647058823529412, "AUC": 0.732474804031355, "TP": 70, "TN": 59, "FP": 35, "FN": 25}}, "KNB": {"valid": {"ACC": 0.6613756613756614, "F1_Score": 0.5789473684210527, "Recall": 0.46808510638297873, "Precision": 0.7586206896551724, "Cohen_Kappa": 0.3213644524236984, "AUC": 0.7668533034714445, "TP": 44, "TN": 81, "FP": 14, "FN": 50}, "test": {"ACC": 0.6190476190476191, "F1_Score": 0.52, "Recall": 0.4105263157894737, "Precision": 0.7090909090909091, "Cohen_Kappa": 0.23977653631284912, "AUC": 0.7251959686450169, "TP": 39, "TN": 78, "FP": 16, "FN": 56}}, "DT": {"valid": {"ACC": 0.5767195767195767, "F1_Score": 0.6039603960396039, "Recall": 0.648936170212766, "Precision": 0.5648148148148148, "Cohen_Kappa": 0.15407854984894254, "AUC": 0.5770996640537515, "TP": 61, "TN": 48, "FP": 47, "FN": 33}, "test": {"ACC": 0.6084656084656085, "F1_Score": 0.6262626262626262, "Recall": 0.6526315789473685, "Precision": 0.6019417475728155, "Cohen_Kappa": 0.2165583688102174, "AUC": 0.6063829787234043, "TP": 62, "TN": 53, "FP": 41, "FN": 33}}, "MNB": {"valid": {"ACC": 0.6878306878306878, "F1_Score": 0.6974358974358975, "Recall": 0.723404255319149, "Precision": 0.6732673267326733, "Cohen_Kappa": 0.37588850954273234, "AUC": 0.7783874580067189, "TP": 68, "TN": 62, "FP": 33, "FN": 26}, "test": {"ACC": 0.656084656084656, "F1_Score": 0.6666666666666667, "Recall": 0.6842105263157895, "Precision": 0.65, "Cohen_Kappa": 0.3119574348921871, "AUC": 0.7114221724524077, "TP": 65, "TN": 59, "FP": 35, "FN": 30}}, "RF": {"valid": {"ACC": 0.7301587301587301, "F1_Score": 0.7411167512690355, "Recall": 0.776595744680851, "Precision": 0.7087378640776699, "Cohen_Kappa": 0.46057417874531315, "AUC": 0.8238521836506159, "TP": 73, "TN": 65, "FP": 30, "FN": 21}, "test": {"ACC": 0.7354497354497355, "F1_Score": 0.7395833333333333, "Recall": 0.7473684210526316, "Precision": 0.7319587628865979, "Cohen_Kappa": 0.4708254003807817, "AUC": 0.785946248600224, "TP": 71, "TN": 68, "FP": 26, "FN": 24}}, "ADA": {"valid": {"ACC": 0.6666666666666666, "F1_Score": 0.6834170854271358, "Recall": 0.723404255319149, "Precision": 0.6476190476190476, "Cohen_Kappa": 0.3337250293772033, "AUC": 0.70515117581187, "TP": 68, "TN": 58, "FP": 37, "FN": 26}, "test": {"ACC": 0.6772486772486772, "F1_Score": 0.6871794871794872, "Recall": 0.7052631578947368, "Precision": 0.67, "Cohen_Kappa": 0.35429851582189864, "AUC": 0.7148936170212766, "TP": 67, "TN": 61, "FP": 33, "FN": 28}}, "XGB": {"valid": {"ACC": 0.6772486772486772, "F1_Score": 0.6903553299492386, "Recall": 0.723404255319149, "Precision": 0.6601941747572816, "Cohen_Kappa": 0.35480440987184514, "AUC": 0.7631578947368421, "TP": 68, "TN": 60, "FP": 35, "FN": 26}, "test": {"ACC": 0.6984126984126984, "F1_Score": 0.7046632124352332, "Recall": 0.7157894736842105, "Precision": 0.6938775510204082, "Cohen_Kappa": 0.3967071736573893, "AUC": 0.7513997760358342, "TP": 68, "TN": 64, "FP": 30, "FN": 27}}, "MLP": {"valid": {"ACC": 0.7301587301587301, "F1_Score": 0.7411167512690355, "Recall": 0.776595744680851, "Precision": 0.7087378640776699, "Cohen_Kappa": 0.46057417874531315, "AUC": 0.77491601343785, "TP": 73, "TN": 65, "FP": 30, "FN": 21}, "test": {"ACC": 0.656084656084656, "F1_Score": 0.6596858638743456, "Recall": 0.6631578947368421, "Precision": 0.65625, "Cohen_Kappa": 0.3121115403997984, "AUC": 0.7106382978723405, "TP": 63, "TN": 61, "FP": 33, "FN": 32}}, "LR": {"valid": {"ACC": 0.6931216931216931, "F1_Score": 0.6979166666666665, "Recall": 0.7127659574468085, "Precision": 0.6836734693877551, "Cohen_Kappa": 0.38636363636363635, "AUC": 0.7802911534154534, "TP": 67, "TN": 64, "FP": 31, "FN": 27}, "test": {"ACC": 0.6825396825396826, "F1_Score": 0.7, "Recall": 0.7368421052631579, "Precision": 0.6666666666666666, "Cohen_Kappa": 0.3647058823529412, "AUC": 0.732474804031355, "TP": 70, "TN": 59, "FP": 35, "FN": 25}}, "ETAs": {"valid": {"ACC": 0.7248677248677249, "F1_Score": 0.7204301075268817, "Recall": 0.7127659574468085, "Precision": 0.7282608695652174, "Cohen_Kappa": 0.449658416396013, "AUC": 0.8085106382978723, "TP": 67, "TN": 70, "FP": 25, "FN": 27}, "test": {"ACC": 0.7195767195767195, "F1_Score": 0.7195767195767198, "Recall": 0.7157894736842105, "Precision": 0.723404255319149, "Cohen_Kappa": 0.43916913946587544, "AUC": 0.7594064949608063, "TP": 68, "TN": 68, "FP": 26, "FN": 27}}, "CNB": {"valid": {"ACC": 0.6878306878306878, "F1_Score": 0.6974358974358975, "Recall": 0.723404255319149, "Precision": 0.6732673267326733, "Cohen_Kappa": 0.37588850954273234, "AUC": 0.7783874580067189, "TP": 68, "TN": 62, "FP": 33, "FN": 26}, "test": {"ACC": 0.656084656084656, "F1_Score": 0.6666666666666667, "Recall": 0.6842105263157895, "Precision": 0.65, "Cohen_Kappa": 0.3119574348921871, "AUC": 0.7114221724524077, "TP": 65, "TN": 59, "FP": 35, "FN": 30}}, "GB": {"valid": {"ACC": 0.6984126984126984, "F1_Score": 0.7015706806282722, "Recall": 0.7127659574468085, "Precision": 0.6907216494845361, "Cohen_Kappa": 0.3969098135811454, "AUC": 0.7667973124300113, "TP": 67, "TN": 65, "FP": 30, "FN": 27}, "test": {"ACC": 0.708994708994709, "F1_Score": 0.6961325966850829, "Recall": 0.6631578947368421, "Precision": 0.7325581395348837, "Cohen_Kappa": 0.41826627119592585, "AUC": 0.7482642777155654, "TP": 63, "TN": 71, "FP": 23, "FN": 32}}, "BAG": {"valid": {"ACC": 0.6507936507936508, "F1_Score": 0.6333333333333333, "Recall": 0.6063829787234043, "Precision": 0.6627906976744186, "Cohen_Kappa": 0.30125476137127494, "AUC": 0.7465845464725644, "TP": 57, "TN": 66, "FP": 29, "FN": 37}, "test": {"ACC": 0.671957671957672, "F1_Score": 0.6436781609195403, "Recall": 0.5894736842105263, "Precision": 0.7088607594936709, "Cohen_Kappa": 0.3444842246587604, "AUC": 0.7483202687569989, "TP": 56, "TN": 71, "FP": 23, "FN": 39}}}