{"OVR": {"valid": {"ACC": 0.7291666666666666, "F1_Score": 0.7346938775510204, "Recall": 0.75, "Precision": 0.72, "Cohen_Kappa": 0.45833333333333337, "AUC": 0.736111111111111, "TP": 18, "TN": 17, "FP": 7, "FN": 6}, "test": {"ACC": 0.6666666666666666, "F1_Score": 0.6666666666666666, "Recall": 0.6666666666666666, "Precision": 0.6666666666666666, "Cohen_Kappa": 0.33333333333333337, "AUC": 0.7013888888888888, "TP": 16, "TN": 16, "FP": 8, "FN": 8}}, "KNB": {"valid": {"ACC": 0.7291666666666666, "F1_Score": 0.7111111111111111, "Recall": 0.6666666666666666, "Precision": 0.7619047619047619, "Cohen_Kappa": 0.45833333333333337, "AUC": 0.6927083333333334, "TP": 16, "TN": 19, "FP": 5, "FN": 8}, "test": {"ACC": 0.6041666666666666, "F1_Score": 0.5581395348837209, "Recall": 0.5, "Precision": 0.631578947368421, "Cohen_Kappa": 0.20833333333333337, "AUC": 0.6692708333333334, "TP": 12, "TN": 17, "FP": 7, "FN": 12}}, "DT": {"valid": {"ACC": 0.6041666666666666, "F1_Score": 0.627450980392157, "Recall": 0.6666666666666666, "Precision": 0.5925925925925926, "Cohen_Kappa": 0.20833333333333337, "AUC": 0.6041666666666666, "TP": 16, "TN": 13, "FP": 11, "FN": 8}, "test": {"ACC": 0.625, "F1_Score": 0.64, "Recall": 0.6666666666666666, "Precision": 0.6153846153846154, "Cohen_Kappa": 0.25, "AUC": 0.6249999999999999, "TP": 16, "TN": 14, "FP": 10, "FN": 8}}, "MNB": {"valid": {"ACC": 0.6875, "F1_Score": 0.6808510638297872, "Recall": 0.6666666666666666, "Precision": 0.6956521739130435, "Cohen_Kappa": 0.375, "AUC": 0.7118055555555556, "TP": 16, "TN": 17, "FP": 7, "FN": 8}, "test": {"ACC": 0.6458333333333334, "F1_Score": 0.6222222222222222, "Recall": 0.5833333333333334, "Precision": 0.6666666666666666, "Cohen_Kappa": 0.29166666666666663, "AUC": 0.7256944444444444, "TP": 14, "TN": 17, "FP": 7, "FN": 10}}, "RF": {"valid": {"ACC": 0.6458333333333334, "F1_Score": 0.6666666666666667, "Recall": 0.7083333333333334, "Precision": 0.6296296296296297, "Cohen_Kappa": 0.29166666666666663, "AUC": 0.7586805555555555, "TP": 17, "TN": 14, "FP": 10, "FN": 7}, "test": {"ACC": 0.7083333333333334, "F1_Score": 0.7199999999999999, "Recall": 0.75, "Precision": 0.6923076923076923, "Cohen_Kappa": 0.41666666666666663, "AUC": 0.7838541666666667, "TP": 18, "TN": 16, "FP": 8, "FN": 6}}, "ADA": {"valid": {"ACC": 0.5208333333333334, "F1_Score": 0.46511627906976744, "Recall": 0.4166666666666667, "Precision": 0.5263157894736842, "Cohen_Kappa": 0.04166666666666663, "AUC": 0.5694444444444444, "TP": 10, "TN": 15, "FP": 9, "FN": 14}, "test": {"ACC": 0.6875, "F1_Score": 0.6666666666666666, "Recall": 0.625, "Precision": 0.7142857142857143, "Cohen_Kappa": 0.375, "AUC": 0.7395833333333334, "TP": 15, "TN": 18, "FP": 6, "FN": 9}}, "XGB": {"valid": {"ACC": 0.6875, "F1_Score": 0.7058823529411765, "Recall": 0.75, "Precision": 0.6666666666666666, "Cohen_Kappa": 0.375, "AUC": 0.7934027777777778, "TP": 18, "TN": 15, "FP": 9, "FN": 6}, "test": {"ACC": 0.6041666666666666, "F1_Score": 0.6122448979591836, "Recall": 0.625, "Precision": 0.6, "Cohen_Kappa": 0.20833333333333337, "AUC": 0.7309027777777778, "TP": 15, "TN": 14, "FP": 10, "FN": 9}}, "MLP": {"valid": {"ACC": 0.7291666666666666, "F1_Score": 0.7346938775510204, "Recall": 0.75, "Precision": 0.72, "Cohen_Kappa": 0.45833333333333337, "AUC": 0.7395833333333334, "TP": 18, "TN": 17, "FP": 7, "FN": 6}, "test": {"ACC": 0.6875, "F1_Score": 0.6666666666666666, "Recall": 0.625, "Precision": 0.7142857142857143, "Cohen_Kappa": 0.375, "AUC": 0.7430555555555556, "TP": 15, "TN": 18, "FP": 6, "FN": 9}}, "LR": {"valid": {"ACC": 0.7291666666666666, "F1_Score": 0.7346938775510204, "Recall": 0.75, "Precision": 0.72, "Cohen_Kappa": 0.45833333333333337, "AUC": 0.736111111111111, "TP": 18, "TN": 17, "FP": 7, "FN": 6}, "test": {"ACC": 0.6666666666666666, "F1_Score": 0.6666666666666666, "Recall": 0.6666666666666666, "Precision": 0.6666666666666666, "Cohen_Kappa": 0.33333333333333337, "AUC": 0.7013888888888888, "TP": 16, "TN": 16, "FP": 8, "FN": 8}}, "ETAs": {"valid": {"ACC": 0.7083333333333334, "F1_Score": 0.6956521739130435, "Recall": 0.6666666666666666, "Precision": 0.7272727272727273, "Cohen_Kappa": 0.41666666666666663, "AUC": 0.7595486111111112, "TP": 16, "TN": 18, "FP": 6, "FN": 8}, "test": {"ACC": 0.6666666666666666, "F1_Score": 0.6666666666666666, "Recall": 0.6666666666666666, "Precision": 0.6666666666666666, "Cohen_Kappa": 0.33333333333333337, "AUC": 0.734375, "TP": 16, "TN": 16, "FP": 8, "FN": 8}}, "CNB": {"valid": {"ACC": 0.6875, "F1_Score": 0.6808510638297872, "Recall": 0.6666666666666666, "Precision": 0.6956521739130435, "Cohen_Kappa": 0.375, "AUC": 0.7118055555555556, "TP": 16, "TN": 17, "FP": 7, "FN": 8}, "test": {"ACC": 0.6458333333333334, "F1_Score": 0.6222222222222222, "Recall": 0.5833333333333334, "Precision": 0.6666666666666666, "Cohen_Kappa": 0.29166666666666663, "AUC": 0.7256944444444444, "TP": 14, "TN": 17, "FP": 7, "FN": 10}}, "GB": {"valid": {"ACC": 0.6458333333333334, "F1_Score": 0.6530612244897959, "Recall": 0.6666666666666666, "Precision": 0.64, "Cohen_Kappa": 0.29166666666666663, "AUC": 0.7517361111111112, "TP": 16, "TN": 15, "FP": 9, "FN": 8}, "test": {"ACC": 0.625, "F1_Score": 0.64, "Recall": 0.6666666666666666, "Precision": 0.6153846153846154, "Cohen_Kappa": 0.25, "AUC": 0.7309027777777778, "TP": 16, "TN": 14, "FP": 10, "FN": 8}}, "BAG": {"valid": {"ACC": 0.6458333333333334, "F1_Score": 0.6222222222222222, "Recall": 0.5833333333333334, "Precision": 0.6666666666666666, "Cohen_Kappa": 0.29166666666666663, "AUC": 0.795138888888889, "TP": 14, "TN": 17, "FP": 7, "FN": 10}, "test": {"ACC": 0.6458333333333334, "F1_Score": 0.6530612244897959, "Recall": 0.6666666666666666, "Precision": 0.64, "Cohen_Kappa": 0.29166666666666663, "AUC": 0.7161458333333331, "TP": 16, "TN": 15, "FP": 9, "FN": 8}}}