{"OVR": {"valid": {"ACC": 0.678082191780822, "F1_Score": 0.6412213740458015, "Recall": 0.5753424657534246, "Precision": 0.7241379310344828, "Cohen_Kappa": 0.3561643835616438, "AUC": 0.7682492024770127, "TP": 42, "TN": 57, "FP": 16, "FN": 31}, "test": {"ACC": 0.6643835616438356, "F1_Score": 0.6754966887417219, "Recall": 0.6986301369863014, "Precision": 0.6538461538461539, "Cohen_Kappa": 0.3287671232876712, "AUC": 0.7082004128354287, "TP": 51, "TN": 46, "FP": 27, "FN": 22}}, "KNB": {"valid": {"ACC": 0.6438356164383562, "F1_Score": 0.5357142857142857, "Recall": 0.410958904109589, "Precision": 0.7692307692307693, "Cohen_Kappa": 0.28767123287671237, "AUC": 0.7554888346781761, "TP": 30, "TN": 64, "FP": 9, "FN": 43}, "test": {"ACC": 0.6986301369863014, "F1_Score": 0.6333333333333333, "Recall": 0.5205479452054794, "Precision": 0.8085106382978723, "Cohen_Kappa": 0.3972602739726028, "AUC": 0.7735972978044661, "TP": 38, "TN": 64, "FP": 9, "FN": 35}}, "DT": {"valid": {"ACC": 0.5958904109589042, "F1_Score": 0.5815602836879432, "Recall": 0.5616438356164384, "Precision": 0.6029411764705882, "Cohen_Kappa": 0.1917808219178082, "AUC": 0.5958904109589042, "TP": 41, "TN": 46, "FP": 27, "FN": 32}, "test": {"ACC": 0.6027397260273972, "F1_Score": 0.6133333333333334, "Recall": 0.6301369863013698, "Precision": 0.5974025974025974, "Cohen_Kappa": 0.20547945205479456, "AUC": 0.6027397260273972, "TP": 46, "TN": 42, "FP": 31, "FN": 27}}, "MNB": {"valid": {"ACC": 0.678082191780822, "F1_Score": 0.656934306569343, "Recall": 0.6164383561643836, "Precision": 0.703125, "Cohen_Kappa": 0.3561643835616438, "AUC": 0.7384124601238506, "TP": 45, "TN": 54, "FP": 19, "FN": 28}, "test": {"ACC": 0.6232876712328768, "F1_Score": 0.6405228758169935, "Recall": 0.6712328767123288, "Precision": 0.6125, "Cohen_Kappa": 0.2465753424657534, "AUC": 0.6911240382811034, "TP": 49, "TN": 42, "FP": 31, "FN": 24}}, "RF": {"valid": {"ACC": 0.7465753424657534, "F1_Score": 0.7375886524822695, "Recall": 0.7123287671232876, "Precision": 0.7647058823529411, "Cohen_Kappa": 0.4931506849315068, "AUC": 0.8116907487333458, "TP": 52, "TN": 57, "FP": 16, "FN": 21}, "test": {"ACC": 0.7397260273972602, "F1_Score": 0.7432432432432433, "Recall": 0.7534246575342466, "Precision": 0.7333333333333333, "Cohen_Kappa": 0.4794520547945206, "AUC": 0.8133796209420154, "TP": 55, "TN": 53, "FP": 20, "FN": 18}}, "ADA": {"valid": {"ACC": 0.7054794520547946, "F1_Score": 0.6766917293233082, "Recall": 0.6164383561643836, "Precision": 0.75, "Cohen_Kappa": 0.410958904109589, "AUC": 0.7511728279226871, "TP": 45, "TN": 58, "FP": 15, "FN": 28}, "test": {"ACC": 0.6575342465753424, "F1_Score": 0.6621621621621622, "Recall": 0.6712328767123288, "Precision": 0.6533333333333333, "Cohen_Kappa": 0.31506849315068497, "AUC": 0.7169262525802215, "TP": 49, "TN": 47, "FP": 26, "FN": 24}}, "XGB": {"valid": {"ACC": 0.7328767123287672, "F1_Score": 0.7194244604316548, "Recall": 0.684931506849315, "Precision": 0.7575757575757576, "Cohen_Kappa": 0.4657534246575342, "AUC": 0.8080315256145618, "TP": 50, "TN": 57, "FP": 16, "FN": 23}, "test": {"ACC": 0.6438356164383562, "F1_Score": 0.6486486486486486, "Recall": 0.6575342465753424, "Precision": 0.64, "Cohen_Kappa": 0.28767123287671237, "AUC": 0.7217113905047852, "TP": 48, "TN": 46, "FP": 27, "FN": 25}}, "MLP": {"valid": {"ACC": 0.7397260273972602, "F1_Score": 0.7164179104477612, "Recall": 0.6575342465753424, "Precision": 0.7868852459016393, "Cohen_Kappa": 0.4794520547945206, "AUC": 0.7858885344342278, "TP": 48, "TN": 60, "FP": 13, "FN": 25}, "test": {"ACC": 0.7191780821917808, "F1_Score": 0.7210884353741497, "Recall": 0.726027397260274, "Precision": 0.7162162162162162, "Cohen_Kappa": 0.4383561643835616, "AUC": 0.7350347157065115, "TP": 53, "TN": 52, "FP": 21, "FN": 20}}, "LR": {"valid": {"ACC": 0.678082191780822, "F1_Score": 0.6412213740458015, "Recall": 0.5753424657534246, "Precision": 0.7241379310344828, "Cohen_Kappa": 0.3561643835616438, "AUC": 0.7682492024770127, "TP": 42, "TN": 57, "FP": 16, "FN": 31}, "test": {"ACC": 0.6643835616438356, "F1_Score": 0.6754966887417219, "Recall": 0.6986301369863014, "Precision": 0.6538461538461539, "Cohen_Kappa": 0.3287671232876712, "AUC": 0.7082004128354287, "TP": 51, "TN": 46, "FP": 27, "FN": 22}}, "ETAs": {"valid": {"ACC": 0.7397260273972602, "F1_Score": 0.7246376811594203, "Recall": 0.684931506849315, "Precision": 0.7692307692307693, "Cohen_Kappa": 0.4794520547945206, "AUC": 0.8069994370425971, "TP": 50, "TN": 58, "FP": 15, "FN": 23}, "test": {"ACC": 0.7191780821917808, "F1_Score": 0.7172413793103448, "Recall": 0.7123287671232876, "Precision": 0.7222222222222222, "Cohen_Kappa": 0.4383561643835616, "AUC": 0.7889848001501218, "TP": 52, "TN": 53, "FP": 20, "FN": 21}}, "CNB": {"valid": {"ACC": 0.678082191780822, "F1_Score": 0.656934306569343, "Recall": 0.6164383561643836, "Precision": 0.703125, "Cohen_Kappa": 0.3561643835616438, "AUC": 0.7384124601238506, "TP": 45, "TN": 54, "FP": 19, "FN": 28}, "test": {"ACC": 0.6232876712328768, "F1_Score": 0.6405228758169935, "Recall": 0.6712328767123288, "Precision": 0.6125, "Cohen_Kappa": 0.2465753424657534, "AUC": 0.6911240382811034, "TP": 49, "TN": 42, "FP": 31, "FN": 24}}, "GB": {"valid": {"ACC": 0.7397260273972602, "F1_Score": 0.7164179104477612, "Recall": 0.6575342465753424, "Precision": 0.7868852459016393, "Cohen_Kappa": 0.4794520547945206, "AUC": 0.7947082004128354, "TP": 48, "TN": 60, "FP": 13, "FN": 25}, "test": {"ACC": 0.6986301369863014, "F1_Score": 0.6811594202898551, "Recall": 0.6438356164383562, "Precision": 0.7230769230769231, "Cohen_Kappa": 0.3972602739726028, "AUC": 0.7584912741602552, "TP": 47, "TN": 55, "FP": 18, "FN": 26}}, "BAG": {"valid": {"ACC": 0.7123287671232876, "F1_Score": 0.671875, "Recall": 0.589041095890411, "Precision": 0.7818181818181819, "Cohen_Kappa": 0.4246575342465754, "AUC": 0.759241884030775, "TP": 43, "TN": 61, "FP": 12, "FN": 30}, "test": {"ACC": 0.6712328767123288, "F1_Score": 0.6417910447761194, "Recall": 0.589041095890411, "Precision": 0.7049180327868853, "Cohen_Kappa": 0.34246575342465757, "AUC": 0.7392568962281854, "TP": 43, "TN": 55, "FP": 18, "FN": 30}}}