{"OVR": {"valid": {"ACC": 0.6612903225806451, "F1_Score": 0.6666666666666667, "Recall": 0.6774193548387096, "Precision": 0.65625, "Cohen_Kappa": 0.32258064516129037, "AUC": 0.7055801248699272, "TP": 84, "TN": 80, "FP": 44, "FN": 40}, "test": {"ACC": 0.6666666666666666, "F1_Score": 0.6639676113360323, "Recall": 0.6612903225806451, "Precision": 0.6666666666666666, "Cohen_Kappa": 0.3333010742282009, "AUC": 0.7154193548387097, "TP": 82, "TN": 84, "FP": 41, "FN": 42}}, "KNB": {"valid": {"ACC": 0.6290322580645161, "F1_Score": 0.5779816513761468, "Recall": 0.5080645161290323, "Precision": 0.6702127659574468, "Cohen_Kappa": 0.25806451612903225, "AUC": 0.694361342351717, "TP": 63, "TN": 93, "FP": 31, "FN": 61}, "test": {"ACC": 0.6666666666666666, "F1_Score": 0.6028708133971292, "Recall": 0.5080645161290323, "Precision": 0.7411764705882353, "Cohen_Kappa": 0.3324828009431221, "AUC": 0.7478387096774193, "TP": 63, "TN": 103, "FP": 22, "FN": 61}}, "DT": {"valid": {"ACC": 0.6209677419354839, "F1_Score": 0.6384615384615384, "Recall": 0.6693548387096774, "Precision": 0.6102941176470589, "Cohen_Kappa": 0.24193548387096775, "AUC": 0.6209677419354838, "TP": 83, "TN": 71, "FP": 53, "FN": 41}, "test": {"ACC": 0.5783132530120482, "F1_Score": 0.5714285714285715, "Recall": 0.5645161290322581, "Precision": 0.5785123966942148, "Cohen_Kappa": 0.15653127722037607, "AUC": 0.578258064516129, "TP": 70, "TN": 74, "FP": 51, "FN": 54}}, "MNB": {"valid": {"ACC": 0.6411290322580645, "F1_Score": 0.6715867158671587, "Recall": 0.7338709677419355, "Precision": 0.6190476190476191, "Cohen_Kappa": 0.282258064516129, "AUC": 0.6752731529656607, "TP": 91, "TN": 68, "FP": 56, "FN": 33}, "test": {"ACC": 0.642570281124498, "F1_Score": 0.6641509433962265, "Recall": 0.7096774193548387, "Precision": 0.624113475177305, "Cohen_Kappa": 0.2855208434084534, "AUC": 0.7074193548387097, "TP": 88, "TN": 72, "FP": 53, "FN": 36}}, "RF": {"valid": {"ACC": 0.7217741935483871, "F1_Score": 0.7272727272727273, "Recall": 0.7419354838709677, "Precision": 0.7131782945736435, "Cohen_Kappa": 0.44354838709677424, "AUC": 0.7700962539021853, "TP": 92, "TN": 87, "FP": 37, "FN": 32}, "test": {"ACC": 0.7068273092369478, "F1_Score": 0.7044534412955465, "Recall": 0.7016129032258065, "Precision": 0.7073170731707317, "Cohen_Kappa": 0.41362624600793574, "AUC": 0.7753225806451612, "TP": 87, "TN": 89, "FP": 36, "FN": 37}}, "ADA": {"valid": {"ACC": 0.6330645161290323, "F1_Score": 0.6127659574468086, "Recall": 0.5806451612903226, "Precision": 0.6486486486486487, "Cohen_Kappa": 0.2661290322580645, "AUC": 0.6639242976066596, "TP": 72, "TN": 85, "FP": 39, "FN": 52}, "test": {"ACC": 0.6867469879518072, "F1_Score": 0.675, "Recall": 0.6532258064516129, "Precision": 0.6982758620689655, "Cohen_Kappa": 0.3733221476510068, "AUC": 0.7374516129032258, "TP": 81, "TN": 90, "FP": 35, "FN": 43}}, "XGB": {"valid": {"ACC": 0.6854838709677419, "F1_Score": 0.6976744186046512, "Recall": 0.7258064516129032, "Precision": 0.6716417910447762, "Cohen_Kappa": 0.3709677419354839, "AUC": 0.7406997918834547, "TP": 90, "TN": 80, "FP": 44, "FN": 34}, "test": {"ACC": 0.6947791164658634, "F1_Score": 0.696, "Recall": 0.7016129032258065, "Precision": 0.6904761904761905, "Cohen_Kappa": 0.3895877685310625, "AUC": 0.7565806451612903, "TP": 87, "TN": 86, "FP": 39, "FN": 37}}, "MLP": {"valid": {"ACC": 0.6774193548387096, "F1_Score": 0.6774193548387096, "Recall": 0.6774193548387096, "Precision": 0.6774193548387096, "Cohen_Kappa": 0.3548387096774194, "AUC": 0.725611342351717, "TP": 84, "TN": 84, "FP": 40, "FN": 40}, "test": {"ACC": 0.678714859437751, "F1_Score": 0.6747967479674796, "Recall": 0.6693548387096774, "Precision": 0.680327868852459, "Cohen_Kappa": 0.35737789534808695, "AUC": 0.7236129032258064, "TP": 83, "TN": 86, "FP": 39, "FN": 41}}, "LR": {"valid": {"ACC": 0.6612903225806451, "F1_Score": 0.6666666666666667, "Recall": 0.6774193548387096, "Precision": 0.65625, "Cohen_Kappa": 0.32258064516129037, "AUC": 0.7055801248699272, "TP": 84, "TN": 80, "FP": 44, "FN": 40}, "test": {"ACC": 0.6666666666666666, "F1_Score": 0.6639676113360323, "Recall": 0.6612903225806451, "Precision": 0.6666666666666666, "Cohen_Kappa": 0.3333010742282009, "AUC": 0.7154193548387097, "TP": 82, "TN": 84, "FP": 41, "FN": 42}}, "ETAs": {"valid": {"ACC": 0.7096774193548387, "F1_Score": 0.7096774193548389, "Recall": 0.7096774193548387, "Precision": 0.7096774193548387, "Cohen_Kappa": 0.4193548387096774, "AUC": 0.7406347554630592, "TP": 88, "TN": 88, "FP": 36, "FN": 36}, "test": {"ACC": 0.6987951807228916, "F1_Score": 0.691358024691358, "Recall": 0.6774193548387096, "Precision": 0.7058823529411765, "Cohen_Kappa": 0.3974834650750121, "AUC": 0.7651935483870969, "TP": 84, "TN": 90, "FP": 35, "FN": 40}}, "CNB": {"valid": {"ACC": 0.6411290322580645, "F1_Score": 0.6715867158671587, "Recall": 0.7338709677419355, "Precision": 0.6190476190476191, "Cohen_Kappa": 0.282258064516129, "AUC": 0.6752731529656607, "TP": 91, "TN": 68, "FP": 56, "FN": 33}, "test": {"ACC": 0.642570281124498, "F1_Score": 0.6641509433962265, "Recall": 0.7096774193548387, "Precision": 0.624113475177305, "Cohen_Kappa": 0.2855208434084534, "AUC": 0.7074193548387097, "TP": 88, "TN": 72, "FP": 53, "FN": 36}}, "GB": {"valid": {"ACC": 0.6935483870967742, "F1_Score": 0.696, "Recall": 0.7016129032258065, "Precision": 0.6904761904761905, "Cohen_Kappa": 0.3870967741935484, "AUC": 0.7198231009365245, "TP": 87, "TN": 85, "FP": 39, "FN": 37}, "test": {"ACC": 0.6827309236947792, "F1_Score": 0.680161943319838, "Recall": 0.6774193548387096, "Precision": 0.6829268292682927, "Cohen_Kappa": 0.3654311429400948, "AUC": 0.7317419354838709, "TP": 84, "TN": 86, "FP": 39, "FN": 40}}, "BAG": {"valid": {"ACC": 0.6532258064516129, "F1_Score": 0.6324786324786325, "Recall": 0.5967741935483871, "Precision": 0.6727272727272727, "Cohen_Kappa": 0.30645161290322576, "AUC": 0.7086693548387096, "TP": 74, "TN": 88, "FP": 36, "FN": 50}, "test": {"ACC": 0.6666666666666666, "F1_Score": 0.6497890295358649, "Recall": 0.6209677419354839, "Precision": 0.6814159292035398, "Cohen_Kappa": 0.3330859337184162, "AUC": 0.7173225806451614, "TP": 77, "TN": 89, "FP": 36, "FN": 47}}}