{"OVR": {"valid": {"ACC": 0.5806451612903226, "F1_Score": 0.5517241379310344, "Recall": 0.5333333333333333, "Precision": 0.5714285714285714, "Cohen_Kappa": 0.15866388308977042, "AUC": 0.6583333333333333, "TP": 8, "TN": 10, "FP": 6, "FN": 7}, "test": {"ACC": 0.5806451612903226, "F1_Score": 0.5185185185185185, "Recall": 0.4375, "Precision": 0.6363636363636364, "Cohen_Kappa": 0.16907216494845356, "AUC": 0.7041666666666666, "TP": 7, "TN": 11, "FP": 4, "FN": 9}}, "KNB": {"valid": {"ACC": 0.7096774193548387, "F1_Score": 0.7428571428571429, "Recall": 0.8666666666666667, "Precision": 0.65, "Cohen_Kappa": 0.42474226804123705, "AUC": 0.7395833333333334, "TP": 13, "TN": 9, "FP": 7, "FN": 2}, "test": {"ACC": 0.6774193548387096, "F1_Score": 0.7222222222222223, "Recall": 0.8125, "Precision": 0.65, "Cohen_Kappa": 0.3487394957983193, "AUC": 0.7458333333333333, "TP": 13, "TN": 8, "FP": 7, "FN": 3}}, "DT": {"valid": {"ACC": 0.6129032258064516, "F1_Score": 0.6, "Recall": 0.6, "Precision": 0.6, "Cohen_Kappa": 0.22499999999999998, "AUC": 0.6125, "TP": 9, "TN": 10, "FP": 6, "FN": 6}, "test": {"ACC": 0.5806451612903226, "F1_Score": 0.5517241379310345, "Recall": 0.5, "Precision": 0.6153846153846154, "Cohen_Kappa": 0.16563146997929612, "AUC": 0.5833333333333334, "TP": 8, "TN": 10, "FP": 5, "FN": 8}}, "MNB": {"valid": {"ACC": 0.6129032258064516, "F1_Score": 0.625, "Recall": 0.6666666666666666, "Precision": 0.5882352941176471, "Cohen_Kappa": 0.22821576763485474, "AUC": 0.6666666666666666, "TP": 10, "TN": 9, "FP": 7, "FN": 5}, "test": {"ACC": 0.6774193548387096, "F1_Score": 0.6875, "Recall": 0.6875, "Precision": 0.6875, "Cohen_Kappa": 0.35416666666666674, "AUC": 0.7125, "TP": 11, "TN": 10, "FP": 5, "FN": 5}}, "RF": {"valid": {"ACC": 0.6129032258064516, "F1_Score": 0.6, "Recall": 0.6, "Precision": 0.6, "Cohen_Kappa": 0.22499999999999998, "AUC": 0.70625, "TP": 9, "TN": 10, "FP": 6, "FN": 6}, "test": {"ACC": 0.6774193548387096, "F1_Score": 0.6666666666666666, "Recall": 0.625, "Precision": 0.7142857142857143, "Cohen_Kappa": 0.3568464730290456, "AUC": 0.7604166666666666, "TP": 10, "TN": 11, "FP": 4, "FN": 6}}, "ADA": {"valid": {"ACC": 0.5806451612903226, "F1_Score": 0.5806451612903225, "Recall": 0.6, "Precision": 0.5625, "Cohen_Kappa": 0.16216216216216217, "AUC": 0.5666666666666667, "TP": 9, "TN": 9, "FP": 7, "FN": 6}, "test": {"ACC": 0.8064516129032258, "F1_Score": 0.7999999999999999, "Recall": 0.75, "Precision": 0.8571428571428571, "Cohen_Kappa": 0.6141078838174274, "AUC": 0.8583333333333333, "TP": 12, "TN": 13, "FP": 2, "FN": 4}}, "XGB": {"valid": {"ACC": 0.6774193548387096, "F1_Score": 0.6666666666666666, "Recall": 0.6666666666666666, "Precision": 0.6666666666666666, "Cohen_Kappa": 0.35416666666666674, "AUC": 0.7833333333333333, "TP": 10, "TN": 11, "FP": 5, "FN": 5}, "test": {"ACC": 0.6451612903225806, "F1_Score": 0.5925925925925926, "Recall": 0.5, "Precision": 0.7272727272727273, "Cohen_Kappa": 0.2969072164948453, "AUC": 0.7625, "TP": 8, "TN": 12, "FP": 3, "FN": 8}}, "MLP": {"valid": {"ACC": 0.5483870967741935, "F1_Score": 0.5333333333333333, "Recall": 0.5333333333333333, "Precision": 0.5333333333333333, "Cohen_Kappa": 0.09583333333333333, "AUC": 0.6166666666666667, "TP": 8, "TN": 9, "FP": 7, "FN": 7}, "test": {"ACC": 0.6129032258064516, "F1_Score": 0.5714285714285715, "Recall": 0.5, "Precision": 0.6666666666666666, "Cohen_Kappa": 0.23140495867768596, "AUC": 0.675, "TP": 8, "TN": 11, "FP": 4, "FN": 8}}, "LR": {"valid": {"ACC": 0.5806451612903226, "F1_Score": 0.5517241379310344, "Recall": 0.5333333333333333, "Precision": 0.5714285714285714, "Cohen_Kappa": 0.15866388308977042, "AUC": 0.6583333333333333, "TP": 8, "TN": 10, "FP": 6, "FN": 7}, "test": {"ACC": 0.5806451612903226, "F1_Score": 0.5185185185185185, "Recall": 0.4375, "Precision": 0.6363636363636364, "Cohen_Kappa": 0.16907216494845356, "AUC": 0.7041666666666666, "TP": 7, "TN": 11, "FP": 4, "FN": 9}}, "ETAs": {"valid": {"ACC": 0.5806451612903226, "F1_Score": 0.5806451612903225, "Recall": 0.6, "Precision": 0.5625, "Cohen_Kappa": 0.16216216216216217, "AUC": 0.69375, "TP": 9, "TN": 9, "FP": 7, "FN": 6}, "test": {"ACC": 0.6774193548387096, "F1_Score": 0.6666666666666666, "Recall": 0.625, "Precision": 0.7142857142857143, "Cohen_Kappa": 0.3568464730290456, "AUC": 0.7875000000000001, "TP": 10, "TN": 11, "FP": 4, "FN": 6}}, "CNB": {"valid": {"ACC": 0.6129032258064516, "F1_Score": 0.625, "Recall": 0.6666666666666666, "Precision": 0.5882352941176471, "Cohen_Kappa": 0.22821576763485474, "AUC": 0.6666666666666666, "TP": 10, "TN": 9, "FP": 7, "FN": 5}, "test": {"ACC": 0.6774193548387096, "F1_Score": 0.6875, "Recall": 0.6875, "Precision": 0.6875, "Cohen_Kappa": 0.35416666666666674, "AUC": 0.7125, "TP": 11, "TN": 10, "FP": 5, "FN": 5}}, "GB": {"valid": {"ACC": 0.6451612903225806, "F1_Score": 0.6206896551724138, "Recall": 0.6, "Precision": 0.6428571428571429, "Cohen_Kappa": 0.28810020876826725, "AUC": 0.6625, "TP": 9, "TN": 11, "FP": 5, "FN": 6}, "test": {"ACC": 0.6129032258064516, "F1_Score": 0.6000000000000001, "Recall": 0.5625, "Precision": 0.6428571428571429, "Cohen_Kappa": 0.22821576763485474, "AUC": 0.75, "TP": 9, "TN": 10, "FP": 5, "FN": 7}}, "BAG": {"valid": {"ACC": 0.7419354838709677, "F1_Score": 0.7142857142857142, "Recall": 0.6666666666666666, "Precision": 0.7692307692307693, "Cohen_Kappa": 0.4811715481171548, "AUC": 0.7354166666666667, "TP": 10, "TN": 13, "FP": 3, "FN": 5}, "test": {"ACC": 0.6774193548387096, "F1_Score": 0.6428571428571429, "Recall": 0.5625, "Precision": 0.75, "Cohen_Kappa": 0.359504132231405, "AUC": 0.65625, "TP": 9, "TN": 12, "FP": 3, "FN": 7}}}