{"OVR": {"valid": {"ACC": 0.6133333333333333, "F1_Score": 0.6081081081081081, "Recall": 0.6, "Precision": 0.6164383561643836, "Cohen_Kappa": 0.22666666666666668, "AUC": 0.6270222222222223, "TP": 45, "TN": 47, "FP": 28, "FN": 30}, "test": {"ACC": 0.5933333333333334, "F1_Score": 0.5906040268456377, "Recall": 0.5866666666666667, "Precision": 0.5945945945945946, "Cohen_Kappa": 0.18666666666666665, "AUC": 0.6218666666666667, "TP": 44, "TN": 45, "FP": 30, "FN": 31}}, "KNB": {"valid": {"ACC": 0.64, "F1_Score": 0.6250000000000001, "Recall": 0.6, "Precision": 0.6521739130434783, "Cohen_Kappa": 0.28, "AUC": 0.6313777777777778, "TP": 45, "TN": 51, "FP": 24, "FN": 30}, "test": {"ACC": 0.64, "F1_Score": 0.64, "Recall": 0.64, "Precision": 0.64, "Cohen_Kappa": 0.28, "AUC": 0.6514666666666666, "TP": 48, "TN": 48, "FP": 27, "FN": 27}}, "DT": {"valid": {"ACC": 0.62, "F1_Score": 0.6225165562913908, "Recall": 0.6266666666666667, "Precision": 0.618421052631579, "Cohen_Kappa": 0.24, "AUC": 0.62, "TP": 47, "TN": 46, "FP": 29, "FN": 28}, "test": {"ACC": 0.56, "F1_Score": 0.5714285714285713, "Recall": 0.5866666666666667, "Precision": 0.5569620253164557, "Cohen_Kappa": 0.12, "AUC": 0.56, "TP": 44, "TN": 40, "FP": 35, "FN": 31}}, "MNB": {"valid": {"ACC": 0.6466666666666666, "F1_Score": 0.6826347305389221, "Recall": 0.76, "Precision": 0.6195652173913043, "Cohen_Kappa": 0.29333333333333333, "AUC": 0.6880000000000001, "TP": 57, "TN": 40, "FP": 35, "FN": 18}, "test": {"ACC": 0.6266666666666667, "F1_Score": 0.6744186046511628, "Recall": 0.7733333333333333, "Precision": 0.5979381443298969, "Cohen_Kappa": 0.2533333333333333, "AUC": 0.6835555555555556, "TP": 58, "TN": 36, "FP": 39, "FN": 17}}, "RF": {"valid": {"ACC": 0.64, "F1_Score": 0.6301369863013698, "Recall": 0.6133333333333333, "Precision": 0.647887323943662, "Cohen_Kappa": 0.28, "AUC": 0.6928000000000001, "TP": 46, "TN": 50, "FP": 25, "FN": 29}, "test": {"ACC": 0.6666666666666666, "F1_Score": 0.6710526315789473, "Recall": 0.68, "Precision": 0.6623376623376623, "Cohen_Kappa": 0.33333333333333337, "AUC": 0.7441777777777778, "TP": 51, "TN": 49, "FP": 26, "FN": 24}}, "ADA": {"valid": {"ACC": 0.6466666666666666, "F1_Score": 0.6394557823129251, "Recall": 0.6266666666666667, "Precision": 0.6527777777777778, "Cohen_Kappa": 0.29333333333333333, "AUC": 0.6543111111111111, "TP": 47, "TN": 50, "FP": 25, "FN": 28}, "test": {"ACC": 0.5933333333333334, "F1_Score": 0.6114649681528662, "Recall": 0.64, "Precision": 0.5853658536585366, "Cohen_Kappa": 0.18666666666666665, "AUC": 0.6256, "TP": 48, "TN": 41, "FP": 34, "FN": 27}}, "XGB": {"valid": {"ACC": 0.64, "F1_Score": 0.6447368421052633, "Recall": 0.6533333333333333, "Precision": 0.6363636363636364, "Cohen_Kappa": 0.28, "AUC": 0.6728888888888889, "TP": 49, "TN": 47, "FP": 28, "FN": 26}, "test": {"ACC": 0.6, "F1_Score": 0.6, "Recall": 0.6, "Precision": 0.6, "Cohen_Kappa": 0.19999999999999996, "AUC": 0.6570666666666667, "TP": 45, "TN": 45, "FP": 30, "FN": 30}}, "MLP": {"valid": {"ACC": 0.5933333333333334, "F1_Score": 0.5906040268456377, "Recall": 0.5866666666666667, "Precision": 0.5945945945945946, "Cohen_Kappa": 0.18666666666666665, "AUC": 0.6440888888888888, "TP": 44, "TN": 45, "FP": 30, "FN": 31}, "test": {"ACC": 0.64, "F1_Score": 0.6625, "Recall": 0.7066666666666667, "Precision": 0.6235294117647059, "Cohen_Kappa": 0.28, "AUC": 0.693511111111111, "TP": 53, "TN": 43, "FP": 32, "FN": 22}}, "LR": {"valid": {"ACC": 0.6133333333333333, "F1_Score": 0.6081081081081081, "Recall": 0.6, "Precision": 0.6164383561643836, "Cohen_Kappa": 0.22666666666666668, "AUC": 0.6270222222222223, "TP": 45, "TN": 47, "FP": 28, "FN": 30}, "test": {"ACC": 0.5933333333333334, "F1_Score": 0.5906040268456377, "Recall": 0.5866666666666667, "Precision": 0.5945945945945946, "Cohen_Kappa": 0.18666666666666665, "AUC": 0.6218666666666667, "TP": 44, "TN": 45, "FP": 30, "FN": 31}}, "ETAs": {"valid": {"ACC": 0.6533333333333333, "F1_Score": 0.638888888888889, "Recall": 0.6133333333333333, "Precision": 0.6666666666666666, "Cohen_Kappa": 0.30666666666666664, "AUC": 0.7126222222222223, "TP": 46, "TN": 52, "FP": 23, "FN": 29}, "test": {"ACC": 0.7, "F1_Score": 0.713375796178344, "Recall": 0.7466666666666667, "Precision": 0.6829268292682927, "Cohen_Kappa": 0.4, "AUC": 0.7485333333333333, "TP": 56, "TN": 49, "FP": 26, "FN": 19}}, "CNB": {"valid": {"ACC": 0.6466666666666666, "F1_Score": 0.6826347305389221, "Recall": 0.76, "Precision": 0.6195652173913043, "Cohen_Kappa": 0.29333333333333333, "AUC": 0.6880000000000001, "TP": 57, "TN": 40, "FP": 35, "FN": 18}, "test": {"ACC": 0.6266666666666667, "F1_Score": 0.6744186046511628, "Recall": 0.7733333333333333, "Precision": 0.5979381443298969, "Cohen_Kappa": 0.2533333333333333, "AUC": 0.6835555555555556, "TP": 58, "TN": 36, "FP": 39, "FN": 17}}, "GB": {"valid": {"ACC": 0.72, "F1_Score": 0.7236842105263158, "Recall": 0.7333333333333333, "Precision": 0.7142857142857143, "Cohen_Kappa": 0.43999999999999995, "AUC": 0.7132444444444443, "TP": 55, "TN": 53, "FP": 22, "FN": 20}, "test": {"ACC": 0.64, "F1_Score": 0.64, "Recall": 0.64, "Precision": 0.64, "Cohen_Kappa": 0.28, "AUC": 0.6830222222222222, "TP": 48, "TN": 48, "FP": 27, "FN": 27}}, "BAG": {"valid": {"ACC": 0.5866666666666667, "F1_Score": 0.5303030303030304, "Recall": 0.4666666666666667, "Precision": 0.6140350877192983, "Cohen_Kappa": 0.17333333333333334, "AUC": 0.6454222222222223, "TP": 35, "TN": 53, "FP": 22, "FN": 40}, "test": {"ACC": 0.5866666666666667, "F1_Score": 0.5441176470588235, "Recall": 0.49333333333333335, "Precision": 0.6065573770491803, "Cohen_Kappa": 0.17333333333333334, "AUC": 0.6311999999999999, "TP": 37, "TN": 51, "FP": 24, "FN": 38}}}