{"OVR": {"valid": {"ACC": 0.6986301369863014, "F1_Score": 0.6944444444444443, "Recall": 0.684931506849315, "Precision": 0.704225352112676, "Cohen_Kappa": 0.3972602739726028, "AUC": 0.7352223681741414, "TP": 50, "TN": 52, "FP": 21, "FN": 23}, "test": {"ACC": 0.6027397260273972, "F1_Score": 0.6282051282051282, "Recall": 0.6712328767123288, "Precision": 0.5903614457831325, "Cohen_Kappa": 0.20547945205479456, "AUC": 0.6549071120285231, "TP": 49, "TN": 39, "FP": 34, "FN": 24}}, "KNB": {"valid": {"ACC": 0.6712328767123288, "F1_Score": 0.657142857142857, "Recall": 0.6301369863013698, "Precision": 0.6865671641791045, "Cohen_Kappa": 0.34246575342465757, "AUC": 0.7561456183148808, "TP": 46, "TN": 52, "FP": 21, "FN": 27}, "test": {"ACC": 0.7123287671232876, "F1_Score": 0.7307692307692306, "Recall": 0.7808219178082192, "Precision": 0.6867469879518072, "Cohen_Kappa": 0.4246575342465754, "AUC": 0.8053105648339276, "TP": 57, "TN": 47, "FP": 26, "FN": 16}}, "DT": {"valid": {"ACC": 0.684931506849315, "F1_Score": 0.6805555555555556, "Recall": 0.6712328767123288, "Precision": 0.6901408450704225, "Cohen_Kappa": 0.36986301369863017, "AUC": 0.6849315068493151, "TP": 49, "TN": 51, "FP": 22, "FN": 24}, "test": {"ACC": 0.6164383561643836, "F1_Score": 0.641025641025641, "Recall": 0.684931506849315, "Precision": 0.6024096385542169, "Cohen_Kappa": 0.23287671232876717, "AUC": 0.6164383561643836, "TP": 50, "TN": 40, "FP": 33, "FN": 23}}, "MNB": {"valid": {"ACC": 0.636986301369863, "F1_Score": 0.6131386861313868, "Recall": 0.5753424657534246, "Precision": 0.65625, "Cohen_Kappa": 0.273972602739726, "AUC": 0.6687933946331392, "TP": 42, "TN": 51, "FP": 22, "FN": 31}, "test": {"ACC": 0.6575342465753424, "F1_Score": 0.6666666666666666, "Recall": 0.684931506849315, "Precision": 0.6493506493506493, "Cohen_Kappa": 0.31506849315068497, "AUC": 0.6956276975042223, "TP": 50, "TN": 46, "FP": 27, "FN": 23}}, "RF": {"valid": {"ACC": 0.678082191780822, "F1_Score": 0.6758620689655173, "Recall": 0.6712328767123288, "Precision": 0.6805555555555556, "Cohen_Kappa": 0.3561643835616438, "AUC": 0.7530493525989866, "TP": 49, "TN": 50, "FP": 23, "FN": 24}, "test": {"ACC": 0.6986301369863014, "F1_Score": 0.717948717948718, "Recall": 0.7671232876712328, "Precision": 0.6746987951807228, "Cohen_Kappa": 0.3972602739726028, "AUC": 0.785137924563708, "TP": 56, "TN": 46, "FP": 27, "FN": 17}}, "ADA": {"valid": {"ACC": 0.678082191780822, "F1_Score": 0.6758620689655173, "Recall": 0.6712328767123288, "Precision": 0.6805555555555556, "Cohen_Kappa": 0.3561643835616438, "AUC": 0.7010696190654907, "TP": 49, "TN": 50, "FP": 23, "FN": 24}, "test": {"ACC": 0.6986301369863014, "F1_Score": 0.7027027027027026, "Recall": 0.7123287671232876, "Precision": 0.6933333333333334, "Cohen_Kappa": 0.3972602739726028, "AUC": 0.7335334959654719, "TP": 52, "TN": 50, "FP": 23, "FN": 21}}, "XGB": {"valid": {"ACC": 0.7054794520547946, "F1_Score": 0.6993006993006993, "Recall": 0.684931506849315, "Precision": 0.7142857142857143, "Cohen_Kappa": 0.410958904109589, "AUC": 0.7984612497654344, "TP": 50, "TN": 53, "FP": 20, "FN": 23}, "test": {"ACC": 0.6506849315068494, "F1_Score": 0.6709677419354839, "Recall": 0.7123287671232876, "Precision": 0.6341463414634146, "Cohen_Kappa": 0.3013698630136986, "AUC": 0.736535935447551, "TP": 52, "TN": 43, "FP": 30, "FN": 21}}, "MLP": {"valid": {"ACC": 0.7328767123287672, "F1_Score": 0.7234042553191489, "Recall": 0.6986301369863014, "Precision": 0.75, "Cohen_Kappa": 0.4657534246575342, "AUC": 0.7564270970163256, "TP": 51, "TN": 56, "FP": 17, "FN": 22}, "test": {"ACC": 0.6712328767123288, "F1_Score": 0.6923076923076923, "Recall": 0.7397260273972602, "Precision": 0.6506024096385542, "Cohen_Kappa": 0.34246575342465757, "AUC": 0.7416025520735597, "TP": 54, "TN": 44, "FP": 29, "FN": 19}}, "LR": {"valid": {"ACC": 0.6986301369863014, "F1_Score": 0.6944444444444443, "Recall": 0.684931506849315, "Precision": 0.704225352112676, "Cohen_Kappa": 0.3972602739726028, "AUC": 0.7352223681741414, "TP": 50, "TN": 52, "FP": 21, "FN": 23}, "test": {"ACC": 0.6027397260273972, "F1_Score": 0.6282051282051282, "Recall": 0.6712328767123288, "Precision": 0.5903614457831325, "Cohen_Kappa": 0.20547945205479456, "AUC": 0.6549071120285231, "TP": 49, "TN": 39, "FP": 34, "FN": 24}}, "ETAs": {"valid": {"ACC": 0.7054794520547946, "F1_Score": 0.703448275862069, "Recall": 0.6986301369863014, "Precision": 0.7083333333333334, "Cohen_Kappa": 0.410958904109589, "AUC": 0.7724713829986863, "TP": 51, "TN": 52, "FP": 21, "FN": 22}, "test": {"ACC": 0.6917808219178082, "F1_Score": 0.7019867549668874, "Recall": 0.726027397260274, "Precision": 0.6794871794871795, "Cohen_Kappa": 0.3835616438356164, "AUC": 0.7651529367611185, "TP": 53, "TN": 48, "FP": 25, "FN": 20}}, "CNB": {"valid": {"ACC": 0.636986301369863, "F1_Score": 0.6131386861313868, "Recall": 0.5753424657534246, "Precision": 0.65625, "Cohen_Kappa": 0.273972602739726, "AUC": 0.6687933946331392, "TP": 42, "TN": 51, "FP": 22, "FN": 31}, "test": {"ACC": 0.6575342465753424, "F1_Score": 0.6666666666666666, "Recall": 0.684931506849315, "Precision": 0.6493506493506493, "Cohen_Kappa": 0.31506849315068497, "AUC": 0.6956276975042223, "TP": 50, "TN": 46, "FP": 27, "FN": 23}}, "GB": {"valid": {"ACC": 0.6712328767123288, "F1_Score": 0.6666666666666666, "Recall": 0.6575342465753424, "Precision": 0.676056338028169, "Cohen_Kappa": 0.34246575342465757, "AUC": 0.744042034152749, "TP": 48, "TN": 50, "FP": 23, "FN": 25}, "test": {"ACC": 0.6438356164383562, "F1_Score": 0.6578947368421053, "Recall": 0.684931506849315, "Precision": 0.6329113924050633, "Cohen_Kappa": 0.28767123287671237, "AUC": 0.7455432538937887, "TP": 50, "TN": 44, "FP": 29, "FN": 23}}, "BAG": {"valid": {"ACC": 0.6643835616438356, "F1_Score": 0.6474820143884891, "Recall": 0.6164383561643836, "Precision": 0.6818181818181818, "Cohen_Kappa": 0.3287671232876712, "AUC": 0.707449802964909, "TP": 45, "TN": 52, "FP": 21, "FN": 28}, "test": {"ACC": 0.6027397260273972, "F1_Score": 0.5972222222222222, "Recall": 0.589041095890411, "Precision": 0.6056338028169014, "Cohen_Kappa": 0.20547945205479456, "AUC": 0.6728279226871833, "TP": 43, "TN": 45, "FP": 28, "FN": 30}}}