{"OVR": {"valid": {"ACC": 0.6363636363636364, "F1_Score": 0.6428571428571429, "Recall": 0.6666666666666666, "Precision": 0.6206896551724138, "Cohen_Kappa": 0.27344782034346105, "AUC": 0.6917989417989417, "TP": 18, "TN": 17, "FP": 11, "FN": 9}, "test": {"ACC": 0.6607142857142857, "F1_Score": 0.6666666666666666, "Recall": 0.6785714285714286, "Precision": 0.6551724137931034, "Cohen_Kappa": 0.3214285714285714, "AUC": 0.7142857142857143, "TP": 19, "TN": 18, "FP": 10, "FN": 9}}, "KNB": {"valid": {"ACC": 0.7090909090909091, "F1_Score": 0.7037037037037037, "Recall": 0.7037037037037037, "Precision": 0.7037037037037037, "Cohen_Kappa": 0.417989417989418, "AUC": 0.7215608465608465, "TP": 19, "TN": 20, "FP": 8, "FN": 8}, "test": {"ACC": 0.7321428571428571, "F1_Score": 0.7272727272727273, "Recall": 0.7142857142857143, "Precision": 0.7407407407407407, "Cohen_Kappa": 0.4642857142857143, "AUC": 0.746811224489796, "TP": 20, "TN": 21, "FP": 7, "FN": 8}}, "DT": {"valid": {"ACC": 0.6363636363636364, "F1_Score": 0.6428571428571429, "Recall": 0.6666666666666666, "Precision": 0.6206896551724138, "Cohen_Kappa": 0.27344782034346105, "AUC": 0.6369047619047619, "TP": 18, "TN": 17, "FP": 11, "FN": 9}, "test": {"ACC": 0.6071428571428571, "F1_Score": 0.6206896551724138, "Recall": 0.6428571428571429, "Precision": 0.6, "Cohen_Kappa": 0.2142857142857143, "AUC": 0.6071428571428571, "TP": 18, "TN": 16, "FP": 12, "FN": 10}}, "MNB": {"valid": {"ACC": 0.6545454545454545, "F1_Score": 0.6885245901639345, "Recall": 0.7777777777777778, "Precision": 0.6176470588235294, "Cohen_Kappa": 0.3120473996050033, "AUC": 0.7037037037037037, "TP": 21, "TN": 15, "FP": 13, "FN": 6}, "test": {"ACC": 0.6428571428571429, "F1_Score": 0.6428571428571429, "Recall": 0.6428571428571429, "Precision": 0.6428571428571429, "Cohen_Kappa": 0.2857142857142857, "AUC": 0.6836734693877551, "TP": 18, "TN": 18, "FP": 10, "FN": 10}}, "RF": {"valid": {"ACC": 0.6545454545454545, "F1_Score": 0.6666666666666667, "Recall": 0.7037037037037037, "Precision": 0.6333333333333333, "Cohen_Kappa": 0.3102310231023102, "AUC": 0.7341269841269841, "TP": 19, "TN": 17, "FP": 11, "FN": 8}, "test": {"ACC": 0.6964285714285714, "F1_Score": 0.7017543859649122, "Recall": 0.7142857142857143, "Precision": 0.6896551724137931, "Cohen_Kappa": 0.3928571428571429, "AUC": 0.7423469387755103, "TP": 20, "TN": 19, "FP": 9, "FN": 8}}, "ADA": {"valid": {"ACC": 0.6727272727272727, "F1_Score": 0.7000000000000001, "Recall": 0.7777777777777778, "Precision": 0.6363636363636364, "Cohen_Kappa": 0.34782608695652173, "AUC": 0.6494708994708994, "TP": 21, "TN": 16, "FP": 12, "FN": 6}, "test": {"ACC": 0.6964285714285714, "F1_Score": 0.7017543859649122, "Recall": 0.7142857142857143, "Precision": 0.6896551724137931, "Cohen_Kappa": 0.3928571428571429, "AUC": 0.6747448979591837, "TP": 20, "TN": 19, "FP": 9, "FN": 8}}, "XGB": {"valid": {"ACC": 0.6545454545454545, "F1_Score": 0.6545454545454545, "Recall": 0.6666666666666666, "Precision": 0.6428571428571429, "Cohen_Kappa": 0.30931923331130207, "AUC": 0.6851851851851851, "TP": 18, "TN": 18, "FP": 10, "FN": 9}, "test": {"ACC": 0.6428571428571429, "F1_Score": 0.6153846153846153, "Recall": 0.5714285714285714, "Precision": 0.6666666666666666, "Cohen_Kappa": 0.2857142857142857, "AUC": 0.7551020408163266, "TP": 16, "TN": 20, "FP": 8, "FN": 12}}, "MLP": {"valid": {"ACC": 0.6545454545454545, "F1_Score": 0.6779661016949152, "Recall": 0.7407407407407407, "Precision": 0.625, "Cohen_Kappa": 0.31114040870138426, "AUC": 0.7420634920634921, "TP": 20, "TN": 16, "FP": 12, "FN": 7}, "test": {"ACC": 0.6785714285714286, "F1_Score": 0.689655172413793, "Recall": 0.7142857142857143, "Precision": 0.6666666666666666, "Cohen_Kappa": 0.3571428571428571, "AUC": 0.7002551020408163, "TP": 20, "TN": 18, "FP": 10, "FN": 8}}, "LR": {"valid": {"ACC": 0.6363636363636364, "F1_Score": 0.6428571428571429, "Recall": 0.6666666666666666, "Precision": 0.6206896551724138, "Cohen_Kappa": 0.27344782034346105, "AUC": 0.6917989417989417, "TP": 18, "TN": 17, "FP": 11, "FN": 9}, "test": {"ACC": 0.6607142857142857, "F1_Score": 0.6666666666666666, "Recall": 0.6785714285714286, "Precision": 0.6551724137931034, "Cohen_Kappa": 0.3214285714285714, "AUC": 0.7142857142857143, "TP": 19, "TN": 18, "FP": 10, "FN": 9}}, "ETAs": {"valid": {"ACC": 0.6545454545454545, "F1_Score": 0.6545454545454545, "Recall": 0.6666666666666666, "Precision": 0.6428571428571429, "Cohen_Kappa": 0.30931923331130207, "AUC": 0.697089947089947, "TP": 18, "TN": 18, "FP": 10, "FN": 9}, "test": {"ACC": 0.6607142857142857, "F1_Score": 0.6415094339622641, "Recall": 0.6071428571428571, "Precision": 0.68, "Cohen_Kappa": 0.3214285714285714, "AUC": 0.7283163265306123, "TP": 17, "TN": 20, "FP": 8, "FN": 11}}, "CNB": {"valid": {"ACC": 0.6545454545454545, "F1_Score": 0.6885245901639345, "Recall": 0.7777777777777778, "Precision": 0.6176470588235294, "Cohen_Kappa": 0.3120473996050033, "AUC": 0.7037037037037037, "TP": 21, "TN": 15, "FP": 13, "FN": 6}, "test": {"ACC": 0.6428571428571429, "F1_Score": 0.6428571428571429, "Recall": 0.6428571428571429, "Precision": 0.6428571428571429, "Cohen_Kappa": 0.2857142857142857, "AUC": 0.6836734693877551, "TP": 18, "TN": 18, "FP": 10, "FN": 10}}, "GB": {"valid": {"ACC": 0.6727272727272727, "F1_Score": 0.689655172413793, "Recall": 0.7407407407407407, "Precision": 0.6451612903225806, "Cohen_Kappa": 0.3469656992084432, "AUC": 0.7222222222222223, "TP": 20, "TN": 17, "FP": 11, "FN": 7}, "test": {"ACC": 0.6607142857142857, "F1_Score": 0.6415094339622641, "Recall": 0.6071428571428571, "Precision": 0.68, "Cohen_Kappa": 0.3214285714285714, "AUC": 0.7155612244897959, "TP": 17, "TN": 20, "FP": 8, "FN": 11}}, "BAG": {"valid": {"ACC": 0.6727272727272727, "F1_Score": 0.6785714285714286, "Recall": 0.7037037037037037, "Precision": 0.6551724137931034, "Cohen_Kappa": 0.34610303830911493, "AUC": 0.6917989417989417, "TP": 19, "TN": 18, "FP": 10, "FN": 8}, "test": {"ACC": 0.6428571428571429, "F1_Score": 0.6, "Recall": 0.5357142857142857, "Precision": 0.6818181818181818, "Cohen_Kappa": 0.2857142857142857, "AUC": 0.7117346938775511, "TP": 15, "TN": 21, "FP": 7, "FN": 13}}}