{"OVR": {"valid": {"ACC": 0.6613756613756614, "F1_Score": 0.6521739130434782, "Recall": 0.6382978723404256, "Precision": 0.6666666666666666, "Cohen_Kappa": 0.32258064516129037, "AUC": 0.7066069428891378, "TP": 60, "TN": 65, "FP": 30, "FN": 34}, "test": {"ACC": 0.6402116402116402, "F1_Score": 0.6565656565656567, "Recall": 0.6842105263157895, "Precision": 0.6310679611650486, "Cohen_Kappa": 0.28008066323101055, "AUC": 0.6978723404255319, "TP": 65, "TN": 56, "FP": 38, "FN": 30}}, "KNB": {"valid": {"ACC": 0.6825396825396826, "F1_Score": 0.6052631578947368, "Recall": 0.48936170212765956, "Precision": 0.7931034482758621, "Cohen_Kappa": 0.36377917414721717, "AUC": 0.7374020156774915, "TP": 46, "TN": 83, "FP": 12, "FN": 48}, "test": {"ACC": 0.6190476190476191, "F1_Score": 0.55, "Recall": 0.4631578947368421, "Precision": 0.676923076923077, "Cohen_Kappa": 0.23935159306875353, "AUC": 0.7032474804031356, "TP": 44, "TN": 73, "FP": 21, "FN": 51}}, "DT": {"valid": {"ACC": 0.582010582010582, "F1_Score": 0.598984771573604, "Recall": 0.6276595744680851, "Precision": 0.5728155339805825, "Cohen_Kappa": 0.16441882589960266, "AUC": 0.5822508398656214, "TP": 59, "TN": 51, "FP": 44, "FN": 35}, "test": {"ACC": 0.6084656084656085, "F1_Score": 0.6224489795918368, "Recall": 0.6421052631578947, "Precision": 0.6039603960396039, "Cohen_Kappa": 0.21664612971883057, "AUC": 0.6082866741321389, "TP": 61, "TN": 54, "FP": 40, "FN": 34}}, "MNB": {"valid": {"ACC": 0.6296296296296297, "F1_Score": 0.6601941747572816, "Recall": 0.723404255319149, "Precision": 0.6071428571428571, "Cohen_Kappa": 0.25998433829287393, "AUC": 0.730683090705487, "TP": 68, "TN": 51, "FP": 44, "FN": 26}, "test": {"ACC": 0.5714285714285714, "F1_Score": 0.6367713004484304, "Recall": 0.7473684210526316, "Precision": 0.5546875, "Cohen_Kappa": 0.1412464239636506, "AUC": 0.6559910414333706, "TP": 71, "TN": 37, "FP": 57, "FN": 24}}, "RF": {"valid": {"ACC": 0.6984126984126984, "F1_Score": 0.6885245901639344, "Recall": 0.6702127659574468, "Precision": 0.7078651685393258, "Cohen_Kappa": 0.3966395967516102, "AUC": 0.7853303471444569, "TP": 63, "TN": 69, "FP": 26, "FN": 31}, "test": {"ACC": 0.7301587301587301, "F1_Score": 0.7357512953367875, "Recall": 0.7473684210526316, "Precision": 0.7244897959183674, "Cohen_Kappa": 0.4602116816934535, "AUC": 0.7787793952967526, "TP": 71, "TN": 67, "FP": 27, "FN": 24}}, "ADA": {"valid": {"ACC": 0.5978835978835979, "F1_Score": 0.558139534883721, "Recall": 0.5106382978723404, "Precision": 0.6153846153846154, "Cohen_Kappa": 0.1950235373234701, "AUC": 0.6422172452407615, "TP": 48, "TN": 65, "FP": 30, "FN": 46}, "test": {"ACC": 0.6402116402116402, "F1_Score": 0.6565656565656567, "Recall": 0.6842105263157895, "Precision": 0.6310679611650486, "Cohen_Kappa": 0.28008066323101055, "AUC": 0.6834266517357221, "TP": 65, "TN": 56, "FP": 38, "FN": 30}}, "XGB": {"valid": {"ACC": 0.6878306878306878, "F1_Score": 0.681081081081081, "Recall": 0.6702127659574468, "Precision": 0.6923076923076923, "Cohen_Kappa": 0.37553900431203446, "AUC": 0.7394176931690928, "TP": 63, "TN": 67, "FP": 28, "FN": 31}, "test": {"ACC": 0.6825396825396826, "F1_Score": 0.6875, "Recall": 0.6947368421052632, "Precision": 0.6804123711340206, "Cohen_Kappa": 0.36499048045693805, "AUC": 0.7647256438969764, "TP": 66, "TN": 63, "FP": 31, "FN": 29}}, "MLP": {"valid": {"ACC": 0.6825396825396826, "F1_Score": 0.6703296703296703, "Recall": 0.648936170212766, "Precision": 0.6931818181818182, "Cohen_Kappa": 0.3648482132855383, "AUC": 0.712989921612542, "TP": 61, "TN": 68, "FP": 27, "FN": 33}, "test": {"ACC": 0.6243386243386243, "F1_Score": 0.6395939086294417, "Recall": 0.6631578947368421, "Precision": 0.6176470588235294, "Cohen_Kappa": 0.24836161989581573, "AUC": 0.6847704367301232, "TP": 63, "TN": 55, "FP": 39, "FN": 32}}, "LR": {"valid": {"ACC": 0.6613756613756614, "F1_Score": 0.6521739130434782, "Recall": 0.6382978723404256, "Precision": 0.6666666666666666, "Cohen_Kappa": 0.32258064516129037, "AUC": 0.7066069428891378, "TP": 60, "TN": 65, "FP": 30, "FN": 34}, "test": {"ACC": 0.6402116402116402, "F1_Score": 0.6565656565656567, "Recall": 0.6842105263157895, "Precision": 0.6310679611650486, "Cohen_Kappa": 0.28008066323101055, "AUC": 0.6978723404255319, "TP": 65, "TN": 56, "FP": 38, "FN": 30}}, "ETAs": {"valid": {"ACC": 0.7037037037037037, "F1_Score": 0.6956521739130436, "Recall": 0.6808510638297872, "Precision": 0.7111111111111111, "Cohen_Kappa": 0.4072580645161291, "AUC": 0.783538633818589, "TP": 64, "TN": 69, "FP": 26, "FN": 30}, "test": {"ACC": 0.7195767195767195, "F1_Score": 0.7225130890052356, "Recall": 0.7263157894736842, "Precision": 0.71875, "Cohen_Kappa": 0.43910633294137413, "AUC": 0.7819708846584547, "TP": 69, "TN": 67, "FP": 27, "FN": 26}}, "CNB": {"valid": {"ACC": 0.6296296296296297, "F1_Score": 0.6601941747572816, "Recall": 0.723404255319149, "Precision": 0.6071428571428571, "Cohen_Kappa": 0.25998433829287393, "AUC": 0.730683090705487, "TP": 68, "TN": 51, "FP": 44, "FN": 26}, "test": {"ACC": 0.5714285714285714, "F1_Score": 0.6367713004484304, "Recall": 0.7473684210526316, "Precision": 0.5546875, "Cohen_Kappa": 0.1412464239636506, "AUC": 0.6559910414333706, "TP": 71, "TN": 37, "FP": 57, "FN": 24}}, "GB": {"valid": {"ACC": 0.7037037037037037, "F1_Score": 0.6888888888888888, "Recall": 0.6595744680851063, "Precision": 0.7209302325581395, "Cohen_Kappa": 0.40712525207259687, "AUC": 0.7489921612541993, "TP": 62, "TN": 71, "FP": 24, "FN": 32}, "test": {"ACC": 0.671957671957672, "F1_Score": 0.6736842105263158, "Recall": 0.6736842105263158, "Precision": 0.6736842105263158, "Cohen_Kappa": 0.3438969764837626, "AUC": 0.7543113101903695, "TP": 64, "TN": 63, "FP": 31, "FN": 31}}, "BAG": {"valid": {"ACC": 0.6878306878306878, "F1_Score": 0.6666666666666666, "Recall": 0.6276595744680851, "Precision": 0.7108433734939759, "Cohen_Kappa": 0.37525911815788004, "AUC": 0.7137178051511758, "TP": 59, "TN": 71, "FP": 24, "FN": 35}, "test": {"ACC": 0.6507936507936508, "F1_Score": 0.6250000000000001, "Recall": 0.5789473684210527, "Precision": 0.6790123456790124, "Cohen_Kappa": 0.3021148036253777, "AUC": 0.7346584546472564, "TP": 55, "TN": 68, "FP": 26, "FN": 40}}}