{"OVR": {"valid": {"ACC": 0.631578947368421, "F1_Score": 0.6500000000000001, "Recall": 0.6842105263157895, "Precision": 0.6190476190476191, "Cohen_Kappa": 0.26315789473684215, "AUC": 0.6925207756232687, "TP": 39, "TN": 33, "FP": 24, "FN": 18}, "test": {"ACC": 0.6929824561403509, "F1_Score": 0.6956521739130435, "Recall": 0.7017543859649122, "Precision": 0.6896551724137931, "Cohen_Kappa": 0.38596491228070173, "AUC": 0.7457679285934135, "TP": 40, "TN": 39, "FP": 18, "FN": 17}}, "KNB": {"valid": {"ACC": 0.6666666666666666, "F1_Score": 0.6346153846153846, "Recall": 0.5789473684210527, "Precision": 0.7021276595744681, "Cohen_Kappa": 0.33333333333333337, "AUC": 0.7274546014158202, "TP": 33, "TN": 43, "FP": 14, "FN": 24}, "test": {"ACC": 0.6403508771929824, "F1_Score": 0.6095238095238096, "Recall": 0.5614035087719298, "Precision": 0.6666666666666666, "Cohen_Kappa": 0.2807017543859649, "AUC": 0.6951369652200676, "TP": 32, "TN": 41, "FP": 16, "FN": 25}}, "DT": {"valid": {"ACC": 0.6228070175438597, "F1_Score": 0.6194690265486725, "Recall": 0.6140350877192983, "Precision": 0.625, "Cohen_Kappa": 0.24561403508771928, "AUC": 0.6228070175438597, "TP": 35, "TN": 36, "FP": 21, "FN": 22}, "test": {"ACC": 0.6403508771929824, "F1_Score": 0.6434782608695653, "Recall": 0.6491228070175439, "Precision": 0.6379310344827587, "Cohen_Kappa": 0.2807017543859649, "AUC": 0.6403508771929824, "TP": 37, "TN": 36, "FP": 21, "FN": 20}}, "MNB": {"valid": {"ACC": 0.6491228070175439, "F1_Score": 0.6153846153846153, "Recall": 0.5614035087719298, "Precision": 0.6808510638297872, "Cohen_Kappa": 0.29824561403508776, "AUC": 0.7142197599261312, "TP": 32, "TN": 42, "FP": 15, "FN": 25}, "test": {"ACC": 0.7192982456140351, "F1_Score": 0.7037037037037038, "Recall": 0.6666666666666666, "Precision": 0.7450980392156863, "Cohen_Kappa": 0.4385964912280702, "AUC": 0.7620806401969836, "TP": 38, "TN": 44, "FP": 13, "FN": 19}}, "RF": {"valid": {"ACC": 0.6842105263157895, "F1_Score": 0.6949152542372881, "Recall": 0.7192982456140351, "Precision": 0.6721311475409836, "Cohen_Kappa": 0.368421052631579, "AUC": 0.7473068636503539, "TP": 41, "TN": 37, "FP": 20, "FN": 16}, "test": {"ACC": 0.7017543859649122, "F1_Score": 0.7213114754098361, "Recall": 0.7719298245614035, "Precision": 0.676923076923077, "Cohen_Kappa": 0.4035087719298246, "AUC": 0.7726992920898738, "TP": 44, "TN": 36, "FP": 21, "FN": 13}}, "ADA": {"valid": {"ACC": 0.6140350877192983, "F1_Score": 0.6206896551724138, "Recall": 0.631578947368421, "Precision": 0.6101694915254238, "Cohen_Kappa": 0.22807017543859653, "AUC": 0.698214835333949, "TP": 36, "TN": 34, "FP": 23, "FN": 21}, "test": {"ACC": 0.6842105263157895, "F1_Score": 0.689655172413793, "Recall": 0.7017543859649122, "Precision": 0.6779661016949152, "Cohen_Kappa": 0.368421052631579, "AUC": 0.7380732533087103, "TP": 40, "TN": 38, "FP": 19, "FN": 17}}, "XGB": {"valid": {"ACC": 0.6140350877192983, "F1_Score": 0.6333333333333333, "Recall": 0.6666666666666666, "Precision": 0.6031746031746031, "Cohen_Kappa": 0.22807017543859653, "AUC": 0.7196060326254232, "TP": 38, "TN": 32, "FP": 25, "FN": 19}, "test": {"ACC": 0.6929824561403509, "F1_Score": 0.7154471544715446, "Recall": 0.7719298245614035, "Precision": 0.6666666666666666, "Cohen_Kappa": 0.38596491228070173, "AUC": 0.7479224376731303, "TP": 44, "TN": 35, "FP": 22, "FN": 13}}, "MLP": {"valid": {"ACC": 0.6403508771929824, "F1_Score": 0.6554621848739496, "Recall": 0.6842105263157895, "Precision": 0.6290322580645161, "Cohen_Kappa": 0.2807017543859649, "AUC": 0.7282240689442906, "TP": 39, "TN": 34, "FP": 23, "FN": 18}, "test": {"ACC": 0.6842105263157895, "F1_Score": 0.6949152542372881, "Recall": 0.7192982456140351, "Precision": 0.6721311475409836, "Cohen_Kappa": 0.368421052631579, "AUC": 0.7771622037550016, "TP": 41, "TN": 37, "FP": 20, "FN": 16}}, "LR": {"valid": {"ACC": 0.631578947368421, "F1_Score": 0.6500000000000001, "Recall": 0.6842105263157895, "Precision": 0.6190476190476191, "Cohen_Kappa": 0.26315789473684215, "AUC": 0.6925207756232687, "TP": 39, "TN": 33, "FP": 24, "FN": 18}, "test": {"ACC": 0.6929824561403509, "F1_Score": 0.6956521739130435, "Recall": 0.7017543859649122, "Precision": 0.6896551724137931, "Cohen_Kappa": 0.38596491228070173, "AUC": 0.7457679285934135, "TP": 40, "TN": 39, "FP": 18, "FN": 17}}, "ETAs": {"valid": {"ACC": 0.6403508771929824, "F1_Score": 0.6495726495726496, "Recall": 0.6666666666666666, "Precision": 0.6333333333333333, "Cohen_Kappa": 0.2807017543859649, "AUC": 0.7283779624499845, "TP": 38, "TN": 35, "FP": 22, "FN": 19}, "test": {"ACC": 0.6929824561403509, "F1_Score": 0.7286821705426356, "Recall": 0.8245614035087719, "Precision": 0.6527777777777778, "Cohen_Kappa": 0.38596491228070173, "AUC": 0.7676208064019698, "TP": 47, "TN": 32, "FP": 25, "FN": 10}}, "CNB": {"valid": {"ACC": 0.6491228070175439, "F1_Score": 0.6153846153846153, "Recall": 0.5614035087719298, "Precision": 0.6808510638297872, "Cohen_Kappa": 0.29824561403508776, "AUC": 0.7142197599261312, "TP": 32, "TN": 42, "FP": 15, "FN": 25}, "test": {"ACC": 0.7192982456140351, "F1_Score": 0.7037037037037038, "Recall": 0.6666666666666666, "Precision": 0.7450980392156863, "Cohen_Kappa": 0.4385964912280702, "AUC": 0.7620806401969836, "TP": 38, "TN": 44, "FP": 13, "FN": 19}}, "GB": {"valid": {"ACC": 0.6403508771929824, "F1_Score": 0.6666666666666667, "Recall": 0.7192982456140351, "Precision": 0.6212121212121212, "Cohen_Kappa": 0.2807017543859649, "AUC": 0.7346875961834411, "TP": 41, "TN": 32, "FP": 25, "FN": 16}, "test": {"ACC": 0.7368421052631579, "F1_Score": 0.7580645161290324, "Recall": 0.8245614035087719, "Precision": 0.7014925373134329, "Cohen_Kappa": 0.4736842105263158, "AUC": 0.7903970452446907, "TP": 47, "TN": 37, "FP": 20, "FN": 10}}, "BAG": {"valid": {"ACC": 0.6228070175438597, "F1_Score": 0.6324786324786326, "Recall": 0.6491228070175439, "Precision": 0.6166666666666667, "Cohen_Kappa": 0.24561403508771928, "AUC": 0.6746691289627578, "TP": 37, "TN": 34, "FP": 23, "FN": 20}, "test": {"ACC": 0.631578947368421, "F1_Score": 0.6440677966101694, "Recall": 0.6666666666666666, "Precision": 0.6229508196721312, "Cohen_Kappa": 0.26315789473684215, "AUC": 0.7333025546321945, "TP": 38, "TN": 34, "FP": 23, "FN": 19}}}