{"OVR": {"valid": {"ACC": 0.6331360946745562, "F1_Score": 0.6265060240963856, "Recall": 0.611764705882353, "Precision": 0.6419753086419753, "Cohen_Kappa": 0.26645197423690836, "AUC": 0.6627450980392157, "TP": 104, "TN": 110, "FP": 58, "FN": 66}, "test": {"ACC": 0.6666666666666666, "F1_Score": 0.6666666666666666, "Recall": 0.6686390532544378, "Precision": 0.6647058823529411, "Cohen_Kappa": 0.3333391343693983, "AUC": 0.7132265924121128, "TP": 113, "TN": 113, "FP": 57, "FN": 56}}, "KNB": {"valid": {"ACC": 0.6449704142011834, "F1_Score": 0.5999999999999999, "Recall": 0.5294117647058824, "Precision": 0.6923076923076923, "Cohen_Kappa": 0.2909090909090909, "AUC": 0.7067226890756302, "TP": 90, "TN": 128, "FP": 40, "FN": 80}, "test": {"ACC": 0.6696165191740413, "F1_Score": 0.6241610738255035, "Recall": 0.5502958579881657, "Precision": 0.7209302325581395, "Cohen_Kappa": 0.3387669801462905, "AUC": 0.730717020536025, "TP": 93, "TN": 134, "FP": 36, "FN": 76}}, "DT": {"valid": {"ACC": 0.621301775147929, "F1_Score": 0.6190476190476191, "Recall": 0.611764705882353, "Precision": 0.6265060240963856, "Cohen_Kappa": 0.24268309760537732, "AUC": 0.621358543417367, "TP": 104, "TN": 106, "FP": 62, "FN": 66}, "test": {"ACC": 0.616519174041298, "F1_Score": 0.6107784431137725, "Recall": 0.6035502958579881, "Precision": 0.6181818181818182, "Cohen_Kappa": 0.23297827903091062, "AUC": 0.6164810302819352, "TP": 102, "TN": 107, "FP": 63, "FN": 67}}, "MNB": {"valid": {"ACC": 0.6390532544378699, "F1_Score": 0.675531914893617, "Recall": 0.7470588235294118, "Precision": 0.616504854368932, "Cohen_Kappa": 0.2771701023699341, "AUC": 0.6880252100840336, "TP": 127, "TN": 89, "FP": 79, "FN": 43}, "test": {"ACC": 0.6283185840707964, "F1_Score": 0.6648936170212766, "Recall": 0.7396449704142012, "Precision": 0.6038647342995169, "Cohen_Kappa": 0.2571219868517166, "AUC": 0.6653672119735468, "TP": 125, "TN": 88, "FP": 82, "FN": 44}}, "RF": {"valid": {"ACC": 0.6804733727810651, "F1_Score": 0.6666666666666666, "Recall": 0.6352941176470588, "Precision": 0.7012987012987013, "Cohen_Kappa": 0.3612821948488242, "AUC": 0.7679796918767506, "TP": 108, "TN": 122, "FP": 46, "FN": 62}, "test": {"ACC": 0.6578171091445427, "F1_Score": 0.6484848484848486, "Recall": 0.6331360946745562, "Precision": 0.6645962732919255, "Cohen_Kappa": 0.3155329666504213, "AUC": 0.7531674208144796, "TP": 107, "TN": 116, "FP": 54, "FN": 62}}, "ADA": {"valid": {"ACC": 0.621301775147929, "F1_Score": 0.6049382716049382, "Recall": 0.5764705882352941, "Precision": 0.6363636363636364, "Cohen_Kappa": 0.24300111982082861, "AUC": 0.675280112044818, "TP": 98, "TN": 112, "FP": 56, "FN": 72}, "test": {"ACC": 0.6283185840707964, "F1_Score": 0.611111111111111, "Recall": 0.5857988165680473, "Precision": 0.6387096774193548, "Cohen_Kappa": 0.2564495352156808, "AUC": 0.6978245736164288, "TP": 99, "TN": 114, "FP": 56, "FN": 70}}, "XGB": {"valid": {"ACC": 0.6745562130177515, "F1_Score": 0.6745562130177514, "Recall": 0.6705882352941176, "Precision": 0.6785714285714286, "Cohen_Kappa": 0.34913521462082486, "AUC": 0.7398459383753502, "TP": 114, "TN": 114, "FP": 54, "FN": 56}, "test": {"ACC": 0.6843657817109144, "F1_Score": 0.6707692307692308, "Recall": 0.6449704142011834, "Precision": 0.6987179487179487, "Cohen_Kappa": 0.368583215833725, "AUC": 0.7567351200835364, "TP": 109, "TN": 123, "FP": 47, "FN": 60}}, "MLP": {"valid": {"ACC": 0.636094674556213, "F1_Score": 0.6306306306306307, "Recall": 0.6176470588235294, "Precision": 0.6441717791411042, "Cohen_Kappa": 0.27234221304302164, "AUC": 0.6904761904761905, "TP": 105, "TN": 110, "FP": 58, "FN": 65}, "test": {"ACC": 0.6666666666666666, "F1_Score": 0.6626865671641792, "Recall": 0.6568047337278107, "Precision": 0.6686746987951807, "Cohen_Kappa": 0.3332927232539117, "AUC": 0.7281587191089455, "TP": 111, "TN": 115, "FP": 55, "FN": 58}}, "LR": {"valid": {"ACC": 0.6331360946745562, "F1_Score": 0.6265060240963856, "Recall": 0.611764705882353, "Precision": 0.6419753086419753, "Cohen_Kappa": 0.26645197423690836, "AUC": 0.6627450980392157, "TP": 104, "TN": 110, "FP": 58, "FN": 66}, "test": {"ACC": 0.6666666666666666, "F1_Score": 0.6666666666666666, "Recall": 0.6686390532544378, "Precision": 0.6647058823529411, "Cohen_Kappa": 0.3333391343693983, "AUC": 0.7132265924121128, "TP": 113, "TN": 113, "FP": 57, "FN": 56}}, "ETAs": {"valid": {"ACC": 0.7041420118343196, "F1_Score": 0.6951219512195121, "Recall": 0.6705882352941176, "Precision": 0.7215189873417721, "Cohen_Kappa": 0.4085118297634047, "AUC": 0.7673494397759104, "TP": 114, "TN": 124, "FP": 44, "FN": 56}, "test": {"ACC": 0.6843657817109144, "F1_Score": 0.6727828746177371, "Recall": 0.650887573964497, "Precision": 0.6962025316455697, "Cohen_Kappa": 0.368605197653571, "AUC": 0.7639401322659238, "TP": 110, "TN": 122, "FP": 48, "FN": 59}}, "CNB": {"valid": {"ACC": 0.6390532544378699, "F1_Score": 0.675531914893617, "Recall": 0.7470588235294118, "Precision": 0.616504854368932, "Cohen_Kappa": 0.2771701023699341, "AUC": 0.6880252100840336, "TP": 127, "TN": 89, "FP": 79, "FN": 43}, "test": {"ACC": 0.6283185840707964, "F1_Score": 0.6648936170212766, "Recall": 0.7396449704142012, "Precision": 0.6038647342995169, "Cohen_Kappa": 0.2571219868517166, "AUC": 0.6653672119735468, "TP": 125, "TN": 88, "FP": 82, "FN": 44}}, "GB": {"valid": {"ACC": 0.6331360946745562, "F1_Score": 0.6149068322981367, "Recall": 0.5823529411764706, "Precision": 0.6513157894736842, "Cohen_Kappa": 0.2667086570088879, "AUC": 0.7065476190476191, "TP": 99, "TN": 115, "FP": 53, "FN": 71}, "test": {"ACC": 0.6548672566371682, "F1_Score": 0.64, "Recall": 0.6153846153846154, "Precision": 0.6666666666666666, "Cohen_Kappa": 0.30957230142566183, "AUC": 0.7069961712495649, "TP": 104, "TN": 118, "FP": 52, "FN": 65}}, "BAG": {"valid": {"ACC": 0.6538461538461539, "F1_Score": 0.6213592233009709, "Recall": 0.5647058823529412, "Precision": 0.6906474820143885, "Cohen_Kappa": 0.3084187331677801, "AUC": 0.7060399159663865, "TP": 96, "TN": 125, "FP": 43, "FN": 74}, "test": {"ACC": 0.6755162241887905, "F1_Score": 0.6451612903225807, "Recall": 0.591715976331361, "Precision": 0.7092198581560284, "Cohen_Kappa": 0.3507104053489344, "AUC": 0.713418029933867, "TP": 100, "TN": 129, "FP": 41, "FN": 69}}}