{"OVR": {"valid": {"ACC": 0.6666666666666666, "F1_Score": 0.6521739130434783, "Recall": 0.625, "Precision": 0.6818181818181818, "Cohen_Kappa": 0.33333333333333337, "AUC": 0.7118055555555556, "TP": 15, "TN": 17, "FP": 7, "FN": 9}, "test": {"ACC": 0.7083333333333334, "F1_Score": 0.6956521739130435, "Recall": 0.6666666666666666, "Precision": 0.7272727272727273, "Cohen_Kappa": 0.41666666666666663, "AUC": 0.7413194444444444, "TP": 16, "TN": 18, "FP": 6, "FN": 8}}, "KNB": {"valid": {"ACC": 0.6041666666666666, "F1_Score": 0.48648648648648646, "Recall": 0.375, "Precision": 0.6923076923076923, "Cohen_Kappa": 0.20833333333333337, "AUC": 0.5989583333333335, "TP": 9, "TN": 20, "FP": 4, "FN": 15}, "test": {"ACC": 0.5416666666666666, "F1_Score": 0.4210526315789474, "Recall": 0.3333333333333333, "Precision": 0.5714285714285714, "Cohen_Kappa": 0.08333333333333337, "AUC": 0.5920138888888888, "TP": 8, "TN": 18, "FP": 6, "FN": 16}}, "DT": {"valid": {"ACC": 0.7083333333333334, "F1_Score": 0.7199999999999999, "Recall": 0.75, "Precision": 0.6923076923076923, "Cohen_Kappa": 0.41666666666666663, "AUC": 0.7083333333333334, "TP": 18, "TN": 16, "FP": 8, "FN": 6}, "test": {"ACC": 0.5625, "F1_Score": 0.5882352941176471, "Recall": 0.625, "Precision": 0.5555555555555556, "Cohen_Kappa": 0.125, "AUC": 0.5625, "TP": 15, "TN": 12, "FP": 12, "FN": 9}}, "MNB": {"valid": {"ACC": 0.6458333333333334, "F1_Score": 0.679245283018868, "Recall": 0.75, "Precision": 0.6206896551724138, "Cohen_Kappa": 0.29166666666666663, "AUC": 0.638888888888889, "TP": 18, "TN": 13, "FP": 11, "FN": 6}, "test": {"ACC": 0.7916666666666666, "F1_Score": 0.7916666666666666, "Recall": 0.7916666666666666, "Precision": 0.7916666666666666, "Cohen_Kappa": 0.5833333333333333, "AUC": 0.7708333333333333, "TP": 19, "TN": 19, "FP": 5, "FN": 5}}, "RF": {"valid": {"ACC": 0.7291666666666666, "F1_Score": 0.7346938775510204, "Recall": 0.75, "Precision": 0.72, "Cohen_Kappa": 0.45833333333333337, "AUC": 0.7335069444444444, "TP": 18, "TN": 17, "FP": 7, "FN": 6}, "test": {"ACC": 0.7291666666666666, "F1_Score": 0.7346938775510204, "Recall": 0.75, "Precision": 0.72, "Cohen_Kappa": 0.45833333333333337, "AUC": 0.765625, "TP": 18, "TN": 17, "FP": 7, "FN": 6}}, "ADA": {"valid": {"ACC": 0.6041666666666666, "F1_Score": 0.6415094339622641, "Recall": 0.7083333333333334, "Precision": 0.5862068965517241, "Cohen_Kappa": 0.20833333333333337, "AUC": 0.6015625, "TP": 17, "TN": 12, "FP": 12, "FN": 7}, "test": {"ACC": 0.6875, "F1_Score": 0.6808510638297872, "Recall": 0.6666666666666666, "Precision": 0.6956521739130435, "Cohen_Kappa": 0.375, "AUC": 0.6840277777777778, "TP": 16, "TN": 17, "FP": 7, "FN": 8}}, "XGB": {"valid": {"ACC": 0.6666666666666666, "F1_Score": 0.6666666666666666, "Recall": 0.6666666666666666, "Precision": 0.6666666666666666, "Cohen_Kappa": 0.33333333333333337, "AUC": 0.6649305555555556, "TP": 16, "TN": 16, "FP": 8, "FN": 8}, "test": {"ACC": 0.6458333333333334, "F1_Score": 0.6222222222222222, "Recall": 0.5833333333333334, "Precision": 0.6666666666666666, "Cohen_Kappa": 0.29166666666666663, "AUC": 0.671875, "TP": 14, "TN": 17, "FP": 7, "FN": 10}}, "MLP": {"valid": {"ACC": 0.6666666666666666, "F1_Score": 0.6666666666666666, "Recall": 0.6666666666666666, "Precision": 0.6666666666666666, "Cohen_Kappa": 0.33333333333333337, "AUC": 0.704861111111111, "TP": 16, "TN": 16, "FP": 8, "FN": 8}, "test": {"ACC": 0.7083333333333334, "F1_Score": 0.6956521739130435, "Recall": 0.6666666666666666, "Precision": 0.7272727272727273, "Cohen_Kappa": 0.41666666666666663, "AUC": 0.7586805555555556, "TP": 16, "TN": 18, "FP": 6, "FN": 8}}, "LR": {"valid": {"ACC": 0.6666666666666666, "F1_Score": 0.6521739130434783, "Recall": 0.625, "Precision": 0.6818181818181818, "Cohen_Kappa": 0.33333333333333337, "AUC": 0.7118055555555556, "TP": 15, "TN": 17, "FP": 7, "FN": 9}, "test": {"ACC": 0.7083333333333334, "F1_Score": 0.6956521739130435, "Recall": 0.6666666666666666, "Precision": 0.7272727272727273, "Cohen_Kappa": 0.41666666666666663, "AUC": 0.7413194444444444, "TP": 16, "TN": 18, "FP": 6, "FN": 8}}, "ETAs": {"valid": {"ACC": 0.6875, "F1_Score": 0.7058823529411765, "Recall": 0.75, "Precision": 0.6666666666666666, "Cohen_Kappa": 0.375, "AUC": 0.7161458333333333, "TP": 18, "TN": 15, "FP": 9, "FN": 6}, "test": {"ACC": 0.6875, "F1_Score": 0.7058823529411765, "Recall": 0.75, "Precision": 0.6666666666666666, "Cohen_Kappa": 0.375, "AUC": 0.7630208333333334, "TP": 18, "TN": 15, "FP": 9, "FN": 6}}, "CNB": {"valid": {"ACC": 0.6458333333333334, "F1_Score": 0.679245283018868, "Recall": 0.75, "Precision": 0.6206896551724138, "Cohen_Kappa": 0.29166666666666663, "AUC": 0.638888888888889, "TP": 18, "TN": 13, "FP": 11, "FN": 6}, "test": {"ACC": 0.7916666666666666, "F1_Score": 0.7916666666666666, "Recall": 0.7916666666666666, "Precision": 0.7916666666666666, "Cohen_Kappa": 0.5833333333333333, "AUC": 0.7708333333333333, "TP": 19, "TN": 19, "FP": 5, "FN": 5}}, "GB": {"valid": {"ACC": 0.6458333333333334, "F1_Score": 0.6530612244897959, "Recall": 0.6666666666666666, "Precision": 0.64, "Cohen_Kappa": 0.29166666666666663, "AUC": 0.6597222222222223, "TP": 16, "TN": 15, "FP": 9, "FN": 8}, "test": {"ACC": 0.6875, "F1_Score": 0.6938775510204083, "Recall": 0.7083333333333334, "Precision": 0.68, "Cohen_Kappa": 0.375, "AUC": 0.7135416666666666, "TP": 17, "TN": 16, "FP": 8, "FN": 7}}, "BAG": {"valid": {"ACC": 0.7291666666666666, "F1_Score": 0.7346938775510204, "Recall": 0.75, "Precision": 0.72, "Cohen_Kappa": 0.45833333333333337, "AUC": 0.7517361111111112, "TP": 18, "TN": 17, "FP": 7, "FN": 6}, "test": {"ACC": 0.7083333333333334, "F1_Score": 0.7307692307692307, "Recall": 0.7916666666666666, "Precision": 0.6785714285714286, "Cohen_Kappa": 0.41666666666666663, "AUC": 0.7074652777777778, "TP": 19, "TN": 15, "FP": 9, "FN": 5}}}