{"OVR": {"valid": {"ACC": 0.6330645161290323, "F1_Score": 0.6345381526104418, "Recall": 0.6370967741935484, "Precision": 0.632, "Cohen_Kappa": 0.2661290322580645, "AUC": 0.6642819979188345, "TP": 79, "TN": 78, "FP": 46, "FN": 45}, "test": {"ACC": 0.6506024096385542, "F1_Score": 0.6448979591836735, "Recall": 0.6370967741935484, "Precision": 0.6528925619834711, "Cohen_Kappa": 0.30112591541116873, "AUC": 0.712258064516129, "TP": 79, "TN": 83, "FP": 42, "FN": 45}}, "KNB": {"valid": {"ACC": 0.6895161290322581, "F1_Score": 0.6857142857142856, "Recall": 0.6774193548387096, "Precision": 0.6942148760330579, "Cohen_Kappa": 0.3790322580645161, "AUC": 0.7411875650364205, "TP": 84, "TN": 87, "FP": 37, "FN": 40}, "test": {"ACC": 0.7028112449799196, "F1_Score": 0.6864406779661016, "Recall": 0.6532258064516129, "Precision": 0.7232142857142857, "Cohen_Kappa": 0.40538272879824455, "AUC": 0.7661290322580645, "TP": 81, "TN": 94, "FP": 31, "FN": 43}}, "DT": {"valid": {"ACC": 0.5846774193548387, "F1_Score": 0.6023166023166022, "Recall": 0.6290322580645161, "Precision": 0.5777777777777777, "Cohen_Kappa": 0.16935483870967738, "AUC": 0.5846774193548386, "TP": 78, "TN": 67, "FP": 57, "FN": 46}, "test": {"ACC": 0.606425702811245, "F1_Score": 0.5950413223140496, "Recall": 0.5806451612903226, "Precision": 0.6101694915254238, "Cohen_Kappa": 0.21268632638575202, "AUC": 0.6063225806451613, "TP": 72, "TN": 79, "FP": 46, "FN": 52}}, "MNB": {"valid": {"ACC": 0.6612903225806451, "F1_Score": 0.6612903225806451, "Recall": 0.6612903225806451, "Precision": 0.6612903225806451, "Cohen_Kappa": 0.32258064516129037, "AUC": 0.7002471383975026, "TP": 82, "TN": 82, "FP": 42, "FN": 42}, "test": {"ACC": 0.6867469879518072, "F1_Score": 0.6829268292682927, "Recall": 0.6774193548387096, "Precision": 0.6885245901639344, "Cohen_Kappa": 0.3734434479643848, "AUC": 0.7288387096774194, "TP": 84, "TN": 87, "FP": 38, "FN": 40}}, "RF": {"valid": {"ACC": 0.6975806451612904, "F1_Score": 0.7148288973384032, "Recall": 0.7580645161290323, "Precision": 0.6762589928057554, "Cohen_Kappa": 0.3951612903225806, "AUC": 0.7665517689906347, "TP": 94, "TN": 79, "FP": 45, "FN": 30}, "test": {"ACC": 0.7429718875502008, "F1_Score": 0.7500000000000001, "Recall": 0.7741935483870968, "Precision": 0.7272727272727273, "Cohen_Kappa": 0.4860681114551084, "AUC": 0.7891290322580645, "TP": 96, "TN": 89, "FP": 36, "FN": 28}}, "ADA": {"valid": {"ACC": 0.6491935483870968, "F1_Score": 0.6390041493775933, "Recall": 0.6209677419354839, "Precision": 0.6581196581196581, "Cohen_Kappa": 0.2983870967741935, "AUC": 0.6987513007284079, "TP": 77, "TN": 84, "FP": 40, "FN": 47}, "test": {"ACC": 0.6827309236947792, "F1_Score": 0.6638297872340426, "Recall": 0.6290322580645161, "Precision": 0.7027027027027027, "Cohen_Kappa": 0.36518540032917035, "AUC": 0.743225806451613, "TP": 78, "TN": 92, "FP": 33, "FN": 46}}, "XGB": {"valid": {"ACC": 0.7096774193548387, "F1_Score": 0.7251908396946564, "Recall": 0.7661290322580645, "Precision": 0.6884057971014492, "Cohen_Kappa": 0.4193548387096774, "AUC": 0.757088969823101, "TP": 95, "TN": 81, "FP": 43, "FN": 29}, "test": {"ACC": 0.714859437751004, "F1_Score": 0.702928870292887, "Recall": 0.6774193548387096, "Precision": 0.7304347826086957, "Cohen_Kappa": 0.4295440611790521, "AUC": 0.787225806451613, "TP": 84, "TN": 94, "FP": 31, "FN": 40}}, "MLP": {"valid": {"ACC": 0.6854838709677419, "F1_Score": 0.6880000000000001, "Recall": 0.6935483870967742, "Precision": 0.6825396825396826, "Cohen_Kappa": 0.3709677419354839, "AUC": 0.7406347554630593, "TP": 86, "TN": 84, "FP": 40, "FN": 38}, "test": {"ACC": 0.7068273092369478, "F1_Score": 0.694560669456067, "Recall": 0.6693548387096774, "Precision": 0.7217391304347827, "Cohen_Kappa": 0.41347487980381403, "AUC": 0.7658709677419355, "TP": 83, "TN": 93, "FP": 32, "FN": 41}}, "LR": {"valid": {"ACC": 0.6330645161290323, "F1_Score": 0.6345381526104418, "Recall": 0.6370967741935484, "Precision": 0.632, "Cohen_Kappa": 0.2661290322580645, "AUC": 0.6642819979188345, "TP": 79, "TN": 78, "FP": 46, "FN": 45}, "test": {"ACC": 0.6506024096385542, "F1_Score": 0.6448979591836735, "Recall": 0.6370967741935484, "Precision": 0.6528925619834711, "Cohen_Kappa": 0.30112591541116873, "AUC": 0.712258064516129, "TP": 79, "TN": 83, "FP": 42, "FN": 45}}, "ETAs": {"valid": {"ACC": 0.6814516129032258, "F1_Score": 0.6949806949806949, "Recall": 0.7258064516129032, "Precision": 0.6666666666666666, "Cohen_Kappa": 0.3629032258064516, "AUC": 0.760698491155047, "TP": 90, "TN": 79, "FP": 45, "FN": 34}, "test": {"ACC": 0.7068273092369478, "F1_Score": 0.7114624505928854, "Recall": 0.7258064516129032, "Precision": 0.6976744186046512, "Cohen_Kappa": 0.4137397194000968, "AUC": 0.7818064516129033, "TP": 90, "TN": 86, "FP": 39, "FN": 34}}, "CNB": {"valid": {"ACC": 0.6612903225806451, "F1_Score": 0.6612903225806451, "Recall": 0.6612903225806451, "Precision": 0.6612903225806451, "Cohen_Kappa": 0.32258064516129037, "AUC": 0.7002471383975026, "TP": 82, "TN": 82, "FP": 42, "FN": 42}, "test": {"ACC": 0.6867469879518072, "F1_Score": 0.6829268292682927, "Recall": 0.6774193548387096, "Precision": 0.6885245901639344, "Cohen_Kappa": 0.3734434479643848, "AUC": 0.7288387096774194, "TP": 84, "TN": 87, "FP": 38, "FN": 40}}, "GB": {"valid": {"ACC": 0.7056451612903226, "F1_Score": 0.7224334600760456, "Recall": 0.7661290322580645, "Precision": 0.6834532374100719, "Cohen_Kappa": 0.41129032258064513, "AUC": 0.7466181061394381, "TP": 95, "TN": 80, "FP": 44, "FN": 29}, "test": {"ACC": 0.7108433734939759, "F1_Score": 0.7049180327868854, "Recall": 0.6935483870967742, "Precision": 0.7166666666666667, "Cohen_Kappa": 0.42160278745644597, "AUC": 0.7828387096774194, "TP": 86, "TN": 91, "FP": 34, "FN": 38}}, "BAG": {"valid": {"ACC": 0.6290322580645161, "F1_Score": 0.6166666666666667, "Recall": 0.5967741935483871, "Precision": 0.6379310344827587, "Cohen_Kappa": 0.25806451612903225, "AUC": 0.7266844432882414, "TP": 74, "TN": 82, "FP": 42, "FN": 50}, "test": {"ACC": 0.6586345381526104, "F1_Score": 0.6188340807174888, "Recall": 0.5564516129032258, "Precision": 0.696969696969697, "Cohen_Kappa": 0.3167070217917676, "AUC": 0.7271935483870968, "TP": 69, "TN": 95, "FP": 30, "FN": 55}}}