{"OVR": {"valid": {"ACC": 0.5933333333333334, "F1_Score": 0.5906040268456377, "Recall": 0.5866666666666667, "Precision": 0.5945945945945946, "Cohen_Kappa": 0.18666666666666665, "AUC": 0.5834666666666667, "TP": 44, "TN": 45, "FP": 30, "FN": 31}, "test": {"ACC": 0.6333333333333333, "F1_Score": 0.6451612903225806, "Recall": 0.6666666666666666, "Precision": 0.625, "Cohen_Kappa": 0.2666666666666667, "AUC": 0.6339555555555556, "TP": 50, "TN": 45, "FP": 30, "FN": 25}}, "KNB": {"valid": {"ACC": 0.6333333333333333, "F1_Score": 0.6308724832214765, "Recall": 0.6266666666666667, "Precision": 0.6351351351351351, "Cohen_Kappa": 0.2666666666666667, "AUC": 0.6768000000000001, "TP": 47, "TN": 48, "FP": 27, "FN": 28}, "test": {"ACC": 0.6266666666666667, "F1_Score": 0.611111111111111, "Recall": 0.5866666666666667, "Precision": 0.6376811594202898, "Cohen_Kappa": 0.2533333333333333, "AUC": 0.656888888888889, "TP": 44, "TN": 50, "FP": 25, "FN": 31}}, "DT": {"valid": {"ACC": 0.5333333333333333, "F1_Score": 0.5070422535211268, "Recall": 0.48, "Precision": 0.5373134328358209, "Cohen_Kappa": 0.06666666666666665, "AUC": 0.5333333333333333, "TP": 36, "TN": 44, "FP": 31, "FN": 39}, "test": {"ACC": 0.5866666666666667, "F1_Score": 0.5866666666666667, "Recall": 0.5866666666666667, "Precision": 0.5866666666666667, "Cohen_Kappa": 0.17333333333333334, "AUC": 0.5866666666666667, "TP": 44, "TN": 44, "FP": 31, "FN": 31}}, "MNB": {"valid": {"ACC": 0.62, "F1_Score": 0.6666666666666666, "Recall": 0.76, "Precision": 0.59375, "Cohen_Kappa": 0.24, "AUC": 0.7116444444444444, "TP": 57, "TN": 36, "FP": 39, "FN": 18}, "test": {"ACC": 0.5933333333333334, "F1_Score": 0.6303030303030303, "Recall": 0.6933333333333334, "Precision": 0.5777777777777777, "Cohen_Kappa": 0.18666666666666665, "AUC": 0.6801777777777778, "TP": 52, "TN": 37, "FP": 38, "FN": 23}}, "RF": {"valid": {"ACC": 0.6466666666666666, "F1_Score": 0.6394557823129251, "Recall": 0.6266666666666667, "Precision": 0.6527777777777778, "Cohen_Kappa": 0.29333333333333333, "AUC": 0.6853333333333333, "TP": 47, "TN": 50, "FP": 25, "FN": 28}, "test": {"ACC": 0.68, "F1_Score": 0.68, "Recall": 0.68, "Precision": 0.68, "Cohen_Kappa": 0.36, "AUC": 0.7128, "TP": 51, "TN": 51, "FP": 24, "FN": 24}}, "ADA": {"valid": {"ACC": 0.62, "F1_Score": 0.6225165562913908, "Recall": 0.6266666666666667, "Precision": 0.618421052631579, "Cohen_Kappa": 0.24, "AUC": 0.6302222222222222, "TP": 47, "TN": 46, "FP": 29, "FN": 28}, "test": {"ACC": 0.5866666666666667, "F1_Score": 0.5810810810810811, "Recall": 0.5733333333333334, "Precision": 0.589041095890411, "Cohen_Kappa": 0.17333333333333334, "AUC": 0.6190222222222223, "TP": 43, "TN": 45, "FP": 30, "FN": 32}}, "XGB": {"valid": {"ACC": 0.64, "F1_Score": 0.6142857142857143, "Recall": 0.5733333333333334, "Precision": 0.6615384615384615, "Cohen_Kappa": 0.28, "AUC": 0.6869333333333334, "TP": 43, "TN": 53, "FP": 22, "FN": 32}, "test": {"ACC": 0.62, "F1_Score": 0.6174496644295302, "Recall": 0.6133333333333333, "Precision": 0.6216216216216216, "Cohen_Kappa": 0.24, "AUC": 0.6979555555555554, "TP": 46, "TN": 47, "FP": 28, "FN": 29}}, "MLP": {"valid": {"ACC": 0.62, "F1_Score": 0.6225165562913908, "Recall": 0.6266666666666667, "Precision": 0.618421052631579, "Cohen_Kappa": 0.24, "AUC": 0.6375111111111111, "TP": 47, "TN": 46, "FP": 29, "FN": 28}, "test": {"ACC": 0.6733333333333333, "F1_Score": 0.6878980891719746, "Recall": 0.72, "Precision": 0.6585365853658537, "Cohen_Kappa": 0.3466666666666667, "AUC": 0.6906666666666667, "TP": 54, "TN": 47, "FP": 28, "FN": 21}}, "LR": {"valid": {"ACC": 0.5933333333333334, "F1_Score": 0.5906040268456377, "Recall": 0.5866666666666667, "Precision": 0.5945945945945946, "Cohen_Kappa": 0.18666666666666665, "AUC": 0.5834666666666667, "TP": 44, "TN": 45, "FP": 30, "FN": 31}, "test": {"ACC": 0.6333333333333333, "F1_Score": 0.6451612903225806, "Recall": 0.6666666666666666, "Precision": 0.625, "Cohen_Kappa": 0.2666666666666667, "AUC": 0.6339555555555556, "TP": 50, "TN": 45, "FP": 30, "FN": 25}}, "ETAs": {"valid": {"ACC": 0.6733333333333333, "F1_Score": 0.6666666666666667, "Recall": 0.6533333333333333, "Precision": 0.6805555555555556, "Cohen_Kappa": 0.3466666666666667, "AUC": 0.7325333333333334, "TP": 49, "TN": 52, "FP": 23, "FN": 26}, "test": {"ACC": 0.7066666666666667, "F1_Score": 0.7066666666666667, "Recall": 0.7066666666666667, "Precision": 0.7066666666666667, "Cohen_Kappa": 0.41333333333333333, "AUC": 0.7523555555555556, "TP": 53, "TN": 53, "FP": 22, "FN": 22}}, "CNB": {"valid": {"ACC": 0.62, "F1_Score": 0.6666666666666666, "Recall": 0.76, "Precision": 0.59375, "Cohen_Kappa": 0.24, "AUC": 0.7116444444444444, "TP": 57, "TN": 36, "FP": 39, "FN": 18}, "test": {"ACC": 0.5933333333333334, "F1_Score": 0.6303030303030303, "Recall": 0.6933333333333334, "Precision": 0.5777777777777777, "Cohen_Kappa": 0.18666666666666665, "AUC": 0.6801777777777778, "TP": 52, "TN": 37, "FP": 38, "FN": 23}}, "GB": {"valid": {"ACC": 0.6466666666666666, "F1_Score": 0.6293706293706294, "Recall": 0.6, "Precision": 0.6617647058823529, "Cohen_Kappa": 0.29333333333333333, "AUC": 0.700088888888889, "TP": 45, "TN": 52, "FP": 23, "FN": 30}, "test": {"ACC": 0.6533333333333333, "F1_Score": 0.6578947368421053, "Recall": 0.6666666666666666, "Precision": 0.6493506493506493, "Cohen_Kappa": 0.30666666666666664, "AUC": 0.6736, "TP": 50, "TN": 48, "FP": 27, "FN": 25}}, "BAG": {"valid": {"ACC": 0.6533333333333333, "F1_Score": 0.6119402985074626, "Recall": 0.5466666666666666, "Precision": 0.6949152542372882, "Cohen_Kappa": 0.30666666666666664, "AUC": 0.6984, "TP": 41, "TN": 57, "FP": 18, "FN": 34}, "test": {"ACC": 0.5933333333333334, "F1_Score": 0.5343511450381679, "Recall": 0.4666666666666667, "Precision": 0.625, "Cohen_Kappa": 0.18666666666666665, "AUC": 0.6367111111111111, "TP": 35, "TN": 54, "FP": 21, "FN": 40}}}