{"OVR": {"valid": {"ACC": 0.5880149812734082, "F1_Score": 0.60431654676259, "Recall": 0.631578947368421, "Precision": 0.5793103448275863, "Cohen_Kappa": 0.17629571460623739, "AUC": 0.6255751318594995, "TP": 84, "TN": 73, "FP": 61, "FN": 49}, "test": {"ACC": 0.6231343283582089, "F1_Score": 0.6188679245283019, "Recall": 0.6119402985074627, "Precision": 0.6259541984732825, "Cohen_Kappa": 0.24626865671641796, "AUC": 0.6647360213856092, "TP": 82, "TN": 85, "FP": 49, "FN": 52}}, "KNB": {"valid": {"ACC": 0.6104868913857678, "F1_Score": 0.5840000000000001, "Recall": 0.5488721804511278, "Precision": 0.6239316239316239, "Cohen_Kappa": 0.22061300101044123, "AUC": 0.6440354617888004, "TP": 73, "TN": 90, "FP": 44, "FN": 60}, "test": {"ACC": 0.6865671641791045, "F1_Score": 0.652892561983471, "Recall": 0.5895522388059702, "Precision": 0.7314814814814815, "Cohen_Kappa": 0.3731343283582089, "AUC": 0.7077021608376031, "TP": 79, "TN": 105, "FP": 29, "FN": 55}}, "DT": {"valid": {"ACC": 0.5767790262172284, "F1_Score": 0.5949820788530467, "Recall": 0.6240601503759399, "Precision": 0.5684931506849316, "Cohen_Kappa": 0.15385478307204759, "AUC": 0.5769554483222983, "TP": 83, "TN": 71, "FP": 63, "FN": 50}, "test": {"ACC": 0.6231343283582089, "F1_Score": 0.6327272727272727, "Recall": 0.6492537313432836, "Precision": 0.6170212765957447, "Cohen_Kappa": 0.24626865671641796, "AUC": 0.6205168188906215, "TP": 87, "TN": 80, "FP": 54, "FN": 47}}, "MNB": {"valid": {"ACC": 0.6254681647940075, "F1_Score": 0.6402877697841727, "Recall": 0.6691729323308271, "Precision": 0.6137931034482759, "Cohen_Kappa": 0.2511779223693067, "AUC": 0.6430815845584108, "TP": 89, "TN": 78, "FP": 56, "FN": 44}, "test": {"ACC": 0.6305970149253731, "F1_Score": 0.6425992779783394, "Recall": 0.664179104477612, "Precision": 0.6223776223776224, "Cohen_Kappa": 0.26119402985074625, "AUC": 0.682473824905324, "TP": 89, "TN": 80, "FP": 54, "FN": 45}}, "RF": {"valid": {"ACC": 0.6479400749063671, "F1_Score": 0.6544117647058824, "Recall": 0.6691729323308271, "Precision": 0.6402877697841727, "Cohen_Kappa": 0.2959887798036466, "AUC": 0.6901862866120525, "TP": 89, "TN": 84, "FP": 50, "FN": 44}, "test": {"ACC": 0.6791044776119403, "F1_Score": 0.6742424242424242, "Recall": 0.664179104477612, "Precision": 0.6846153846153846, "Cohen_Kappa": 0.35820895522388063, "AUC": 0.7297003787034974, "TP": 89, "TN": 93, "FP": 41, "FN": 45}}, "ADA": {"valid": {"ACC": 0.5692883895131086, "F1_Score": 0.5878136200716845, "Recall": 0.6165413533834586, "Precision": 0.5616438356164384, "Cohen_Kappa": 0.13887876153349976, "AUC": 0.6049545505554931, "TP": 82, "TN": 70, "FP": 64, "FN": 51}, "test": {"ACC": 0.6156716417910447, "F1_Score": 0.592885375494071, "Recall": 0.5597014925373134, "Precision": 0.6302521008403361, "Cohen_Kappa": 0.23134328358208955, "AUC": 0.6675206059255958, "TP": 75, "TN": 90, "FP": 44, "FN": 59}}, "XGB": {"valid": {"ACC": 0.6217228464419475, "F1_Score": 0.6273062730627306, "Recall": 0.6390977443609023, "Precision": 0.6159420289855072, "Cohen_Kappa": 0.24354119330135482, "AUC": 0.6660868589383907, "TP": 85, "TN": 81, "FP": 53, "FN": 48}, "test": {"ACC": 0.667910447761194, "F1_Score": 0.6590038314176245, "Recall": 0.6417910447761194, "Precision": 0.6771653543307087, "Cohen_Kappa": 0.33582089552238803, "AUC": 0.7310648251280909, "TP": 86, "TN": 93, "FP": 41, "FN": 48}}, "MLP": {"valid": {"ACC": 0.6067415730337079, "F1_Score": 0.6209386281588448, "Recall": 0.6466165413533834, "Precision": 0.5972222222222222, "Cohen_Kappa": 0.21371476651241061, "AUC": 0.6450454494445068, "TP": 86, "TN": 76, "FP": 58, "FN": 47}, "test": {"ACC": 0.6268656716417911, "F1_Score": 0.6402877697841727, "Recall": 0.664179104477612, "Precision": 0.6180555555555556, "Cohen_Kappa": 0.25373134328358204, "AUC": 0.6571619514368456, "TP": 89, "TN": 79, "FP": 55, "FN": 45}}, "LR": {"valid": {"ACC": 0.5880149812734082, "F1_Score": 0.60431654676259, "Recall": 0.631578947368421, "Precision": 0.5793103448275863, "Cohen_Kappa": 0.17629571460623739, "AUC": 0.6255751318594995, "TP": 84, "TN": 73, "FP": 61, "FN": 49}, "test": {"ACC": 0.6231343283582089, "F1_Score": 0.6188679245283019, "Recall": 0.6119402985074627, "Precision": 0.6259541984732825, "Cohen_Kappa": 0.24626865671641796, "AUC": 0.6647360213856092, "TP": 82, "TN": 85, "FP": 49, "FN": 52}}, "ETAs": {"valid": {"ACC": 0.602996254681648, "F1_Score": 0.6131386861313869, "Recall": 0.631578947368421, "Precision": 0.5957446808510638, "Cohen_Kappa": 0.20615954224166944, "AUC": 0.6683873863763887, "TP": 84, "TN": 77, "FP": 57, "FN": 49}, "test": {"ACC": 0.6940298507462687, "F1_Score": 0.6917293233082707, "Recall": 0.6865671641791045, "Precision": 0.696969696969697, "Cohen_Kappa": 0.3880597014925373, "AUC": 0.7438739140120294, "TP": 92, "TN": 94, "FP": 40, "FN": 42}}, "CNB": {"valid": {"ACC": 0.6254681647940075, "F1_Score": 0.6402877697841727, "Recall": 0.6691729323308271, "Precision": 0.6137931034482759, "Cohen_Kappa": 0.2511779223693067, "AUC": 0.6430815845584108, "TP": 89, "TN": 78, "FP": 56, "FN": 44}, "test": {"ACC": 0.6305970149253731, "F1_Score": 0.6425992779783394, "Recall": 0.664179104477612, "Precision": 0.6223776223776224, "Cohen_Kappa": 0.26119402985074625, "AUC": 0.682473824905324, "TP": 89, "TN": 80, "FP": 54, "FN": 45}}, "GB": {"valid": {"ACC": 0.6142322097378277, "F1_Score": 0.6334519572953737, "Recall": 0.6691729323308271, "Precision": 0.6013513513513513, "Cohen_Kappa": 0.22877814857399248, "AUC": 0.6679946133991695, "TP": 89, "TN": 75, "FP": 59, "FN": 44}, "test": {"ACC": 0.664179104477612, "F1_Score": 0.653846153846154, "Recall": 0.6343283582089553, "Precision": 0.6746031746031746, "Cohen_Kappa": 0.32835820895522383, "AUC": 0.720427712185342, "TP": 85, "TN": 93, "FP": 41, "FN": 49}}, "BAG": {"valid": {"ACC": 0.6292134831460674, "F1_Score": 0.6147859922178989, "Recall": 0.5939849624060151, "Precision": 0.6370967741935484, "Cohen_Kappa": 0.2582292689771293, "AUC": 0.6830883178094489, "TP": 79, "TN": 89, "FP": 45, "FN": 54}, "test": {"ACC": 0.6940298507462687, "F1_Score": 0.6495726495726495, "Recall": 0.5671641791044776, "Precision": 0.76, "Cohen_Kappa": 0.3880597014925373, "AUC": 0.7302294497660948, "TP": 76, "TN": 110, "FP": 24, "FN": 58}}}