{"OVR": {"valid": {"ACC": 0.62, "F1_Score": 0.6174496644295302, "Recall": 0.6133333333333333, "Precision": 0.6216216216216216, "Cohen_Kappa": 0.24, "AUC": 0.6600888888888887, "TP": 46, "TN": 47, "FP": 28, "FN": 29}, "test": {"ACC": 0.68, "F1_Score": 0.6756756756756757, "Recall": 0.6666666666666666, "Precision": 0.684931506849315, "Cohen_Kappa": 0.36, "AUC": 0.7283555555555556, "TP": 50, "TN": 52, "FP": 23, "FN": 25}}, "KNB": {"valid": {"ACC": 0.6266666666666667, "F1_Score": 0.6666666666666667, "Recall": 0.7466666666666667, "Precision": 0.6021505376344086, "Cohen_Kappa": 0.2533333333333333, "AUC": 0.6626666666666666, "TP": 56, "TN": 38, "FP": 37, "FN": 19}, "test": {"ACC": 0.62, "F1_Score": 0.6586826347305389, "Recall": 0.7333333333333333, "Precision": 0.5978260869565217, "Cohen_Kappa": 0.24, "AUC": 0.6572444444444444, "TP": 55, "TN": 38, "FP": 37, "FN": 20}}, "DT": {"valid": {"ACC": 0.62, "F1_Score": 0.6274509803921569, "Recall": 0.64, "Precision": 0.6153846153846154, "Cohen_Kappa": 0.24, "AUC": 0.62, "TP": 48, "TN": 45, "FP": 30, "FN": 27}, "test": {"ACC": 0.6, "F1_Score": 0.6103896103896105, "Recall": 0.6266666666666667, "Precision": 0.5949367088607594, "Cohen_Kappa": 0.19999999999999996, "AUC": 0.6, "TP": 47, "TN": 43, "FP": 32, "FN": 28}}, "MNB": {"valid": {"ACC": 0.64, "F1_Score": 0.6860465116279069, "Recall": 0.7866666666666666, "Precision": 0.6082474226804123, "Cohen_Kappa": 0.28, "AUC": 0.6648888888888889, "TP": 59, "TN": 37, "FP": 38, "FN": 16}, "test": {"ACC": 0.5733333333333334, "F1_Score": 0.6235294117647059, "Recall": 0.7066666666666667, "Precision": 0.5578947368421052, "Cohen_Kappa": 0.1466666666666666, "AUC": 0.6040888888888889, "TP": 53, "TN": 33, "FP": 42, "FN": 22}}, "RF": {"valid": {"ACC": 0.66, "F1_Score": 0.6751592356687899, "Recall": 0.7066666666666667, "Precision": 0.6463414634146342, "Cohen_Kappa": 0.31999999999999995, "AUC": 0.7265777777777778, "TP": 53, "TN": 46, "FP": 29, "FN": 22}, "test": {"ACC": 0.64, "F1_Score": 0.6493506493506493, "Recall": 0.6666666666666666, "Precision": 0.6329113924050633, "Cohen_Kappa": 0.28, "AUC": 0.7395555555555555, "TP": 50, "TN": 46, "FP": 29, "FN": 25}}, "ADA": {"valid": {"ACC": 0.6466666666666666, "F1_Score": 0.6490066225165563, "Recall": 0.6533333333333333, "Precision": 0.6447368421052632, "Cohen_Kappa": 0.29333333333333333, "AUC": 0.6205333333333334, "TP": 49, "TN": 48, "FP": 27, "FN": 26}, "test": {"ACC": 0.6333333333333333, "F1_Score": 0.6308724832214765, "Recall": 0.6266666666666667, "Precision": 0.6351351351351351, "Cohen_Kappa": 0.2666666666666667, "AUC": 0.6132444444444445, "TP": 47, "TN": 48, "FP": 27, "FN": 28}}, "XGB": {"valid": {"ACC": 0.66, "F1_Score": 0.6577181208053691, "Recall": 0.6533333333333333, "Precision": 0.6621621621621622, "Cohen_Kappa": 0.31999999999999995, "AUC": 0.690488888888889, "TP": 49, "TN": 50, "FP": 25, "FN": 26}, "test": {"ACC": 0.72, "F1_Score": 0.7272727272727272, "Recall": 0.7466666666666667, "Precision": 0.7088607594936709, "Cohen_Kappa": 0.43999999999999995, "AUC": 0.7768888888888889, "TP": 56, "TN": 52, "FP": 23, "FN": 19}}, "MLP": {"valid": {"ACC": 0.6266666666666667, "F1_Score": 0.6315789473684211, "Recall": 0.64, "Precision": 0.6233766233766234, "Cohen_Kappa": 0.2533333333333333, "AUC": 0.6744888888888889, "TP": 48, "TN": 46, "FP": 29, "FN": 27}, "test": {"ACC": 0.6733333333333333, "F1_Score": 0.6956521739130435, "Recall": 0.7466666666666667, "Precision": 0.6511627906976745, "Cohen_Kappa": 0.3466666666666667, "AUC": 0.7180444444444446, "TP": 56, "TN": 45, "FP": 30, "FN": 19}}, "LR": {"valid": {"ACC": 0.62, "F1_Score": 0.6174496644295302, "Recall": 0.6133333333333333, "Precision": 0.6216216216216216, "Cohen_Kappa": 0.24, "AUC": 0.6600888888888887, "TP": 46, "TN": 47, "FP": 28, "FN": 29}, "test": {"ACC": 0.68, "F1_Score": 0.6756756756756757, "Recall": 0.6666666666666666, "Precision": 0.684931506849315, "Cohen_Kappa": 0.36, "AUC": 0.7283555555555556, "TP": 50, "TN": 52, "FP": 23, "FN": 25}}, "ETAs": {"valid": {"ACC": 0.62, "F1_Score": 0.6459627329192547, "Recall": 0.6933333333333334, "Precision": 0.6046511627906976, "Cohen_Kappa": 0.24, "AUC": 0.7076444444444444, "TP": 52, "TN": 41, "FP": 34, "FN": 23}, "test": {"ACC": 0.64, "F1_Score": 0.6625, "Recall": 0.7066666666666667, "Precision": 0.6235294117647059, "Cohen_Kappa": 0.28, "AUC": 0.7620444444444445, "TP": 53, "TN": 43, "FP": 32, "FN": 22}}, "CNB": {"valid": {"ACC": 0.64, "F1_Score": 0.6860465116279069, "Recall": 0.7866666666666666, "Precision": 0.6082474226804123, "Cohen_Kappa": 0.28, "AUC": 0.6648888888888889, "TP": 59, "TN": 37, "FP": 38, "FN": 16}, "test": {"ACC": 0.5733333333333334, "F1_Score": 0.6235294117647059, "Recall": 0.7066666666666667, "Precision": 0.5578947368421052, "Cohen_Kappa": 0.1466666666666666, "AUC": 0.6040888888888889, "TP": 53, "TN": 33, "FP": 42, "FN": 22}}, "GB": {"valid": {"ACC": 0.6533333333333333, "F1_Score": 0.6708860759493671, "Recall": 0.7066666666666667, "Precision": 0.6385542168674698, "Cohen_Kappa": 0.30666666666666664, "AUC": 0.7187555555555555, "TP": 53, "TN": 45, "FP": 30, "FN": 22}, "test": {"ACC": 0.6466666666666666, "F1_Score": 0.6708074534161491, "Recall": 0.72, "Precision": 0.627906976744186, "Cohen_Kappa": 0.29333333333333333, "AUC": 0.7184, "TP": 54, "TN": 43, "FP": 32, "FN": 21}}, "BAG": {"valid": {"ACC": 0.62, "F1_Score": 0.6013986013986015, "Recall": 0.5733333333333334, "Precision": 0.6323529411764706, "Cohen_Kappa": 0.24, "AUC": 0.6994666666666668, "TP": 43, "TN": 50, "FP": 25, "FN": 32}, "test": {"ACC": 0.6466666666666666, "F1_Score": 0.6293706293706294, "Recall": 0.6, "Precision": 0.6617647058823529, "Cohen_Kappa": 0.29333333333333333, "AUC": 0.7144, "TP": 45, "TN": 52, "FP": 23, "FN": 30}}}