{"OVR": {"valid": {"ACC": 0.7090909090909091, "F1_Score": 0.7419354838709677, "Recall": 0.8518518518518519, "Precision": 0.6571428571428571, "Cohen_Kappa": 0.42105263157894735, "AUC": 0.7698412698412699, "TP": 23, "TN": 16, "FP": 12, "FN": 4}, "test": {"ACC": 0.6428571428571429, "F1_Score": 0.6666666666666666, "Recall": 0.7142857142857143, "Precision": 0.625, "Cohen_Kappa": 0.2857142857142857, "AUC": 0.7525510204081634, "TP": 20, "TN": 16, "FP": 12, "FN": 8}}, "KNB": {"valid": {"ACC": 0.5818181818181818, "F1_Score": 0.634920634920635, "Recall": 0.7407407407407407, "Precision": 0.5555555555555556, "Cohen_Kappa": 0.168310322156476, "AUC": 0.6025132275132274, "TP": 20, "TN": 12, "FP": 16, "FN": 7}, "test": {"ACC": 0.6071428571428571, "F1_Score": 0.6562499999999999, "Recall": 0.75, "Precision": 0.5833333333333334, "Cohen_Kappa": 0.2142857142857143, "AUC": 0.7436224489795918, "TP": 21, "TN": 13, "FP": 15, "FN": 7}}, "DT": {"valid": {"ACC": 0.6727272727272727, "F1_Score": 0.7187499999999999, "Recall": 0.8518518518518519, "Precision": 0.6216216216216216, "Cohen_Kappa": 0.3495400788436268, "AUC": 0.6759259259259259, "TP": 23, "TN": 14, "FP": 14, "FN": 4}, "test": {"ACC": 0.5357142857142857, "F1_Score": 0.5806451612903226, "Recall": 0.6428571428571429, "Precision": 0.5294117647058824, "Cohen_Kappa": 0.0714285714285714, "AUC": 0.5357142857142857, "TP": 18, "TN": 12, "FP": 16, "FN": 10}}, "MNB": {"valid": {"ACC": 0.6, "F1_Score": 0.6764705882352942, "Recall": 0.8518518518518519, "Precision": 0.5609756097560976, "Cohen_Kappa": 0.20707732634338127, "AUC": 0.7089947089947091, "TP": 23, "TN": 10, "FP": 18, "FN": 4}, "test": {"ACC": 0.6428571428571429, "F1_Score": 0.6969696969696969, "Recall": 0.8214285714285714, "Precision": 0.6052631578947368, "Cohen_Kappa": 0.2857142857142857, "AUC": 0.6524234693877552, "TP": 23, "TN": 13, "FP": 15, "FN": 5}}, "RF": {"valid": {"ACC": 0.5636363636363636, "F1_Score": 0.6363636363636364, "Recall": 0.7777777777777778, "Precision": 0.5384615384615384, "Cohen_Kappa": 0.13385826771653553, "AUC": 0.7003968253968254, "TP": 21, "TN": 10, "FP": 18, "FN": 6}, "test": {"ACC": 0.6785714285714286, "F1_Score": 0.7, "Recall": 0.75, "Precision": 0.65625, "Cohen_Kappa": 0.3571428571428571, "AUC": 0.7544642857142857, "TP": 21, "TN": 17, "FP": 11, "FN": 7}}, "ADA": {"valid": {"ACC": 0.6909090909090909, "F1_Score": 0.711864406779661, "Recall": 0.7777777777777778, "Precision": 0.65625, "Cohen_Kappa": 0.38365194462755425, "AUC": 0.728835978835979, "TP": 21, "TN": 17, "FP": 11, "FN": 6}, "test": {"ACC": 0.6785714285714286, "F1_Score": 0.689655172413793, "Recall": 0.7142857142857143, "Precision": 0.6666666666666666, "Cohen_Kappa": 0.3571428571428571, "AUC": 0.7130102040816326, "TP": 20, "TN": 18, "FP": 10, "FN": 8}}, "XGB": {"valid": {"ACC": 0.6, "F1_Score": 0.6451612903225806, "Recall": 0.7407407407407407, "Precision": 0.5714285714285714, "Cohen_Kappa": 0.20394736842105254, "AUC": 0.7275132275132274, "TP": 20, "TN": 13, "FP": 15, "FN": 7}, "test": {"ACC": 0.5892857142857143, "F1_Score": 0.5964912280701754, "Recall": 0.6071428571428571, "Precision": 0.5862068965517241, "Cohen_Kappa": 0.1785714285714286, "AUC": 0.701530612244898, "TP": 17, "TN": 16, "FP": 12, "FN": 11}}, "MLP": {"valid": {"ACC": 0.7454545454545455, "F1_Score": 0.7741935483870968, "Recall": 0.8888888888888888, "Precision": 0.6857142857142857, "Cohen_Kappa": 0.49342105263157887, "AUC": 0.8121693121693121, "TP": 24, "TN": 17, "FP": 11, "FN": 3}, "test": {"ACC": 0.6607142857142857, "F1_Score": 0.6984126984126985, "Recall": 0.7857142857142857, "Precision": 0.6285714285714286, "Cohen_Kappa": 0.3214285714285714, "AUC": 0.6607142857142857, "TP": 22, "TN": 15, "FP": 13, "FN": 6}}, "LR": {"valid": {"ACC": 0.7090909090909091, "F1_Score": 0.7419354838709677, "Recall": 0.8518518518518519, "Precision": 0.6571428571428571, "Cohen_Kappa": 0.42105263157894735, "AUC": 0.7698412698412699, "TP": 23, "TN": 16, "FP": 12, "FN": 4}, "test": {"ACC": 0.6428571428571429, "F1_Score": 0.6666666666666666, "Recall": 0.7142857142857143, "Precision": 0.625, "Cohen_Kappa": 0.2857142857142857, "AUC": 0.7525510204081634, "TP": 20, "TN": 16, "FP": 12, "FN": 8}}, "ETAs": {"valid": {"ACC": 0.5818181818181818, "F1_Score": 0.6567164179104479, "Recall": 0.8148148148148148, "Precision": 0.55, "Cohen_Kappa": 0.17049180327868851, "AUC": 0.7559523809523809, "TP": 22, "TN": 10, "FP": 18, "FN": 5}, "test": {"ACC": 0.6607142857142857, "F1_Score": 0.6779661016949152, "Recall": 0.7142857142857143, "Precision": 0.6451612903225806, "Cohen_Kappa": 0.3214285714285714, "AUC": 0.7059948979591837, "TP": 20, "TN": 17, "FP": 11, "FN": 8}}, "CNB": {"valid": {"ACC": 0.6, "F1_Score": 0.6764705882352942, "Recall": 0.8518518518518519, "Precision": 0.5609756097560976, "Cohen_Kappa": 0.20707732634338127, "AUC": 0.7089947089947091, "TP": 23, "TN": 10, "FP": 18, "FN": 4}, "test": {"ACC": 0.6428571428571429, "F1_Score": 0.6969696969696969, "Recall": 0.8214285714285714, "Precision": 0.6052631578947368, "Cohen_Kappa": 0.2857142857142857, "AUC": 0.6524234693877552, "TP": 23, "TN": 13, "FP": 15, "FN": 5}}, "GB": {"valid": {"ACC": 0.7090909090909091, "F1_Score": 0.7333333333333333, "Recall": 0.8148148148148148, "Precision": 0.6666666666666666, "Cohen_Kappa": 0.42028985507246375, "AUC": 0.794973544973545, "TP": 22, "TN": 17, "FP": 11, "FN": 5}, "test": {"ACC": 0.6785714285714286, "F1_Score": 0.689655172413793, "Recall": 0.7142857142857143, "Precision": 0.6666666666666666, "Cohen_Kappa": 0.3571428571428571, "AUC": 0.7130102040816327, "TP": 20, "TN": 18, "FP": 10, "FN": 8}}, "BAG": {"valid": {"ACC": 0.7090909090909091, "F1_Score": 0.7241379310344828, "Recall": 0.7777777777777778, "Precision": 0.6774193548387096, "Cohen_Kappa": 0.4195250659630607, "AUC": 0.7804232804232805, "TP": 21, "TN": 18, "FP": 10, "FN": 6}, "test": {"ACC": 0.6607142857142857, "F1_Score": 0.6545454545454545, "Recall": 0.6428571428571429, "Precision": 0.6666666666666666, "Cohen_Kappa": 0.3214285714285714, "AUC": 0.7238520408163265, "TP": 18, "TN": 19, "FP": 9, "FN": 10}}}