{"OVR": {"valid": {"ACC": 0.625, "F1_Score": 0.6538461538461539, "Recall": 0.7083333333333334, "Precision": 0.6071428571428571, "Cohen_Kappa": 0.25, "AUC": 0.640625, "TP": 17, "TN": 13, "FP": 11, "FN": 7}, "test": {"ACC": 0.7291666666666666, "F1_Score": 0.723404255319149, "Recall": 0.7083333333333334, "Precision": 0.7391304347826086, "Cohen_Kappa": 0.45833333333333337, "AUC": 0.7760416666666666, "TP": 17, "TN": 18, "FP": 6, "FN": 7}}, "KNB": {"valid": {"ACC": 0.6041666666666666, "F1_Score": 0.5777777777777778, "Recall": 0.5416666666666666, "Precision": 0.6190476190476191, "Cohen_Kappa": 0.20833333333333337, "AUC": 0.6692708333333333, "TP": 13, "TN": 16, "FP": 8, "FN": 11}, "test": {"ACC": 0.5833333333333334, "F1_Score": 0.5, "Recall": 0.4166666666666667, "Precision": 0.625, "Cohen_Kappa": 0.16666666666666663, "AUC": 0.6770833333333333, "TP": 10, "TN": 18, "FP": 6, "FN": 14}}, "DT": {"valid": {"ACC": 0.5625, "F1_Score": 0.5531914893617021, "Recall": 0.5416666666666666, "Precision": 0.5652173913043478, "Cohen_Kappa": 0.125, "AUC": 0.5624999999999999, "TP": 13, "TN": 14, "FP": 10, "FN": 11}, "test": {"ACC": 0.6875, "F1_Score": 0.6938775510204083, "Recall": 0.7083333333333334, "Precision": 0.68, "Cohen_Kappa": 0.375, "AUC": 0.6875000000000001, "TP": 17, "TN": 16, "FP": 8, "FN": 7}}, "MNB": {"valid": {"ACC": 0.5833333333333334, "F1_Score": 0.6, "Recall": 0.625, "Precision": 0.5769230769230769, "Cohen_Kappa": 0.16666666666666663, "AUC": 0.5546875, "TP": 15, "TN": 13, "FP": 11, "FN": 9}, "test": {"ACC": 0.5416666666666666, "F1_Score": 0.576923076923077, "Recall": 0.625, "Precision": 0.5357142857142857, "Cohen_Kappa": 0.08333333333333337, "AUC": 0.5616319444444444, "TP": 15, "TN": 11, "FP": 13, "FN": 9}}, "RF": {"valid": {"ACC": 0.5833333333333334, "F1_Score": 0.5833333333333334, "Recall": 0.5833333333333334, "Precision": 0.5833333333333334, "Cohen_Kappa": 0.16666666666666663, "AUC": 0.6675347222222222, "TP": 14, "TN": 14, "FP": 10, "FN": 10}, "test": {"ACC": 0.7083333333333334, "F1_Score": 0.7083333333333334, "Recall": 0.7083333333333334, "Precision": 0.7083333333333334, "Cohen_Kappa": 0.41666666666666663, "AUC": 0.7951388888888888, "TP": 17, "TN": 17, "FP": 7, "FN": 7}}, "ADA": {"valid": {"ACC": 0.5, "F1_Score": 0.5, "Recall": 0.5, "Precision": 0.5, "Cohen_Kappa": 0.0, "AUC": 0.5416666666666666, "TP": 12, "TN": 12, "FP": 12, "FN": 12}, "test": {"ACC": 0.7708333333333334, "F1_Score": 0.7659574468085107, "Recall": 0.75, "Precision": 0.782608695652174, "Cohen_Kappa": 0.5416666666666667, "AUC": 0.7013888888888887, "TP": 18, "TN": 19, "FP": 5, "FN": 6}}, "XGB": {"valid": {"ACC": 0.7291666666666666, "F1_Score": 0.7547169811320755, "Recall": 0.8333333333333334, "Precision": 0.6896551724137931, "Cohen_Kappa": 0.45833333333333337, "AUC": 0.7430555555555556, "TP": 20, "TN": 15, "FP": 9, "FN": 4}, "test": {"ACC": 0.7083333333333334, "F1_Score": 0.7083333333333334, "Recall": 0.7083333333333334, "Precision": 0.7083333333333334, "Cohen_Kappa": 0.41666666666666663, "AUC": 0.796875, "TP": 17, "TN": 17, "FP": 7, "FN": 7}}, "MLP": {"valid": {"ACC": 0.5833333333333334, "F1_Score": 0.6, "Recall": 0.625, "Precision": 0.5769230769230769, "Cohen_Kappa": 0.16666666666666663, "AUC": 0.5850694444444444, "TP": 15, "TN": 13, "FP": 11, "FN": 9}, "test": {"ACC": 0.6875, "F1_Score": 0.6938775510204083, "Recall": 0.7083333333333334, "Precision": 0.68, "Cohen_Kappa": 0.375, "AUC": 0.7152777777777778, "TP": 17, "TN": 16, "FP": 8, "FN": 7}}, "LR": {"valid": {"ACC": 0.625, "F1_Score": 0.6538461538461539, "Recall": 0.7083333333333334, "Precision": 0.6071428571428571, "Cohen_Kappa": 0.25, "AUC": 0.640625, "TP": 17, "TN": 13, "FP": 11, "FN": 7}, "test": {"ACC": 0.7291666666666666, "F1_Score": 0.723404255319149, "Recall": 0.7083333333333334, "Precision": 0.7391304347826086, "Cohen_Kappa": 0.45833333333333337, "AUC": 0.7760416666666666, "TP": 17, "TN": 18, "FP": 6, "FN": 7}}, "ETAs": {"valid": {"ACC": 0.6666666666666666, "F1_Score": 0.6521739130434783, "Recall": 0.625, "Precision": 0.6818181818181818, "Cohen_Kappa": 0.33333333333333337, "AUC": 0.7300347222222222, "TP": 15, "TN": 17, "FP": 7, "FN": 9}, "test": {"ACC": 0.6666666666666666, "F1_Score": 0.68, "Recall": 0.7083333333333334, "Precision": 0.6538461538461539, "Cohen_Kappa": 0.33333333333333337, "AUC": 0.7491319444444445, "TP": 17, "TN": 15, "FP": 9, "FN": 7}}, "CNB": {"valid": {"ACC": 0.5833333333333334, "F1_Score": 0.6, "Recall": 0.625, "Precision": 0.5769230769230769, "Cohen_Kappa": 0.16666666666666663, "AUC": 0.5546875, "TP": 15, "TN": 13, "FP": 11, "FN": 9}, "test": {"ACC": 0.5416666666666666, "F1_Score": 0.576923076923077, "Recall": 0.625, "Precision": 0.5357142857142857, "Cohen_Kappa": 0.08333333333333337, "AUC": 0.5616319444444444, "TP": 15, "TN": 11, "FP": 13, "FN": 9}}, "GB": {"valid": {"ACC": 0.6666666666666666, "F1_Score": 0.6923076923076924, "Recall": 0.75, "Precision": 0.6428571428571429, "Cohen_Kappa": 0.33333333333333337, "AUC": 0.657986111111111, "TP": 18, "TN": 14, "FP": 10, "FN": 6}, "test": {"ACC": 0.75, "F1_Score": 0.75, "Recall": 0.75, "Precision": 0.75, "Cohen_Kappa": 0.5, "AUC": 0.8072916666666667, "TP": 18, "TN": 18, "FP": 6, "FN": 6}}, "BAG": {"valid": {"ACC": 0.5833333333333334, "F1_Score": 0.5652173913043478, "Recall": 0.5416666666666666, "Precision": 0.5909090909090909, "Cohen_Kappa": 0.16666666666666663, "AUC": 0.6710069444444445, "TP": 13, "TN": 15, "FP": 9, "FN": 11}, "test": {"ACC": 0.7083333333333334, "F1_Score": 0.6956521739130435, "Recall": 0.6666666666666666, "Precision": 0.7272727272727273, "Cohen_Kappa": 0.41666666666666663, "AUC": 0.7621527777777778, "TP": 16, "TN": 18, "FP": 6, "FN": 8}}}