{"OVR": {"valid": {"ACC": 0.7543859649122807, "F1_Score": 0.7627118644067797, "Recall": 0.7894736842105263, "Precision": 0.7377049180327869, "Cohen_Kappa": 0.5087719298245614, "AUC": 0.7977839335180055, "TP": 45, "TN": 41, "FP": 16, "FN": 12}, "test": {"ACC": 0.6578947368421053, "F1_Score": 0.6776859504132231, "Recall": 0.7192982456140351, "Precision": 0.640625, "Cohen_Kappa": 0.3157894736842105, "AUC": 0.7500769467528471, "TP": 41, "TN": 34, "FP": 23, "FN": 16}}, "KNB": {"valid": {"ACC": 0.6403508771929824, "F1_Score": 0.6371681415929203, "Recall": 0.631578947368421, "Precision": 0.6428571428571429, "Cohen_Kappa": 0.2807017543859649, "AUC": 0.7183748845798708, "TP": 36, "TN": 37, "FP": 20, "FN": 21}, "test": {"ACC": 0.7017543859649122, "F1_Score": 0.6964285714285715, "Recall": 0.6842105263157895, "Precision": 0.7090909090909091, "Cohen_Kappa": 0.4035087719298246, "AUC": 0.7494613727300707, "TP": 39, "TN": 41, "FP": 16, "FN": 18}}, "DT": {"valid": {"ACC": 0.6052631578947368, "F1_Score": 0.6456692913385826, "Recall": 0.7192982456140351, "Precision": 0.5857142857142857, "Cohen_Kappa": 0.21052631578947367, "AUC": 0.6052631578947368, "TP": 41, "TN": 28, "FP": 29, "FN": 16}, "test": {"ACC": 0.5964912280701754, "F1_Score": 0.6229508196721312, "Recall": 0.6666666666666666, "Precision": 0.5846153846153846, "Cohen_Kappa": 0.19298245614035092, "AUC": 0.5964912280701755, "TP": 38, "TN": 30, "FP": 27, "FN": 19}}, "MNB": {"valid": {"ACC": 0.6666666666666666, "F1_Score": 0.6935483870967741, "Recall": 0.7543859649122807, "Precision": 0.6417910447761194, "Cohen_Kappa": 0.33333333333333337, "AUC": 0.7065250846414282, "TP": 43, "TN": 33, "FP": 24, "FN": 14}, "test": {"ACC": 0.7105263157894737, "F1_Score": 0.736, "Recall": 0.8070175438596491, "Precision": 0.6764705882352942, "Cohen_Kappa": 0.42105263157894735, "AUC": 0.7646968297937827, "TP": 46, "TN": 35, "FP": 22, "FN": 11}}, "RF": {"valid": {"ACC": 0.7017543859649122, "F1_Score": 0.7166666666666668, "Recall": 0.7543859649122807, "Precision": 0.6825396825396826, "Cohen_Kappa": 0.4035087719298246, "AUC": 0.7645429362880887, "TP": 43, "TN": 37, "FP": 20, "FN": 14}, "test": {"ACC": 0.7192982456140351, "F1_Score": 0.7288135593220338, "Recall": 0.7543859649122807, "Precision": 0.7049180327868853, "Cohen_Kappa": 0.4385964912280702, "AUC": 0.8164050477069867, "TP": 43, "TN": 39, "FP": 18, "FN": 14}}, "ADA": {"valid": {"ACC": 0.6052631578947368, "F1_Score": 0.6218487394957983, "Recall": 0.6491228070175439, "Precision": 0.5967741935483871, "Cohen_Kappa": 0.21052631578947367, "AUC": 0.659895352416128, "TP": 37, "TN": 32, "FP": 25, "FN": 20}, "test": {"ACC": 0.6929824561403509, "F1_Score": 0.72, "Recall": 0.7894736842105263, "Precision": 0.6617647058823529, "Cohen_Kappa": 0.38596491228070173, "AUC": 0.7285318559556787, "TP": 45, "TN": 34, "FP": 23, "FN": 12}}, "XGB": {"valid": {"ACC": 0.6842105263157895, "F1_Score": 0.7, "Recall": 0.7368421052631579, "Precision": 0.6666666666666666, "Cohen_Kappa": 0.368421052631579, "AUC": 0.7740843336411203, "TP": 42, "TN": 36, "FP": 21, "FN": 15}, "test": {"ACC": 0.6929824561403509, "F1_Score": 0.72, "Recall": 0.7894736842105263, "Precision": 0.6617647058823529, "Cohen_Kappa": 0.38596491228070173, "AUC": 0.7793167128347184, "TP": 45, "TN": 34, "FP": 23, "FN": 12}}, "MLP": {"valid": {"ACC": 0.7105263157894737, "F1_Score": 0.7272727272727273, "Recall": 0.7719298245614035, "Precision": 0.6875, "Cohen_Kappa": 0.42105263157894735, "AUC": 0.773160972606956, "TP": 44, "TN": 37, "FP": 20, "FN": 13}, "test": {"ACC": 0.6842105263157895, "F1_Score": 0.7049180327868853, "Recall": 0.7543859649122807, "Precision": 0.6615384615384615, "Cohen_Kappa": 0.368421052631579, "AUC": 0.7426900584795322, "TP": 43, "TN": 35, "FP": 22, "FN": 14}}, "LR": {"valid": {"ACC": 0.7543859649122807, "F1_Score": 0.7627118644067797, "Recall": 0.7894736842105263, "Precision": 0.7377049180327869, "Cohen_Kappa": 0.5087719298245614, "AUC": 0.7977839335180055, "TP": 45, "TN": 41, "FP": 16, "FN": 12}, "test": {"ACC": 0.6578947368421053, "F1_Score": 0.6776859504132231, "Recall": 0.7192982456140351, "Precision": 0.640625, "Cohen_Kappa": 0.3157894736842105, "AUC": 0.7500769467528471, "TP": 41, "TN": 34, "FP": 23, "FN": 16}}, "ETAs": {"valid": {"ACC": 0.7017543859649122, "F1_Score": 0.7166666666666668, "Recall": 0.7543859649122807, "Precision": 0.6825396825396826, "Cohen_Kappa": 0.4035087719298246, "AUC": 0.7582333025546322, "TP": 43, "TN": 37, "FP": 20, "FN": 14}, "test": {"ACC": 0.7280701754385965, "F1_Score": 0.7479674796747967, "Recall": 0.8070175438596491, "Precision": 0.696969696969697, "Cohen_Kappa": 0.45614035087719296, "AUC": 0.8122499230532472, "TP": 46, "TN": 37, "FP": 20, "FN": 11}}, "CNB": {"valid": {"ACC": 0.6666666666666666, "F1_Score": 0.6935483870967741, "Recall": 0.7543859649122807, "Precision": 0.6417910447761194, "Cohen_Kappa": 0.33333333333333337, "AUC": 0.7065250846414282, "TP": 43, "TN": 33, "FP": 24, "FN": 14}, "test": {"ACC": 0.7105263157894737, "F1_Score": 0.736, "Recall": 0.8070175438596491, "Precision": 0.6764705882352942, "Cohen_Kappa": 0.42105263157894735, "AUC": 0.7646968297937827, "TP": 46, "TN": 35, "FP": 22, "FN": 11}}, "GB": {"valid": {"ACC": 0.7192982456140351, "F1_Score": 0.7377049180327868, "Recall": 0.7894736842105263, "Precision": 0.6923076923076923, "Cohen_Kappa": 0.4385964912280702, "AUC": 0.7743921206525085, "TP": 45, "TN": 37, "FP": 20, "FN": 12}, "test": {"ACC": 0.6929824561403509, "F1_Score": 0.7154471544715446, "Recall": 0.7719298245614035, "Precision": 0.6666666666666666, "Cohen_Kappa": 0.38596491228070173, "AUC": 0.7957833179439828, "TP": 44, "TN": 35, "FP": 22, "FN": 13}}, "BAG": {"valid": {"ACC": 0.6491228070175439, "F1_Score": 0.6428571428571428, "Recall": 0.631578947368421, "Precision": 0.6545454545454545, "Cohen_Kappa": 0.29824561403508776, "AUC": 0.7080640196983687, "TP": 36, "TN": 38, "FP": 19, "FN": 21}, "test": {"ACC": 0.6842105263157895, "F1_Score": 0.7, "Recall": 0.7368421052631579, "Precision": 0.6666666666666666, "Cohen_Kappa": 0.368421052631579, "AUC": 0.7596183441058788, "TP": 42, "TN": 36, "FP": 21, "FN": 15}}}