{"OVR": {"valid": {"ACC": 0.6666666666666666, "F1_Score": 0.676470588235294, "Recall": 0.696969696969697, "Precision": 0.6571428571428571, "Cohen_Kappa": 0.33333333333333337, "AUC": 0.721763085399449, "TP": 23, "TN": 21, "FP": 12, "FN": 10}, "test": {"ACC": 0.6119402985074627, "F1_Score": 0.6060606060606061, "Recall": 0.5882352941176471, "Precision": 0.625, "Cohen_Kappa": 0.22439893143365985, "AUC": 0.696969696969697, "TP": 20, "TN": 21, "FP": 12, "FN": 14}}, "KNB": {"valid": {"ACC": 0.6363636363636364, "F1_Score": 0.6666666666666667, "Recall": 0.7272727272727273, "Precision": 0.6153846153846154, "Cohen_Kappa": 0.2727272727272727, "AUC": 0.6648301193755739, "TP": 24, "TN": 18, "FP": 15, "FN": 9}, "test": {"ACC": 0.6268656716417911, "F1_Score": 0.6575342465753424, "Recall": 0.7058823529411765, "Precision": 0.6153846153846154, "Cohen_Kappa": 0.25189816882536853, "AUC": 0.663101604278075, "TP": 24, "TN": 18, "FP": 15, "FN": 10}}, "DT": {"valid": {"ACC": 0.6060606060606061, "F1_Score": 0.6285714285714286, "Recall": 0.6666666666666666, "Precision": 0.5945945945945946, "Cohen_Kappa": 0.21212121212121215, "AUC": 0.606060606060606, "TP": 22, "TN": 18, "FP": 15, "FN": 11}, "test": {"ACC": 0.5373134328358209, "F1_Score": 0.5633802816901409, "Recall": 0.5882352941176471, "Precision": 0.5405405405405406, "Cohen_Kappa": 0.07318161535029011, "AUC": 0.536541889483066, "TP": 20, "TN": 16, "FP": 17, "FN": 14}}, "MNB": {"valid": {"ACC": 0.6363636363636364, "F1_Score": 0.6129032258064515, "Recall": 0.5757575757575758, "Precision": 0.6551724137931034, "Cohen_Kappa": 0.2727272727272727, "AUC": 0.6483011937557392, "TP": 19, "TN": 23, "FP": 10, "FN": 14}, "test": {"ACC": 0.6417910447761194, "F1_Score": 0.6571428571428571, "Recall": 0.6764705882352942, "Precision": 0.6388888888888888, "Cohen_Kappa": 0.28278322925958965, "AUC": 0.6666666666666666, "TP": 23, "TN": 20, "FP": 13, "FN": 11}}, "RF": {"valid": {"ACC": 0.6515151515151515, "F1_Score": 0.6666666666666666, "Recall": 0.696969696969697, "Precision": 0.6388888888888888, "Cohen_Kappa": 0.303030303030303, "AUC": 0.7134986225895318, "TP": 23, "TN": 20, "FP": 13, "FN": 10}, "test": {"ACC": 0.5373134328358209, "F1_Score": 0.5230769230769231, "Recall": 0.5, "Precision": 0.5483870967741935, "Cohen_Kappa": 0.07565643079661777, "AUC": 0.5766488413547237, "TP": 17, "TN": 19, "FP": 14, "FN": 17}}, "ADA": {"valid": {"ACC": 0.6060606060606061, "F1_Score": 0.6176470588235293, "Recall": 0.6363636363636364, "Precision": 0.6, "Cohen_Kappa": 0.21212121212121215, "AUC": 0.689623507805326, "TP": 21, "TN": 19, "FP": 14, "FN": 12}, "test": {"ACC": 0.5074626865671642, "F1_Score": 0.4923076923076923, "Recall": 0.47058823529411764, "Precision": 0.5161290322580645, "Cohen_Kappa": 0.01602136181575442, "AUC": 0.6140819964349377, "TP": 16, "TN": 18, "FP": 15, "FN": 18}}, "XGB": {"valid": {"ACC": 0.6666666666666666, "F1_Score": 0.65625, "Recall": 0.6363636363636364, "Precision": 0.6774193548387096, "Cohen_Kappa": 0.33333333333333337, "AUC": 0.7520661157024793, "TP": 21, "TN": 23, "FP": 10, "FN": 12}, "test": {"ACC": 0.5373134328358209, "F1_Score": 0.5633802816901409, "Recall": 0.5882352941176471, "Precision": 0.5405405405405406, "Cohen_Kappa": 0.07318161535029011, "AUC": 0.5392156862745098, "TP": 20, "TN": 16, "FP": 17, "FN": 14}}, "MLP": {"valid": {"ACC": 0.7121212121212122, "F1_Score": 0.732394366197183, "Recall": 0.7878787878787878, "Precision": 0.6842105263157895, "Cohen_Kappa": 0.4242424242424242, "AUC": 0.7575757575757577, "TP": 26, "TN": 21, "FP": 12, "FN": 7}, "test": {"ACC": 0.5970149253731343, "F1_Score": 0.608695652173913, "Recall": 0.6176470588235294, "Precision": 0.6, "Cohen_Kappa": 0.19349086045474817, "AUC": 0.7023172905525846, "TP": 21, "TN": 19, "FP": 14, "FN": 13}}, "LR": {"valid": {"ACC": 0.6666666666666666, "F1_Score": 0.676470588235294, "Recall": 0.696969696969697, "Precision": 0.6571428571428571, "Cohen_Kappa": 0.33333333333333337, "AUC": 0.721763085399449, "TP": 23, "TN": 21, "FP": 12, "FN": 10}, "test": {"ACC": 0.6119402985074627, "F1_Score": 0.6060606060606061, "Recall": 0.5882352941176471, "Precision": 0.625, "Cohen_Kappa": 0.22439893143365985, "AUC": 0.696969696969697, "TP": 20, "TN": 21, "FP": 12, "FN": 14}}, "ETAs": {"valid": {"ACC": 0.6515151515151515, "F1_Score": 0.6567164179104478, "Recall": 0.6666666666666666, "Precision": 0.6470588235294118, "Cohen_Kappa": 0.303030303030303, "AUC": 0.7828282828282829, "TP": 22, "TN": 21, "FP": 12, "FN": 11}, "test": {"ACC": 0.6119402985074627, "F1_Score": 0.6060606060606061, "Recall": 0.5882352941176471, "Precision": 0.625, "Cohen_Kappa": 0.22439893143365985, "AUC": 0.6038324420677361, "TP": 20, "TN": 21, "FP": 12, "FN": 14}}, "CNB": {"valid": {"ACC": 0.6363636363636364, "F1_Score": 0.6129032258064515, "Recall": 0.5757575757575758, "Precision": 0.6551724137931034, "Cohen_Kappa": 0.2727272727272727, "AUC": 0.6483011937557392, "TP": 19, "TN": 23, "FP": 10, "FN": 14}, "test": {"ACC": 0.6417910447761194, "F1_Score": 0.6571428571428571, "Recall": 0.6764705882352942, "Precision": 0.6388888888888888, "Cohen_Kappa": 0.28278322925958965, "AUC": 0.6666666666666666, "TP": 23, "TN": 20, "FP": 13, "FN": 11}}, "GB": {"valid": {"ACC": 0.6515151515151515, "F1_Score": 0.6349206349206349, "Recall": 0.6060606060606061, "Precision": 0.6666666666666666, "Cohen_Kappa": 0.303030303030303, "AUC": 0.7235996326905417, "TP": 20, "TN": 23, "FP": 10, "FN": 13}, "test": {"ACC": 0.582089552238806, "F1_Score": 0.6, "Recall": 0.6176470588235294, "Precision": 0.5833333333333334, "Cohen_Kappa": 0.16324710080285454, "AUC": 0.6203208556149733, "TP": 21, "TN": 18, "FP": 15, "FN": 13}}, "BAG": {"valid": {"ACC": 0.6515151515151515, "F1_Score": 0.6101694915254238, "Recall": 0.5454545454545454, "Precision": 0.6923076923076923, "Cohen_Kappa": 0.303030303030303, "AUC": 0.6914600550964187, "TP": 18, "TN": 25, "FP": 8, "FN": 15}, "test": {"ACC": 0.5373134328358209, "F1_Score": 0.43636363636363634, "Recall": 0.35294117647058826, "Precision": 0.5714285714285714, "Cohen_Kappa": 0.07975188303057146, "AUC": 0.6029411764705882, "TP": 12, "TN": 24, "FP": 9, "FN": 22}}}