{"OVR": {"valid": {"ACC": 0.7534246575342466, "F1_Score": 0.7391304347826088, "Recall": 0.6986301369863014, "Precision": 0.7846153846153846, "Cohen_Kappa": 0.5068493150684932, "AUC": 0.8236066804278476, "TP": 51, "TN": 59, "FP": 14, "FN": 22}, "test": {"ACC": 0.6917808219178082, "F1_Score": 0.6938775510204082, "Recall": 0.6986301369863014, "Precision": 0.6891891891891891, "Cohen_Kappa": 0.3835616438356164, "AUC": 0.7624319759804841, "TP": 51, "TN": 50, "FP": 23, "FN": 22}}, "KNB": {"valid": {"ACC": 0.7328767123287672, "F1_Score": 0.7111111111111111, "Recall": 0.6575342465753424, "Precision": 0.7741935483870968, "Cohen_Kappa": 0.4657534246575342, "AUC": 0.7935822856070557, "TP": 48, "TN": 59, "FP": 14, "FN": 25}, "test": {"ACC": 0.678082191780822, "F1_Score": 0.6845637583892618, "Recall": 0.6986301369863014, "Precision": 0.6710526315789473, "Cohen_Kappa": 0.3561643835616438, "AUC": 0.7876712328767124, "TP": 51, "TN": 48, "FP": 25, "FN": 22}}, "DT": {"valid": {"ACC": 0.684931506849315, "F1_Score": 0.684931506849315, "Recall": 0.684931506849315, "Precision": 0.684931506849315, "Cohen_Kappa": 0.36986301369863017, "AUC": 0.6849315068493151, "TP": 50, "TN": 50, "FP": 23, "FN": 23}, "test": {"ACC": 0.636986301369863, "F1_Score": 0.6580645161290323, "Recall": 0.6986301369863014, "Precision": 0.6219512195121951, "Cohen_Kappa": 0.273972602739726, "AUC": 0.6369863013698631, "TP": 51, "TN": 42, "FP": 31, "FN": 22}}, "MNB": {"valid": {"ACC": 0.636986301369863, "F1_Score": 0.6074074074074075, "Recall": 0.5616438356164384, "Precision": 0.6612903225806451, "Cohen_Kappa": 0.273972602739726, "AUC": 0.7085757177706886, "TP": 41, "TN": 52, "FP": 21, "FN": 32}, "test": {"ACC": 0.6712328767123288, "F1_Score": 0.6756756756756757, "Recall": 0.684931506849315, "Precision": 0.6666666666666666, "Cohen_Kappa": 0.34246575342465757, "AUC": 0.725839744792644, "TP": 50, "TN": 48, "FP": 25, "FN": 23}}, "RF": {"valid": {"ACC": 0.7876712328767124, "F1_Score": 0.7633587786259542, "Recall": 0.684931506849315, "Precision": 0.8620689655172413, "Cohen_Kappa": 0.5753424657534247, "AUC": 0.8325201726402702, "TP": 50, "TN": 65, "FP": 8, "FN": 23}, "test": {"ACC": 0.684931506849315, "F1_Score": 0.6973684210526316, "Recall": 0.726027397260274, "Precision": 0.6708860759493671, "Cohen_Kappa": 0.36986301369863017, "AUC": 0.7994933383373991, "TP": 53, "TN": 47, "FP": 26, "FN": 20}}, "ADA": {"valid": {"ACC": 0.6712328767123288, "F1_Score": 0.6712328767123288, "Recall": 0.6712328767123288, "Precision": 0.6712328767123288, "Cohen_Kappa": 0.34246575342465757, "AUC": 0.7064177143929442, "TP": 49, "TN": 49, "FP": 24, "FN": 24}, "test": {"ACC": 0.7054794520547946, "F1_Score": 0.7189542483660132, "Recall": 0.7534246575342466, "Precision": 0.6875, "Cohen_Kappa": 0.410958904109589, "AUC": 0.7063238881591292, "TP": 55, "TN": 48, "FP": 25, "FN": 18}}, "XGB": {"valid": {"ACC": 0.7602739726027398, "F1_Score": 0.75177304964539, "Recall": 0.726027397260274, "Precision": 0.7794117647058824, "Cohen_Kappa": 0.5205479452054795, "AUC": 0.8288609495214863, "TP": 53, "TN": 58, "FP": 15, "FN": 20}, "test": {"ACC": 0.7397260273972602, "F1_Score": 0.7432432432432433, "Recall": 0.7534246575342466, "Precision": 0.7333333333333333, "Cohen_Kappa": 0.4794520547945206, "AUC": 0.785325577031338, "TP": 55, "TN": 53, "FP": 20, "FN": 18}}, "MLP": {"valid": {"ACC": 0.726027397260274, "F1_Score": 0.7101449275362318, "Recall": 0.6712328767123288, "Precision": 0.7538461538461538, "Cohen_Kappa": 0.452054794520548, "AUC": 0.8166635391255396, "TP": 49, "TN": 57, "FP": 16, "FN": 24}, "test": {"ACC": 0.684931506849315, "F1_Score": 0.6973684210526316, "Recall": 0.726027397260274, "Precision": 0.6708860759493671, "Cohen_Kappa": 0.36986301369863017, "AUC": 0.7517357853255769, "TP": 53, "TN": 47, "FP": 26, "FN": 20}}, "LR": {"valid": {"ACC": 0.7534246575342466, "F1_Score": 0.7391304347826088, "Recall": 0.6986301369863014, "Precision": 0.7846153846153846, "Cohen_Kappa": 0.5068493150684932, "AUC": 0.8236066804278476, "TP": 51, "TN": 59, "FP": 14, "FN": 22}, "test": {"ACC": 0.6917808219178082, "F1_Score": 0.6938775510204082, "Recall": 0.6986301369863014, "Precision": 0.6891891891891891, "Cohen_Kappa": 0.3835616438356164, "AUC": 0.7624319759804841, "TP": 51, "TN": 50, "FP": 23, "FN": 22}}, "ETAs": {"valid": {"ACC": 0.7671232876712328, "F1_Score": 0.7462686567164178, "Recall": 0.684931506849315, "Precision": 0.819672131147541, "Cohen_Kappa": 0.5342465753424658, "AUC": 0.8209795458810283, "TP": 50, "TN": 62, "FP": 11, "FN": 23}, "test": {"ACC": 0.7397260273972602, "F1_Score": 0.7397260273972603, "Recall": 0.7397260273972602, "Precision": 0.7397260273972602, "Cohen_Kappa": 0.4794520547945206, "AUC": 0.8062488271720772, "TP": 54, "TN": 54, "FP": 19, "FN": 19}}, "CNB": {"valid": {"ACC": 0.636986301369863, "F1_Score": 0.6074074074074075, "Recall": 0.5616438356164384, "Precision": 0.6612903225806451, "Cohen_Kappa": 0.273972602739726, "AUC": 0.7085757177706886, "TP": 41, "TN": 52, "FP": 21, "FN": 32}, "test": {"ACC": 0.6712328767123288, "F1_Score": 0.6756756756756757, "Recall": 0.684931506849315, "Precision": 0.6666666666666666, "Cohen_Kappa": 0.34246575342465757, "AUC": 0.725839744792644, "TP": 50, "TN": 48, "FP": 25, "FN": 23}}, "GB": {"valid": {"ACC": 0.6575342465753424, "F1_Score": 0.6666666666666666, "Recall": 0.684931506849315, "Precision": 0.6493506493506493, "Cohen_Kappa": 0.31506849315068497, "AUC": 0.7640270219553388, "TP": 50, "TN": 46, "FP": 27, "FN": 23}, "test": {"ACC": 0.7328767123287672, "F1_Score": 0.7547169811320754, "Recall": 0.821917808219178, "Precision": 0.6976744186046512, "Cohen_Kappa": 0.4657534246575342, "AUC": 0.8043723024957778, "TP": 60, "TN": 47, "FP": 26, "FN": 13}}, "BAG": {"valid": {"ACC": 0.684931506849315, "F1_Score": 0.6666666666666666, "Recall": 0.6301369863013698, "Precision": 0.7076923076923077, "Cohen_Kappa": 0.36986301369863017, "AUC": 0.75933571026459, "TP": 46, "TN": 54, "FP": 19, "FN": 27}, "test": {"ACC": 0.7123287671232876, "F1_Score": 0.704225352112676, "Recall": 0.684931506849315, "Precision": 0.7246376811594203, "Cohen_Kappa": 0.4246575342465754, "AUC": 0.7714392944267217, "TP": 50, "TN": 54, "FP": 19, "FN": 23}}}