{"OVR": {"valid": {"ACC": 0.7037037037037037, "F1_Score": 0.72, "Recall": 0.7659574468085106, "Precision": 0.6792452830188679, "Cohen_Kappa": 0.40778871978513875, "AUC": 0.7788353863381859, "TP": 72, "TN": 61, "FP": 34, "FN": 22}, "test": {"ACC": 0.6613756613756614, "F1_Score": 0.6767676767676767, "Recall": 0.7052631578947368, "Precision": 0.6504854368932039, "Cohen_Kappa": 0.3224288595115393, "AUC": 0.7097424412094065, "TP": 67, "TN": 58, "FP": 36, "FN": 28}}, "KNB": {"valid": {"ACC": 0.7142857142857143, "F1_Score": 0.7032967032967034, "Recall": 0.6808510638297872, "Precision": 0.7272727272727273, "Cohen_Kappa": 0.4283633919569845, "AUC": 0.7697088465845465, "TP": 64, "TN": 71, "FP": 24, "FN": 30}, "test": {"ACC": 0.6613756613756614, "F1_Score": 0.6235294117647059, "Recall": 0.5578947368421052, "Precision": 0.7066666666666667, "Cohen_Kappa": 0.3234899328859061, "AUC": 0.6963045912653976, "TP": 53, "TN": 72, "FP": 22, "FN": 42}}, "DT": {"valid": {"ACC": 0.6613756613756614, "F1_Score": 0.673469387755102, "Recall": 0.7021276595744681, "Precision": 0.6470588235294118, "Cohen_Kappa": 0.32303559435862994, "AUC": 0.6595744680851063, "TP": 66, "TN": 59, "FP": 36, "FN": 28}, "test": {"ACC": 0.656084656084656, "F1_Score": 0.6560846560846562, "Recall": 0.6526315789473685, "Precision": 0.6595744680851063, "Cohen_Kappa": 0.31218856726946986, "AUC": 0.6561030235162374, "TP": 62, "TN": 62, "FP": 32, "FN": 33}}, "MNB": {"valid": {"ACC": 0.656084656084656, "F1_Score": 0.6798029556650246, "Recall": 0.7340425531914894, "Precision": 0.6330275229357798, "Cohen_Kappa": 0.31272727272727274, "AUC": 0.7084546472564389, "TP": 69, "TN": 55, "FP": 40, "FN": 25}, "test": {"ACC": 0.6137566137566137, "F1_Score": 0.6331658291457286, "Recall": 0.6631578947368421, "Precision": 0.6057692307692307, "Cohen_Kappa": 0.22710212313035694, "AUC": 0.658454647256439, "TP": 63, "TN": 53, "FP": 41, "FN": 32}}, "RF": {"valid": {"ACC": 0.7513227513227513, "F1_Score": 0.7638190954773869, "Recall": 0.8085106382978723, "Precision": 0.7238095238095238, "Cohen_Kappa": 0.5029377203290246, "AUC": 0.8138857782754759, "TP": 76, "TN": 66, "FP": 29, "FN": 18}, "test": {"ACC": 0.708994708994709, "F1_Score": 0.7150259067357513, "Recall": 0.7263157894736842, "Precision": 0.7040816326530612, "Cohen_Kappa": 0.417875343002744, "AUC": 0.7746920492721164, "TP": 69, "TN": 65, "FP": 29, "FN": 26}}, "ADA": {"valid": {"ACC": 0.7724867724867724, "F1_Score": 0.7860696517412935, "Recall": 0.8404255319148937, "Precision": 0.7383177570093458, "Cohen_Kappa": 0.5452917808985621, "AUC": 0.8349384098544234, "TP": 79, "TN": 67, "FP": 28, "FN": 15}, "test": {"ACC": 0.6931216931216931, "F1_Score": 0.6947368421052632, "Recall": 0.6947368421052632, "Precision": 0.6947368421052632, "Cohen_Kappa": 0.3862262038073908, "AUC": 0.7218365061590145, "TP": 66, "TN": 65, "FP": 29, "FN": 29}}, "XGB": {"valid": {"ACC": 0.746031746031746, "F1_Score": 0.7575757575757577, "Recall": 0.7978723404255319, "Precision": 0.7211538461538461, "Cohen_Kappa": 0.4923335198656966, "AUC": 0.8287793952967525, "TP": 75, "TN": 66, "FP": 29, "FN": 19}, "test": {"ACC": 0.7248677248677249, "F1_Score": 0.7319587628865979, "Recall": 0.7473684210526316, "Precision": 0.7171717171717171, "Cohen_Kappa": 0.4495967741935484, "AUC": 0.7829787234042553, "TP": 71, "TN": 66, "FP": 28, "FN": 24}}, "MLP": {"valid": {"ACC": 0.7037037037037037, "F1_Score": 0.7171717171717171, "Recall": 0.7553191489361702, "Precision": 0.6826923076923077, "Cohen_Kappa": 0.4077224398433128, "AUC": 0.7681970884658453, "TP": 71, "TN": 62, "FP": 33, "FN": 23}, "test": {"ACC": 0.6666666666666666, "F1_Score": 0.6802030456852792, "Recall": 0.7052631578947368, "Precision": 0.6568627450980392, "Cohen_Kappa": 0.3330532683582591, "AUC": 0.7019036954087347, "TP": 67, "TN": 59, "FP": 35, "FN": 28}}, "LR": {"valid": {"ACC": 0.7037037037037037, "F1_Score": 0.72, "Recall": 0.7659574468085106, "Precision": 0.6792452830188679, "Cohen_Kappa": 0.40778871978513875, "AUC": 0.7788353863381859, "TP": 72, "TN": 61, "FP": 34, "FN": 22}, "test": {"ACC": 0.6613756613756614, "F1_Score": 0.6767676767676767, "Recall": 0.7052631578947368, "Precision": 0.6504854368932039, "Cohen_Kappa": 0.3224288595115393, "AUC": 0.7097424412094065, "TP": 67, "TN": 58, "FP": 36, "FN": 28}}, "ETAs": {"valid": {"ACC": 0.7248677248677249, "F1_Score": 0.74, "Recall": 0.7872340425531915, "Precision": 0.6981132075471698, "Cohen_Kappa": 0.45008952551477166, "AUC": 0.7938969764837627, "TP": 74, "TN": 63, "FP": 32, "FN": 20}, "test": {"ACC": 0.7195767195767195, "F1_Score": 0.7309644670050761, "Recall": 0.7578947368421053, "Precision": 0.7058823529411765, "Cohen_Kappa": 0.43891782893631315, "AUC": 0.7721724524076148, "TP": 72, "TN": 64, "FP": 30, "FN": 23}}, "CNB": {"valid": {"ACC": 0.656084656084656, "F1_Score": 0.6798029556650246, "Recall": 0.7340425531914894, "Precision": 0.6330275229357798, "Cohen_Kappa": 0.31272727272727274, "AUC": 0.7092945128779395, "TP": 69, "TN": 55, "FP": 40, "FN": 25}, "test": {"ACC": 0.6137566137566137, "F1_Score": 0.6331658291457286, "Recall": 0.6631578947368421, "Precision": 0.6057692307692307, "Cohen_Kappa": 0.22710212313035694, "AUC": 0.658454647256439, "TP": 63, "TN": 53, "FP": 41, "FN": 32}}, "GB": {"valid": {"ACC": 0.7724867724867724, "F1_Score": 0.7839195979899497, "Recall": 0.8297872340425532, "Precision": 0.7428571428571429, "Cohen_Kappa": 0.5452408930669801, "AUC": 0.8244120940649496, "TP": 78, "TN": 68, "FP": 27, "FN": 16}, "test": {"ACC": 0.7195767195767195, "F1_Score": 0.7282051282051281, "Recall": 0.7473684210526316, "Precision": 0.71, "Cohen_Kappa": 0.43898067768132176, "AUC": 0.764053751399776, "TP": 71, "TN": 65, "FP": 29, "FN": 24}}, "BAG": {"valid": {"ACC": 0.7248677248677249, "F1_Score": 0.731958762886598, "Recall": 0.7553191489361702, "Precision": 0.71, "Cohen_Kappa": 0.44990484719579094, "AUC": 0.7983202687569989, "TP": 71, "TN": 66, "FP": 29, "FN": 23}, "test": {"ACC": 0.6507936507936508, "F1_Score": 0.6451612903225805, "Recall": 0.631578947368421, "Precision": 0.6593406593406593, "Cohen_Kappa": 0.3017241379310345, "AUC": 0.7461926091825308, "TP": 60, "TN": 63, "FP": 31, "FN": 35}}}