{"OVR": {"valid": {"ACC": 0.6129032258064516, "F1_Score": 0.625, "Recall": 0.6666666666666666, "Precision": 0.5882352941176471, "Cohen_Kappa": 0.22821576763485474, "AUC": 0.675, "TP": 10, "TN": 9, "FP": 7, "FN": 5}, "test": {"ACC": 0.6451612903225806, "F1_Score": 0.6206896551724138, "Recall": 0.5625, "Precision": 0.6923076923076923, "Cohen_Kappa": 0.29399585921325055, "AUC": 0.6666666666666667, "TP": 9, "TN": 11, "FP": 4, "FN": 7}}, "KNB": {"valid": {"ACC": 0.6451612903225806, "F1_Score": 0.7027027027027029, "Recall": 0.8666666666666667, "Precision": 0.5909090909090909, "Cohen_Kappa": 0.2997946611909651, "AUC": 0.6875, "TP": 13, "TN": 7, "FP": 9, "FN": 2}, "test": {"ACC": 0.7419354838709677, "F1_Score": 0.7777777777777777, "Recall": 0.875, "Precision": 0.7, "Cohen_Kappa": 0.47899159663865554, "AUC": 0.7166666666666667, "TP": 14, "TN": 9, "FP": 6, "FN": 2}}, "DT": {"valid": {"ACC": 0.6774193548387096, "F1_Score": 0.6666666666666666, "Recall": 0.6666666666666666, "Precision": 0.6666666666666666, "Cohen_Kappa": 0.35416666666666674, "AUC": 0.6770833333333333, "TP": 10, "TN": 11, "FP": 5, "FN": 5}, "test": {"ACC": 0.5483870967741935, "F1_Score": 0.5333333333333333, "Recall": 0.5, "Precision": 0.5714285714285714, "Cohen_Kappa": 0.09958506224066377, "AUC": 0.5499999999999999, "TP": 8, "TN": 9, "FP": 6, "FN": 8}}, "MNB": {"valid": {"ACC": 0.6451612903225806, "F1_Score": 0.6666666666666666, "Recall": 0.7333333333333333, "Precision": 0.6111111111111112, "Cohen_Kappa": 0.29399585921325055, "AUC": 0.68125, "TP": 11, "TN": 9, "FP": 7, "FN": 4}, "test": {"ACC": 0.6774193548387096, "F1_Score": 0.7058823529411765, "Recall": 0.75, "Precision": 0.6666666666666666, "Cohen_Kappa": 0.35146443514644343, "AUC": 0.7166666666666667, "TP": 12, "TN": 9, "FP": 6, "FN": 4}}, "RF": {"valid": {"ACC": 0.6451612903225806, "F1_Score": 0.6206896551724138, "Recall": 0.6, "Precision": 0.6428571428571429, "Cohen_Kappa": 0.28810020876826725, "AUC": 0.74375, "TP": 9, "TN": 11, "FP": 5, "FN": 6}, "test": {"ACC": 0.6774193548387096, "F1_Score": 0.6875, "Recall": 0.6875, "Precision": 0.6875, "Cohen_Kappa": 0.35416666666666674, "AUC": 0.7479166666666667, "TP": 11, "TN": 10, "FP": 5, "FN": 5}}, "ADA": {"valid": {"ACC": 0.6774193548387096, "F1_Score": 0.6666666666666666, "Recall": 0.6666666666666666, "Precision": 0.6666666666666666, "Cohen_Kappa": 0.35416666666666674, "AUC": 0.6708333333333334, "TP": 10, "TN": 11, "FP": 5, "FN": 5}, "test": {"ACC": 0.6451612903225806, "F1_Score": 0.6451612903225806, "Recall": 0.625, "Precision": 0.6666666666666666, "Cohen_Kappa": 0.2910602910602911, "AUC": 0.6666666666666667, "TP": 10, "TN": 10, "FP": 5, "FN": 6}}, "XGB": {"valid": {"ACC": 0.5806451612903226, "F1_Score": 0.6285714285714286, "Recall": 0.7333333333333333, "Precision": 0.55, "Cohen_Kappa": 0.16907216494845356, "AUC": 0.7375, "TP": 11, "TN": 7, "FP": 9, "FN": 4}, "test": {"ACC": 0.5806451612903226, "F1_Score": 0.5806451612903225, "Recall": 0.5625, "Precision": 0.6, "Cohen_Kappa": 0.16216216216216217, "AUC": 0.6916666666666667, "TP": 9, "TN": 9, "FP": 6, "FN": 7}}, "MLP": {"valid": {"ACC": 0.6774193548387096, "F1_Score": 0.7058823529411765, "Recall": 0.8, "Precision": 0.631578947368421, "Cohen_Kappa": 0.359504132231405, "AUC": 0.7041666666666666, "TP": 12, "TN": 9, "FP": 7, "FN": 3}, "test": {"ACC": 0.7096774193548387, "F1_Score": 0.7096774193548386, "Recall": 0.6875, "Precision": 0.7333333333333333, "Cohen_Kappa": 0.41995841995842, "AUC": 0.7041666666666667, "TP": 11, "TN": 11, "FP": 4, "FN": 5}}, "LR": {"valid": {"ACC": 0.6129032258064516, "F1_Score": 0.625, "Recall": 0.6666666666666666, "Precision": 0.5882352941176471, "Cohen_Kappa": 0.22821576763485474, "AUC": 0.675, "TP": 10, "TN": 9, "FP": 7, "FN": 5}, "test": {"ACC": 0.6451612903225806, "F1_Score": 0.6206896551724138, "Recall": 0.5625, "Precision": 0.6923076923076923, "Cohen_Kappa": 0.29399585921325055, "AUC": 0.6666666666666667, "TP": 9, "TN": 11, "FP": 4, "FN": 7}}, "ETAs": {"valid": {"ACC": 0.7096774193548387, "F1_Score": 0.689655172413793, "Recall": 0.6666666666666666, "Precision": 0.7142857142857143, "Cohen_Kappa": 0.4175365344467642, "AUC": 0.79375, "TP": 10, "TN": 12, "FP": 4, "FN": 5}, "test": {"ACC": 0.6774193548387096, "F1_Score": 0.6875, "Recall": 0.6875, "Precision": 0.6875, "Cohen_Kappa": 0.35416666666666674, "AUC": 0.7041666666666667, "TP": 11, "TN": 10, "FP": 5, "FN": 5}}, "CNB": {"valid": {"ACC": 0.6451612903225806, "F1_Score": 0.6666666666666666, "Recall": 0.7333333333333333, "Precision": 0.6111111111111112, "Cohen_Kappa": 0.29399585921325055, "AUC": 0.68125, "TP": 11, "TN": 9, "FP": 7, "FN": 4}, "test": {"ACC": 0.6774193548387096, "F1_Score": 0.7058823529411765, "Recall": 0.75, "Precision": 0.6666666666666666, "Cohen_Kappa": 0.35146443514644343, "AUC": 0.7166666666666667, "TP": 12, "TN": 9, "FP": 6, "FN": 4}}, "GB": {"valid": {"ACC": 0.6129032258064516, "F1_Score": 0.6, "Recall": 0.6, "Precision": 0.6, "Cohen_Kappa": 0.22499999999999998, "AUC": 0.6958333333333333, "TP": 9, "TN": 10, "FP": 6, "FN": 6}, "test": {"ACC": 0.6451612903225806, "F1_Score": 0.6451612903225806, "Recall": 0.625, "Precision": 0.6666666666666666, "Cohen_Kappa": 0.2910602910602911, "AUC": 0.6416666666666667, "TP": 10, "TN": 10, "FP": 5, "FN": 6}}, "BAG": {"valid": {"ACC": 0.6129032258064516, "F1_Score": 0.6, "Recall": 0.6, "Precision": 0.6, "Cohen_Kappa": 0.22499999999999998, "AUC": 0.6833333333333333, "TP": 9, "TN": 10, "FP": 6, "FN": 6}, "test": {"ACC": 0.5161290322580645, "F1_Score": 0.4444444444444444, "Recall": 0.375, "Precision": 0.5454545454545454, "Cohen_Kappa": 0.04123711340206182, "AUC": 0.6166666666666667, "TP": 6, "TN": 10, "FP": 5, "FN": 10}}}