{"OVR": {"valid": {"ACC": 0.7037037037037037, "F1_Score": 0.711340206185567, "Recall": 0.7340425531914894, "Precision": 0.69, "Cohen_Kappa": 0.407589835441621, "AUC": 0.7973124300111981, "TP": 69, "TN": 64, "FP": 31, "FN": 25}, "test": {"ACC": 0.6984126984126984, "F1_Score": 0.7164179104477613, "Recall": 0.7578947368421053, "Precision": 0.6792452830188679, "Cohen_Kappa": 0.3964367751694773, "AUC": 0.7732362821948489, "TP": 72, "TN": 60, "FP": 34, "FN": 23}}, "KNB": {"valid": {"ACC": 0.6190476190476191, "F1_Score": 0.4705882352941176, "Recall": 0.3404255319148936, "Precision": 0.7619047619047619, "Cohen_Kappa": 0.23584905660377364, "AUC": 0.6708846584546473, "TP": 32, "TN": 85, "FP": 10, "FN": 62}, "test": {"ACC": 0.6190476190476191, "F1_Score": 0.5, "Recall": 0.37894736842105264, "Precision": 0.7346938775510204, "Cohen_Kappa": 0.24003127443315087, "AUC": 0.695912653975364, "TP": 36, "TN": 81, "FP": 13, "FN": 59}}, "DT": {"valid": {"ACC": 0.6613756613756614, "F1_Score": 0.6444444444444444, "Recall": 0.6170212765957447, "Precision": 0.6744186046511628, "Cohen_Kappa": 0.3224288595115393, "AUC": 0.6611422172452408, "TP": 58, "TN": 67, "FP": 28, "FN": 36}, "test": {"ACC": 0.6137566137566137, "F1_Score": 0.5966850828729281, "Recall": 0.5684210526315789, "Precision": 0.627906976744186, "Cohen_Kappa": 0.2278806872236835, "AUC": 0.6139977603583426, "TP": 54, "TN": 62, "FP": 32, "FN": 41}}, "MNB": {"valid": {"ACC": 0.7037037037037037, "F1_Score": 0.7407407407407407, "Recall": 0.851063829787234, "Precision": 0.6557377049180327, "Cohen_Kappa": 0.4083184257602862, "AUC": 0.7960806270996641, "TP": 80, "TN": 53, "FP": 42, "FN": 14}, "test": {"ACC": 0.6666666666666666, "F1_Score": 0.6985645933014354, "Recall": 0.7684210526315789, "Precision": 0.6403508771929824, "Cohen_Kappa": 0.33260467462586174, "AUC": 0.7555991041433371, "TP": 73, "TN": 53, "FP": 41, "FN": 22}}, "RF": {"valid": {"ACC": 0.6984126984126984, "F1_Score": 0.6815642458100559, "Recall": 0.648936170212766, "Precision": 0.7176470588235294, "Cohen_Kappa": 0.39650439751274447, "AUC": 0.7993840985442329, "TP": 61, "TN": 71, "FP": 24, "FN": 33}, "test": {"ACC": 0.7195767195767195, "F1_Score": 0.6900584795321638, "Recall": 0.6210526315789474, "Precision": 0.7763157894736842, "Cohen_Kappa": 0.43973376587057444, "AUC": 0.7826987681970884, "TP": 59, "TN": 77, "FP": 17, "FN": 36}}, "ADA": {"valid": {"ACC": 0.6878306878306878, "F1_Score": 0.670391061452514, "Recall": 0.6382978723404256, "Precision": 0.7058823529411765, "Cohen_Kappa": 0.375329113214946, "AUC": 0.7319148936170212, "TP": 60, "TN": 70, "FP": 25, "FN": 34}, "test": {"ACC": 0.6613756613756614, "F1_Score": 0.6404494382022472, "Recall": 0.6, "Precision": 0.6867469879518072, "Cohen_Kappa": 0.32318710832587283, "AUC": 0.7025195968645017, "TP": 57, "TN": 68, "FP": 26, "FN": 38}}, "XGB": {"valid": {"ACC": 0.7301587301587301, "F1_Score": 0.7411167512690355, "Recall": 0.776595744680851, "Precision": 0.7087378640776699, "Cohen_Kappa": 0.46057417874531315, "AUC": 0.7769316909294512, "TP": 73, "TN": 65, "FP": 30, "FN": 21}, "test": {"ACC": 0.6666666666666666, "F1_Score": 0.6666666666666666, "Recall": 0.6631578947368421, "Precision": 0.6702127659574468, "Cohen_Kappa": 0.3333519959688708, "AUC": 0.7381298992161254, "TP": 63, "TN": 63, "FP": 31, "FN": 32}}, "MLP": {"valid": {"ACC": 0.6931216931216931, "F1_Score": 0.7010309278350516, "Recall": 0.723404255319149, "Precision": 0.68, "Cohen_Kappa": 0.386432329564536, "AUC": 0.7723404255319148, "TP": 68, "TN": 63, "FP": 32, "FN": 26}, "test": {"ACC": 0.671957671957672, "F1_Score": 0.6804123711340206, "Recall": 0.6947368421052632, "Precision": 0.6666666666666666, "Cohen_Kappa": 0.34375, "AUC": 0.7328107502799552, "TP": 66, "TN": 61, "FP": 33, "FN": 29}}, "LR": {"valid": {"ACC": 0.7037037037037037, "F1_Score": 0.711340206185567, "Recall": 0.7340425531914894, "Precision": 0.69, "Cohen_Kappa": 0.407589835441621, "AUC": 0.7973124300111981, "TP": 69, "TN": 64, "FP": 31, "FN": 25}, "test": {"ACC": 0.6984126984126984, "F1_Score": 0.7164179104477613, "Recall": 0.7578947368421053, "Precision": 0.6792452830188679, "Cohen_Kappa": 0.3964367751694773, "AUC": 0.7732362821948489, "TP": 72, "TN": 60, "FP": 34, "FN": 23}}, "ETAs": {"valid": {"ACC": 0.7354497354497355, "F1_Score": 0.7093023255813954, "Recall": 0.648936170212766, "Precision": 0.782051282051282, "Cohen_Kappa": 0.4704102219233356, "AUC": 0.8207726763717805, "TP": 61, "TN": 78, "FP": 17, "FN": 33}, "test": {"ACC": 0.7248677248677249, "F1_Score": 0.6976744186046512, "Recall": 0.631578947368421, "Precision": 0.7792207792207793, "Cohen_Kappa": 0.45027407987470636, "AUC": 0.788353863381859, "TP": 60, "TN": 77, "FP": 17, "FN": 35}}, "CNB": {"valid": {"ACC": 0.7037037037037037, "F1_Score": 0.7407407407407407, "Recall": 0.851063829787234, "Precision": 0.6557377049180327, "Cohen_Kappa": 0.4083184257602862, "AUC": 0.7960806270996641, "TP": 80, "TN": 53, "FP": 42, "FN": 14}, "test": {"ACC": 0.6666666666666666, "F1_Score": 0.6985645933014354, "Recall": 0.7684210526315789, "Precision": 0.6403508771929824, "Cohen_Kappa": 0.33260467462586174, "AUC": 0.7555991041433371, "TP": 73, "TN": 53, "FP": 41, "FN": 22}}, "GB": {"valid": {"ACC": 0.7195767195767195, "F1_Score": 0.7225130890052357, "Recall": 0.7340425531914894, "Precision": 0.711340206185567, "Cohen_Kappa": 0.43923193192632826, "AUC": 0.769652855543113, "TP": 69, "TN": 67, "FP": 28, "FN": 25}, "test": {"ACC": 0.7142857142857143, "F1_Score": 0.7157894736842105, "Recall": 0.7157894736842105, "Precision": 0.7157894736842105, "Cohen_Kappa": 0.428555431131019, "AUC": 0.756494960806271, "TP": 68, "TN": 67, "FP": 27, "FN": 27}}, "BAG": {"valid": {"ACC": 0.7248677248677249, "F1_Score": 0.7078651685393258, "Recall": 0.6702127659574468, "Precision": 0.75, "Cohen_Kappa": 0.4494117647058823, "AUC": 0.7718924972004478, "TP": 63, "TN": 74, "FP": 21, "FN": 31}, "test": {"ACC": 0.6825396825396826, "F1_Score": 0.6551724137931034, "Recall": 0.6, "Precision": 0.7215189873417721, "Cohen_Kappa": 0.36562989483105846, "AUC": 0.7405935050391936, "TP": 57, "TN": 72, "FP": 22, "FN": 38}}}