{"OVR": {"valid": {"ACC": 0.6653225806451613, "F1_Score": 0.6693227091633466, "Recall": 0.6774193548387096, "Precision": 0.6614173228346457, "Cohen_Kappa": 0.3306451612903226, "AUC": 0.7377731529656607, "TP": 84, "TN": 81, "FP": 43, "FN": 40}, "test": {"ACC": 0.7389558232931727, "F1_Score": 0.7346938775510203, "Recall": 0.7258064516129032, "Precision": 0.743801652892562, "Cohen_Kappa": 0.4778526954221376, "AUC": 0.8283870967741935, "TP": 90, "TN": 94, "FP": 31, "FN": 34}}, "KNB": {"valid": {"ACC": 0.5725806451612904, "F1_Score": 0.3291139240506329, "Recall": 0.20967741935483872, "Precision": 0.7647058823529411, "Cohen_Kappa": 0.14516129032258063, "AUC": 0.6476326742976066, "TP": 26, "TN": 116, "FP": 8, "FN": 98}, "test": {"ACC": 0.6104417670682731, "F1_Score": 0.3741935483870968, "Recall": 0.23387096774193547, "Precision": 0.9354838709677419, "Cohen_Kappa": 0.21852654738408772, "AUC": 0.7021290322580647, "TP": 29, "TN": 123, "FP": 2, "FN": 95}}, "DT": {"valid": {"ACC": 0.5887096774193549, "F1_Score": 0.5853658536585366, "Recall": 0.5806451612903226, "Precision": 0.5901639344262295, "Cohen_Kappa": 0.17741935483870963, "AUC": 0.5894250780437045, "TP": 72, "TN": 74, "FP": 50, "FN": 52}, "test": {"ACC": 0.6586345381526104, "F1_Score": 0.653061224489796, "Recall": 0.6451612903225806, "Precision": 0.6611570247933884, "Cohen_Kappa": 0.3171919863212569, "AUC": 0.6585806451612902, "TP": 80, "TN": 84, "FP": 41, "FN": 44}}, "MNB": {"valid": {"ACC": 0.6653225806451613, "F1_Score": 0.6770428015564202, "Recall": 0.7016129032258065, "Precision": 0.6541353383458647, "Cohen_Kappa": 0.3306451612903226, "AUC": 0.7088319458896982, "TP": 87, "TN": 78, "FP": 46, "FN": 37}, "test": {"ACC": 0.7269076305220884, "F1_Score": 0.7142857142857142, "Recall": 0.6854838709677419, "Precision": 0.7456140350877193, "Cohen_Kappa": 0.45363020329138437, "AUC": 0.7778709677419354, "TP": 85, "TN": 96, "FP": 29, "FN": 39}}, "RF": {"valid": {"ACC": 0.6733870967741935, "F1_Score": 0.6582278481012658, "Recall": 0.6290322580645161, "Precision": 0.6902654867256637, "Cohen_Kappa": 0.3467741935483871, "AUC": 0.7542273673257024, "TP": 78, "TN": 89, "FP": 35, "FN": 46}, "test": {"ACC": 0.7188755020080321, "F1_Score": 0.6846846846846848, "Recall": 0.6129032258064516, "Precision": 0.7755102040816326, "Cohen_Kappa": 0.43726996836056053, "AUC": 0.8190967741935483, "TP": 76, "TN": 103, "FP": 22, "FN": 48}}, "ADA": {"valid": {"ACC": 0.6733870967741935, "F1_Score": 0.6693877551020408, "Recall": 0.6612903225806451, "Precision": 0.6776859504132231, "Cohen_Kappa": 0.3467741935483871, "AUC": 0.6863618626430801, "TP": 82, "TN": 85, "FP": 39, "FN": 42}, "test": {"ACC": 0.6224899598393574, "F1_Score": 0.6050420168067226, "Recall": 0.5806451612903226, "Precision": 0.631578947368421, "Cohen_Kappa": 0.24472410454985483, "AUC": 0.7040967741935484, "TP": 72, "TN": 83, "FP": 42, "FN": 52}}, "XGB": {"valid": {"ACC": 0.6491935483870968, "F1_Score": 0.6588235294117646, "Recall": 0.6774193548387096, "Precision": 0.6412213740458015, "Cohen_Kappa": 0.2983870967741935, "AUC": 0.7292533818938606, "TP": 84, "TN": 77, "FP": 47, "FN": 40}, "test": {"ACC": 0.7188755020080321, "F1_Score": 0.7177419354838711, "Recall": 0.717741935483871, "Precision": 0.717741935483871, "Cohen_Kappa": 0.43774193548387097, "AUC": 0.8076774193548387, "TP": 89, "TN": 90, "FP": 35, "FN": 35}}, "MLP": {"valid": {"ACC": 0.6491935483870968, "F1_Score": 0.6477732793522268, "Recall": 0.6451612903225806, "Precision": 0.6504065040650406, "Cohen_Kappa": 0.2983870967741935, "AUC": 0.7126040582726327, "TP": 80, "TN": 81, "FP": 43, "FN": 44}, "test": {"ACC": 0.7349397590361446, "F1_Score": 0.725, "Recall": 0.7016129032258065, "Precision": 0.75, "Cohen_Kappa": 0.4697341249354673, "AUC": 0.8013548387096774, "TP": 87, "TN": 96, "FP": 29, "FN": 37}}, "LR": {"valid": {"ACC": 0.6653225806451613, "F1_Score": 0.6693227091633466, "Recall": 0.6774193548387096, "Precision": 0.6614173228346457, "Cohen_Kappa": 0.3306451612903226, "AUC": 0.7377731529656607, "TP": 84, "TN": 81, "FP": 43, "FN": 40}, "test": {"ACC": 0.7389558232931727, "F1_Score": 0.7346938775510203, "Recall": 0.7258064516129032, "Precision": 0.743801652892562, "Cohen_Kappa": 0.4778526954221376, "AUC": 0.8283870967741935, "TP": 90, "TN": 94, "FP": 31, "FN": 34}}, "ETAs": {"valid": {"ACC": 0.6532258064516129, "F1_Score": 0.6416666666666667, "Recall": 0.6209677419354839, "Precision": 0.6637931034482759, "Cohen_Kappa": 0.30645161290322576, "AUC": 0.7381633714880332, "TP": 77, "TN": 85, "FP": 39, "FN": 47}, "test": {"ACC": 0.7630522088353414, "F1_Score": 0.73542600896861, "Recall": 0.6612903225806451, "Precision": 0.8282828282828283, "Cohen_Kappa": 0.5257142857142858, "AUC": 0.8259032258064517, "TP": 82, "TN": 108, "FP": 17, "FN": 42}}, "CNB": {"valid": {"ACC": 0.6653225806451613, "F1_Score": 0.6770428015564202, "Recall": 0.7016129032258065, "Precision": 0.6541353383458647, "Cohen_Kappa": 0.3306451612903226, "AUC": 0.7088319458896982, "TP": 87, "TN": 78, "FP": 46, "FN": 37}, "test": {"ACC": 0.7269076305220884, "F1_Score": 0.7142857142857142, "Recall": 0.6854838709677419, "Precision": 0.7456140350877193, "Cohen_Kappa": 0.45363020329138437, "AUC": 0.7778709677419354, "TP": 85, "TN": 96, "FP": 29, "FN": 39}}, "GB": {"valid": {"ACC": 0.6653225806451613, "F1_Score": 0.6639676113360323, "Recall": 0.6612903225806451, "Precision": 0.6666666666666666, "Cohen_Kappa": 0.3306451612903226, "AUC": 0.735399323621228, "TP": 82, "TN": 83, "FP": 41, "FN": 42}, "test": {"ACC": 0.7309236947791165, "F1_Score": 0.7148936170212766, "Recall": 0.6774193548387096, "Precision": 0.7567567567567568, "Cohen_Kappa": 0.46161293445638496, "AUC": 0.7859354838709678, "TP": 84, "TN": 98, "FP": 27, "FN": 40}}, "BAG": {"valid": {"ACC": 0.625, "F1_Score": 0.6008583690987125, "Recall": 0.5645161290322581, "Precision": 0.6422018348623854, "Cohen_Kappa": 0.25, "AUC": 0.7059703433922997, "TP": 70, "TN": 85, "FP": 39, "FN": 54}, "test": {"ACC": 0.6746987951807228, "F1_Score": 0.646288209606987, "Recall": 0.5967741935483871, "Precision": 0.7047619047619048, "Cohen_Kappa": 0.3489880894741938, "AUC": 0.7614838709677418, "TP": 74, "TN": 94, "FP": 31, "FN": 50}}}