{"OVR": {"valid": {"ACC": 0.7328767123287672, "F1_Score": 0.6880000000000001, "Recall": 0.589041095890411, "Precision": 0.8269230769230769, "Cohen_Kappa": 0.4657534246575342, "AUC": 0.8084068305498218, "TP": 43, "TN": 64, "FP": 9, "FN": 30}, "test": {"ACC": 0.7123287671232876, "F1_Score": 0.7123287671232877, "Recall": 0.7123287671232876, "Precision": 0.7123287671232876, "Cohen_Kappa": 0.4246575342465754, "AUC": 0.7978982923625445, "TP": 52, "TN": 52, "FP": 21, "FN": 21}}, "KNB": {"valid": {"ACC": 0.5753424657534246, "F1_Score": 0.2954545454545454, "Recall": 0.1780821917808219, "Precision": 0.8666666666666667, "Cohen_Kappa": 0.15068493150684936, "AUC": 0.7047288421842747, "TP": 13, "TN": 71, "FP": 2, "FN": 60}, "test": {"ACC": 0.6095890410958904, "F1_Score": 0.3870967741935484, "Recall": 0.2465753424657534, "Precision": 0.9, "Cohen_Kappa": 0.2191780821917808, "AUC": 0.6844623756802402, "TP": 18, "TN": 71, "FP": 2, "FN": 55}}, "DT": {"valid": {"ACC": 0.6506849315068494, "F1_Score": 0.5984251968503937, "Recall": 0.5205479452054794, "Precision": 0.7037037037037037, "Cohen_Kappa": 0.3013698630136986, "AUC": 0.6506849315068493, "TP": 38, "TN": 57, "FP": 16, "FN": 35}, "test": {"ACC": 0.6438356164383562, "F1_Score": 0.6338028169014085, "Recall": 0.6164383561643836, "Precision": 0.6521739130434783, "Cohen_Kappa": 0.28767123287671237, "AUC": 0.6438356164383562, "TP": 45, "TN": 49, "FP": 24, "FN": 28}}, "MNB": {"valid": {"ACC": 0.7123287671232876, "F1_Score": 0.6865671641791045, "Recall": 0.6301369863013698, "Precision": 0.7540983606557377, "Cohen_Kappa": 0.4246575342465754, "AUC": 0.8002439482079189, "TP": 46, "TN": 58, "FP": 15, "FN": 27}, "test": {"ACC": 0.726027397260274, "F1_Score": 0.7402597402597403, "Recall": 0.7808219178082192, "Precision": 0.7037037037037037, "Cohen_Kappa": 0.452054794520548, "AUC": 0.7950835053480954, "TP": 57, "TN": 49, "FP": 24, "FN": 16}}, "RF": {"valid": {"ACC": 0.6986301369863014, "F1_Score": 0.6271186440677966, "Recall": 0.5068493150684932, "Precision": 0.8222222222222222, "Cohen_Kappa": 0.3972602739726028, "AUC": 0.8026834302871083, "TP": 37, "TN": 65, "FP": 8, "FN": 36}, "test": {"ACC": 0.7671232876712328, "F1_Score": 0.7384615384615385, "Recall": 0.6575342465753424, "Precision": 0.8421052631578947, "Cohen_Kappa": 0.5342465753424658, "AUC": 0.8320510414711954, "TP": 48, "TN": 64, "FP": 9, "FN": 25}}, "ADA": {"valid": {"ACC": 0.7123287671232876, "F1_Score": 0.676923076923077, "Recall": 0.6027397260273972, "Precision": 0.7719298245614035, "Cohen_Kappa": 0.4246575342465754, "AUC": 0.7203978232313755, "TP": 44, "TN": 60, "FP": 13, "FN": 29}, "test": {"ACC": 0.684931506849315, "F1_Score": 0.6666666666666666, "Recall": 0.6301369863013698, "Precision": 0.7076923076923077, "Cohen_Kappa": 0.36986301369863017, "AUC": 0.6897166447738787, "TP": 46, "TN": 54, "FP": 19, "FN": 27}}, "XGB": {"valid": {"ACC": 0.7808219178082192, "F1_Score": 0.7647058823529411, "Recall": 0.7123287671232876, "Precision": 0.8253968253968254, "Cohen_Kappa": 0.5616438356164384, "AUC": 0.8324263464064552, "TP": 52, "TN": 62, "FP": 11, "FN": 21}, "test": {"ACC": 0.678082191780822, "F1_Score": 0.6845637583892618, "Recall": 0.6986301369863014, "Precision": 0.6710526315789473, "Cohen_Kappa": 0.3561643835616438, "AUC": 0.7800713079376992, "TP": 51, "TN": 48, "FP": 25, "FN": 22}}, "MLP": {"valid": {"ACC": 0.7671232876712328, "F1_Score": 0.7343750000000001, "Recall": 0.6438356164383562, "Precision": 0.8545454545454545, "Cohen_Kappa": 0.5342465753424658, "AUC": 0.8046537811972228, "TP": 47, "TN": 65, "FP": 8, "FN": 26}, "test": {"ACC": 0.7191780821917808, "F1_Score": 0.7248322147651005, "Recall": 0.7397260273972602, "Precision": 0.7105263157894737, "Cohen_Kappa": 0.4383561643835616, "AUC": 0.799587164571214, "TP": 54, "TN": 51, "FP": 22, "FN": 19}}, "LR": {"valid": {"ACC": 0.7328767123287672, "F1_Score": 0.6880000000000001, "Recall": 0.589041095890411, "Precision": 0.8269230769230769, "Cohen_Kappa": 0.4657534246575342, "AUC": 0.8084068305498218, "TP": 43, "TN": 64, "FP": 9, "FN": 30}, "test": {"ACC": 0.7123287671232876, "F1_Score": 0.7123287671232877, "Recall": 0.7123287671232876, "Precision": 0.7123287671232876, "Cohen_Kappa": 0.4246575342465754, "AUC": 0.7978982923625445, "TP": 52, "TN": 52, "FP": 21, "FN": 21}}, "ETAs": {"valid": {"ACC": 0.7328767123287672, "F1_Score": 0.6829268292682927, "Recall": 0.5753424657534246, "Precision": 0.84, "Cohen_Kappa": 0.4657534246575342, "AUC": 0.8392756614749484, "TP": 42, "TN": 65, "FP": 8, "FN": 31}, "test": {"ACC": 0.7534246575342466, "F1_Score": 0.7313432835820896, "Recall": 0.6712328767123288, "Precision": 0.8032786885245902, "Cohen_Kappa": 0.5068493150684932, "AUC": 0.8050290861324826, "TP": 49, "TN": 61, "FP": 12, "FN": 24}}, "CNB": {"valid": {"ACC": 0.7123287671232876, "F1_Score": 0.6865671641791045, "Recall": 0.6301369863013698, "Precision": 0.7540983606557377, "Cohen_Kappa": 0.4246575342465754, "AUC": 0.8002439482079189, "TP": 46, "TN": 58, "FP": 15, "FN": 27}, "test": {"ACC": 0.726027397260274, "F1_Score": 0.7402597402597403, "Recall": 0.7808219178082192, "Precision": 0.7037037037037037, "Cohen_Kappa": 0.452054794520548, "AUC": 0.7950835053480954, "TP": 57, "TN": 49, "FP": 24, "FN": 16}}, "GB": {"valid": {"ACC": 0.7191780821917808, "F1_Score": 0.6821705426356588, "Recall": 0.6027397260273972, "Precision": 0.7857142857142857, "Cohen_Kappa": 0.4383561643835616, "AUC": 0.7673109401388629, "TP": 44, "TN": 61, "FP": 12, "FN": 29}, "test": {"ACC": 0.684931506849315, "F1_Score": 0.6891891891891893, "Recall": 0.6986301369863014, "Precision": 0.68, "Cohen_Kappa": 0.36986301369863017, "AUC": 0.759241884030775, "TP": 51, "TN": 49, "FP": 24, "FN": 22}}, "BAG": {"valid": {"ACC": 0.6917808219178082, "F1_Score": 0.608695652173913, "Recall": 0.4794520547945205, "Precision": 0.8333333333333334, "Cohen_Kappa": 0.3835616438356164, "AUC": 0.7770688684556202, "TP": 35, "TN": 66, "FP": 7, "FN": 38}, "test": {"ACC": 0.684931506849315, "F1_Score": 0.6461538461538462, "Recall": 0.5753424657534246, "Precision": 0.7368421052631579, "Cohen_Kappa": 0.36986301369863017, "AUC": 0.7695627697504223, "TP": 42, "TN": 58, "FP": 15, "FN": 31}}}