{"OVR": {"valid": {"ACC": 0.6515151515151515, "F1_Score": 0.6849315068493151, "Recall": 0.7575757575757576, "Precision": 0.625, "Cohen_Kappa": 0.303030303030303, "AUC": 0.7226813590449954, "TP": 25, "TN": 18, "FP": 15, "FN": 8}, "test": {"ACC": 0.582089552238806, "F1_Score": 0.5757575757575757, "Recall": 0.5588235294117647, "Precision": 0.59375, "Cohen_Kappa": 0.16473731077471054, "AUC": 0.587344028520499, "TP": 19, "TN": 20, "FP": 13, "FN": 15}}, "KNB": {"valid": {"ACC": 0.696969696969697, "F1_Score": 0.696969696969697, "Recall": 0.696969696969697, "Precision": 0.696969696969697, "Cohen_Kappa": 0.3939393939393939, "AUC": 0.714416896235078, "TP": 23, "TN": 23, "FP": 10, "FN": 10}, "test": {"ACC": 0.5373134328358209, "F1_Score": 0.5230769230769231, "Recall": 0.5, "Precision": 0.5483870967741935, "Cohen_Kappa": 0.07565643079661777, "AUC": 0.5699643493761141, "TP": 17, "TN": 19, "FP": 14, "FN": 17}}, "DT": {"valid": {"ACC": 0.6515151515151515, "F1_Score": 0.676056338028169, "Recall": 0.7272727272727273, "Precision": 0.631578947368421, "Cohen_Kappa": 0.303030303030303, "AUC": 0.6515151515151515, "TP": 24, "TN": 19, "FP": 14, "FN": 9}, "test": {"ACC": 0.5522388059701493, "F1_Score": 0.5833333333333334, "Recall": 0.6176470588235294, "Precision": 0.5526315789473685, "Cohen_Kappa": 0.1026785714285714, "AUC": 0.5512477718360071, "TP": 21, "TN": 16, "FP": 17, "FN": 13}}, "MNB": {"valid": {"ACC": 0.6515151515151515, "F1_Score": 0.6849315068493151, "Recall": 0.7575757575757576, "Precision": 0.625, "Cohen_Kappa": 0.303030303030303, "AUC": 0.72910927456382, "TP": 25, "TN": 18, "FP": 15, "FN": 8}, "test": {"ACC": 0.5223880597014925, "F1_Score": 0.42857142857142855, "Recall": 0.35294117647058826, "Precision": 0.5454545454545454, "Cohen_Kappa": 0.04964539007092206, "AUC": 0.5222816399286987, "TP": 12, "TN": 23, "FP": 10, "FN": 22}}, "RF": {"valid": {"ACC": 0.6363636363636364, "F1_Score": 0.6666666666666667, "Recall": 0.7272727272727273, "Precision": 0.6153846153846154, "Cohen_Kappa": 0.2727272727272727, "AUC": 0.7281910009182736, "TP": 24, "TN": 18, "FP": 15, "FN": 9}, "test": {"ACC": 0.5671641791044776, "F1_Score": 0.5797101449275363, "Recall": 0.5882352941176471, "Precision": 0.5714285714285714, "Cohen_Kappa": 0.13374944271065536, "AUC": 0.5851158645276292, "TP": 20, "TN": 18, "FP": 15, "FN": 14}}, "ADA": {"valid": {"ACC": 0.6363636363636364, "F1_Score": 0.6571428571428571, "Recall": 0.696969696969697, "Precision": 0.6216216216216216, "Cohen_Kappa": 0.2727272727272727, "AUC": 0.6841138659320478, "TP": 23, "TN": 19, "FP": 14, "FN": 10}, "test": {"ACC": 0.5373134328358209, "F1_Score": 0.5373134328358209, "Recall": 0.5294117647058824, "Precision": 0.5454545454545454, "Cohen_Kappa": 0.07483296213808466, "AUC": 0.5543672014260249, "TP": 18, "TN": 18, "FP": 15, "FN": 16}}, "XGB": {"valid": {"ACC": 0.6060606060606061, "F1_Score": 0.6578947368421053, "Recall": 0.7575757575757576, "Precision": 0.5813953488372093, "Cohen_Kappa": 0.21212121212121215, "AUC": 0.7300275482093664, "TP": 25, "TN": 15, "FP": 18, "FN": 8}, "test": {"ACC": 0.5522388059701493, "F1_Score": 0.5714285714285715, "Recall": 0.5882352941176471, "Precision": 0.5555555555555556, "Cohen_Kappa": 0.10347903657448698, "AUC": 0.5980392156862745, "TP": 20, "TN": 17, "FP": 16, "FN": 14}}, "MLP": {"valid": {"ACC": 0.6818181818181818, "F1_Score": 0.6956521739130435, "Recall": 0.7272727272727273, "Precision": 0.6666666666666666, "Cohen_Kappa": 0.36363636363636365, "AUC": 0.7529843893480258, "TP": 24, "TN": 21, "FP": 12, "FN": 9}, "test": {"ACC": 0.4925373134328358, "F1_Score": 0.46875, "Recall": 0.4411764705882353, "Precision": 0.5, "Cohen_Kappa": -0.013345195729537407, "AUC": 0.5383244206773619, "TP": 15, "TN": 18, "FP": 15, "FN": 19}}, "LR": {"valid": {"ACC": 0.6515151515151515, "F1_Score": 0.6849315068493151, "Recall": 0.7575757575757576, "Precision": 0.625, "Cohen_Kappa": 0.303030303030303, "AUC": 0.7226813590449954, "TP": 25, "TN": 18, "FP": 15, "FN": 8}, "test": {"ACC": 0.582089552238806, "F1_Score": 0.5757575757575757, "Recall": 0.5588235294117647, "Precision": 0.59375, "Cohen_Kappa": 0.16473731077471054, "AUC": 0.587344028520499, "TP": 19, "TN": 20, "FP": 13, "FN": 15}}, "ETAs": {"valid": {"ACC": 0.6515151515151515, "F1_Score": 0.6933333333333334, "Recall": 0.7878787878787878, "Precision": 0.6190476190476191, "Cohen_Kappa": 0.303030303030303, "AUC": 0.714416896235078, "TP": 26, "TN": 17, "FP": 16, "FN": 7}, "test": {"ACC": 0.5373134328358209, "F1_Score": 0.5230769230769231, "Recall": 0.5, "Precision": 0.5483870967741935, "Cohen_Kappa": 0.07565643079661777, "AUC": 0.5690730837789661, "TP": 17, "TN": 19, "FP": 14, "FN": 17}}, "CNB": {"valid": {"ACC": 0.6515151515151515, "F1_Score": 0.6849315068493151, "Recall": 0.7575757575757576, "Precision": 0.625, "Cohen_Kappa": 0.303030303030303, "AUC": 0.72910927456382, "TP": 25, "TN": 18, "FP": 15, "FN": 8}, "test": {"ACC": 0.5223880597014925, "F1_Score": 0.42857142857142855, "Recall": 0.35294117647058826, "Precision": 0.5454545454545454, "Cohen_Kappa": 0.04964539007092206, "AUC": 0.5222816399286987, "TP": 12, "TN": 23, "FP": 10, "FN": 22}}, "GB": {"valid": {"ACC": 0.7272727272727273, "F1_Score": 0.7428571428571429, "Recall": 0.7878787878787878, "Precision": 0.7027027027027027, "Cohen_Kappa": 0.4545454545454546, "AUC": 0.765840220385675, "TP": 26, "TN": 22, "FP": 11, "FN": 7}, "test": {"ACC": 0.5373134328358209, "F1_Score": 0.5507246376811593, "Recall": 0.5588235294117647, "Precision": 0.5428571428571428, "Cohen_Kappa": 0.07400802496656267, "AUC": 0.606951871657754, "TP": 19, "TN": 17, "FP": 16, "FN": 15}}, "BAG": {"valid": {"ACC": 0.6515151515151515, "F1_Score": 0.6229508196721312, "Recall": 0.5757575757575758, "Precision": 0.6785714285714286, "Cohen_Kappa": 0.303030303030303, "AUC": 0.7337006427915519, "TP": 19, "TN": 24, "FP": 9, "FN": 14}, "test": {"ACC": 0.6268656716417911, "F1_Score": 0.6031746031746031, "Recall": 0.5588235294117647, "Precision": 0.6551724137931034, "Cohen_Kappa": 0.25522454424188534, "AUC": 0.6167557932263813, "TP": 19, "TN": 23, "FP": 10, "FN": 15}}}