{"OVR": {"valid": {"ACC": 0.66, "F1_Score": 0.670967741935484, "Recall": 0.6933333333333334, "Precision": 0.65, "Cohen_Kappa": 0.31999999999999995, "AUC": 0.7262222222222222, "TP": 52, "TN": 47, "FP": 28, "FN": 23}, "test": {"ACC": 0.6933333333333334, "F1_Score": 0.6849315068493151, "Recall": 0.6666666666666666, "Precision": 0.704225352112676, "Cohen_Kappa": 0.3866666666666667, "AUC": 0.7756444444444445, "TP": 50, "TN": 54, "FP": 21, "FN": 25}}, "KNB": {"valid": {"ACC": 0.62, "F1_Score": 0.5365853658536586, "Recall": 0.44, "Precision": 0.6875, "Cohen_Kappa": 0.24, "AUC": 0.6254222222222223, "TP": 33, "TN": 60, "FP": 15, "FN": 42}, "test": {"ACC": 0.62, "F1_Score": 0.5777777777777778, "Recall": 0.52, "Precision": 0.65, "Cohen_Kappa": 0.24, "AUC": 0.6552888888888889, "TP": 39, "TN": 54, "FP": 21, "FN": 36}}, "DT": {"valid": {"ACC": 0.6466666666666666, "F1_Score": 0.6074074074074074, "Recall": 0.5466666666666666, "Precision": 0.6833333333333333, "Cohen_Kappa": 0.29333333333333333, "AUC": 0.6466666666666666, "TP": 41, "TN": 56, "FP": 19, "FN": 34}, "test": {"ACC": 0.5733333333333334, "F1_Score": 0.5555555555555555, "Recall": 0.5333333333333333, "Precision": 0.5797101449275363, "Cohen_Kappa": 0.1466666666666666, "AUC": 0.5733333333333333, "TP": 40, "TN": 46, "FP": 29, "FN": 35}}, "MNB": {"valid": {"ACC": 0.62, "F1_Score": 0.6503067484662576, "Recall": 0.7066666666666667, "Precision": 0.6022727272727273, "Cohen_Kappa": 0.24, "AUC": 0.6915555555555557, "TP": 53, "TN": 40, "FP": 35, "FN": 22}, "test": {"ACC": 0.6266666666666667, "F1_Score": 0.6818181818181819, "Recall": 0.8, "Precision": 0.594059405940594, "Cohen_Kappa": 0.2533333333333333, "AUC": 0.7477333333333334, "TP": 60, "TN": 34, "FP": 41, "FN": 15}}, "RF": {"valid": {"ACC": 0.6666666666666666, "F1_Score": 0.6376811594202899, "Recall": 0.5866666666666667, "Precision": 0.6984126984126984, "Cohen_Kappa": 0.33333333333333337, "AUC": 0.7242666666666665, "TP": 44, "TN": 56, "FP": 19, "FN": 31}, "test": {"ACC": 0.7, "F1_Score": 0.6808510638297872, "Recall": 0.64, "Precision": 0.7272727272727273, "Cohen_Kappa": 0.4, "AUC": 0.7512, "TP": 48, "TN": 57, "FP": 18, "FN": 27}}, "ADA": {"valid": {"ACC": 0.6466666666666666, "F1_Score": 0.6490066225165563, "Recall": 0.6533333333333333, "Precision": 0.6447368421052632, "Cohen_Kappa": 0.29333333333333333, "AUC": 0.6832, "TP": 49, "TN": 48, "FP": 27, "FN": 26}, "test": {"ACC": 0.58, "F1_Score": 0.5827814569536424, "Recall": 0.5866666666666667, "Precision": 0.5789473684210527, "Cohen_Kappa": 0.16000000000000003, "AUC": 0.6094222222222223, "TP": 44, "TN": 43, "FP": 32, "FN": 31}}, "XGB": {"valid": {"ACC": 0.6533333333333333, "F1_Score": 0.6623376623376623, "Recall": 0.68, "Precision": 0.6455696202531646, "Cohen_Kappa": 0.30666666666666664, "AUC": 0.6691555555555556, "TP": 51, "TN": 47, "FP": 28, "FN": 24}, "test": {"ACC": 0.6733333333333333, "F1_Score": 0.6711409395973154, "Recall": 0.6666666666666666, "Precision": 0.6756756756756757, "Cohen_Kappa": 0.3466666666666667, "AUC": 0.741511111111111, "TP": 50, "TN": 51, "FP": 24, "FN": 25}}, "MLP": {"valid": {"ACC": 0.6333333333333333, "F1_Score": 0.6357615894039735, "Recall": 0.64, "Precision": 0.631578947368421, "Cohen_Kappa": 0.2666666666666667, "AUC": 0.6766222222222222, "TP": 48, "TN": 47, "FP": 28, "FN": 27}, "test": {"ACC": 0.7, "F1_Score": 0.7058823529411765, "Recall": 0.72, "Precision": 0.6923076923076923, "Cohen_Kappa": 0.4, "AUC": 0.7948444444444445, "TP": 54, "TN": 51, "FP": 24, "FN": 21}}, "LR": {"valid": {"ACC": 0.66, "F1_Score": 0.670967741935484, "Recall": 0.6933333333333334, "Precision": 0.65, "Cohen_Kappa": 0.31999999999999995, "AUC": 0.7262222222222222, "TP": 52, "TN": 47, "FP": 28, "FN": 23}, "test": {"ACC": 0.6933333333333334, "F1_Score": 0.6849315068493151, "Recall": 0.6666666666666666, "Precision": 0.704225352112676, "Cohen_Kappa": 0.3866666666666667, "AUC": 0.7756444444444445, "TP": 50, "TN": 54, "FP": 21, "FN": 25}}, "ETAs": {"valid": {"ACC": 0.6533333333333333, "F1_Score": 0.638888888888889, "Recall": 0.6133333333333333, "Precision": 0.6666666666666666, "Cohen_Kappa": 0.30666666666666664, "AUC": 0.7152000000000001, "TP": 46, "TN": 52, "FP": 23, "FN": 29}, "test": {"ACC": 0.6533333333333333, "F1_Score": 0.6533333333333333, "Recall": 0.6533333333333333, "Precision": 0.6533333333333333, "Cohen_Kappa": 0.30666666666666664, "AUC": 0.7587555555555555, "TP": 49, "TN": 49, "FP": 26, "FN": 26}}, "CNB": {"valid": {"ACC": 0.62, "F1_Score": 0.6503067484662576, "Recall": 0.7066666666666667, "Precision": 0.6022727272727273, "Cohen_Kappa": 0.24, "AUC": 0.6915555555555557, "TP": 53, "TN": 40, "FP": 35, "FN": 22}, "test": {"ACC": 0.6266666666666667, "F1_Score": 0.6818181818181819, "Recall": 0.8, "Precision": 0.594059405940594, "Cohen_Kappa": 0.2533333333333333, "AUC": 0.7477333333333334, "TP": 60, "TN": 34, "FP": 41, "FN": 15}}, "GB": {"valid": {"ACC": 0.6266666666666667, "F1_Score": 0.6216216216216216, "Recall": 0.6133333333333333, "Precision": 0.6301369863013698, "Cohen_Kappa": 0.2533333333333333, "AUC": 0.6797333333333333, "TP": 46, "TN": 48, "FP": 27, "FN": 29}, "test": {"ACC": 0.6, "F1_Score": 0.620253164556962, "Recall": 0.6533333333333333, "Precision": 0.5903614457831325, "Cohen_Kappa": 0.19999999999999996, "AUC": 0.6518222222222222, "TP": 49, "TN": 41, "FP": 34, "FN": 26}}, "BAG": {"valid": {"ACC": 0.6266666666666667, "F1_Score": 0.5942028985507245, "Recall": 0.5466666666666666, "Precision": 0.6507936507936508, "Cohen_Kappa": 0.2533333333333333, "AUC": 0.6724444444444444, "TP": 41, "TN": 53, "FP": 22, "FN": 34}, "test": {"ACC": 0.7133333333333334, "F1_Score": 0.6717557251908396, "Recall": 0.5866666666666667, "Precision": 0.7857142857142857, "Cohen_Kappa": 0.42666666666666664, "AUC": 0.7539555555555555, "TP": 44, "TN": 63, "FP": 12, "FN": 31}}}