{"OVR": {"valid": {"ACC": 0.5806451612903226, "F1_Score": 0.5806451612903225, "Recall": 0.6, "Precision": 0.5625, "Cohen_Kappa": 0.16216216216216217, "AUC": 0.7, "TP": 9, "TN": 9, "FP": 7, "FN": 6}, "test": {"ACC": 0.6451612903225806, "F1_Score": 0.6451612903225806, "Recall": 0.625, "Precision": 0.6666666666666666, "Cohen_Kappa": 0.2910602910602911, "AUC": 0.8, "TP": 10, "TN": 10, "FP": 5, "FN": 6}}, "KNB": {"valid": {"ACC": 0.6451612903225806, "F1_Score": 0.7179487179487181, "Recall": 0.9333333333333333, "Precision": 0.5833333333333334, "Cohen_Kappa": 0.30265848670756645, "AUC": 0.8104166666666667, "TP": 14, "TN": 6, "FP": 10, "FN": 1}, "test": {"ACC": 0.6774193548387096, "F1_Score": 0.7368421052631579, "Recall": 0.875, "Precision": 0.6363636363636364, "Cohen_Kappa": 0.3459915611814346, "AUC": 0.725, "TP": 14, "TN": 7, "FP": 8, "FN": 2}}, "DT": {"valid": {"ACC": 0.7096774193548387, "F1_Score": 0.7272727272727272, "Recall": 0.8, "Precision": 0.6666666666666666, "Cohen_Kappa": 0.422360248447205, "AUC": 0.7125, "TP": 12, "TN": 10, "FP": 6, "FN": 3}, "test": {"ACC": 0.7741935483870968, "F1_Score": 0.7999999999999999, "Recall": 0.875, "Precision": 0.7368421052631579, "Cohen_Kappa": 0.5450733752620545, "AUC": 0.7708333333333335, "TP": 14, "TN": 10, "FP": 5, "FN": 2}}, "MNB": {"valid": {"ACC": 0.6774193548387096, "F1_Score": 0.6875, "Recall": 0.7333333333333333, "Precision": 0.6470588235294118, "Cohen_Kappa": 0.3568464730290456, "AUC": 0.7333333333333334, "TP": 11, "TN": 10, "FP": 6, "FN": 4}, "test": {"ACC": 0.6774193548387096, "F1_Score": 0.7058823529411765, "Recall": 0.75, "Precision": 0.6666666666666666, "Cohen_Kappa": 0.35146443514644343, "AUC": 0.7833333333333333, "TP": 12, "TN": 9, "FP": 6, "FN": 4}}, "RF": {"valid": {"ACC": 0.6451612903225806, "F1_Score": 0.6666666666666666, "Recall": 0.7333333333333333, "Precision": 0.6111111111111112, "Cohen_Kappa": 0.29399585921325055, "AUC": 0.7020833333333334, "TP": 11, "TN": 9, "FP": 7, "FN": 4}, "test": {"ACC": 0.6774193548387096, "F1_Score": 0.6666666666666666, "Recall": 0.625, "Precision": 0.7142857142857143, "Cohen_Kappa": 0.3568464730290456, "AUC": 0.8270833333333334, "TP": 10, "TN": 11, "FP": 4, "FN": 6}}, "ADA": {"valid": {"ACC": 0.6774193548387096, "F1_Score": 0.6666666666666666, "Recall": 0.6666666666666666, "Precision": 0.6666666666666666, "Cohen_Kappa": 0.35416666666666674, "AUC": 0.6729166666666666, "TP": 10, "TN": 11, "FP": 5, "FN": 5}, "test": {"ACC": 0.6129032258064516, "F1_Score": 0.625, "Recall": 0.625, "Precision": 0.625, "Cohen_Kappa": 0.22499999999999998, "AUC": 0.7, "TP": 10, "TN": 9, "FP": 6, "FN": 6}}, "XGB": {"valid": {"ACC": 0.6451612903225806, "F1_Score": 0.6451612903225806, "Recall": 0.6666666666666666, "Precision": 0.625, "Cohen_Kappa": 0.2910602910602911, "AUC": 0.6583333333333333, "TP": 10, "TN": 10, "FP": 6, "FN": 5}, "test": {"ACC": 0.5806451612903226, "F1_Score": 0.5517241379310345, "Recall": 0.5, "Precision": 0.6153846153846154, "Cohen_Kappa": 0.16563146997929612, "AUC": 0.6833333333333333, "TP": 8, "TN": 10, "FP": 5, "FN": 8}}, "MLP": {"valid": {"ACC": 0.6451612903225806, "F1_Score": 0.6206896551724138, "Recall": 0.6, "Precision": 0.6428571428571429, "Cohen_Kappa": 0.28810020876826725, "AUC": 0.6958333333333333, "TP": 9, "TN": 11, "FP": 5, "FN": 6}, "test": {"ACC": 0.7096774193548387, "F1_Score": 0.7096774193548386, "Recall": 0.6875, "Precision": 0.7333333333333333, "Cohen_Kappa": 0.41995841995842, "AUC": 0.7958333333333334, "TP": 11, "TN": 11, "FP": 4, "FN": 5}}, "LR": {"valid": {"ACC": 0.5806451612903226, "F1_Score": 0.5806451612903225, "Recall": 0.6, "Precision": 0.5625, "Cohen_Kappa": 0.16216216216216217, "AUC": 0.7, "TP": 9, "TN": 9, "FP": 7, "FN": 6}, "test": {"ACC": 0.6451612903225806, "F1_Score": 0.6451612903225806, "Recall": 0.625, "Precision": 0.6666666666666666, "Cohen_Kappa": 0.2910602910602911, "AUC": 0.8, "TP": 10, "TN": 10, "FP": 5, "FN": 6}}, "ETAs": {"valid": {"ACC": 0.6129032258064516, "F1_Score": 0.6, "Recall": 0.6, "Precision": 0.6, "Cohen_Kappa": 0.22499999999999998, "AUC": 0.7395833333333334, "TP": 9, "TN": 10, "FP": 6, "FN": 6}, "test": {"ACC": 0.6774193548387096, "F1_Score": 0.6428571428571429, "Recall": 0.5625, "Precision": 0.75, "Cohen_Kappa": 0.359504132231405, "AUC": 0.8145833333333333, "TP": 9, "TN": 12, "FP": 3, "FN": 7}}, "CNB": {"valid": {"ACC": 0.6774193548387096, "F1_Score": 0.6875, "Recall": 0.7333333333333333, "Precision": 0.6470588235294118, "Cohen_Kappa": 0.3568464730290456, "AUC": 0.7333333333333334, "TP": 11, "TN": 10, "FP": 6, "FN": 4}, "test": {"ACC": 0.6774193548387096, "F1_Score": 0.7058823529411765, "Recall": 0.75, "Precision": 0.6666666666666666, "Cohen_Kappa": 0.35146443514644343, "AUC": 0.7833333333333333, "TP": 12, "TN": 9, "FP": 6, "FN": 4}}, "GB": {"valid": {"ACC": 0.7096774193548387, "F1_Score": 0.7096774193548386, "Recall": 0.7333333333333333, "Precision": 0.6875, "Cohen_Kappa": 0.41995841995842, "AUC": 0.7375, "TP": 11, "TN": 11, "FP": 5, "FN": 4}, "test": {"ACC": 0.7096774193548387, "F1_Score": 0.6896551724137931, "Recall": 0.625, "Precision": 0.7692307692307693, "Cohen_Kappa": 0.422360248447205, "AUC": 0.7708333333333334, "TP": 10, "TN": 12, "FP": 3, "FN": 6}}, "BAG": {"valid": {"ACC": 0.5806451612903226, "F1_Score": 0.5517241379310344, "Recall": 0.5333333333333333, "Precision": 0.5714285714285714, "Cohen_Kappa": 0.15866388308977042, "AUC": 0.6708333333333334, "TP": 8, "TN": 10, "FP": 6, "FN": 7}, "test": {"ACC": 0.5483870967741935, "F1_Score": 0.5, "Recall": 0.4375, "Precision": 0.5833333333333334, "Cohen_Kappa": 0.10330578512396693, "AUC": 0.7645833333333334, "TP": 7, "TN": 10, "FP": 5, "FN": 9}}}