{"OVR": {"valid": {"ACC": 0.6982248520710059, "F1_Score": 0.6832298136645962, "Recall": 0.6470588235294118, "Precision": 0.7236842105263158, "Cohen_Kappa": 0.396808733991182, "AUC": 0.7471638655462185, "TP": 110, "TN": 126, "FP": 42, "FN": 60}, "test": {"ACC": 0.7109144542772862, "F1_Score": 0.7048192771084336, "Recall": 0.6923076923076923, "Precision": 0.7177914110429447, "Cohen_Kappa": 0.42176349775472555, "AUC": 0.7552036199095022, "TP": 117, "TN": 124, "FP": 46, "FN": 52}}, "KNB": {"valid": {"ACC": 0.6449704142011834, "F1_Score": 0.5522388059701493, "Recall": 0.43529411764705883, "Precision": 0.7551020408163265, "Cohen_Kappa": 0.29170159262363793, "AUC": 0.6920168067226891, "TP": 74, "TN": 144, "FP": 24, "FN": 96}, "test": {"ACC": 0.6460176991150443, "F1_Score": 0.5683453237410071, "Recall": 0.46745562130177515, "Precision": 0.7247706422018348, "Cohen_Kappa": 0.2912891986062718, "AUC": 0.6925339366515837, "TP": 79, "TN": 140, "FP": 30, "FN": 90}}, "DT": {"valid": {"ACC": 0.6094674556213018, "F1_Score": 0.5822784810126582, "Recall": 0.5411764705882353, "Precision": 0.6301369863013698, "Cohen_Kappa": 0.21956339210747267, "AUC": 0.609873949579832, "TP": 92, "TN": 114, "FP": 54, "FN": 78}, "test": {"ACC": 0.5899705014749262, "F1_Score": 0.5642633228840125, "Recall": 0.5325443786982249, "Precision": 0.6, "Cohen_Kappa": 0.17966261033060005, "AUC": 0.5898016011138183, "TP": 90, "TN": 110, "FP": 60, "FN": 79}}, "MNB": {"valid": {"ACC": 0.6627218934911243, "F1_Score": 0.6761363636363635, "Recall": 0.7, "Precision": 0.6538461538461539, "Cohen_Kappa": 0.32513661202185795, "AUC": 0.728501400560224, "TP": 119, "TN": 105, "FP": 63, "FN": 51}, "test": {"ACC": 0.6873156342182891, "F1_Score": 0.6971428571428573, "Recall": 0.7218934911242604, "Precision": 0.6740331491712708, "Cohen_Kappa": 0.37475640311804004, "AUC": 0.7304559693699966, "TP": 122, "TN": 111, "FP": 59, "FN": 47}}, "RF": {"valid": {"ACC": 0.6804733727810651, "F1_Score": 0.6447368421052632, "Recall": 0.5764705882352941, "Precision": 0.7313432835820896, "Cohen_Kappa": 0.3617289131347041, "AUC": 0.764233193277311, "TP": 98, "TN": 132, "FP": 36, "FN": 72}, "test": {"ACC": 0.6489675516224189, "F1_Score": 0.6246056782334385, "Recall": 0.5857988165680473, "Precision": 0.668918918918919, "Cohen_Kappa": 0.297672313236651, "AUC": 0.7423424991298294, "TP": 99, "TN": 121, "FP": 49, "FN": 70}}, "ADA": {"valid": {"ACC": 0.591715976331361, "F1_Score": 0.5660377358490566, "Recall": 0.5294117647058824, "Precision": 0.6081081081081081, "Cohen_Kappa": 0.1840319081939682, "AUC": 0.6345938375350141, "TP": 90, "TN": 110, "FP": 58, "FN": 80}, "test": {"ACC": 0.616519174041298, "F1_Score": 0.588607594936709, "Recall": 0.5502958579881657, "Precision": 0.6326530612244898, "Cohen_Kappa": 0.23273790870155653, "AUC": 0.6830838844413505, "TP": 93, "TN": 116, "FP": 54, "FN": 76}}, "XGB": {"valid": {"ACC": 0.665680473372781, "F1_Score": 0.6646884272997032, "Recall": 0.6588235294117647, "Precision": 0.6706586826347305, "Cohen_Kappa": 0.33140776529076077, "AUC": 0.7300245098039215, "TP": 112, "TN": 113, "FP": 55, "FN": 58}, "test": {"ACC": 0.6430678466076696, "F1_Score": 0.6276923076923078, "Recall": 0.6035502958579881, "Precision": 0.6538461538461539, "Cohen_Kappa": 0.2859679356624366, "AUC": 0.7240167072746259, "TP": 102, "TN": 116, "FP": 54, "FN": 67}}, "MLP": {"valid": {"ACC": 0.6863905325443787, "F1_Score": 0.6768292682926829, "Recall": 0.6529411764705882, "Precision": 0.7025316455696202, "Cohen_Kappa": 0.37302253954920894, "AUC": 0.7323179271708684, "TP": 111, "TN": 121, "FP": 47, "FN": 59}, "test": {"ACC": 0.7197640117994101, "F1_Score": 0.7112462006079028, "Recall": 0.6923076923076923, "Precision": 0.73125, "Cohen_Kappa": 0.4394353449026127, "AUC": 0.7529063696484511, "TP": 117, "TN": 127, "FP": 43, "FN": 52}}, "LR": {"valid": {"ACC": 0.6982248520710059, "F1_Score": 0.6832298136645962, "Recall": 0.6470588235294118, "Precision": 0.7236842105263158, "Cohen_Kappa": 0.396808733991182, "AUC": 0.7471638655462185, "TP": 110, "TN": 126, "FP": 42, "FN": 60}, "test": {"ACC": 0.7109144542772862, "F1_Score": 0.7048192771084336, "Recall": 0.6923076923076923, "Precision": 0.7177914110429447, "Cohen_Kappa": 0.42176349775472555, "AUC": 0.7552036199095022, "TP": 117, "TN": 124, "FP": 46, "FN": 52}}, "ETAs": {"valid": {"ACC": 0.6863905325443787, "F1_Score": 0.6580645161290323, "Recall": 0.6, "Precision": 0.7285714285714285, "Cohen_Kappa": 0.37341727876880026, "AUC": 0.7876400560224089, "TP": 102, "TN": 130, "FP": 38, "FN": 68}, "test": {"ACC": 0.6755162241887905, "F1_Score": 0.6518987341772152, "Recall": 0.6094674556213018, "Precision": 0.7006802721088435, "Cohen_Kappa": 0.3507782304397786, "AUC": 0.7647754959972155, "TP": 103, "TN": 126, "FP": 44, "FN": 66}}, "CNB": {"valid": {"ACC": 0.6627218934911243, "F1_Score": 0.6761363636363635, "Recall": 0.7, "Precision": 0.6538461538461539, "Cohen_Kappa": 0.32513661202185795, "AUC": 0.728501400560224, "TP": 119, "TN": 105, "FP": 63, "FN": 51}, "test": {"ACC": 0.6873156342182891, "F1_Score": 0.6971428571428573, "Recall": 0.7218934911242604, "Precision": 0.6740331491712708, "Cohen_Kappa": 0.37475640311804004, "AUC": 0.7304559693699966, "TP": 122, "TN": 111, "FP": 59, "FN": 47}}, "GB": {"valid": {"ACC": 0.6568047337278107, "F1_Score": 0.6305732484076433, "Recall": 0.5823529411764706, "Precision": 0.6875, "Cohen_Kappa": 0.3142097530259568, "AUC": 0.7053921568627451, "TP": 99, "TN": 123, "FP": 45, "FN": 71}, "test": {"ACC": 0.6489675516224189, "F1_Score": 0.6269592476489029, "Recall": 0.591715976331361, "Precision": 0.6666666666666666, "Cohen_Kappa": 0.2976967671175641, "AUC": 0.7187782805429864, "TP": 100, "TN": 120, "FP": 50, "FN": 69}}, "BAG": {"valid": {"ACC": 0.6893491124260355, "F1_Score": 0.6534653465346535, "Recall": 0.5823529411764706, "Precision": 0.7443609022556391, "Cohen_Kappa": 0.37948036507325944, "AUC": 0.7527310924369748, "TP": 99, "TN": 134, "FP": 34, "FN": 71}, "test": {"ACC": 0.6253687315634219, "F1_Score": 0.5694915254237288, "Recall": 0.4970414201183432, "Precision": 0.6666666666666666, "Cohen_Kappa": 0.25016981033491825, "AUC": 0.7112948137835016, "TP": 84, "TN": 128, "FP": 42, "FN": 85}}}