{"OVR": {"valid": {"ACC": 0.68, "F1_Score": 0.6923076923076923, "Recall": 0.72, "Precision": 0.6666666666666666, "Cohen_Kappa": 0.36, "AUC": 0.7130666666666666, "TP": 54, "TN": 48, "FP": 27, "FN": 21}, "test": {"ACC": 0.7, "F1_Score": 0.7019867549668874, "Recall": 0.7066666666666667, "Precision": 0.6973684210526315, "Cohen_Kappa": 0.4, "AUC": 0.760888888888889, "TP": 53, "TN": 52, "FP": 23, "FN": 22}}, "KNB": {"valid": {"ACC": 0.6666666666666666, "F1_Score": 0.6268656716417912, "Recall": 0.56, "Precision": 0.711864406779661, "Cohen_Kappa": 0.33333333333333337, "AUC": 0.6892444444444445, "TP": 42, "TN": 58, "FP": 17, "FN": 33}, "test": {"ACC": 0.6266666666666667, "F1_Score": 0.6266666666666667, "Recall": 0.6266666666666667, "Precision": 0.6266666666666667, "Cohen_Kappa": 0.2533333333333333, "AUC": 0.6494222222222222, "TP": 47, "TN": 47, "FP": 28, "FN": 28}}, "DT": {"valid": {"ACC": 0.6266666666666667, "F1_Score": 0.611111111111111, "Recall": 0.5866666666666667, "Precision": 0.6376811594202898, "Cohen_Kappa": 0.2533333333333333, "AUC": 0.6266666666666667, "TP": 44, "TN": 50, "FP": 25, "FN": 31}, "test": {"ACC": 0.6066666666666667, "F1_Score": 0.5874125874125875, "Recall": 0.56, "Precision": 0.6176470588235294, "Cohen_Kappa": 0.21333333333333337, "AUC": 0.6066666666666667, "TP": 42, "TN": 49, "FP": 26, "FN": 33}}, "MNB": {"valid": {"ACC": 0.6266666666666667, "F1_Score": 0.6744186046511628, "Recall": 0.7733333333333333, "Precision": 0.5979381443298969, "Cohen_Kappa": 0.2533333333333333, "AUC": 0.7086222222222223, "TP": 58, "TN": 36, "FP": 39, "FN": 17}, "test": {"ACC": 0.64, "F1_Score": 0.6931818181818181, "Recall": 0.8133333333333334, "Precision": 0.6039603960396039, "Cohen_Kappa": 0.28, "AUC": 0.7258666666666667, "TP": 61, "TN": 35, "FP": 40, "FN": 14}}, "RF": {"valid": {"ACC": 0.6933333333333334, "F1_Score": 0.6849315068493151, "Recall": 0.6666666666666666, "Precision": 0.704225352112676, "Cohen_Kappa": 0.3866666666666667, "AUC": 0.7416, "TP": 50, "TN": 54, "FP": 21, "FN": 25}, "test": {"ACC": 0.6733333333333333, "F1_Score": 0.6754966887417219, "Recall": 0.68, "Precision": 0.6710526315789473, "Cohen_Kappa": 0.3466666666666667, "AUC": 0.7424, "TP": 51, "TN": 50, "FP": 25, "FN": 24}}, "ADA": {"valid": {"ACC": 0.6266666666666667, "F1_Score": 0.6455696202531646, "Recall": 0.68, "Precision": 0.6144578313253012, "Cohen_Kappa": 0.2533333333333333, "AUC": 0.6295999999999999, "TP": 51, "TN": 43, "FP": 32, "FN": 24}, "test": {"ACC": 0.62, "F1_Score": 0.6415094339622641, "Recall": 0.68, "Precision": 0.6071428571428571, "Cohen_Kappa": 0.24, "AUC": 0.6277333333333334, "TP": 51, "TN": 42, "FP": 33, "FN": 24}}, "XGB": {"valid": {"ACC": 0.6133333333333333, "F1_Score": 0.6329113924050633, "Recall": 0.6666666666666666, "Precision": 0.6024096385542169, "Cohen_Kappa": 0.22666666666666668, "AUC": 0.6666666666666666, "TP": 50, "TN": 42, "FP": 33, "FN": 25}, "test": {"ACC": 0.6266666666666667, "F1_Score": 0.641025641025641, "Recall": 0.6666666666666666, "Precision": 0.6172839506172839, "Cohen_Kappa": 0.2533333333333333, "AUC": 0.7036444444444445, "TP": 50, "TN": 44, "FP": 31, "FN": 25}}, "MLP": {"valid": {"ACC": 0.6266666666666667, "F1_Score": 0.6455696202531646, "Recall": 0.68, "Precision": 0.6144578313253012, "Cohen_Kappa": 0.2533333333333333, "AUC": 0.6858666666666666, "TP": 51, "TN": 43, "FP": 32, "FN": 24}, "test": {"ACC": 0.7133333333333334, "F1_Score": 0.7225806451612902, "Recall": 0.7466666666666667, "Precision": 0.7, "Cohen_Kappa": 0.42666666666666664, "AUC": 0.7731555555555555, "TP": 56, "TN": 51, "FP": 24, "FN": 19}}, "LR": {"valid": {"ACC": 0.68, "F1_Score": 0.6923076923076923, "Recall": 0.72, "Precision": 0.6666666666666666, "Cohen_Kappa": 0.36, "AUC": 0.7130666666666666, "TP": 54, "TN": 48, "FP": 27, "FN": 21}, "test": {"ACC": 0.7, "F1_Score": 0.7019867549668874, "Recall": 0.7066666666666667, "Precision": 0.6973684210526315, "Cohen_Kappa": 0.4, "AUC": 0.760888888888889, "TP": 53, "TN": 52, "FP": 23, "FN": 22}}, "ETAs": {"valid": {"ACC": 0.6866666666666666, "F1_Score": 0.6713286713286714, "Recall": 0.64, "Precision": 0.7058823529411765, "Cohen_Kappa": 0.3733333333333333, "AUC": 0.7275555555555555, "TP": 48, "TN": 55, "FP": 20, "FN": 27}, "test": {"ACC": 0.7066666666666667, "F1_Score": 0.7105263157894737, "Recall": 0.72, "Precision": 0.7012987012987013, "Cohen_Kappa": 0.41333333333333333, "AUC": 0.7833777777777777, "TP": 54, "TN": 52, "FP": 23, "FN": 21}}, "CNB": {"valid": {"ACC": 0.6266666666666667, "F1_Score": 0.6744186046511628, "Recall": 0.7733333333333333, "Precision": 0.5979381443298969, "Cohen_Kappa": 0.2533333333333333, "AUC": 0.7086222222222223, "TP": 58, "TN": 36, "FP": 39, "FN": 17}, "test": {"ACC": 0.64, "F1_Score": 0.6931818181818181, "Recall": 0.8133333333333334, "Precision": 0.6039603960396039, "Cohen_Kappa": 0.28, "AUC": 0.7258666666666667, "TP": 61, "TN": 35, "FP": 40, "FN": 14}}, "GB": {"valid": {"ACC": 0.6466666666666666, "F1_Score": 0.6490066225165563, "Recall": 0.6533333333333333, "Precision": 0.6447368421052632, "Cohen_Kappa": 0.29333333333333333, "AUC": 0.6834666666666667, "TP": 49, "TN": 48, "FP": 27, "FN": 26}, "test": {"ACC": 0.6266666666666667, "F1_Score": 0.6164383561643835, "Recall": 0.6, "Precision": 0.6338028169014085, "Cohen_Kappa": 0.2533333333333333, "AUC": 0.6742222222222223, "TP": 45, "TN": 49, "FP": 26, "FN": 30}}, "BAG": {"valid": {"ACC": 0.5733333333333334, "F1_Score": 0.5555555555555555, "Recall": 0.5333333333333333, "Precision": 0.5797101449275363, "Cohen_Kappa": 0.1466666666666666, "AUC": 0.6420444444444444, "TP": 40, "TN": 46, "FP": 29, "FN": 35}, "test": {"ACC": 0.6666666666666666, "F1_Score": 0.6428571428571429, "Recall": 0.6, "Precision": 0.6923076923076923, "Cohen_Kappa": 0.33333333333333337, "AUC": 0.7323555555555555, "TP": 45, "TN": 55, "FP": 20, "FN": 30}}}