{"OVR": {"valid": {"ACC": 0.6875, "F1_Score": 0.6511627906976745, "Recall": 0.5833333333333334, "Precision": 0.7368421052631579, "Cohen_Kappa": 0.375, "AUC": 0.7413194444444444, "TP": 14, "TN": 19, "FP": 5, "FN": 10}, "test": {"ACC": 0.7708333333333334, "F1_Score": 0.7555555555555556, "Recall": 0.7083333333333334, "Precision": 0.8095238095238095, "Cohen_Kappa": 0.5416666666666667, "AUC": 0.8524305555555556, "TP": 17, "TN": 20, "FP": 4, "FN": 7}}, "KNB": {"valid": {"ACC": 0.5625, "F1_Score": 0.4, "Recall": 0.2916666666666667, "Precision": 0.6363636363636364, "Cohen_Kappa": 0.125, "AUC": 0.5112847222222222, "TP": 7, "TN": 20, "FP": 4, "FN": 17}, "test": {"ACC": 0.6666666666666666, "F1_Score": 0.5294117647058825, "Recall": 0.375, "Precision": 0.9, "Cohen_Kappa": 0.33333333333333337, "AUC": 0.7135416666666666, "TP": 9, "TN": 23, "FP": 1, "FN": 15}}, "DT": {"valid": {"ACC": 0.625, "F1_Score": 0.625, "Recall": 0.625, "Precision": 0.625, "Cohen_Kappa": 0.25, "AUC": 0.625, "TP": 15, "TN": 15, "FP": 9, "FN": 9}, "test": {"ACC": 0.7083333333333334, "F1_Score": 0.7199999999999999, "Recall": 0.75, "Precision": 0.6923076923076923, "Cohen_Kappa": 0.41666666666666663, "AUC": 0.7083333333333334, "TP": 18, "TN": 16, "FP": 8, "FN": 6}}, "MNB": {"valid": {"ACC": 0.6458333333333334, "F1_Score": 0.6530612244897959, "Recall": 0.6666666666666666, "Precision": 0.64, "Cohen_Kappa": 0.29166666666666663, "AUC": 0.704861111111111, "TP": 16, "TN": 15, "FP": 9, "FN": 8}, "test": {"ACC": 0.7083333333333334, "F1_Score": 0.7083333333333334, "Recall": 0.7083333333333334, "Precision": 0.7083333333333334, "Cohen_Kappa": 0.41666666666666663, "AUC": 0.8090277777777778, "TP": 17, "TN": 17, "FP": 7, "FN": 7}}, "RF": {"valid": {"ACC": 0.6875, "F1_Score": 0.5714285714285715, "Recall": 0.4166666666666667, "Precision": 0.9090909090909091, "Cohen_Kappa": 0.375, "AUC": 0.7673611111111112, "TP": 10, "TN": 23, "FP": 1, "FN": 14}, "test": {"ACC": 0.7708333333333334, "F1_Score": 0.744186046511628, "Recall": 0.6666666666666666, "Precision": 0.8421052631578947, "Cohen_Kappa": 0.5416666666666667, "AUC": 0.849826388888889, "TP": 16, "TN": 21, "FP": 3, "FN": 8}}, "ADA": {"valid": {"ACC": 0.7291666666666666, "F1_Score": 0.723404255319149, "Recall": 0.7083333333333334, "Precision": 0.7391304347826086, "Cohen_Kappa": 0.45833333333333337, "AUC": 0.670138888888889, "TP": 17, "TN": 18, "FP": 6, "FN": 7}, "test": {"ACC": 0.7083333333333334, "F1_Score": 0.6956521739130435, "Recall": 0.6666666666666666, "Precision": 0.7272727272727273, "Cohen_Kappa": 0.41666666666666663, "AUC": 0.732638888888889, "TP": 16, "TN": 18, "FP": 6, "FN": 8}}, "XGB": {"valid": {"ACC": 0.7083333333333334, "F1_Score": 0.6956521739130435, "Recall": 0.6666666666666666, "Precision": 0.7272727272727273, "Cohen_Kappa": 0.41666666666666663, "AUC": 0.6840277777777778, "TP": 16, "TN": 18, "FP": 6, "FN": 8}, "test": {"ACC": 0.7708333333333334, "F1_Score": 0.7755102040816326, "Recall": 0.7916666666666666, "Precision": 0.76, "Cohen_Kappa": 0.5416666666666667, "AUC": 0.8125000000000001, "TP": 19, "TN": 18, "FP": 6, "FN": 5}}, "MLP": {"valid": {"ACC": 0.6666666666666666, "F1_Score": 0.6363636363636365, "Recall": 0.5833333333333334, "Precision": 0.7, "Cohen_Kappa": 0.33333333333333337, "AUC": 0.7135416666666667, "TP": 14, "TN": 18, "FP": 6, "FN": 10}, "test": {"ACC": 0.7708333333333334, "F1_Score": 0.744186046511628, "Recall": 0.6666666666666666, "Precision": 0.8421052631578947, "Cohen_Kappa": 0.5416666666666667, "AUC": 0.8177083333333333, "TP": 16, "TN": 21, "FP": 3, "FN": 8}}, "LR": {"valid": {"ACC": 0.6875, "F1_Score": 0.6511627906976745, "Recall": 0.5833333333333334, "Precision": 0.7368421052631579, "Cohen_Kappa": 0.375, "AUC": 0.7413194444444444, "TP": 14, "TN": 19, "FP": 5, "FN": 10}, "test": {"ACC": 0.7708333333333334, "F1_Score": 0.7555555555555556, "Recall": 0.7083333333333334, "Precision": 0.8095238095238095, "Cohen_Kappa": 0.5416666666666667, "AUC": 0.8524305555555556, "TP": 17, "TN": 20, "FP": 4, "FN": 7}}, "ETAs": {"valid": {"ACC": 0.6875, "F1_Score": 0.5945945945945945, "Recall": 0.4583333333333333, "Precision": 0.8461538461538461, "Cohen_Kappa": 0.375, "AUC": 0.7517361111111112, "TP": 11, "TN": 22, "FP": 2, "FN": 13}, "test": {"ACC": 0.75, "F1_Score": 0.7000000000000001, "Recall": 0.5833333333333334, "Precision": 0.875, "Cohen_Kappa": 0.5, "AUC": 0.8359374999999999, "TP": 14, "TN": 22, "FP": 2, "FN": 10}}, "CNB": {"valid": {"ACC": 0.6458333333333334, "F1_Score": 0.6530612244897959, "Recall": 0.6666666666666666, "Precision": 0.64, "Cohen_Kappa": 0.29166666666666663, "AUC": 0.704861111111111, "TP": 16, "TN": 15, "FP": 9, "FN": 8}, "test": {"ACC": 0.7083333333333334, "F1_Score": 0.7083333333333334, "Recall": 0.7083333333333334, "Precision": 0.7083333333333334, "Cohen_Kappa": 0.41666666666666663, "AUC": 0.8090277777777778, "TP": 17, "TN": 17, "FP": 7, "FN": 7}}, "GB": {"valid": {"ACC": 0.625, "F1_Score": 0.5909090909090908, "Recall": 0.5416666666666666, "Precision": 0.65, "Cohen_Kappa": 0.25, "AUC": 0.6727430555555556, "TP": 13, "TN": 17, "FP": 7, "FN": 11}, "test": {"ACC": 0.7916666666666666, "F1_Score": 0.7916666666666666, "Recall": 0.7916666666666666, "Precision": 0.7916666666666666, "Cohen_Kappa": 0.5833333333333333, "AUC": 0.8055555555555556, "TP": 19, "TN": 19, "FP": 5, "FN": 5}}, "BAG": {"valid": {"ACC": 0.5416666666666666, "F1_Score": 0.5217391304347826, "Recall": 0.5, "Precision": 0.5454545454545454, "Cohen_Kappa": 0.08333333333333337, "AUC": 0.6345486111111112, "TP": 12, "TN": 14, "FP": 10, "FN": 12}, "test": {"ACC": 0.75, "F1_Score": 0.75, "Recall": 0.75, "Precision": 0.75, "Cohen_Kappa": 0.5, "AUC": 0.7951388888888888, "TP": 18, "TN": 18, "FP": 6, "FN": 6}}}