{"OVR": {"valid": {"ACC": 0.6181818181818182, "F1_Score": 0.6557377049180328, "Recall": 0.7407407407407407, "Precision": 0.5882352941176471, "Cohen_Kappa": 0.23963133640552992, "AUC": 0.7169312169312169, "TP": 20, "TN": 14, "FP": 14, "FN": 7}, "test": {"ACC": 0.625, "F1_Score": 0.6315789473684211, "Recall": 0.6428571428571429, "Precision": 0.6206896551724138, "Cohen_Kappa": 0.25, "AUC": 0.7130102040816326, "TP": 18, "TN": 17, "FP": 11, "FN": 10}}, "KNB": {"valid": {"ACC": 0.6363636363636364, "F1_Score": 0.6666666666666666, "Recall": 0.7407407407407407, "Precision": 0.6060606060606061, "Cohen_Kappa": 0.2753623188405797, "AUC": 0.7228835978835978, "TP": 20, "TN": 15, "FP": 13, "FN": 7}, "test": {"ACC": 0.6428571428571429, "F1_Score": 0.6666666666666666, "Recall": 0.7142857142857143, "Precision": 0.625, "Cohen_Kappa": 0.2857142857142857, "AUC": 0.6887755102040817, "TP": 20, "TN": 16, "FP": 12, "FN": 8}}, "DT": {"valid": {"ACC": 0.6545454545454545, "F1_Score": 0.6885245901639345, "Recall": 0.7777777777777778, "Precision": 0.6176470588235294, "Cohen_Kappa": 0.3120473996050033, "AUC": 0.6567460317460317, "TP": 21, "TN": 15, "FP": 13, "FN": 6}, "test": {"ACC": 0.6607142857142857, "F1_Score": 0.6779661016949152, "Recall": 0.7142857142857143, "Precision": 0.6451612903225806, "Cohen_Kappa": 0.3214285714285714, "AUC": 0.6607142857142858, "TP": 20, "TN": 17, "FP": 11, "FN": 8}}, "MNB": {"valid": {"ACC": 0.6, "F1_Score": 0.6764705882352942, "Recall": 0.8518518518518519, "Precision": 0.5609756097560976, "Cohen_Kappa": 0.20707732634338127, "AUC": 0.6984126984126984, "TP": 23, "TN": 10, "FP": 18, "FN": 4}, "test": {"ACC": 0.5892857142857143, "F1_Score": 0.6567164179104477, "Recall": 0.7857142857142857, "Precision": 0.5641025641025641, "Cohen_Kappa": 0.1785714285714286, "AUC": 0.7563775510204082, "TP": 22, "TN": 11, "FP": 17, "FN": 6}}, "RF": {"valid": {"ACC": 0.6181818181818182, "F1_Score": 0.6557377049180328, "Recall": 0.7407407407407407, "Precision": 0.5882352941176471, "Cohen_Kappa": 0.23963133640552992, "AUC": 0.6931216931216931, "TP": 20, "TN": 14, "FP": 14, "FN": 7}, "test": {"ACC": 0.5892857142857143, "F1_Score": 0.6101694915254238, "Recall": 0.6428571428571429, "Precision": 0.5806451612903226, "Cohen_Kappa": 0.1785714285714286, "AUC": 0.6919642857142858, "TP": 18, "TN": 15, "FP": 13, "FN": 10}}, "ADA": {"valid": {"ACC": 0.6545454545454545, "F1_Score": 0.6779661016949152, "Recall": 0.7407407407407407, "Precision": 0.625, "Cohen_Kappa": 0.31114040870138426, "AUC": 0.6646825396825397, "TP": 20, "TN": 16, "FP": 12, "FN": 7}, "test": {"ACC": 0.5357142857142857, "F1_Score": 0.5357142857142857, "Recall": 0.5357142857142857, "Precision": 0.5357142857142857, "Cohen_Kappa": 0.0714285714285714, "AUC": 0.5822704081632654, "TP": 15, "TN": 15, "FP": 13, "FN": 13}}, "XGB": {"valid": {"ACC": 0.6181818181818182, "F1_Score": 0.6440677966101694, "Recall": 0.7037037037037037, "Precision": 0.59375, "Cohen_Kappa": 0.23862887277521416, "AUC": 0.6957671957671958, "TP": 19, "TN": 15, "FP": 13, "FN": 8}, "test": {"ACC": 0.6607142857142857, "F1_Score": 0.6779661016949152, "Recall": 0.7142857142857143, "Precision": 0.6451612903225806, "Cohen_Kappa": 0.3214285714285714, "AUC": 0.7295918367346939, "TP": 20, "TN": 17, "FP": 11, "FN": 8}}, "MLP": {"valid": {"ACC": 0.6181818181818182, "F1_Score": 0.6666666666666666, "Recall": 0.7777777777777778, "Precision": 0.5833333333333334, "Cohen_Kappa": 0.2406311637080868, "AUC": 0.7698412698412698, "TP": 21, "TN": 13, "FP": 15, "FN": 6}, "test": {"ACC": 0.5357142857142857, "F1_Score": 0.5517241379310344, "Recall": 0.5714285714285714, "Precision": 0.5333333333333333, "Cohen_Kappa": 0.0714285714285714, "AUC": 0.6977040816326531, "TP": 16, "TN": 14, "FP": 14, "FN": 12}}, "LR": {"valid": {"ACC": 0.6181818181818182, "F1_Score": 0.6557377049180328, "Recall": 0.7407407407407407, "Precision": 0.5882352941176471, "Cohen_Kappa": 0.23963133640552992, "AUC": 0.7169312169312169, "TP": 20, "TN": 14, "FP": 14, "FN": 7}, "test": {"ACC": 0.625, "F1_Score": 0.6315789473684211, "Recall": 0.6428571428571429, "Precision": 0.6206896551724138, "Cohen_Kappa": 0.25, "AUC": 0.7130102040816326, "TP": 18, "TN": 17, "FP": 11, "FN": 10}}, "ETAs": {"valid": {"ACC": 0.6363636363636364, "F1_Score": 0.6774193548387097, "Recall": 0.7777777777777778, "Precision": 0.6, "Cohen_Kappa": 0.2763157894736842, "AUC": 0.7261904761904763, "TP": 21, "TN": 14, "FP": 14, "FN": 6}, "test": {"ACC": 0.5892857142857143, "F1_Score": 0.5964912280701754, "Recall": 0.6071428571428571, "Precision": 0.5862068965517241, "Cohen_Kappa": 0.1785714285714286, "AUC": 0.6983418367346939, "TP": 17, "TN": 16, "FP": 12, "FN": 11}}, "CNB": {"valid": {"ACC": 0.6, "F1_Score": 0.6764705882352942, "Recall": 0.8518518518518519, "Precision": 0.5609756097560976, "Cohen_Kappa": 0.20707732634338127, "AUC": 0.6984126984126984, "TP": 23, "TN": 10, "FP": 18, "FN": 4}, "test": {"ACC": 0.5892857142857143, "F1_Score": 0.6567164179104477, "Recall": 0.7857142857142857, "Precision": 0.5641025641025641, "Cohen_Kappa": 0.1785714285714286, "AUC": 0.7563775510204082, "TP": 22, "TN": 11, "FP": 17, "FN": 6}}, "GB": {"valid": {"ACC": 0.5818181818181818, "F1_Score": 0.6229508196721312, "Recall": 0.7037037037037037, "Precision": 0.5588235294117647, "Cohen_Kappa": 0.16721527320605656, "AUC": 0.66005291005291, "TP": 19, "TN": 13, "FP": 15, "FN": 8}, "test": {"ACC": 0.5535714285714286, "F1_Score": 0.5762711864406779, "Recall": 0.6071428571428571, "Precision": 0.5483870967741935, "Cohen_Kappa": 0.1071428571428571, "AUC": 0.6485969387755102, "TP": 17, "TN": 14, "FP": 14, "FN": 11}}, "BAG": {"valid": {"ACC": 0.5636363636363636, "F1_Score": 0.5862068965517241, "Recall": 0.6296296296296297, "Precision": 0.5483870967741935, "Cohen_Kappa": 0.12928759894459096, "AUC": 0.6177248677248677, "TP": 17, "TN": 14, "FP": 14, "FN": 10}, "test": {"ACC": 0.5714285714285714, "F1_Score": 0.6000000000000001, "Recall": 0.6428571428571429, "Precision": 0.5625, "Cohen_Kappa": 0.1428571428571429, "AUC": 0.6868622448979592, "TP": 18, "TN": 14, "FP": 14, "FN": 10}}}