{"OVR": {"valid": {"ACC": 0.6060606060606061, "F1_Score": 0.638888888888889, "Recall": 0.696969696969697, "Precision": 0.5897435897435898, "Cohen_Kappa": 0.21212121212121215, "AUC": 0.7373737373737375, "TP": 23, "TN": 17, "FP": 16, "FN": 10}, "test": {"ACC": 0.5671641791044776, "F1_Score": 0.5671641791044776, "Recall": 0.5588235294117647, "Precision": 0.5757575757575758, "Cohen_Kappa": 0.13452115812917598, "AUC": 0.6096256684491979, "TP": 19, "TN": 19, "FP": 14, "FN": 15}}, "KNB": {"valid": {"ACC": 0.6818181818181818, "F1_Score": 0.7123287671232875, "Recall": 0.7878787878787878, "Precision": 0.65, "Cohen_Kappa": 0.36363636363636365, "AUC": 0.6910009182736455, "TP": 26, "TN": 19, "FP": 14, "FN": 7}, "test": {"ACC": 0.5970149253731343, "F1_Score": 0.5970149253731343, "Recall": 0.5882352941176471, "Precision": 0.6060606060606061, "Cohen_Kappa": 0.1942093541202673, "AUC": 0.5882352941176471, "TP": 20, "TN": 20, "FP": 13, "FN": 14}}, "DT": {"valid": {"ACC": 0.696969696969697, "F1_Score": 0.696969696969697, "Recall": 0.696969696969697, "Precision": 0.696969696969697, "Cohen_Kappa": 0.3939393939393939, "AUC": 0.696969696969697, "TP": 23, "TN": 23, "FP": 10, "FN": 10}, "test": {"ACC": 0.5522388059701493, "F1_Score": 0.5588235294117647, "Recall": 0.5588235294117647, "Precision": 0.5588235294117647, "Cohen_Kappa": 0.10427807486631013, "AUC": 0.5521390374331551, "TP": 19, "TN": 18, "FP": 15, "FN": 15}}, "MNB": {"valid": {"ACC": 0.5909090909090909, "F1_Score": 0.619718309859155, "Recall": 0.6666666666666666, "Precision": 0.5789473684210527, "Cohen_Kappa": 0.18181818181818177, "AUC": 0.7364554637281909, "TP": 22, "TN": 17, "FP": 16, "FN": 11}, "test": {"ACC": 0.5522388059701493, "F1_Score": 0.4444444444444445, "Recall": 0.35294117647058826, "Precision": 0.6, "Cohen_Kappa": 0.10983170947741372, "AUC": 0.535650623885918, "TP": 12, "TN": 25, "FP": 8, "FN": 22}}, "RF": {"valid": {"ACC": 0.6363636363636364, "F1_Score": 0.6842105263157895, "Recall": 0.7878787878787878, "Precision": 0.6046511627906976, "Cohen_Kappa": 0.2727272727272727, "AUC": 0.7084481175390267, "TP": 26, "TN": 16, "FP": 17, "FN": 7}, "test": {"ACC": 0.5373134328358209, "F1_Score": 0.5633802816901409, "Recall": 0.5882352941176471, "Precision": 0.5405405405405406, "Cohen_Kappa": 0.07318161535029011, "AUC": 0.570855614973262, "TP": 20, "TN": 16, "FP": 17, "FN": 14}}, "ADA": {"valid": {"ACC": 0.7121212121212122, "F1_Score": 0.6885245901639345, "Recall": 0.6363636363636364, "Precision": 0.75, "Cohen_Kappa": 0.4242424242424242, "AUC": 0.7162534435261707, "TP": 21, "TN": 26, "FP": 7, "FN": 12}, "test": {"ACC": 0.5970149253731343, "F1_Score": 0.5573770491803278, "Recall": 0.5, "Precision": 0.6296296296296297, "Cohen_Kappa": 0.19635717458907165, "AUC": 0.6515151515151515, "TP": 17, "TN": 23, "FP": 10, "FN": 17}}, "XGB": {"valid": {"ACC": 0.6515151515151515, "F1_Score": 0.6849315068493151, "Recall": 0.7575757575757576, "Precision": 0.625, "Cohen_Kappa": 0.303030303030303, "AUC": 0.7300275482093663, "TP": 25, "TN": 18, "FP": 15, "FN": 8}, "test": {"ACC": 0.6119402985074627, "F1_Score": 0.6176470588235294, "Recall": 0.6176470588235294, "Precision": 0.6176470588235294, "Cohen_Kappa": 0.2237076648841354, "AUC": 0.6114081996434938, "TP": 21, "TN": 20, "FP": 13, "FN": 13}}, "MLP": {"valid": {"ACC": 0.696969696969697, "F1_Score": 0.7142857142857142, "Recall": 0.7575757575757576, "Precision": 0.6756756756756757, "Cohen_Kappa": 0.3939393939393939, "AUC": 0.7869605142332415, "TP": 25, "TN": 21, "FP": 12, "FN": 8}, "test": {"ACC": 0.5522388059701493, "F1_Score": 0.5, "Recall": 0.4411764705882353, "Precision": 0.5769230769230769, "Cohen_Kappa": 0.10746003552397865, "AUC": 0.5570409982174689, "TP": 15, "TN": 22, "FP": 11, "FN": 19}}, "LR": {"valid": {"ACC": 0.6060606060606061, "F1_Score": 0.638888888888889, "Recall": 0.696969696969697, "Precision": 0.5897435897435898, "Cohen_Kappa": 0.21212121212121215, "AUC": 0.7373737373737375, "TP": 23, "TN": 17, "FP": 16, "FN": 10}, "test": {"ACC": 0.5671641791044776, "F1_Score": 0.5671641791044776, "Recall": 0.5588235294117647, "Precision": 0.5757575757575758, "Cohen_Kappa": 0.13452115812917598, "AUC": 0.6096256684491979, "TP": 19, "TN": 19, "FP": 14, "FN": 15}}, "ETAs": {"valid": {"ACC": 0.6515151515151515, "F1_Score": 0.6849315068493151, "Recall": 0.7575757575757576, "Precision": 0.625, "Cohen_Kappa": 0.303030303030303, "AUC": 0.7396694214876033, "TP": 25, "TN": 18, "FP": 15, "FN": 8}, "test": {"ACC": 0.5970149253731343, "F1_Score": 0.5970149253731343, "Recall": 0.5882352941176471, "Precision": 0.6060606060606061, "Cohen_Kappa": 0.1942093541202673, "AUC": 0.60650623885918, "TP": 20, "TN": 20, "FP": 13, "FN": 14}}, "CNB": {"valid": {"ACC": 0.5909090909090909, "F1_Score": 0.619718309859155, "Recall": 0.6666666666666666, "Precision": 0.5789473684210527, "Cohen_Kappa": 0.18181818181818177, "AUC": 0.7364554637281909, "TP": 22, "TN": 17, "FP": 16, "FN": 11}, "test": {"ACC": 0.5522388059701493, "F1_Score": 0.4444444444444445, "Recall": 0.35294117647058826, "Precision": 0.6, "Cohen_Kappa": 0.10983170947741372, "AUC": 0.535650623885918, "TP": 12, "TN": 25, "FP": 8, "FN": 22}}, "GB": {"valid": {"ACC": 0.696969696969697, "F1_Score": 0.7142857142857142, "Recall": 0.7575757575757576, "Precision": 0.6756756756756757, "Cohen_Kappa": 0.3939393939393939, "AUC": 0.7235996326905418, "TP": 25, "TN": 21, "FP": 12, "FN": 8}, "test": {"ACC": 0.5671641791044776, "F1_Score": 0.5797101449275363, "Recall": 0.5882352941176471, "Precision": 0.5714285714285714, "Cohen_Kappa": 0.13374944271065536, "AUC": 0.6149732620320856, "TP": 20, "TN": 18, "FP": 15, "FN": 14}}, "BAG": {"valid": {"ACC": 0.6515151515151515, "F1_Score": 0.6666666666666666, "Recall": 0.696969696969697, "Precision": 0.6388888888888888, "Cohen_Kappa": 0.303030303030303, "AUC": 0.7644628099173555, "TP": 23, "TN": 20, "FP": 13, "FN": 10}, "test": {"ACC": 0.5970149253731343, "F1_Score": 0.5970149253731343, "Recall": 0.5882352941176471, "Precision": 0.6060606060606061, "Cohen_Kappa": 0.1942093541202673, "AUC": 0.606951871657754, "TP": 20, "TN": 20, "FP": 13, "FN": 14}}}