{"OVR": {"valid": {"ACC": 0.6984126984126984, "F1_Score": 0.6984126984126984, "Recall": 0.7021276595744681, "Precision": 0.6947368421052632, "Cohen_Kappa": 0.3968422820670735, "AUC": 0.806047032474804, "TP": 66, "TN": 66, "FP": 29, "FN": 28}, "test": {"ACC": 0.7195767195767195, "F1_Score": 0.7282051282051281, "Recall": 0.7473684210526316, "Precision": 0.71, "Cohen_Kappa": 0.43898067768132176, "AUC": 0.771892497200448, "TP": 71, "TN": 65, "FP": 29, "FN": 24}}, "KNB": {"valid": {"ACC": 0.582010582010582, "F1_Score": 0.3247863247863248, "Recall": 0.20212765957446807, "Precision": 0.8260869565217391, "Cohen_Kappa": 0.16066108269155088, "AUC": 0.6538073908174692, "TP": 19, "TN": 91, "FP": 4, "FN": 75}, "test": {"ACC": 0.5873015873015873, "F1_Score": 0.35000000000000003, "Recall": 0.22105263157894736, "Precision": 0.84, "Cohen_Kappa": 0.17780256553262686, "AUC": 0.6309070548712206, "TP": 21, "TN": 90, "FP": 4, "FN": 74}}, "DT": {"valid": {"ACC": 0.6455026455026455, "F1_Score": 0.6455026455026456, "Recall": 0.648936170212766, "Precision": 0.6421052631578947, "Cohen_Kappa": 0.29102513857006884, "AUC": 0.6455207166853304, "TP": 61, "TN": 61, "FP": 34, "FN": 33}, "test": {"ACC": 0.5555555555555556, "F1_Score": 0.5434782608695653, "Recall": 0.5263157894736842, "Precision": 0.5617977528089888, "Cohen_Kappa": 0.11138475316243146, "AUC": 0.5557110862262038, "TP": 50, "TN": 55, "FP": 39, "FN": 45}}, "MNB": {"valid": {"ACC": 0.6666666666666666, "F1_Score": 0.6926829268292682, "Recall": 0.7553191489361702, "Precision": 0.6396396396396397, "Cohen_Kappa": 0.33394864910219835, "AUC": 0.7909294512877939, "TP": 71, "TN": 55, "FP": 40, "FN": 23}, "test": {"ACC": 0.6825396825396826, "F1_Score": 0.6875, "Recall": 0.6947368421052632, "Precision": 0.6804123711340206, "Cohen_Kappa": 0.36499048045693805, "AUC": 0.7322508398656215, "TP": 66, "TN": 63, "FP": 31, "FN": 29}}, "RF": {"valid": {"ACC": 0.7407407407407407, "F1_Score": 0.7167630057803469, "Recall": 0.6595744680851063, "Precision": 0.7848101265822784, "Cohen_Kappa": 0.4810311011487811, "AUC": 0.8139417693169093, "TP": 62, "TN": 78, "FP": 17, "FN": 32}, "test": {"ACC": 0.7142857142857143, "F1_Score": 0.6931818181818182, "Recall": 0.6421052631578947, "Precision": 0.7530864197530864, "Cohen_Kappa": 0.42900302114803623, "AUC": 0.7723404255319148, "TP": 61, "TN": 74, "FP": 20, "FN": 34}}, "ADA": {"valid": {"ACC": 0.6984126984126984, "F1_Score": 0.6850828729281768, "Recall": 0.6595744680851063, "Precision": 0.7126436781609196, "Cohen_Kappa": 0.3965720047050916, "AUC": 0.7348264277715565, "TP": 62, "TN": 70, "FP": 25, "FN": 32}, "test": {"ACC": 0.6613756613756614, "F1_Score": 0.6631578947368421, "Recall": 0.6631578947368421, "Precision": 0.6631578947368421, "Cohen_Kappa": 0.3227323628219485, "AUC": 0.7567189249720044, "TP": 63, "TN": 62, "FP": 32, "FN": 32}}, "XGB": {"valid": {"ACC": 0.7301587301587301, "F1_Score": 0.7301587301587302, "Recall": 0.7340425531914894, "Precision": 0.7263157894736842, "Cohen_Kappa": 0.46033256816527635, "AUC": 0.7860022396416573, "TP": 69, "TN": 69, "FP": 26, "FN": 25}, "test": {"ACC": 0.656084656084656, "F1_Score": 0.6524064171122995, "Recall": 0.6421052631578947, "Precision": 0.6630434782608695, "Cohen_Kappa": 0.31226557689077983, "AUC": 0.7448488241881299, "TP": 61, "TN": 63, "FP": 31, "FN": 34}}, "MLP": {"valid": {"ACC": 0.6772486772486772, "F1_Score": 0.6806282722513088, "Recall": 0.6914893617021277, "Precision": 0.6701030927835051, "Cohen_Kappa": 0.3545876952359627, "AUC": 0.783986562150056, "TP": 65, "TN": 63, "FP": 32, "FN": 29}, "test": {"ACC": 0.6507936507936508, "F1_Score": 0.6333333333333333, "Recall": 0.6, "Precision": 0.6705882352941176, "Cohen_Kappa": 0.30195858981533286, "AUC": 0.7077267637178051, "TP": 57, "TN": 66, "FP": 28, "FN": 38}}, "LR": {"valid": {"ACC": 0.6984126984126984, "F1_Score": 0.6984126984126984, "Recall": 0.7021276595744681, "Precision": 0.6947368421052632, "Cohen_Kappa": 0.3968422820670735, "AUC": 0.806047032474804, "TP": 66, "TN": 66, "FP": 29, "FN": 28}, "test": {"ACC": 0.7195767195767195, "F1_Score": 0.7282051282051281, "Recall": 0.7473684210526316, "Precision": 0.71, "Cohen_Kappa": 0.43898067768132176, "AUC": 0.771892497200448, "TP": 71, "TN": 65, "FP": 29, "FN": 24}}, "ETAs": {"valid": {"ACC": 0.7301587301587301, "F1_Score": 0.7182320441988951, "Recall": 0.6914893617021277, "Precision": 0.7471264367816092, "Cohen_Kappa": 0.46009074105192405, "AUC": 0.8178051511758119, "TP": 65, "TN": 73, "FP": 22, "FN": 29}, "test": {"ACC": 0.7248677248677249, "F1_Score": 0.7045454545454545, "Recall": 0.6526315789473685, "Precision": 0.7654320987654321, "Cohen_Kappa": 0.4501510574018127, "AUC": 0.7758678611422172, "TP": 62, "TN": 75, "FP": 19, "FN": 33}}, "CNB": {"valid": {"ACC": 0.6666666666666666, "F1_Score": 0.6926829268292682, "Recall": 0.7553191489361702, "Precision": 0.6396396396396397, "Cohen_Kappa": 0.33394864910219835, "AUC": 0.7909294512877939, "TP": 71, "TN": 55, "FP": 40, "FN": 23}, "test": {"ACC": 0.6825396825396826, "F1_Score": 0.6875, "Recall": 0.6947368421052632, "Precision": 0.6804123711340206, "Cohen_Kappa": 0.36499048045693805, "AUC": 0.7322508398656215, "TP": 66, "TN": 63, "FP": 31, "FN": 29}}, "GB": {"valid": {"ACC": 0.7195767195767195, "F1_Score": 0.7253886010362693, "Recall": 0.7446808510638298, "Precision": 0.7070707070707071, "Cohen_Kappa": 0.43929471032745593, "AUC": 0.7843225083986562, "TP": 70, "TN": 66, "FP": 29, "FN": 24}, "test": {"ACC": 0.6984126984126984, "F1_Score": 0.6951871657754011, "Recall": 0.6842105263157895, "Precision": 0.7065217391304348, "Cohen_Kappa": 0.3969098135811454, "AUC": 0.747144456886898, "TP": 65, "TN": 67, "FP": 27, "FN": 30}}, "BAG": {"valid": {"ACC": 0.708994708994709, "F1_Score": 0.6857142857142857, "Recall": 0.6382978723404256, "Precision": 0.7407407407407407, "Cohen_Kappa": 0.4175491679273827, "AUC": 0.7735722284434491, "TP": 60, "TN": 74, "FP": 21, "FN": 34}, "test": {"ACC": 0.6507936507936508, "F1_Score": 0.5975609756097561, "Recall": 0.5157894736842106, "Precision": 0.7101449275362319, "Cohen_Kappa": 0.3025830258302583, "AUC": 0.7167413213885778, "TP": 49, "TN": 74, "FP": 20, "FN": 46}}}