{"OVR": {"valid": {"ACC": 0.6578947368421053, "F1_Score": 0.6608695652173913, "Recall": 0.6666666666666666, "Precision": 0.6551724137931034, "Cohen_Kappa": 0.3157894736842105, "AUC": 0.7389966143428747, "TP": 38, "TN": 37, "FP": 20, "FN": 19}, "test": {"ACC": 0.6842105263157895, "F1_Score": 0.6603773584905661, "Recall": 0.6140350877192983, "Precision": 0.7142857142857143, "Cohen_Kappa": 0.368421052631579, "AUC": 0.7636195752539244, "TP": 35, "TN": 43, "FP": 14, "FN": 22}}, "KNB": {"valid": {"ACC": 0.5964912280701754, "F1_Score": 0.37837837837837834, "Recall": 0.24561403508771928, "Precision": 0.8235294117647058, "Cohen_Kappa": 0.19298245614035092, "AUC": 0.6919052016004924, "TP": 14, "TN": 54, "FP": 3, "FN": 43}, "test": {"ACC": 0.5350877192982456, "F1_Score": 0.2318840579710145, "Recall": 0.14035087719298245, "Precision": 0.6666666666666666, "Cohen_Kappa": 0.07017543859649122, "AUC": 0.5712526931363496, "TP": 8, "TN": 53, "FP": 4, "FN": 49}}, "DT": {"valid": {"ACC": 0.6491228070175439, "F1_Score": 0.6491228070175439, "Recall": 0.6491228070175439, "Precision": 0.6491228070175439, "Cohen_Kappa": 0.29824561403508776, "AUC": 0.6491228070175439, "TP": 37, "TN": 37, "FP": 20, "FN": 20}, "test": {"ACC": 0.6754385964912281, "F1_Score": 0.6542056074766356, "Recall": 0.6140350877192983, "Precision": 0.7, "Cohen_Kappa": 0.3508771929824561, "AUC": 0.6754385964912282, "TP": 35, "TN": 42, "FP": 15, "FN": 22}}, "MNB": {"valid": {"ACC": 0.6842105263157895, "F1_Score": 0.7352941176470589, "Recall": 0.8771929824561403, "Precision": 0.6329113924050633, "Cohen_Kappa": 0.368421052631579, "AUC": 0.7639273622653124, "TP": 50, "TN": 28, "FP": 29, "FN": 7}, "test": {"ACC": 0.7192982456140351, "F1_Score": 0.746031746031746, "Recall": 0.8245614035087719, "Precision": 0.6811594202898551, "Cohen_Kappa": 0.4385964912280702, "AUC": 0.7968605724838411, "TP": 47, "TN": 35, "FP": 22, "FN": 10}}, "RF": {"valid": {"ACC": 0.7192982456140351, "F1_Score": 0.6981132075471698, "Recall": 0.6491228070175439, "Precision": 0.7551020408163265, "Cohen_Kappa": 0.4385964912280702, "AUC": 0.8008618036318867, "TP": 37, "TN": 45, "FP": 12, "FN": 20}, "test": {"ACC": 0.7368421052631579, "F1_Score": 0.7058823529411765, "Recall": 0.631578947368421, "Precision": 0.8, "Cohen_Kappa": 0.4736842105263158, "AUC": 0.8060941828254847, "TP": 36, "TN": 48, "FP": 9, "FN": 21}}, "ADA": {"valid": {"ACC": 0.631578947368421, "F1_Score": 0.631578947368421, "Recall": 0.631578947368421, "Precision": 0.631578947368421, "Cohen_Kappa": 0.26315789473684215, "AUC": 0.6565096952908587, "TP": 36, "TN": 36, "FP": 21, "FN": 21}, "test": {"ACC": 0.6228070175438597, "F1_Score": 0.5825242718446602, "Recall": 0.5263157894736842, "Precision": 0.6521739130434783, "Cohen_Kappa": 0.24561403508771928, "AUC": 0.6917513080947983, "TP": 30, "TN": 41, "FP": 16, "FN": 27}}, "XGB": {"valid": {"ACC": 0.631578947368421, "F1_Score": 0.6440677966101694, "Recall": 0.6666666666666666, "Precision": 0.6229508196721312, "Cohen_Kappa": 0.26315789473684215, "AUC": 0.7208371806709757, "TP": 38, "TN": 34, "FP": 23, "FN": 19}, "test": {"ACC": 0.6929824561403509, "F1_Score": 0.6902654867256636, "Recall": 0.6842105263157895, "Precision": 0.6964285714285714, "Cohen_Kappa": 0.38596491228070173, "AUC": 0.7617728531855956, "TP": 39, "TN": 40, "FP": 17, "FN": 18}}, "MLP": {"valid": {"ACC": 0.6666666666666666, "F1_Score": 0.6885245901639344, "Recall": 0.7368421052631579, "Precision": 0.6461538461538462, "Cohen_Kappa": 0.33333333333333337, "AUC": 0.7429978454909204, "TP": 42, "TN": 34, "FP": 23, "FN": 15}, "test": {"ACC": 0.7017543859649122, "F1_Score": 0.6851851851851852, "Recall": 0.6491228070175439, "Precision": 0.7254901960784313, "Cohen_Kappa": 0.4035087719298246, "AUC": 0.7429978454909203, "TP": 37, "TN": 43, "FP": 14, "FN": 20}}, "LR": {"valid": {"ACC": 0.6578947368421053, "F1_Score": 0.6608695652173913, "Recall": 0.6666666666666666, "Precision": 0.6551724137931034, "Cohen_Kappa": 0.3157894736842105, "AUC": 0.7389966143428747, "TP": 38, "TN": 37, "FP": 20, "FN": 19}, "test": {"ACC": 0.6842105263157895, "F1_Score": 0.6603773584905661, "Recall": 0.6140350877192983, "Precision": 0.7142857142857143, "Cohen_Kappa": 0.368421052631579, "AUC": 0.7636195752539244, "TP": 35, "TN": 43, "FP": 14, "FN": 22}}, "ETAs": {"valid": {"ACC": 0.7017543859649122, "F1_Score": 0.6909090909090909, "Recall": 0.6666666666666666, "Precision": 0.7169811320754716, "Cohen_Kappa": 0.4035087719298246, "AUC": 0.7793167128347184, "TP": 38, "TN": 42, "FP": 15, "FN": 19}, "test": {"ACC": 0.7719298245614035, "F1_Score": 0.7636363636363637, "Recall": 0.7368421052631579, "Precision": 0.7924528301886793, "Cohen_Kappa": 0.543859649122807, "AUC": 0.8207140658664204, "TP": 42, "TN": 46, "FP": 11, "FN": 15}}, "CNB": {"valid": {"ACC": 0.6842105263157895, "F1_Score": 0.7352941176470589, "Recall": 0.8771929824561403, "Precision": 0.6329113924050633, "Cohen_Kappa": 0.368421052631579, "AUC": 0.7639273622653124, "TP": 50, "TN": 28, "FP": 29, "FN": 7}, "test": {"ACC": 0.7192982456140351, "F1_Score": 0.746031746031746, "Recall": 0.8245614035087719, "Precision": 0.6811594202898551, "Cohen_Kappa": 0.4385964912280702, "AUC": 0.7968605724838411, "TP": 47, "TN": 35, "FP": 22, "FN": 10}}, "GB": {"valid": {"ACC": 0.7017543859649122, "F1_Score": 0.6851851851851852, "Recall": 0.6491228070175439, "Precision": 0.7254901960784313, "Cohen_Kappa": 0.4035087719298246, "AUC": 0.773007079101262, "TP": 37, "TN": 43, "FP": 14, "FN": 20}, "test": {"ACC": 0.6754385964912281, "F1_Score": 0.6476190476190476, "Recall": 0.5964912280701754, "Precision": 0.7083333333333334, "Cohen_Kappa": 0.3508771929824561, "AUC": 0.7574638350261619, "TP": 34, "TN": 43, "FP": 14, "FN": 23}}, "BAG": {"valid": {"ACC": 0.7192982456140351, "F1_Score": 0.7037037037037038, "Recall": 0.6666666666666666, "Precision": 0.7450980392156863, "Cohen_Kappa": 0.4385964912280702, "AUC": 0.7743921206525085, "TP": 38, "TN": 44, "FP": 13, "FN": 19}, "test": {"ACC": 0.7280701754385965, "F1_Score": 0.693069306930693, "Recall": 0.6140350877192983, "Precision": 0.7954545454545454, "Cohen_Kappa": 0.45614035087719296, "AUC": 0.7554632194521391, "TP": 35, "TN": 48, "FP": 9, "FN": 22}}}