{"OVR": {"valid": {"ACC": 0.7280701754385965, "F1_Score": 0.7256637168141592, "Recall": 0.7192982456140351, "Precision": 0.7321428571428571, "Cohen_Kappa": 0.45614035087719296, "AUC": 0.7642351492767006, "TP": 41, "TN": 42, "FP": 15, "FN": 16}, "test": {"ACC": 0.6929824561403509, "F1_Score": 0.6846846846846847, "Recall": 0.6666666666666666, "Precision": 0.7037037037037037, "Cohen_Kappa": 0.38596491228070173, "AUC": 0.7753154816866729, "TP": 38, "TN": 41, "FP": 16, "FN": 19}}, "KNB": {"valid": {"ACC": 0.5526315789473685, "F1_Score": 0.23880597014925373, "Recall": 0.14035087719298245, "Precision": 0.8, "Cohen_Kappa": 0.10526315789473684, "AUC": 0.657433056325023, "TP": 8, "TN": 55, "FP": 2, "FN": 49}, "test": {"ACC": 0.5350877192982456, "F1_Score": 0.15873015873015872, "Recall": 0.08771929824561403, "Precision": 0.8333333333333334, "Cohen_Kappa": 0.07017543859649122, "AUC": 0.657433056325023, "TP": 5, "TN": 56, "FP": 1, "FN": 52}}, "DT": {"valid": {"ACC": 0.6578947368421053, "F1_Score": 0.6422018348623854, "Recall": 0.6140350877192983, "Precision": 0.6730769230769231, "Cohen_Kappa": 0.3157894736842105, "AUC": 0.6578947368421053, "TP": 35, "TN": 40, "FP": 17, "FN": 22}, "test": {"ACC": 0.6403508771929824, "F1_Score": 0.6238532110091742, "Recall": 0.5964912280701754, "Precision": 0.6538461538461539, "Cohen_Kappa": 0.2807017543859649, "AUC": 0.6403508771929824, "TP": 34, "TN": 39, "FP": 18, "FN": 23}}, "MNB": {"valid": {"ACC": 0.6754385964912281, "F1_Score": 0.7131782945736433, "Recall": 0.8070175438596491, "Precision": 0.6388888888888888, "Cohen_Kappa": 0.3508771929824561, "AUC": 0.7520775623268697, "TP": 46, "TN": 31, "FP": 26, "FN": 11}, "test": {"ACC": 0.6666666666666666, "F1_Score": 0.7031250000000001, "Recall": 0.7894736842105263, "Precision": 0.6338028169014085, "Cohen_Kappa": 0.33333333333333337, "AUC": 0.7620806401969836, "TP": 45, "TN": 31, "FP": 26, "FN": 12}}, "RF": {"valid": {"ACC": 0.7543859649122807, "F1_Score": 0.7358490566037734, "Recall": 0.6842105263157895, "Precision": 0.7959183673469388, "Cohen_Kappa": 0.5087719298245614, "AUC": 0.7819329024315175, "TP": 39, "TN": 47, "FP": 10, "FN": 18}, "test": {"ACC": 0.7543859649122807, "F1_Score": 0.72, "Recall": 0.631578947368421, "Precision": 0.8372093023255814, "Cohen_Kappa": 0.5087719298245614, "AUC": 0.7979378270236996, "TP": 36, "TN": 50, "FP": 7, "FN": 21}}, "ADA": {"valid": {"ACC": 0.6754385964912281, "F1_Score": 0.6185567010309279, "Recall": 0.5263157894736842, "Precision": 0.75, "Cohen_Kappa": 0.3508771929824561, "AUC": 0.6799015081563557, "TP": 30, "TN": 47, "FP": 10, "FN": 27}, "test": {"ACC": 0.6403508771929824, "F1_Score": 0.6019417475728156, "Recall": 0.543859649122807, "Precision": 0.6739130434782609, "Cohen_Kappa": 0.2807017543859649, "AUC": 0.6691289627577717, "TP": 31, "TN": 42, "FP": 15, "FN": 26}}, "XGB": {"valid": {"ACC": 0.6754385964912281, "F1_Score": 0.6782608695652174, "Recall": 0.6842105263157895, "Precision": 0.6724137931034483, "Cohen_Kappa": 0.3508771929824561, "AUC": 0.7328408741151123, "TP": 39, "TN": 38, "FP": 19, "FN": 18}, "test": {"ACC": 0.6666666666666666, "F1_Score": 0.6415094339622641, "Recall": 0.5964912280701754, "Precision": 0.6938775510204082, "Cohen_Kappa": 0.33333333333333337, "AUC": 0.742074484456756, "TP": 34, "TN": 42, "FP": 15, "FN": 23}}, "MLP": {"valid": {"ACC": 0.6754385964912281, "F1_Score": 0.6782608695652174, "Recall": 0.6842105263157895, "Precision": 0.6724137931034483, "Cohen_Kappa": 0.3508771929824561, "AUC": 0.7091412742382271, "TP": 39, "TN": 38, "FP": 19, "FN": 18}, "test": {"ACC": 0.6578947368421053, "F1_Score": 0.6608695652173913, "Recall": 0.6666666666666666, "Precision": 0.6551724137931034, "Cohen_Kappa": 0.3157894736842105, "AUC": 0.7085257002154509, "TP": 38, "TN": 37, "FP": 20, "FN": 19}}, "LR": {"valid": {"ACC": 0.7280701754385965, "F1_Score": 0.7256637168141592, "Recall": 0.7192982456140351, "Precision": 0.7321428571428571, "Cohen_Kappa": 0.45614035087719296, "AUC": 0.7642351492767006, "TP": 41, "TN": 42, "FP": 15, "FN": 16}, "test": {"ACC": 0.6929824561403509, "F1_Score": 0.6846846846846847, "Recall": 0.6666666666666666, "Precision": 0.7037037037037037, "Cohen_Kappa": 0.38596491228070173, "AUC": 0.7753154816866729, "TP": 38, "TN": 41, "FP": 16, "FN": 19}}, "ETAs": {"valid": {"ACC": 0.7105263157894737, "F1_Score": 0.6972477064220183, "Recall": 0.6666666666666666, "Precision": 0.7307692307692307, "Cohen_Kappa": 0.42105263157894735, "AUC": 0.7719298245614035, "TP": 38, "TN": 43, "FP": 14, "FN": 19}, "test": {"ACC": 0.7280701754385965, "F1_Score": 0.7155963302752295, "Recall": 0.6842105263157895, "Precision": 0.75, "Cohen_Kappa": 0.45614035087719296, "AUC": 0.8071714373653431, "TP": 39, "TN": 44, "FP": 13, "FN": 18}}, "CNB": {"valid": {"ACC": 0.6754385964912281, "F1_Score": 0.7131782945736433, "Recall": 0.8070175438596491, "Precision": 0.6388888888888888, "Cohen_Kappa": 0.3508771929824561, "AUC": 0.7520775623268697, "TP": 46, "TN": 31, "FP": 26, "FN": 11}, "test": {"ACC": 0.6666666666666666, "F1_Score": 0.7031250000000001, "Recall": 0.7894736842105263, "Precision": 0.6338028169014085, "Cohen_Kappa": 0.33333333333333337, "AUC": 0.7620806401969836, "TP": 45, "TN": 31, "FP": 26, "FN": 12}}, "GB": {"valid": {"ACC": 0.7017543859649122, "F1_Score": 0.6851851851851852, "Recall": 0.6491228070175439, "Precision": 0.7254901960784313, "Cohen_Kappa": 0.4035087719298246, "AUC": 0.7570021545090797, "TP": 37, "TN": 43, "FP": 14, "FN": 20}, "test": {"ACC": 0.7280701754385965, "F1_Score": 0.7155963302752295, "Recall": 0.6842105263157895, "Precision": 0.75, "Cohen_Kappa": 0.45614035087719296, "AUC": 0.7843951985226223, "TP": 39, "TN": 44, "FP": 13, "FN": 18}}, "BAG": {"valid": {"ACC": 0.7192982456140351, "F1_Score": 0.6862745098039216, "Recall": 0.6140350877192983, "Precision": 0.7777777777777778, "Cohen_Kappa": 0.4385964912280702, "AUC": 0.7590027700831025, "TP": 35, "TN": 47, "FP": 10, "FN": 22}, "test": {"ACC": 0.7456140350877193, "F1_Score": 0.7070707070707071, "Recall": 0.6140350877192983, "Precision": 0.8333333333333334, "Cohen_Kappa": 0.49122807017543857, "AUC": 0.8090181594336718, "TP": 35, "TN": 50, "FP": 7, "FN": 22}}}