{"OVR": {"valid": {"ACC": 0.6733333333333333, "F1_Score": 0.6711409395973154, "Recall": 0.6666666666666666, "Precision": 0.6756756756756757, "Cohen_Kappa": 0.3466666666666667, "AUC": 0.7068444444444445, "TP": 50, "TN": 51, "FP": 24, "FN": 25}, "test": {"ACC": 0.6933333333333334, "F1_Score": 0.708860759493671, "Recall": 0.7466666666666667, "Precision": 0.6746987951807228, "Cohen_Kappa": 0.3866666666666667, "AUC": 0.7571555555555555, "TP": 56, "TN": 48, "FP": 27, "FN": 19}}, "KNB": {"valid": {"ACC": 0.6733333333333333, "F1_Score": 0.6016260162601627, "Recall": 0.49333333333333335, "Precision": 0.7708333333333334, "Cohen_Kappa": 0.3466666666666667, "AUC": 0.7020444444444445, "TP": 37, "TN": 64, "FP": 11, "FN": 38}, "test": {"ACC": 0.7066666666666667, "F1_Score": 0.6666666666666666, "Recall": 0.5866666666666667, "Precision": 0.7719298245614035, "Cohen_Kappa": 0.41333333333333333, "AUC": 0.7610666666666667, "TP": 44, "TN": 62, "FP": 13, "FN": 31}}, "DT": {"valid": {"ACC": 0.68, "F1_Score": 0.6712328767123288, "Recall": 0.6533333333333333, "Precision": 0.6901408450704225, "Cohen_Kappa": 0.36, "AUC": 0.68, "TP": 49, "TN": 53, "FP": 22, "FN": 26}, "test": {"ACC": 0.58, "F1_Score": 0.5935483870967742, "Recall": 0.6133333333333333, "Precision": 0.575, "Cohen_Kappa": 0.16000000000000003, "AUC": 0.58, "TP": 46, "TN": 41, "FP": 34, "FN": 29}}, "MNB": {"valid": {"ACC": 0.6466666666666666, "F1_Score": 0.6787878787878788, "Recall": 0.7466666666666667, "Precision": 0.6222222222222222, "Cohen_Kappa": 0.29333333333333333, "AUC": 0.7427555555555556, "TP": 56, "TN": 41, "FP": 34, "FN": 19}, "test": {"ACC": 0.6333333333333333, "F1_Score": 0.6857142857142857, "Recall": 0.8, "Precision": 0.6, "Cohen_Kappa": 0.2666666666666667, "AUC": 0.7392, "TP": 60, "TN": 35, "FP": 40, "FN": 15}}, "RF": {"valid": {"ACC": 0.68, "F1_Score": 0.6666666666666666, "Recall": 0.64, "Precision": 0.6956521739130435, "Cohen_Kappa": 0.36, "AUC": 0.747911111111111, "TP": 48, "TN": 54, "FP": 21, "FN": 27}, "test": {"ACC": 0.68, "F1_Score": 0.6923076923076923, "Recall": 0.72, "Precision": 0.6666666666666666, "Cohen_Kappa": 0.36, "AUC": 0.7407111111111111, "TP": 54, "TN": 48, "FP": 27, "FN": 21}}, "ADA": {"valid": {"ACC": 0.6, "F1_Score": 0.5714285714285715, "Recall": 0.5333333333333333, "Precision": 0.6153846153846154, "Cohen_Kappa": 0.19999999999999996, "AUC": 0.6159111111111111, "TP": 40, "TN": 50, "FP": 25, "FN": 35}, "test": {"ACC": 0.58, "F1_Score": 0.5882352941176471, "Recall": 0.6, "Precision": 0.5769230769230769, "Cohen_Kappa": 0.16000000000000003, "AUC": 0.6134222222222222, "TP": 45, "TN": 42, "FP": 33, "FN": 30}}, "XGB": {"valid": {"ACC": 0.6466666666666666, "F1_Score": 0.6442953020134228, "Recall": 0.64, "Precision": 0.6486486486486487, "Cohen_Kappa": 0.29333333333333333, "AUC": 0.7038222222222222, "TP": 48, "TN": 49, "FP": 26, "FN": 27}, "test": {"ACC": 0.66, "F1_Score": 0.6751592356687899, "Recall": 0.7066666666666667, "Precision": 0.6463414634146342, "Cohen_Kappa": 0.31999999999999995, "AUC": 0.7457777777777778, "TP": 53, "TN": 46, "FP": 29, "FN": 22}}, "MLP": {"valid": {"ACC": 0.6466666666666666, "F1_Score": 0.6344827586206896, "Recall": 0.6133333333333333, "Precision": 0.6571428571428571, "Cohen_Kappa": 0.29333333333333333, "AUC": 0.6858666666666666, "TP": 46, "TN": 51, "FP": 24, "FN": 29}, "test": {"ACC": 0.7133333333333334, "F1_Score": 0.7261146496815286, "Recall": 0.76, "Precision": 0.6951219512195121, "Cohen_Kappa": 0.42666666666666664, "AUC": 0.7736888888888889, "TP": 57, "TN": 50, "FP": 25, "FN": 18}}, "LR": {"valid": {"ACC": 0.6733333333333333, "F1_Score": 0.6711409395973154, "Recall": 0.6666666666666666, "Precision": 0.6756756756756757, "Cohen_Kappa": 0.3466666666666667, "AUC": 0.7068444444444445, "TP": 50, "TN": 51, "FP": 24, "FN": 25}, "test": {"ACC": 0.6933333333333334, "F1_Score": 0.708860759493671, "Recall": 0.7466666666666667, "Precision": 0.6746987951807228, "Cohen_Kappa": 0.3866666666666667, "AUC": 0.7571555555555555, "TP": 56, "TN": 48, "FP": 27, "FN": 19}}, "ETAs": {"valid": {"ACC": 0.6933333333333334, "F1_Score": 0.6849315068493151, "Recall": 0.6666666666666666, "Precision": 0.704225352112676, "Cohen_Kappa": 0.3866666666666667, "AUC": 0.7423999999999998, "TP": 50, "TN": 54, "FP": 21, "FN": 25}, "test": {"ACC": 0.7, "F1_Score": 0.713375796178344, "Recall": 0.7466666666666667, "Precision": 0.6829268292682927, "Cohen_Kappa": 0.4, "AUC": 0.7794666666666666, "TP": 56, "TN": 49, "FP": 26, "FN": 19}}, "CNB": {"valid": {"ACC": 0.6466666666666666, "F1_Score": 0.6787878787878788, "Recall": 0.7466666666666667, "Precision": 0.6222222222222222, "Cohen_Kappa": 0.29333333333333333, "AUC": 0.7427555555555556, "TP": 56, "TN": 41, "FP": 34, "FN": 19}, "test": {"ACC": 0.6333333333333333, "F1_Score": 0.6857142857142857, "Recall": 0.8, "Precision": 0.6, "Cohen_Kappa": 0.2666666666666667, "AUC": 0.7392, "TP": 60, "TN": 35, "FP": 40, "FN": 15}}, "GB": {"valid": {"ACC": 0.6866666666666666, "F1_Score": 0.6887417218543047, "Recall": 0.6933333333333334, "Precision": 0.6842105263157895, "Cohen_Kappa": 0.3733333333333333, "AUC": 0.7164444444444444, "TP": 52, "TN": 51, "FP": 24, "FN": 23}, "test": {"ACC": 0.64, "F1_Score": 0.6447368421052633, "Recall": 0.6533333333333333, "Precision": 0.6363636363636364, "Cohen_Kappa": 0.28, "AUC": 0.6907555555555555, "TP": 49, "TN": 47, "FP": 28, "FN": 26}}, "BAG": {"valid": {"ACC": 0.6666666666666666, "F1_Score": 0.6527777777777777, "Recall": 0.6266666666666667, "Precision": 0.6811594202898551, "Cohen_Kappa": 0.33333333333333337, "AUC": 0.7108444444444444, "TP": 47, "TN": 53, "FP": 22, "FN": 28}, "test": {"ACC": 0.6266666666666667, "F1_Score": 0.611111111111111, "Recall": 0.5866666666666667, "Precision": 0.6376811594202898, "Cohen_Kappa": 0.2533333333333333, "AUC": 0.7040888888888889, "TP": 44, "TN": 50, "FP": 25, "FN": 31}}}