{"OVR": {"valid": {"ACC": 0.6863905325443787, "F1_Score": 0.6748466257668712, "Recall": 0.6470588235294118, "Precision": 0.7051282051282052, "Cohen_Kappa": 0.373066424021838, "AUC": 0.7518207282913165, "TP": 110, "TN": 122, "FP": 46, "FN": 60}, "test": {"ACC": 0.6666666666666666, "F1_Score": 0.6389776357827476, "Recall": 0.591715976331361, "Precision": 0.6944444444444444, "Cohen_Kappa": 0.33303734656568296, "AUC": 0.7417681865645667, "TP": 100, "TN": 126, "FP": 44, "FN": 69}}, "KNB": {"valid": {"ACC": 0.6242603550295858, "F1_Score": 0.4858299595141701, "Recall": 0.35294117647058826, "Precision": 0.7792207792207793, "Cohen_Kappa": 0.25093358461592163, "AUC": 0.725577731092437, "TP": 60, "TN": 151, "FP": 17, "FN": 110}, "test": {"ACC": 0.6047197640117994, "F1_Score": 0.4462809917355372, "Recall": 0.31952662721893493, "Precision": 0.7397260273972602, "Cohen_Kappa": 0.20810961578690457, "AUC": 0.6774103724329968, "TP": 54, "TN": 151, "FP": 19, "FN": 115}}, "DT": {"valid": {"ACC": 0.6479289940828402, "F1_Score": 0.6404833836858006, "Recall": 0.6235294117647059, "Precision": 0.6583850931677019, "Cohen_Kappa": 0.2960551646889986, "AUC": 0.6480742296918768, "TP": 106, "TN": 113, "FP": 55, "FN": 64}, "test": {"ACC": 0.6253687315634219, "F1_Score": 0.6297376093294461, "Recall": 0.6390532544378699, "Precision": 0.6206896551724138, "Cohen_Kappa": 0.2507961367789089, "AUC": 0.6254089801601115, "TP": 108, "TN": 104, "FP": 66, "FN": 61}}, "MNB": {"valid": {"ACC": 0.6952662721893491, "F1_Score": 0.6943620178041544, "Recall": 0.6882352941176471, "Precision": 0.7005988023952096, "Cohen_Kappa": 0.39057521968980846, "AUC": 0.7389355742296918, "TP": 117, "TN": 118, "FP": 50, "FN": 53}, "test": {"ACC": 0.6607669616519174, "F1_Score": 0.6546546546546547, "Recall": 0.6449704142011834, "Precision": 0.6646341463414634, "Cohen_Kappa": 0.3214689757201288, "AUC": 0.7152801949182039, "TP": 109, "TN": 115, "FP": 55, "FN": 60}}, "RF": {"valid": {"ACC": 0.7041420118343196, "F1_Score": 0.6666666666666667, "Recall": 0.5882352941176471, "Precision": 0.7692307692307693, "Cohen_Kappa": 0.40909090909090906, "AUC": 0.7777135854341737, "TP": 100, "TN": 138, "FP": 30, "FN": 70}, "test": {"ACC": 0.6696165191740413, "F1_Score": 0.6266666666666667, "Recall": 0.5562130177514792, "Precision": 0.7175572519083969, "Cohen_Kappa": 0.33879001079725535, "AUC": 0.7435085276714236, "TP": 94, "TN": 133, "FP": 37, "FN": 75}}, "ADA": {"valid": {"ACC": 0.6597633136094675, "F1_Score": 0.630225080385852, "Recall": 0.5764705882352941, "Precision": 0.6950354609929078, "Cohen_Kappa": 0.3201930812550282, "AUC": 0.7018557422969187, "TP": 98, "TN": 125, "FP": 43, "FN": 72}, "test": {"ACC": 0.6224188790560472, "F1_Score": 0.5870967741935483, "Recall": 0.5384615384615384, "Precision": 0.6453900709219859, "Cohen_Kappa": 0.24446301713330554, "AUC": 0.6890706578489383, "TP": 91, "TN": 120, "FP": 50, "FN": 78}}, "XGB": {"valid": {"ACC": 0.6568047337278107, "F1_Score": 0.6419753086419754, "Recall": 0.611764705882353, "Precision": 0.6753246753246753, "Cohen_Kappa": 0.31396976483762595, "AUC": 0.7274334733893557, "TP": 104, "TN": 118, "FP": 50, "FN": 66}, "test": {"ACC": 0.6666666666666666, "F1_Score": 0.654434250764526, "Recall": 0.6331360946745562, "Precision": 0.6772151898734177, "Cohen_Kappa": 0.33319988163414516, "AUC": 0.7259310824921685, "TP": 107, "TN": 119, "FP": 51, "FN": 62}}, "MLP": {"valid": {"ACC": 0.6804733727810651, "F1_Score": 0.6785714285714286, "Recall": 0.6705882352941176, "Precision": 0.6867469879518072, "Cohen_Kappa": 0.36101386360453713, "AUC": 0.7434173669467787, "TP": 114, "TN": 116, "FP": 52, "FN": 56}, "test": {"ACC": 0.672566371681416, "F1_Score": 0.6476190476190475, "Recall": 0.6035502958579881, "Precision": 0.6986301369863014, "Cohen_Kappa": 0.3448648083987673, "AUC": 0.7259658893143057, "TP": 102, "TN": 126, "FP": 44, "FN": 67}}, "LR": {"valid": {"ACC": 0.6863905325443787, "F1_Score": 0.6748466257668712, "Recall": 0.6470588235294118, "Precision": 0.7051282051282052, "Cohen_Kappa": 0.373066424021838, "AUC": 0.7518207282913165, "TP": 110, "TN": 122, "FP": 46, "FN": 60}, "test": {"ACC": 0.6666666666666666, "F1_Score": 0.6389776357827476, "Recall": 0.591715976331361, "Precision": 0.6944444444444444, "Cohen_Kappa": 0.33303734656568296, "AUC": 0.7417681865645667, "TP": 100, "TN": 126, "FP": 44, "FN": 69}}, "ETAs": {"valid": {"ACC": 0.7218934911242604, "F1_Score": 0.69281045751634, "Recall": 0.6235294117647059, "Precision": 0.7794117647058824, "Cohen_Kappa": 0.4444289011680772, "AUC": 0.7833333333333333, "TP": 106, "TN": 138, "FP": 30, "FN": 64}, "test": {"ACC": 0.6755162241887905, "F1_Score": 0.6333333333333333, "Recall": 0.5621301775147929, "Precision": 0.7251908396946565, "Cohen_Kappa": 0.3505973320330187, "AUC": 0.754490080055691, "TP": 95, "TN": 134, "FP": 36, "FN": 74}}, "CNB": {"valid": {"ACC": 0.6952662721893491, "F1_Score": 0.6943620178041544, "Recall": 0.6882352941176471, "Precision": 0.7005988023952096, "Cohen_Kappa": 0.39057521968980846, "AUC": 0.7389180672268907, "TP": 117, "TN": 118, "FP": 50, "FN": 53}, "test": {"ACC": 0.6607669616519174, "F1_Score": 0.6546546546546547, "Recall": 0.6449704142011834, "Precision": 0.6646341463414634, "Cohen_Kappa": 0.3214689757201288, "AUC": 0.7152801949182039, "TP": 109, "TN": 115, "FP": 55, "FN": 60}}, "GB": {"valid": {"ACC": 0.6893491124260355, "F1_Score": 0.6534653465346535, "Recall": 0.5823529411764706, "Precision": 0.7443609022556391, "Cohen_Kappa": 0.37948036507325944, "AUC": 0.72296918767507, "TP": 99, "TN": 134, "FP": 34, "FN": 71}, "test": {"ACC": 0.6342182890855457, "F1_Score": 0.6000000000000001, "Recall": 0.5502958579881657, "Precision": 0.6595744680851063, "Cohen_Kappa": 0.2680735478478897, "AUC": 0.7158545074834668, "TP": 93, "TN": 122, "FP": 48, "FN": 76}}, "BAG": {"valid": {"ACC": 0.6923076923076923, "F1_Score": 0.6413793103448275, "Recall": 0.5470588235294118, "Precision": 0.775, "Cohen_Kappa": 0.3856693463823838, "AUC": 0.7621673669467788, "TP": 93, "TN": 141, "FP": 27, "FN": 77}, "test": {"ACC": 0.640117994100295, "F1_Score": 0.5821917808219178, "Recall": 0.5029585798816568, "Precision": 0.6910569105691057, "Cohen_Kappa": 0.2796530462953286, "AUC": 0.7050469892098853, "TP": 85, "TN": 132, "FP": 38, "FN": 84}}}