{"OVR": {"valid": {"ACC": 0.7192982456140351, "F1_Score": 0.709090909090909, "Recall": 0.6842105263157895, "Precision": 0.7358490566037735, "Cohen_Kappa": 0.4385964912280702, "AUC": 0.7479224376731302, "TP": 39, "TN": 43, "FP": 14, "FN": 18}, "test": {"ACC": 0.7017543859649122, "F1_Score": 0.6909090909090909, "Recall": 0.6666666666666666, "Precision": 0.7169811320754716, "Cohen_Kappa": 0.4035087719298246, "AUC": 0.7713142505386272, "TP": 38, "TN": 42, "FP": 15, "FN": 19}}, "KNB": {"valid": {"ACC": 0.6052631578947368, "F1_Score": 0.45783132530120474, "Recall": 0.3333333333333333, "Precision": 0.7307692307692307, "Cohen_Kappa": 0.21052631578947367, "AUC": 0.6951369652200678, "TP": 19, "TN": 50, "FP": 7, "FN": 38}, "test": {"ACC": 0.5789473684210527, "F1_Score": 0.3333333333333333, "Recall": 0.21052631578947367, "Precision": 0.8, "Cohen_Kappa": 0.1578947368421053, "AUC": 0.7682363804247461, "TP": 12, "TN": 54, "FP": 3, "FN": 45}}, "DT": {"valid": {"ACC": 0.6929824561403509, "F1_Score": 0.6846846846846847, "Recall": 0.6666666666666666, "Precision": 0.7037037037037037, "Cohen_Kappa": 0.38596491228070173, "AUC": 0.6929824561403508, "TP": 38, "TN": 41, "FP": 16, "FN": 19}, "test": {"ACC": 0.7017543859649122, "F1_Score": 0.66, "Recall": 0.5789473684210527, "Precision": 0.7674418604651163, "Cohen_Kappa": 0.4035087719298246, "AUC": 0.7017543859649122, "TP": 33, "TN": 47, "FP": 10, "FN": 24}}, "MNB": {"valid": {"ACC": 0.6578947368421053, "F1_Score": 0.7153284671532847, "Recall": 0.8596491228070176, "Precision": 0.6125, "Cohen_Kappa": 0.3157894736842105, "AUC": 0.7345337026777471, "TP": 49, "TN": 26, "FP": 31, "FN": 8}, "test": {"ACC": 0.6666666666666666, "F1_Score": 0.7121212121212122, "Recall": 0.8245614035087719, "Precision": 0.6266666666666667, "Cohen_Kappa": 0.33333333333333337, "AUC": 0.7790089258233303, "TP": 47, "TN": 29, "FP": 28, "FN": 10}}, "RF": {"valid": {"ACC": 0.7017543859649122, "F1_Score": 0.673076923076923, "Recall": 0.6140350877192983, "Precision": 0.7446808510638298, "Cohen_Kappa": 0.4035087719298246, "AUC": 0.7554632194521391, "TP": 35, "TN": 45, "FP": 12, "FN": 22}, "test": {"ACC": 0.7192982456140351, "F1_Score": 0.6923076923076923, "Recall": 0.631578947368421, "Precision": 0.7659574468085106, "Cohen_Kappa": 0.4385964912280702, "AUC": 0.791166512773161, "TP": 36, "TN": 46, "FP": 11, "FN": 21}}, "ADA": {"valid": {"ACC": 0.6842105263157895, "F1_Score": 0.6538461538461539, "Recall": 0.5964912280701754, "Precision": 0.723404255319149, "Cohen_Kappa": 0.368421052631579, "AUC": 0.7045244690674054, "TP": 34, "TN": 44, "FP": 13, "FN": 23}, "test": {"ACC": 0.6754385964912281, "F1_Score": 0.6407766990291262, "Recall": 0.5789473684210527, "Precision": 0.717391304347826, "Cohen_Kappa": 0.3508771929824561, "AUC": 0.7479224376731303, "TP": 33, "TN": 44, "FP": 13, "FN": 24}}, "XGB": {"valid": {"ACC": 0.6842105263157895, "F1_Score": 0.6842105263157895, "Recall": 0.6842105263157895, "Precision": 0.6842105263157895, "Cohen_Kappa": 0.368421052631579, "AUC": 0.7122191443521084, "TP": 39, "TN": 39, "FP": 18, "FN": 18}, "test": {"ACC": 0.6666666666666666, "F1_Score": 0.6415094339622641, "Recall": 0.5964912280701754, "Precision": 0.6938775510204082, "Cohen_Kappa": 0.33333333333333337, "AUC": 0.7168359495229302, "TP": 34, "TN": 42, "FP": 15, "FN": 23}}, "MLP": {"valid": {"ACC": 0.6754385964912281, "F1_Score": 0.6605504587155963, "Recall": 0.631578947368421, "Precision": 0.6923076923076923, "Cohen_Kappa": 0.3508771929824561, "AUC": 0.6783625730994152, "TP": 36, "TN": 41, "FP": 16, "FN": 21}, "test": {"ACC": 0.6228070175438597, "F1_Score": 0.6126126126126126, "Recall": 0.5964912280701754, "Precision": 0.6296296296296297, "Cohen_Kappa": 0.24561403508771928, "AUC": 0.7131425053862727, "TP": 34, "TN": 37, "FP": 20, "FN": 23}}, "LR": {"valid": {"ACC": 0.7192982456140351, "F1_Score": 0.709090909090909, "Recall": 0.6842105263157895, "Precision": 0.7358490566037735, "Cohen_Kappa": 0.4385964912280702, "AUC": 0.7479224376731302, "TP": 39, "TN": 43, "FP": 14, "FN": 18}, "test": {"ACC": 0.7017543859649122, "F1_Score": 0.6909090909090909, "Recall": 0.6666666666666666, "Precision": 0.7169811320754716, "Cohen_Kappa": 0.4035087719298246, "AUC": 0.7713142505386272, "TP": 38, "TN": 42, "FP": 15, "FN": 19}}, "ETAs": {"valid": {"ACC": 0.6929824561403509, "F1_Score": 0.6846846846846847, "Recall": 0.6666666666666666, "Precision": 0.7037037037037037, "Cohen_Kappa": 0.38596491228070173, "AUC": 0.7674669128962758, "TP": 38, "TN": 41, "FP": 16, "FN": 19}, "test": {"ACC": 0.7631578947368421, "F1_Score": 0.7522935779816514, "Recall": 0.7192982456140351, "Precision": 0.7884615384615384, "Cohen_Kappa": 0.5263157894736843, "AUC": 0.7997845490920283, "TP": 41, "TN": 46, "FP": 11, "FN": 16}}, "CNB": {"valid": {"ACC": 0.6578947368421053, "F1_Score": 0.7153284671532847, "Recall": 0.8596491228070176, "Precision": 0.6125, "Cohen_Kappa": 0.3157894736842105, "AUC": 0.7345337026777471, "TP": 49, "TN": 26, "FP": 31, "FN": 8}, "test": {"ACC": 0.6666666666666666, "F1_Score": 0.7121212121212122, "Recall": 0.8245614035087719, "Precision": 0.6266666666666667, "Cohen_Kappa": 0.33333333333333337, "AUC": 0.7790089258233303, "TP": 47, "TN": 29, "FP": 28, "FN": 10}}, "GB": {"valid": {"ACC": 0.6842105263157895, "F1_Score": 0.6666666666666667, "Recall": 0.631578947368421, "Precision": 0.7058823529411765, "Cohen_Kappa": 0.368421052631579, "AUC": 0.7586949830717145, "TP": 36, "TN": 42, "FP": 15, "FN": 21}, "test": {"ACC": 0.6754385964912281, "F1_Score": 0.6542056074766356, "Recall": 0.6140350877192983, "Precision": 0.7, "Cohen_Kappa": 0.3508771929824561, "AUC": 0.7348414896891351, "TP": 35, "TN": 42, "FP": 15, "FN": 22}}, "BAG": {"valid": {"ACC": 0.7105263157894737, "F1_Score": 0.6915887850467289, "Recall": 0.6491228070175439, "Precision": 0.74, "Cohen_Kappa": 0.42105263157894735, "AUC": 0.736995998768852, "TP": 37, "TN": 44, "FP": 13, "FN": 20}, "test": {"ACC": 0.6666666666666666, "F1_Score": 0.6200000000000001, "Recall": 0.543859649122807, "Precision": 0.7209302325581395, "Cohen_Kappa": 0.33333333333333337, "AUC": 0.770390889504463, "TP": 31, "TN": 45, "FP": 12, "FN": 26}}}