{"OVR": {"valid": {"ACC": 0.6363636363636364, "F1_Score": 0.6571428571428571, "Recall": 0.696969696969697, "Precision": 0.6216216216216216, "Cohen_Kappa": 0.2727272727272727, "AUC": 0.7456382001836548, "TP": 23, "TN": 19, "FP": 14, "FN": 10}, "test": {"ACC": 0.6119402985074627, "F1_Score": 0.59375, "Recall": 0.5588235294117647, "Precision": 0.6333333333333333, "Cohen_Kappa": 0.22508896797153022, "AUC": 0.6122994652406417, "TP": 19, "TN": 22, "FP": 11, "FN": 15}}, "KNB": {"valid": {"ACC": 0.6666666666666666, "F1_Score": 0.6666666666666666, "Recall": 0.6666666666666666, "Precision": 0.6666666666666666, "Cohen_Kappa": 0.33333333333333337, "AUC": 0.7373737373737373, "TP": 22, "TN": 22, "FP": 11, "FN": 11}, "test": {"ACC": 0.6119402985074627, "F1_Score": 0.5666666666666668, "Recall": 0.5, "Precision": 0.6538461538461539, "Cohen_Kappa": 0.22646536412078155, "AUC": 0.6381461675579322, "TP": 17, "TN": 24, "FP": 9, "FN": 17}}, "DT": {"valid": {"ACC": 0.6515151515151515, "F1_Score": 0.6933333333333334, "Recall": 0.7878787878787878, "Precision": 0.6190476190476191, "Cohen_Kappa": 0.303030303030303, "AUC": 0.6515151515151515, "TP": 26, "TN": 17, "FP": 16, "FN": 7}, "test": {"ACC": 0.5970149253731343, "F1_Score": 0.64, "Recall": 0.7058823529411765, "Precision": 0.5853658536585366, "Cohen_Kappa": 0.19132767098793024, "AUC": 0.5953654188948307, "TP": 24, "TN": 16, "FP": 17, "FN": 10}}, "MNB": {"valid": {"ACC": 0.6515151515151515, "F1_Score": 0.676056338028169, "Recall": 0.7272727272727273, "Precision": 0.631578947368421, "Cohen_Kappa": 0.303030303030303, "AUC": 0.736455463728191, "TP": 24, "TN": 19, "FP": 14, "FN": 9}, "test": {"ACC": 0.5373134328358209, "F1_Score": 0.49180327868852464, "Recall": 0.4411764705882353, "Precision": 0.5555555555555556, "Cohen_Kappa": 0.07729897823189702, "AUC": 0.6060606060606061, "TP": 15, "TN": 21, "FP": 12, "FN": 19}}, "RF": {"valid": {"ACC": 0.6060606060606061, "F1_Score": 0.6578947368421053, "Recall": 0.7575757575757576, "Precision": 0.5813953488372093, "Cohen_Kappa": 0.21212121212121215, "AUC": 0.7451790633608816, "TP": 25, "TN": 15, "FP": 18, "FN": 8}, "test": {"ACC": 0.5223880597014925, "F1_Score": 0.5428571428571428, "Recall": 0.5588235294117647, "Precision": 0.5277777777777778, "Cohen_Kappa": 0.043710972346119426, "AUC": 0.5775401069518716, "TP": 19, "TN": 16, "FP": 17, "FN": 15}}, "ADA": {"valid": {"ACC": 0.6363636363636364, "F1_Score": 0.6666666666666667, "Recall": 0.7272727272727273, "Precision": 0.6153846153846154, "Cohen_Kappa": 0.2727272727272727, "AUC": 0.674471992653811, "TP": 24, "TN": 18, "FP": 15, "FN": 9}, "test": {"ACC": 0.582089552238806, "F1_Score": 0.5757575757575757, "Recall": 0.5588235294117647, "Precision": 0.59375, "Cohen_Kappa": 0.16473731077471054, "AUC": 0.606951871657754, "TP": 19, "TN": 20, "FP": 13, "FN": 15}}, "XGB": {"valid": {"ACC": 0.6363636363636364, "F1_Score": 0.6571428571428571, "Recall": 0.696969696969697, "Precision": 0.6216216216216216, "Cohen_Kappa": 0.2727272727272727, "AUC": 0.6942148760330579, "TP": 23, "TN": 19, "FP": 14, "FN": 10}, "test": {"ACC": 0.5970149253731343, "F1_Score": 0.608695652173913, "Recall": 0.6176470588235294, "Precision": 0.6, "Cohen_Kappa": 0.19349086045474817, "AUC": 0.5846702317290553, "TP": 21, "TN": 19, "FP": 14, "FN": 13}}, "MLP": {"valid": {"ACC": 0.7121212121212122, "F1_Score": 0.7076923076923077, "Recall": 0.696969696969697, "Precision": 0.71875, "Cohen_Kappa": 0.4242424242424242, "AUC": 0.7970615243342516, "TP": 23, "TN": 24, "FP": 9, "FN": 10}, "test": {"ACC": 0.5671641791044776, "F1_Score": 0.5245901639344261, "Recall": 0.47058823529411764, "Precision": 0.5925925925925926, "Cohen_Kappa": 0.13682807641048433, "AUC": 0.5918003565062387, "TP": 16, "TN": 22, "FP": 11, "FN": 18}}, "LR": {"valid": {"ACC": 0.6363636363636364, "F1_Score": 0.6571428571428571, "Recall": 0.696969696969697, "Precision": 0.6216216216216216, "Cohen_Kappa": 0.2727272727272727, "AUC": 0.7456382001836548, "TP": 23, "TN": 19, "FP": 14, "FN": 10}, "test": {"ACC": 0.6119402985074627, "F1_Score": 0.59375, "Recall": 0.5588235294117647, "Precision": 0.6333333333333333, "Cohen_Kappa": 0.22508896797153022, "AUC": 0.6122994652406417, "TP": 19, "TN": 22, "FP": 11, "FN": 15}}, "ETAs": {"valid": {"ACC": 0.6666666666666666, "F1_Score": 0.6857142857142857, "Recall": 0.7272727272727273, "Precision": 0.6486486486486487, "Cohen_Kappa": 0.33333333333333337, "AUC": 0.743801652892562, "TP": 24, "TN": 20, "FP": 13, "FN": 9}, "test": {"ACC": 0.5522388059701493, "F1_Score": 0.53125, "Recall": 0.5, "Precision": 0.5666666666666667, "Cohen_Kappa": 0.1058718861209964, "AUC": 0.5730837789661319, "TP": 17, "TN": 20, "FP": 13, "FN": 17}}, "CNB": {"valid": {"ACC": 0.6515151515151515, "F1_Score": 0.676056338028169, "Recall": 0.7272727272727273, "Precision": 0.631578947368421, "Cohen_Kappa": 0.303030303030303, "AUC": 0.736455463728191, "TP": 24, "TN": 19, "FP": 14, "FN": 9}, "test": {"ACC": 0.5373134328358209, "F1_Score": 0.49180327868852464, "Recall": 0.4411764705882353, "Precision": 0.5555555555555556, "Cohen_Kappa": 0.07729897823189702, "AUC": 0.6060606060606061, "TP": 15, "TN": 21, "FP": 12, "FN": 19}}, "GB": {"valid": {"ACC": 0.6515151515151515, "F1_Score": 0.6849315068493151, "Recall": 0.7575757575757576, "Precision": 0.625, "Cohen_Kappa": 0.303030303030303, "AUC": 0.7144168962350781, "TP": 25, "TN": 18, "FP": 15, "FN": 8}, "test": {"ACC": 0.582089552238806, "F1_Score": 0.5757575757575757, "Recall": 0.5588235294117647, "Precision": 0.59375, "Cohen_Kappa": 0.16473731077471054, "AUC": 0.6069518716577541, "TP": 19, "TN": 20, "FP": 13, "FN": 15}}, "BAG": {"valid": {"ACC": 0.6212121212121212, "F1_Score": 0.6478873239436619, "Recall": 0.696969696969697, "Precision": 0.6052631578947368, "Cohen_Kappa": 0.24242424242424243, "AUC": 0.7038567493112948, "TP": 23, "TN": 18, "FP": 15, "FN": 10}, "test": {"ACC": 0.582089552238806, "F1_Score": 0.5625, "Recall": 0.5294117647058824, "Precision": 0.6, "Cohen_Kappa": 0.1654804270462633, "AUC": 0.6274509803921567, "TP": 18, "TN": 21, "FP": 12, "FN": 16}}}