{"OVR": {"valid": {"ACC": 0.6975806451612904, "F1_Score": 0.6963562753036437, "Recall": 0.6935483870967742, "Precision": 0.6991869918699187, "Cohen_Kappa": 0.3951612903225806, "AUC": 0.7535119667013527, "TP": 86, "TN": 87, "FP": 37, "FN": 38}, "test": {"ACC": 0.714859437751004, "F1_Score": 0.710204081632653, "Recall": 0.7016129032258065, "Precision": 0.71900826446281, "Cohen_Kappa": 0.42965448269187334, "AUC": 0.784516129032258, "TP": 87, "TN": 91, "FP": 34, "FN": 37}}, "KNB": {"valid": {"ACC": 0.6290322580645161, "F1_Score": 0.4831460674157304, "Recall": 0.3467741935483871, "Precision": 0.7962962962962963, "Cohen_Kappa": 0.25806451612903225, "AUC": 0.6871748178980228, "TP": 43, "TN": 113, "FP": 11, "FN": 81}, "test": {"ACC": 0.6144578313253012, "F1_Score": 0.4418604651162791, "Recall": 0.3064516129032258, "Precision": 0.7916666666666666, "Cohen_Kappa": 0.22700814901047728, "AUC": 0.6969354838709678, "TP": 38, "TN": 115, "FP": 10, "FN": 86}}, "DT": {"valid": {"ACC": 0.5967741935483871, "F1_Score": 0.5689655172413792, "Recall": 0.532258064516129, "Precision": 0.6111111111111112, "Cohen_Kappa": 0.19354838709677424, "AUC": 0.5975546305931321, "TP": 66, "TN": 82, "FP": 42, "FN": 58}, "test": {"ACC": 0.6746987951807228, "F1_Score": 0.6639004149377593, "Recall": 0.6451612903225806, "Precision": 0.6837606837606838, "Cohen_Kappa": 0.349240151001839, "AUC": 0.6745806451612902, "TP": 80, "TN": 88, "FP": 37, "FN": 44}}, "MNB": {"valid": {"ACC": 0.6411290322580645, "F1_Score": 0.642570281124498, "Recall": 0.6451612903225806, "Precision": 0.64, "Cohen_Kappa": 0.282258064516129, "AUC": 0.6969953173777316, "TP": 80, "TN": 79, "FP": 45, "FN": 44}, "test": {"ACC": 0.6827309236947792, "F1_Score": 0.6877470355731226, "Recall": 0.7016129032258065, "Precision": 0.6744186046511628, "Cohen_Kappa": 0.3655539429124335, "AUC": 0.7869032258064517, "TP": 87, "TN": 83, "FP": 42, "FN": 37}}, "RF": {"valid": {"ACC": 0.6733870967741935, "F1_Score": 0.6493506493506492, "Recall": 0.6048387096774194, "Precision": 0.7009345794392523, "Cohen_Kappa": 0.3467741935483871, "AUC": 0.7547476586888658, "TP": 75, "TN": 92, "FP": 32, "FN": 49}, "test": {"ACC": 0.714859437751004, "F1_Score": 0.6816143497757847, "Recall": 0.6129032258064516, "Precision": 0.7676767676767676, "Cohen_Kappa": 0.4292493946731235, "AUC": 0.816709677419355, "TP": 76, "TN": 102, "FP": 23, "FN": 48}}, "ADA": {"valid": {"ACC": 0.6290322580645161, "F1_Score": 0.6, "Recall": 0.5564516129032258, "Precision": 0.6509433962264151, "Cohen_Kappa": 0.25806451612903225, "AUC": 0.67670395421436, "TP": 69, "TN": 87, "FP": 37, "FN": 55}, "test": {"ACC": 0.6546184738955824, "F1_Score": 0.6504065040650406, "Recall": 0.6451612903225806, "Precision": 0.6557377049180327, "Cohen_Kappa": 0.30918123749919346, "AUC": 0.7119032258064517, "TP": 80, "TN": 83, "FP": 42, "FN": 44}}, "XGB": {"valid": {"ACC": 0.6491935483870968, "F1_Score": 0.6477732793522268, "Recall": 0.6451612903225806, "Precision": 0.6504065040650406, "Cohen_Kappa": 0.2983870967741935, "AUC": 0.7306191467221643, "TP": 80, "TN": 81, "FP": 43, "FN": 44}, "test": {"ACC": 0.714859437751004, "F1_Score": 0.6978723404255319, "Recall": 0.6612903225806451, "Precision": 0.7387387387387387, "Cohen_Kappa": 0.42947042308064676, "AUC": 0.7841612903225806, "TP": 82, "TN": 96, "FP": 29, "FN": 42}}, "MLP": {"valid": {"ACC": 0.6774193548387096, "F1_Score": 0.6721311475409835, "Recall": 0.6612903225806451, "Precision": 0.6833333333333333, "Cohen_Kappa": 0.3548387096774194, "AUC": 0.7194328824141519, "TP": 82, "TN": 86, "FP": 38, "FN": 42}, "test": {"ACC": 0.7028112449799196, "F1_Score": 0.6942148760330579, "Recall": 0.6774193548387096, "Precision": 0.711864406779661, "Cohen_Kappa": 0.40549783829128216, "AUC": 0.7695483870967741, "TP": 84, "TN": 91, "FP": 34, "FN": 40}}, "LR": {"valid": {"ACC": 0.6975806451612904, "F1_Score": 0.6963562753036437, "Recall": 0.6935483870967742, "Precision": 0.6991869918699187, "Cohen_Kappa": 0.3951612903225806, "AUC": 0.7535119667013527, "TP": 86, "TN": 87, "FP": 37, "FN": 38}, "test": {"ACC": 0.714859437751004, "F1_Score": 0.710204081632653, "Recall": 0.7016129032258065, "Precision": 0.71900826446281, "Cohen_Kappa": 0.42965448269187334, "AUC": 0.784516129032258, "TP": 87, "TN": 91, "FP": 34, "FN": 37}}, "ETAs": {"valid": {"ACC": 0.6693548387096774, "F1_Score": 0.6611570247933884, "Recall": 0.6451612903225806, "Precision": 0.6779661016949152, "Cohen_Kappa": 0.33870967741935487, "AUC": 0.7486017169614984, "TP": 80, "TN": 86, "FP": 38, "FN": 44}, "test": {"ACC": 0.7349397590361446, "F1_Score": 0.6972477064220183, "Recall": 0.6129032258064516, "Precision": 0.8085106382978723, "Cohen_Kappa": 0.46935744268647084, "AUC": 0.8104193548387097, "TP": 76, "TN": 107, "FP": 18, "FN": 48}}, "CNB": {"valid": {"ACC": 0.6411290322580645, "F1_Score": 0.642570281124498, "Recall": 0.6451612903225806, "Precision": 0.64, "Cohen_Kappa": 0.282258064516129, "AUC": 0.6969953173777316, "TP": 80, "TN": 79, "FP": 45, "FN": 44}, "test": {"ACC": 0.6827309236947792, "F1_Score": 0.6877470355731226, "Recall": 0.7016129032258065, "Precision": 0.6744186046511628, "Cohen_Kappa": 0.3655539429124335, "AUC": 0.7869032258064517, "TP": 87, "TN": 83, "FP": 42, "FN": 37}}, "GB": {"valid": {"ACC": 0.6451612903225806, "F1_Score": 0.6302521008403361, "Recall": 0.6048387096774194, "Precision": 0.6578947368421053, "Cohen_Kappa": 0.29032258064516125, "AUC": 0.7096123829344433, "TP": 75, "TN": 85, "FP": 39, "FN": 49}, "test": {"ACC": 0.6947791164658634, "F1_Score": 0.6859504132231404, "Recall": 0.6693548387096774, "Precision": 0.7033898305084746, "Cohen_Kappa": 0.38943021229915464, "AUC": 0.7649354838709678, "TP": 83, "TN": 90, "FP": 35, "FN": 41}}, "BAG": {"valid": {"ACC": 0.657258064516129, "F1_Score": 0.6222222222222222, "Recall": 0.5645161290322581, "Precision": 0.693069306930693, "Cohen_Kappa": 0.3145161290322581, "AUC": 0.7337408949011447, "TP": 70, "TN": 93, "FP": 31, "FN": 54}, "test": {"ACC": 0.6746987951807228, "F1_Score": 0.6553191489361702, "Recall": 0.6209677419354839, "Precision": 0.6936936936936937, "Cohen_Kappa": 0.3491141446413012, "AUC": 0.7750322580645161, "TP": 77, "TN": 91, "FP": 34, "FN": 47}}}