{"OVR": {"valid": {"ACC": 0.7096774193548387, "F1_Score": 0.7096774193548386, "Recall": 0.7333333333333333, "Precision": 0.6875, "Cohen_Kappa": 0.41995841995842, "AUC": 0.7041666666666666, "TP": 11, "TN": 11, "FP": 5, "FN": 4}, "test": {"ACC": 0.6451612903225806, "F1_Score": 0.5925925925925926, "Recall": 0.5, "Precision": 0.7272727272727273, "Cohen_Kappa": 0.2969072164948453, "AUC": 0.7666666666666666, "TP": 8, "TN": 12, "FP": 3, "FN": 8}}, "KNB": {"valid": {"ACC": 0.6774193548387096, "F1_Score": 0.6875, "Recall": 0.7333333333333333, "Precision": 0.6470588235294118, "Cohen_Kappa": 0.3568464730290456, "AUC": 0.6833333333333333, "TP": 11, "TN": 10, "FP": 6, "FN": 4}, "test": {"ACC": 0.6774193548387096, "F1_Score": 0.6875, "Recall": 0.6875, "Precision": 0.6875, "Cohen_Kappa": 0.35416666666666674, "AUC": 0.7416666666666667, "TP": 11, "TN": 10, "FP": 5, "FN": 5}}, "DT": {"valid": {"ACC": 0.5161290322580645, "F1_Score": 0.4, "Recall": 0.3333333333333333, "Precision": 0.5, "Cohen_Kappa": 0.021052631578947434, "AUC": 0.5104166666666666, "TP": 5, "TN": 11, "FP": 5, "FN": 10}, "test": {"ACC": 0.6451612903225806, "F1_Score": 0.6451612903225806, "Recall": 0.625, "Precision": 0.6666666666666666, "Cohen_Kappa": 0.2910602910602911, "AUC": 0.6458333333333334, "TP": 10, "TN": 10, "FP": 5, "FN": 6}}, "MNB": {"valid": {"ACC": 0.6451612903225806, "F1_Score": 0.6666666666666666, "Recall": 0.7333333333333333, "Precision": 0.6111111111111112, "Cohen_Kappa": 0.29399585921325055, "AUC": 0.7458333333333333, "TP": 11, "TN": 9, "FP": 7, "FN": 4}, "test": {"ACC": 0.7096774193548387, "F1_Score": 0.7272727272727272, "Recall": 0.75, "Precision": 0.7058823529411765, "Cohen_Kappa": 0.4175365344467642, "AUC": 0.75, "TP": 12, "TN": 10, "FP": 5, "FN": 4}}, "RF": {"valid": {"ACC": 0.6774193548387096, "F1_Score": 0.6875, "Recall": 0.7333333333333333, "Precision": 0.6470588235294118, "Cohen_Kappa": 0.3568464730290456, "AUC": 0.7520833333333333, "TP": 11, "TN": 10, "FP": 6, "FN": 4}, "test": {"ACC": 0.7419354838709677, "F1_Score": 0.7333333333333334, "Recall": 0.6875, "Precision": 0.7857142857142857, "Cohen_Kappa": 0.48547717842323646, "AUC": 0.81875, "TP": 11, "TN": 12, "FP": 3, "FN": 5}}, "ADA": {"valid": {"ACC": 0.5161290322580645, "F1_Score": 0.4, "Recall": 0.3333333333333333, "Precision": 0.5, "Cohen_Kappa": 0.021052631578947434, "AUC": 0.5625, "TP": 5, "TN": 11, "FP": 5, "FN": 10}, "test": {"ACC": 0.6129032258064516, "F1_Score": 0.6000000000000001, "Recall": 0.5625, "Precision": 0.6428571428571429, "Cohen_Kappa": 0.22821576763485474, "AUC": 0.7250000000000001, "TP": 9, "TN": 10, "FP": 5, "FN": 7}}, "XGB": {"valid": {"ACC": 0.7096774193548387, "F1_Score": 0.7096774193548386, "Recall": 0.7333333333333333, "Precision": 0.6875, "Cohen_Kappa": 0.41995841995842, "AUC": 0.7041666666666666, "TP": 11, "TN": 11, "FP": 5, "FN": 4}, "test": {"ACC": 0.5806451612903226, "F1_Score": 0.5517241379310345, "Recall": 0.5, "Precision": 0.6153846153846154, "Cohen_Kappa": 0.16563146997929612, "AUC": 0.6791666666666667, "TP": 8, "TN": 10, "FP": 5, "FN": 8}}, "MLP": {"valid": {"ACC": 0.6774193548387096, "F1_Score": 0.6666666666666666, "Recall": 0.6666666666666666, "Precision": 0.6666666666666666, "Cohen_Kappa": 0.35416666666666674, "AUC": 0.7333333333333334, "TP": 10, "TN": 11, "FP": 5, "FN": 5}, "test": {"ACC": 0.6129032258064516, "F1_Score": 0.6000000000000001, "Recall": 0.5625, "Precision": 0.6428571428571429, "Cohen_Kappa": 0.22821576763485474, "AUC": 0.7166666666666667, "TP": 9, "TN": 10, "FP": 5, "FN": 7}}, "LR": {"valid": {"ACC": 0.7096774193548387, "F1_Score": 0.7096774193548386, "Recall": 0.7333333333333333, "Precision": 0.6875, "Cohen_Kappa": 0.41995841995842, "AUC": 0.7041666666666666, "TP": 11, "TN": 11, "FP": 5, "FN": 4}, "test": {"ACC": 0.6451612903225806, "F1_Score": 0.5925925925925926, "Recall": 0.5, "Precision": 0.7272727272727273, "Cohen_Kappa": 0.2969072164948453, "AUC": 0.7666666666666666, "TP": 8, "TN": 12, "FP": 3, "FN": 8}}, "ETAs": {"valid": {"ACC": 0.7096774193548387, "F1_Score": 0.7096774193548386, "Recall": 0.7333333333333333, "Precision": 0.6875, "Cohen_Kappa": 0.41995841995842, "AUC": 0.7645833333333334, "TP": 11, "TN": 11, "FP": 5, "FN": 4}, "test": {"ACC": 0.6129032258064516, "F1_Score": 0.5714285714285715, "Recall": 0.5, "Precision": 0.6666666666666666, "Cohen_Kappa": 0.23140495867768596, "AUC": 0.7395833333333334, "TP": 8, "TN": 11, "FP": 4, "FN": 8}}, "CNB": {"valid": {"ACC": 0.6451612903225806, "F1_Score": 0.6666666666666666, "Recall": 0.7333333333333333, "Precision": 0.6111111111111112, "Cohen_Kappa": 0.29399585921325055, "AUC": 0.7458333333333333, "TP": 11, "TN": 9, "FP": 7, "FN": 4}, "test": {"ACC": 0.7096774193548387, "F1_Score": 0.7272727272727272, "Recall": 0.75, "Precision": 0.7058823529411765, "Cohen_Kappa": 0.4175365344467642, "AUC": 0.75, "TP": 12, "TN": 10, "FP": 5, "FN": 4}}, "GB": {"valid": {"ACC": 0.6774193548387096, "F1_Score": 0.6428571428571429, "Recall": 0.6, "Precision": 0.6923076923076923, "Cohen_Kappa": 0.35146443514644343, "AUC": 0.6979166666666667, "TP": 9, "TN": 12, "FP": 4, "FN": 6}, "test": {"ACC": 0.6774193548387096, "F1_Score": 0.6875, "Recall": 0.6875, "Precision": 0.6875, "Cohen_Kappa": 0.35416666666666674, "AUC": 0.8041666666666667, "TP": 11, "TN": 10, "FP": 5, "FN": 5}}, "BAG": {"valid": {"ACC": 0.5483870967741935, "F1_Score": 0.4166666666666667, "Recall": 0.3333333333333333, "Precision": 0.5555555555555556, "Cohen_Kappa": 0.08438818565400841, "AUC": 0.7208333333333333, "TP": 5, "TN": 12, "FP": 4, "FN": 10}, "test": {"ACC": 0.6451612903225806, "F1_Score": 0.6451612903225806, "Recall": 0.625, "Precision": 0.6666666666666666, "Cohen_Kappa": 0.2910602910602911, "AUC": 0.7520833333333333, "TP": 10, "TN": 10, "FP": 5, "FN": 6}}}