{"OVR": {"valid": {"ACC": 0.6727272727272727, "F1_Score": 0.7000000000000001, "Recall": 0.7777777777777778, "Precision": 0.6363636363636364, "Cohen_Kappa": 0.34782608695652173, "AUC": 0.7275132275132274, "TP": 21, "TN": 16, "FP": 12, "FN": 6}, "test": {"ACC": 0.625, "F1_Score": 0.5714285714285715, "Recall": 0.5, "Precision": 0.6666666666666666, "Cohen_Kappa": 0.25, "AUC": 0.7066326530612245, "TP": 14, "TN": 21, "FP": 7, "FN": 14}}, "KNB": {"valid": {"ACC": 0.6, "F1_Score": 0.6333333333333334, "Recall": 0.7037037037037037, "Precision": 0.5757575757575758, "Cohen_Kappa": 0.2028985507246377, "AUC": 0.7361111111111112, "TP": 19, "TN": 14, "FP": 14, "FN": 8}, "test": {"ACC": 0.5892857142857143, "F1_Score": 0.6101694915254238, "Recall": 0.6428571428571429, "Precision": 0.5806451612903226, "Cohen_Kappa": 0.1785714285714286, "AUC": 0.6428571428571428, "TP": 18, "TN": 15, "FP": 13, "FN": 10}}, "DT": {"valid": {"ACC": 0.6181818181818182, "F1_Score": 0.6666666666666666, "Recall": 0.7777777777777778, "Precision": 0.5833333333333334, "Cohen_Kappa": 0.2406311637080868, "AUC": 0.621031746031746, "TP": 21, "TN": 13, "FP": 15, "FN": 6}, "test": {"ACC": 0.5357142857142857, "F1_Score": 0.4799999999999999, "Recall": 0.42857142857142855, "Precision": 0.5454545454545454, "Cohen_Kappa": 0.0714285714285714, "AUC": 0.5357142857142857, "TP": 12, "TN": 18, "FP": 10, "FN": 16}}, "MNB": {"valid": {"ACC": 0.6545454545454545, "F1_Score": 0.7076923076923076, "Recall": 0.8518518518518519, "Precision": 0.6052631578947368, "Cohen_Kappa": 0.31385423506237686, "AUC": 0.7175925925925926, "TP": 23, "TN": 13, "FP": 15, "FN": 4}, "test": {"ACC": 0.5714285714285714, "F1_Score": 0.6129032258064516, "Recall": 0.6785714285714286, "Precision": 0.5588235294117647, "Cohen_Kappa": 0.1428571428571429, "AUC": 0.7270408163265306, "TP": 19, "TN": 13, "FP": 15, "FN": 9}}, "RF": {"valid": {"ACC": 0.6181818181818182, "F1_Score": 0.6557377049180328, "Recall": 0.7407407407407407, "Precision": 0.5882352941176471, "Cohen_Kappa": 0.23963133640552992, "AUC": 0.7222222222222222, "TP": 20, "TN": 14, "FP": 14, "FN": 7}, "test": {"ACC": 0.6071428571428571, "F1_Score": 0.5925925925925927, "Recall": 0.5714285714285714, "Precision": 0.6153846153846154, "Cohen_Kappa": 0.2142857142857143, "AUC": 0.6964285714285714, "TP": 16, "TN": 18, "FP": 10, "FN": 12}}, "ADA": {"valid": {"ACC": 0.6363636363636364, "F1_Score": 0.6551724137931035, "Recall": 0.7037037037037037, "Precision": 0.6129032258064516, "Cohen_Kappa": 0.27440633245382584, "AUC": 0.6765873015873015, "TP": 19, "TN": 16, "FP": 12, "FN": 8}, "test": {"ACC": 0.6071428571428571, "F1_Score": 0.576923076923077, "Recall": 0.5357142857142857, "Precision": 0.625, "Cohen_Kappa": 0.2142857142857143, "AUC": 0.6862244897959183, "TP": 15, "TN": 19, "FP": 9, "FN": 13}}, "XGB": {"valid": {"ACC": 0.6545454545454545, "F1_Score": 0.6885245901639345, "Recall": 0.7777777777777778, "Precision": 0.6176470588235294, "Cohen_Kappa": 0.3120473996050033, "AUC": 0.7103174603174603, "TP": 21, "TN": 15, "FP": 13, "FN": 6}, "test": {"ACC": 0.6785714285714286, "F1_Score": 0.6538461538461539, "Recall": 0.6071428571428571, "Precision": 0.7083333333333334, "Cohen_Kappa": 0.3571428571428571, "AUC": 0.7244897959183674, "TP": 17, "TN": 21, "FP": 7, "FN": 11}}, "MLP": {"valid": {"ACC": 0.5818181818181818, "F1_Score": 0.6101694915254238, "Recall": 0.6666666666666666, "Precision": 0.5625, "Cohen_Kappa": 0.16611733684904406, "AUC": 0.738095238095238, "TP": 18, "TN": 14, "FP": 14, "FN": 9}, "test": {"ACC": 0.5892857142857143, "F1_Score": 0.5818181818181818, "Recall": 0.5714285714285714, "Precision": 0.5925925925925926, "Cohen_Kappa": 0.1785714285714286, "AUC": 0.6556122448979592, "TP": 16, "TN": 17, "FP": 11, "FN": 12}}, "LR": {"valid": {"ACC": 0.6727272727272727, "F1_Score": 0.7000000000000001, "Recall": 0.7777777777777778, "Precision": 0.6363636363636364, "Cohen_Kappa": 0.34782608695652173, "AUC": 0.7275132275132274, "TP": 21, "TN": 16, "FP": 12, "FN": 6}, "test": {"ACC": 0.625, "F1_Score": 0.5714285714285715, "Recall": 0.5, "Precision": 0.6666666666666666, "Cohen_Kappa": 0.25, "AUC": 0.7066326530612245, "TP": 14, "TN": 21, "FP": 7, "FN": 14}}, "ETAs": {"valid": {"ACC": 0.6545454545454545, "F1_Score": 0.6885245901639345, "Recall": 0.7777777777777778, "Precision": 0.6176470588235294, "Cohen_Kappa": 0.3120473996050033, "AUC": 0.7281746031746031, "TP": 21, "TN": 15, "FP": 13, "FN": 6}, "test": {"ACC": 0.5892857142857143, "F1_Score": 0.5306122448979592, "Recall": 0.4642857142857143, "Precision": 0.6190476190476191, "Cohen_Kappa": 0.1785714285714286, "AUC": 0.7091836734693877, "TP": 13, "TN": 20, "FP": 8, "FN": 15}}, "CNB": {"valid": {"ACC": 0.6545454545454545, "F1_Score": 0.7076923076923076, "Recall": 0.8518518518518519, "Precision": 0.6052631578947368, "Cohen_Kappa": 0.31385423506237686, "AUC": 0.7175925925925926, "TP": 23, "TN": 13, "FP": 15, "FN": 4}, "test": {"ACC": 0.5714285714285714, "F1_Score": 0.6129032258064516, "Recall": 0.6785714285714286, "Precision": 0.5588235294117647, "Cohen_Kappa": 0.1428571428571429, "AUC": 0.7270408163265306, "TP": 19, "TN": 13, "FP": 15, "FN": 9}}, "GB": {"valid": {"ACC": 0.6, "F1_Score": 0.6333333333333334, "Recall": 0.7037037037037037, "Precision": 0.5757575757575758, "Cohen_Kappa": 0.2028985507246377, "AUC": 0.705026455026455, "TP": 19, "TN": 14, "FP": 14, "FN": 8}, "test": {"ACC": 0.6785714285714286, "F1_Score": 0.6538461538461539, "Recall": 0.6071428571428571, "Precision": 0.7083333333333334, "Cohen_Kappa": 0.3571428571428571, "AUC": 0.7385204081632653, "TP": 17, "TN": 21, "FP": 7, "FN": 11}}, "BAG": {"valid": {"ACC": 0.6, "F1_Score": 0.65625, "Recall": 0.7777777777777778, "Precision": 0.5675675675675675, "Cohen_Kappa": 0.20499342969776613, "AUC": 0.6884920634920635, "TP": 21, "TN": 12, "FP": 16, "FN": 6}, "test": {"ACC": 0.6428571428571429, "F1_Score": 0.6551724137931035, "Recall": 0.6785714285714286, "Precision": 0.6333333333333333, "Cohen_Kappa": 0.2857142857142857, "AUC": 0.71875, "TP": 19, "TN": 17, "FP": 11, "FN": 9}}}