{"OVR": {"valid": {"ACC": 0.678082191780822, "F1_Score": 0.6356589147286821, "Recall": 0.5616438356164384, "Precision": 0.7321428571428571, "Cohen_Kappa": 0.3561643835616438, "AUC": 0.7971476824920247, "TP": 41, "TN": 58, "FP": 15, "FN": 32}, "test": {"ACC": 0.7534246575342466, "F1_Score": 0.763157894736842, "Recall": 0.7945205479452054, "Precision": 0.7341772151898734, "Cohen_Kappa": 0.5068493150684932, "AUC": 0.8129104897729406, "TP": 58, "TN": 52, "FP": 21, "FN": 15}}, "KNB": {"valid": {"ACC": 0.6643835616438356, "F1_Score": 0.524271844660194, "Recall": 0.3698630136986301, "Precision": 0.9, "Cohen_Kappa": 0.3287671232876712, "AUC": 0.7340964533683618, "TP": 27, "TN": 70, "FP": 3, "FN": 46}, "test": {"ACC": 0.6301369863013698, "F1_Score": 0.49056603773584906, "Recall": 0.3561643835616438, "Precision": 0.7878787878787878, "Cohen_Kappa": 0.26027397260273977, "AUC": 0.744698817789454, "TP": 26, "TN": 66, "FP": 7, "FN": 47}}, "DT": {"valid": {"ACC": 0.684931506849315, "F1_Score": 0.6666666666666666, "Recall": 0.6301369863013698, "Precision": 0.7076923076923077, "Cohen_Kappa": 0.36986301369863017, "AUC": 0.684931506849315, "TP": 46, "TN": 54, "FP": 19, "FN": 27}, "test": {"ACC": 0.6027397260273972, "F1_Score": 0.6282051282051282, "Recall": 0.6712328767123288, "Precision": 0.5903614457831325, "Cohen_Kappa": 0.20547945205479456, "AUC": 0.6027397260273973, "TP": 49, "TN": 39, "FP": 34, "FN": 24}}, "MNB": {"valid": {"ACC": 0.7123287671232876, "F1_Score": 0.7, "Recall": 0.6712328767123288, "Precision": 0.7313432835820896, "Cohen_Kappa": 0.4246575342465754, "AUC": 0.7937699380746857, "TP": 49, "TN": 55, "FP": 18, "FN": 24}, "test": {"ACC": 0.684931506849315, "F1_Score": 0.7051282051282052, "Recall": 0.7534246575342466, "Precision": 0.6626506024096386, "Cohen_Kappa": 0.36986301369863017, "AUC": 0.7920810658660161, "TP": 55, "TN": 45, "FP": 28, "FN": 18}}, "RF": {"valid": {"ACC": 0.7328767123287672, "F1_Score": 0.7067669172932332, "Recall": 0.6438356164383562, "Precision": 0.7833333333333333, "Cohen_Kappa": 0.4657534246575342, "AUC": 0.8131919684743854, "TP": 47, "TN": 60, "FP": 13, "FN": 26}, "test": {"ACC": 0.7123287671232876, "F1_Score": 0.7123287671232877, "Recall": 0.7123287671232876, "Precision": 0.7123287671232876, "Cohen_Kappa": 0.4246575342465754, "AUC": 0.7822293113154437, "TP": 52, "TN": 52, "FP": 21, "FN": 21}}, "ADA": {"valid": {"ACC": 0.6643835616438356, "F1_Score": 0.6315789473684211, "Recall": 0.5753424657534246, "Precision": 0.7, "Cohen_Kappa": 0.3287671232876712, "AUC": 0.7281854006380183, "TP": 42, "TN": 55, "FP": 18, "FN": 31}, "test": {"ACC": 0.6917808219178082, "F1_Score": 0.6853146853146853, "Recall": 0.6712328767123288, "Precision": 0.7, "Cohen_Kappa": 0.3835616438356164, "AUC": 0.7187089510227059, "TP": 49, "TN": 52, "FP": 21, "FN": 24}}, "XGB": {"valid": {"ACC": 0.7397260273972602, "F1_Score": 0.7205882352941178, "Recall": 0.6712328767123288, "Precision": 0.7777777777777778, "Cohen_Kappa": 0.4794520547945206, "AUC": 0.8027772565209232, "TP": 49, "TN": 59, "FP": 14, "FN": 24}, "test": {"ACC": 0.684931506849315, "F1_Score": 0.684931506849315, "Recall": 0.684931506849315, "Precision": 0.684931506849315, "Cohen_Kappa": 0.36986301369863017, "AUC": 0.7386001125914806, "TP": 50, "TN": 50, "FP": 23, "FN": 23}}, "MLP": {"valid": {"ACC": 0.7328767123287672, "F1_Score": 0.7111111111111111, "Recall": 0.6575342465753424, "Precision": 0.7741935483870968, "Cohen_Kappa": 0.4657534246575342, "AUC": 0.8176018014636891, "TP": 48, "TN": 59, "FP": 14, "FN": 25}, "test": {"ACC": 0.7534246575342466, "F1_Score": 0.7534246575342466, "Recall": 0.7534246575342466, "Precision": 0.7534246575342466, "Cohen_Kappa": 0.5068493150684932, "AUC": 0.8014636892475137, "TP": 55, "TN": 55, "FP": 18, "FN": 18}}, "LR": {"valid": {"ACC": 0.678082191780822, "F1_Score": 0.6356589147286821, "Recall": 0.5616438356164384, "Precision": 0.7321428571428571, "Cohen_Kappa": 0.3561643835616438, "AUC": 0.7971476824920247, "TP": 41, "TN": 58, "FP": 15, "FN": 32}, "test": {"ACC": 0.7534246575342466, "F1_Score": 0.763157894736842, "Recall": 0.7945205479452054, "Precision": 0.7341772151898734, "Cohen_Kappa": 0.5068493150684932, "AUC": 0.8129104897729406, "TP": 58, "TN": 52, "FP": 21, "FN": 15}}, "ETAs": {"valid": {"ACC": 0.7191780821917808, "F1_Score": 0.6771653543307086, "Recall": 0.589041095890411, "Precision": 0.7962962962962963, "Cohen_Kappa": 0.4383561643835616, "AUC": 0.8313942578344905, "TP": 43, "TN": 62, "FP": 11, "FN": 30}, "test": {"ACC": 0.7602739726027398, "F1_Score": 0.7552447552447553, "Recall": 0.7397260273972602, "Precision": 0.7714285714285715, "Cohen_Kappa": 0.5205479452054795, "AUC": 0.7954588102833552, "TP": 54, "TN": 57, "FP": 16, "FN": 19}}, "CNB": {"valid": {"ACC": 0.7123287671232876, "F1_Score": 0.7, "Recall": 0.6712328767123288, "Precision": 0.7313432835820896, "Cohen_Kappa": 0.4246575342465754, "AUC": 0.7937699380746857, "TP": 49, "TN": 55, "FP": 18, "FN": 24}, "test": {"ACC": 0.684931506849315, "F1_Score": 0.7051282051282052, "Recall": 0.7534246575342466, "Precision": 0.6626506024096386, "Cohen_Kappa": 0.36986301369863017, "AUC": 0.7920810658660161, "TP": 55, "TN": 45, "FP": 28, "FN": 18}}, "GB": {"valid": {"ACC": 0.6986301369863014, "F1_Score": 0.6716417910447762, "Recall": 0.6164383561643836, "Precision": 0.7377049180327869, "Cohen_Kappa": 0.3972602739726028, "AUC": 0.777725652092325, "TP": 45, "TN": 57, "FP": 16, "FN": 28}, "test": {"ACC": 0.7054794520547946, "F1_Score": 0.7152317880794701, "Recall": 0.7397260273972602, "Precision": 0.6923076923076923, "Cohen_Kappa": 0.410958904109589, "AUC": 0.7525802214299117, "TP": 54, "TN": 49, "FP": 24, "FN": 19}}, "BAG": {"valid": {"ACC": 0.6917808219178082, "F1_Score": 0.6341463414634146, "Recall": 0.5342465753424658, "Precision": 0.78, "Cohen_Kappa": 0.3835616438356164, "AUC": 0.7451679489585288, "TP": 39, "TN": 62, "FP": 11, "FN": 34}, "test": {"ACC": 0.6917808219178082, "F1_Score": 0.6666666666666667, "Recall": 0.6164383561643836, "Precision": 0.7258064516129032, "Cohen_Kappa": 0.3835616438356164, "AUC": 0.7208669544004503, "TP": 45, "TN": 56, "FP": 17, "FN": 28}}}