{"OVR": {"valid": {"ACC": 0.6451612903225806, "F1_Score": 0.6451612903225806, "Recall": 0.6666666666666666, "Precision": 0.625, "Cohen_Kappa": 0.2910602910602911, "AUC": 0.7125, "TP": 10, "TN": 10, "FP": 6, "FN": 5}, "test": {"ACC": 0.6451612903225806, "F1_Score": 0.6206896551724138, "Recall": 0.5625, "Precision": 0.6923076923076923, "Cohen_Kappa": 0.29399585921325055, "AUC": 0.7375, "TP": 9, "TN": 11, "FP": 4, "FN": 7}}, "KNB": {"valid": {"ACC": 0.5483870967741935, "F1_Score": 0.5333333333333333, "Recall": 0.5333333333333333, "Precision": 0.5333333333333333, "Cohen_Kappa": 0.09583333333333333, "AUC": 0.5833333333333333, "TP": 8, "TN": 9, "FP": 7, "FN": 7}, "test": {"ACC": 0.7419354838709677, "F1_Score": 0.7333333333333334, "Recall": 0.6875, "Precision": 0.7857142857142857, "Cohen_Kappa": 0.48547717842323646, "AUC": 0.8020833333333333, "TP": 11, "TN": 12, "FP": 3, "FN": 5}}, "DT": {"valid": {"ACC": 0.6129032258064516, "F1_Score": 0.5384615384615385, "Recall": 0.4666666666666667, "Precision": 0.6363636363636364, "Cohen_Kappa": 0.2184873949579832, "AUC": 0.6083333333333334, "TP": 7, "TN": 12, "FP": 4, "FN": 8}, "test": {"ACC": 0.6774193548387096, "F1_Score": 0.6666666666666666, "Recall": 0.625, "Precision": 0.7142857142857143, "Cohen_Kappa": 0.3568464730290456, "AUC": 0.6791666666666668, "TP": 10, "TN": 11, "FP": 4, "FN": 6}}, "MNB": {"valid": {"ACC": 0.7096774193548387, "F1_Score": 0.7272727272727272, "Recall": 0.8, "Precision": 0.6666666666666666, "Cohen_Kappa": 0.422360248447205, "AUC": 0.7333333333333334, "TP": 12, "TN": 10, "FP": 6, "FN": 3}, "test": {"ACC": 0.6129032258064516, "F1_Score": 0.625, "Recall": 0.625, "Precision": 0.625, "Cohen_Kappa": 0.22499999999999998, "AUC": 0.7333333333333334, "TP": 10, "TN": 9, "FP": 6, "FN": 6}}, "RF": {"valid": {"ACC": 0.6774193548387096, "F1_Score": 0.6875, "Recall": 0.7333333333333333, "Precision": 0.6470588235294118, "Cohen_Kappa": 0.3568464730290456, "AUC": 0.7520833333333333, "TP": 11, "TN": 10, "FP": 6, "FN": 4}, "test": {"ACC": 0.6451612903225806, "F1_Score": 0.5925925925925926, "Recall": 0.5, "Precision": 0.7272727272727273, "Cohen_Kappa": 0.2969072164948453, "AUC": 0.73125, "TP": 8, "TN": 12, "FP": 3, "FN": 8}}, "ADA": {"valid": {"ACC": 0.6129032258064516, "F1_Score": 0.6, "Recall": 0.6, "Precision": 0.6, "Cohen_Kappa": 0.22499999999999998, "AUC": 0.5895833333333333, "TP": 9, "TN": 10, "FP": 6, "FN": 6}, "test": {"ACC": 0.5483870967741935, "F1_Score": 0.5882352941176471, "Recall": 0.625, "Precision": 0.5555555555555556, "Cohen_Kappa": 0.09205020920502083, "AUC": 0.6541666666666667, "TP": 10, "TN": 7, "FP": 8, "FN": 6}}, "XGB": {"valid": {"ACC": 0.7741935483870968, "F1_Score": 0.7741935483870969, "Recall": 0.8, "Precision": 0.75, "Cohen_Kappa": 0.5488565488565489, "AUC": 0.7166666666666668, "TP": 12, "TN": 12, "FP": 4, "FN": 3}, "test": {"ACC": 0.5483870967741935, "F1_Score": 0.5333333333333333, "Recall": 0.5, "Precision": 0.5714285714285714, "Cohen_Kappa": 0.09958506224066377, "AUC": 0.7083333333333333, "TP": 8, "TN": 9, "FP": 6, "FN": 8}}, "MLP": {"valid": {"ACC": 0.6451612903225806, "F1_Score": 0.6206896551724138, "Recall": 0.6, "Precision": 0.6428571428571429, "Cohen_Kappa": 0.28810020876826725, "AUC": 0.7375, "TP": 9, "TN": 11, "FP": 5, "FN": 6}, "test": {"ACC": 0.6451612903225806, "F1_Score": 0.6206896551724138, "Recall": 0.5625, "Precision": 0.6923076923076923, "Cohen_Kappa": 0.29399585921325055, "AUC": 0.7250000000000001, "TP": 9, "TN": 11, "FP": 4, "FN": 7}}, "LR": {"valid": {"ACC": 0.6451612903225806, "F1_Score": 0.6451612903225806, "Recall": 0.6666666666666666, "Precision": 0.625, "Cohen_Kappa": 0.2910602910602911, "AUC": 0.7125, "TP": 10, "TN": 10, "FP": 6, "FN": 5}, "test": {"ACC": 0.6451612903225806, "F1_Score": 0.6206896551724138, "Recall": 0.5625, "Precision": 0.6923076923076923, "Cohen_Kappa": 0.29399585921325055, "AUC": 0.7375, "TP": 9, "TN": 11, "FP": 4, "FN": 7}}, "ETAs": {"valid": {"ACC": 0.6451612903225806, "F1_Score": 0.6666666666666666, "Recall": 0.7333333333333333, "Precision": 0.6111111111111112, "Cohen_Kappa": 0.29399585921325055, "AUC": 0.7645833333333333, "TP": 11, "TN": 9, "FP": 7, "FN": 4}, "test": {"ACC": 0.6129032258064516, "F1_Score": 0.6000000000000001, "Recall": 0.5625, "Precision": 0.6428571428571429, "Cohen_Kappa": 0.22821576763485474, "AUC": 0.7, "TP": 9, "TN": 10, "FP": 5, "FN": 7}}, "CNB": {"valid": {"ACC": 0.7096774193548387, "F1_Score": 0.7272727272727272, "Recall": 0.8, "Precision": 0.6666666666666666, "Cohen_Kappa": 0.422360248447205, "AUC": 0.7333333333333334, "TP": 12, "TN": 10, "FP": 6, "FN": 3}, "test": {"ACC": 0.6129032258064516, "F1_Score": 0.625, "Recall": 0.625, "Precision": 0.625, "Cohen_Kappa": 0.22499999999999998, "AUC": 0.7333333333333334, "TP": 10, "TN": 9, "FP": 6, "FN": 6}}, "GB": {"valid": {"ACC": 0.6451612903225806, "F1_Score": 0.5925925925925926, "Recall": 0.5333333333333333, "Precision": 0.6666666666666666, "Cohen_Kappa": 0.2851153039832285, "AUC": 0.7041666666666666, "TP": 8, "TN": 12, "FP": 4, "FN": 7}, "test": {"ACC": 0.6774193548387096, "F1_Score": 0.6875, "Recall": 0.6875, "Precision": 0.6875, "Cohen_Kappa": 0.35416666666666674, "AUC": 0.7875000000000001, "TP": 11, "TN": 10, "FP": 5, "FN": 5}}, "BAG": {"valid": {"ACC": 0.5806451612903226, "F1_Score": 0.48, "Recall": 0.4, "Precision": 0.6, "Cohen_Kappa": 0.15157894736842115, "AUC": 0.6916666666666667, "TP": 6, "TN": 12, "FP": 4, "FN": 9}, "test": {"ACC": 0.7096774193548387, "F1_Score": 0.6896551724137931, "Recall": 0.625, "Precision": 0.7692307692307693, "Cohen_Kappa": 0.422360248447205, "AUC": 0.7770833333333333, "TP": 10, "TN": 12, "FP": 3, "FN": 6}}}