{"OVR": {"valid": {"ACC": 0.6515151515151515, "F1_Score": 0.6666666666666666, "Recall": 0.696969696969697, "Precision": 0.6388888888888888, "Cohen_Kappa": 0.303030303030303, "AUC": 0.714416896235078, "TP": 23, "TN": 20, "FP": 13, "FN": 10}, "test": {"ACC": 0.6417910447761194, "F1_Score": 0.6470588235294118, "Recall": 0.6470588235294118, "Precision": 0.6470588235294118, "Cohen_Kappa": 0.28342245989304804, "AUC": 0.6550802139037433, "TP": 22, "TN": 21, "FP": 12, "FN": 12}}, "KNB": {"valid": {"ACC": 0.6515151515151515, "F1_Score": 0.7012987012987013, "Recall": 0.8181818181818182, "Precision": 0.6136363636363636, "Cohen_Kappa": 0.303030303030303, "AUC": 0.6937557392102847, "TP": 27, "TN": 16, "FP": 17, "FN": 6}, "test": {"ACC": 0.6417910447761194, "F1_Score": 0.6571428571428571, "Recall": 0.6764705882352942, "Precision": 0.6388888888888888, "Cohen_Kappa": 0.28278322925958965, "AUC": 0.6519607843137255, "TP": 23, "TN": 20, "FP": 13, "FN": 11}}, "DT": {"valid": {"ACC": 0.6515151515151515, "F1_Score": 0.6849315068493151, "Recall": 0.7575757575757576, "Precision": 0.625, "Cohen_Kappa": 0.303030303030303, "AUC": 0.6515151515151515, "TP": 25, "TN": 18, "FP": 15, "FN": 8}, "test": {"ACC": 0.582089552238806, "F1_Score": 0.6315789473684211, "Recall": 0.7058823529411765, "Precision": 0.5714285714285714, "Cohen_Kappa": 0.1610017889087657, "AUC": 0.5802139037433156, "TP": 24, "TN": 15, "FP": 18, "FN": 10}}, "MNB": {"valid": {"ACC": 0.6363636363636364, "F1_Score": 0.625, "Recall": 0.6060606060606061, "Precision": 0.6451612903225806, "Cohen_Kappa": 0.2727272727272727, "AUC": 0.6960514233241506, "TP": 20, "TN": 22, "FP": 11, "FN": 13}, "test": {"ACC": 0.6119402985074627, "F1_Score": 0.5666666666666668, "Recall": 0.5, "Precision": 0.6538461538461539, "Cohen_Kappa": 0.22646536412078155, "AUC": 0.6221033868092691, "TP": 17, "TN": 24, "FP": 9, "FN": 17}}, "RF": {"valid": {"ACC": 0.6363636363636364, "F1_Score": 0.6756756756756757, "Recall": 0.7575757575757576, "Precision": 0.6097560975609756, "Cohen_Kappa": 0.2727272727272727, "AUC": 0.7447199265381084, "TP": 25, "TN": 17, "FP": 16, "FN": 8}, "test": {"ACC": 0.5223880597014925, "F1_Score": 0.5428571428571428, "Recall": 0.5588235294117647, "Precision": 0.5277777777777778, "Cohen_Kappa": 0.043710972346119426, "AUC": 0.5851158645276292, "TP": 19, "TN": 16, "FP": 17, "FN": 15}}, "ADA": {"valid": {"ACC": 0.5606060606060606, "F1_Score": 0.6027397260273972, "Recall": 0.6666666666666666, "Precision": 0.55, "Cohen_Kappa": 0.12121212121212122, "AUC": 0.6285583103764921, "TP": 22, "TN": 15, "FP": 18, "FN": 11}, "test": {"ACC": 0.582089552238806, "F1_Score": 0.5625, "Recall": 0.5294117647058824, "Precision": 0.6, "Cohen_Kappa": 0.1654804270462633, "AUC": 0.6149732620320856, "TP": 18, "TN": 21, "FP": 12, "FN": 16}}, "XGB": {"valid": {"ACC": 0.5909090909090909, "F1_Score": 0.619718309859155, "Recall": 0.6666666666666666, "Precision": 0.5789473684210527, "Cohen_Kappa": 0.18181818181818177, "AUC": 0.6804407713498623, "TP": 22, "TN": 17, "FP": 16, "FN": 11}, "test": {"ACC": 0.5373134328358209, "F1_Score": 0.5753424657534247, "Recall": 0.6176470588235294, "Precision": 0.5384615384615384, "Cohen_Kappa": 0.07235372934345696, "AUC": 0.5944741532976827, "TP": 21, "TN": 15, "FP": 18, "FN": 13}}, "MLP": {"valid": {"ACC": 0.7121212121212122, "F1_Score": 0.7246376811594203, "Recall": 0.7575757575757576, "Precision": 0.6944444444444444, "Cohen_Kappa": 0.4242424242424242, "AUC": 0.7851239669421488, "TP": 25, "TN": 22, "FP": 11, "FN": 8}, "test": {"ACC": 0.5970149253731343, "F1_Score": 0.5846153846153845, "Recall": 0.5588235294117647, "Precision": 0.6129032258064516, "Cohen_Kappa": 0.19492656875834447, "AUC": 0.6488413547237076, "TP": 19, "TN": 21, "FP": 12, "FN": 15}}, "LR": {"valid": {"ACC": 0.6515151515151515, "F1_Score": 0.6666666666666666, "Recall": 0.696969696969697, "Precision": 0.6388888888888888, "Cohen_Kappa": 0.303030303030303, "AUC": 0.714416896235078, "TP": 23, "TN": 20, "FP": 13, "FN": 10}, "test": {"ACC": 0.6417910447761194, "F1_Score": 0.6470588235294118, "Recall": 0.6470588235294118, "Precision": 0.6470588235294118, "Cohen_Kappa": 0.28342245989304804, "AUC": 0.6550802139037433, "TP": 22, "TN": 21, "FP": 12, "FN": 12}}, "ETAs": {"valid": {"ACC": 0.6515151515151515, "F1_Score": 0.6849315068493151, "Recall": 0.7575757575757576, "Precision": 0.625, "Cohen_Kappa": 0.303030303030303, "AUC": 0.7419651056014692, "TP": 25, "TN": 18, "FP": 15, "FN": 8}, "test": {"ACC": 0.6119402985074627, "F1_Score": 0.6176470588235294, "Recall": 0.6176470588235294, "Precision": 0.6176470588235294, "Cohen_Kappa": 0.2237076648841354, "AUC": 0.6635472370766488, "TP": 21, "TN": 20, "FP": 13, "FN": 13}}, "CNB": {"valid": {"ACC": 0.6363636363636364, "F1_Score": 0.625, "Recall": 0.6060606060606061, "Precision": 0.6451612903225806, "Cohen_Kappa": 0.2727272727272727, "AUC": 0.6960514233241506, "TP": 20, "TN": 22, "FP": 11, "FN": 13}, "test": {"ACC": 0.6119402985074627, "F1_Score": 0.5666666666666668, "Recall": 0.5, "Precision": 0.6538461538461539, "Cohen_Kappa": 0.22646536412078155, "AUC": 0.6221033868092691, "TP": 17, "TN": 24, "FP": 9, "FN": 17}}, "GB": {"valid": {"ACC": 0.6515151515151515, "F1_Score": 0.7012987012987013, "Recall": 0.8181818181818182, "Precision": 0.6136363636363636, "Cohen_Kappa": 0.303030303030303, "AUC": 0.7226813590449954, "TP": 27, "TN": 16, "FP": 17, "FN": 6}, "test": {"ACC": 0.5522388059701493, "F1_Score": 0.5454545454545455, "Recall": 0.5294117647058824, "Precision": 0.5625, "Cohen_Kappa": 0.10507569011576134, "AUC": 0.6479500891265597, "TP": 18, "TN": 19, "FP": 14, "FN": 16}}, "BAG": {"valid": {"ACC": 0.7121212121212122, "F1_Score": 0.7397260273972603, "Recall": 0.8181818181818182, "Precision": 0.675, "Cohen_Kappa": 0.4242424242424242, "AUC": 0.7341597796143251, "TP": 27, "TN": 20, "FP": 13, "FN": 6}, "test": {"ACC": 0.5970149253731343, "F1_Score": 0.5714285714285715, "Recall": 0.5294117647058824, "Precision": 0.6206896551724138, "Cohen_Kappa": 0.19564250778123615, "AUC": 0.6287878787878788, "TP": 18, "TN": 22, "FP": 11, "FN": 16}}}