{"OVR": {"valid": {"ACC": 0.6733333333333333, "F1_Score": 0.6797385620915033, "Recall": 0.6933333333333334, "Precision": 0.6666666666666666, "Cohen_Kappa": 0.3466666666666667, "AUC": 0.6961777777777779, "TP": 52, "TN": 49, "FP": 26, "FN": 23}, "test": {"ACC": 0.6533333333333333, "F1_Score": 0.6666666666666667, "Recall": 0.6933333333333334, "Precision": 0.6419753086419753, "Cohen_Kappa": 0.30666666666666664, "AUC": 0.7183999999999999, "TP": 52, "TN": 46, "FP": 29, "FN": 23}}, "KNB": {"valid": {"ACC": 0.6866666666666666, "F1_Score": 0.6618705035971223, "Recall": 0.6133333333333333, "Precision": 0.71875, "Cohen_Kappa": 0.3733333333333333, "AUC": 0.7105777777777778, "TP": 46, "TN": 57, "FP": 18, "FN": 29}, "test": {"ACC": 0.6733333333333333, "F1_Score": 0.6573426573426574, "Recall": 0.6266666666666667, "Precision": 0.6911764705882353, "Cohen_Kappa": 0.3466666666666667, "AUC": 0.7187555555555556, "TP": 47, "TN": 54, "FP": 21, "FN": 28}}, "DT": {"valid": {"ACC": 0.64, "F1_Score": 0.6351351351351352, "Recall": 0.6266666666666667, "Precision": 0.6438356164383562, "Cohen_Kappa": 0.28, "AUC": 0.6399999999999999, "TP": 47, "TN": 49, "FP": 26, "FN": 28}, "test": {"ACC": 0.5533333333333333, "F1_Score": 0.5889570552147239, "Recall": 0.64, "Precision": 0.5454545454545454, "Cohen_Kappa": 0.10666666666666669, "AUC": 0.5533333333333333, "TP": 48, "TN": 35, "FP": 40, "FN": 27}}, "MNB": {"valid": {"ACC": 0.6933333333333334, "F1_Score": 0.7294117647058824, "Recall": 0.8266666666666667, "Precision": 0.6526315789473685, "Cohen_Kappa": 0.3866666666666667, "AUC": 0.7447111111111111, "TP": 62, "TN": 42, "FP": 33, "FN": 13}, "test": {"ACC": 0.6266666666666667, "F1_Score": 0.6744186046511628, "Recall": 0.7733333333333333, "Precision": 0.5979381443298969, "Cohen_Kappa": 0.2533333333333333, "AUC": 0.7022222222222222, "TP": 58, "TN": 36, "FP": 39, "FN": 17}}, "RF": {"valid": {"ACC": 0.7066666666666667, "F1_Score": 0.7027027027027026, "Recall": 0.6933333333333334, "Precision": 0.7123287671232876, "Cohen_Kappa": 0.41333333333333333, "AUC": 0.7313777777777778, "TP": 52, "TN": 54, "FP": 21, "FN": 23}, "test": {"ACC": 0.7066666666666667, "F1_Score": 0.725, "Recall": 0.7733333333333333, "Precision": 0.6823529411764706, "Cohen_Kappa": 0.41333333333333333, "AUC": 0.7644444444444445, "TP": 58, "TN": 48, "FP": 27, "FN": 17}}, "ADA": {"valid": {"ACC": 0.6466666666666666, "F1_Score": 0.6535947712418301, "Recall": 0.6666666666666666, "Precision": 0.6410256410256411, "Cohen_Kappa": 0.29333333333333333, "AUC": 0.6536888888888889, "TP": 50, "TN": 47, "FP": 28, "FN": 25}, "test": {"ACC": 0.62, "F1_Score": 0.6369426751592356, "Recall": 0.6666666666666666, "Precision": 0.6097560975609756, "Cohen_Kappa": 0.24, "AUC": 0.6283555555555556, "TP": 50, "TN": 43, "FP": 32, "FN": 25}}, "XGB": {"valid": {"ACC": 0.6533333333333333, "F1_Score": 0.6578947368421053, "Recall": 0.6666666666666666, "Precision": 0.6493506493506493, "Cohen_Kappa": 0.30666666666666664, "AUC": 0.691911111111111, "TP": 50, "TN": 48, "FP": 27, "FN": 25}, "test": {"ACC": 0.6266666666666667, "F1_Score": 0.65, "Recall": 0.6933333333333334, "Precision": 0.611764705882353, "Cohen_Kappa": 0.2533333333333333, "AUC": 0.7025777777777777, "TP": 52, "TN": 42, "FP": 33, "FN": 23}}, "MLP": {"valid": {"ACC": 0.6133333333333333, "F1_Score": 0.6233766233766234, "Recall": 0.64, "Precision": 0.6075949367088608, "Cohen_Kappa": 0.22666666666666668, "AUC": 0.6652444444444445, "TP": 48, "TN": 44, "FP": 31, "FN": 27}, "test": {"ACC": 0.68, "F1_Score": 0.7073170731707319, "Recall": 0.7733333333333333, "Precision": 0.651685393258427, "Cohen_Kappa": 0.36, "AUC": 0.7233777777777778, "TP": 58, "TN": 44, "FP": 31, "FN": 17}}, "LR": {"valid": {"ACC": 0.6733333333333333, "F1_Score": 0.6797385620915033, "Recall": 0.6933333333333334, "Precision": 0.6666666666666666, "Cohen_Kappa": 0.3466666666666667, "AUC": 0.6961777777777779, "TP": 52, "TN": 49, "FP": 26, "FN": 23}, "test": {"ACC": 0.6533333333333333, "F1_Score": 0.6666666666666667, "Recall": 0.6933333333333334, "Precision": 0.6419753086419753, "Cohen_Kappa": 0.30666666666666664, "AUC": 0.7183999999999999, "TP": 52, "TN": 46, "FP": 29, "FN": 23}}, "ETAs": {"valid": {"ACC": 0.6533333333333333, "F1_Score": 0.6578947368421053, "Recall": 0.6666666666666666, "Precision": 0.6493506493506493, "Cohen_Kappa": 0.30666666666666664, "AUC": 0.7175111111111112, "TP": 50, "TN": 48, "FP": 27, "FN": 25}, "test": {"ACC": 0.7333333333333333, "F1_Score": 0.7560975609756098, "Recall": 0.8266666666666667, "Precision": 0.6966292134831461, "Cohen_Kappa": 0.4666666666666667, "AUC": 0.7906666666666667, "TP": 62, "TN": 48, "FP": 27, "FN": 13}}, "CNB": {"valid": {"ACC": 0.6933333333333334, "F1_Score": 0.7294117647058824, "Recall": 0.8266666666666667, "Precision": 0.6526315789473685, "Cohen_Kappa": 0.3866666666666667, "AUC": 0.7447111111111111, "TP": 62, "TN": 42, "FP": 33, "FN": 13}, "test": {"ACC": 0.6266666666666667, "F1_Score": 0.6744186046511628, "Recall": 0.7733333333333333, "Precision": 0.5979381443298969, "Cohen_Kappa": 0.2533333333333333, "AUC": 0.7022222222222222, "TP": 58, "TN": 36, "FP": 39, "FN": 17}}, "GB": {"valid": {"ACC": 0.64, "F1_Score": 0.6582278481012659, "Recall": 0.6933333333333334, "Precision": 0.6265060240963856, "Cohen_Kappa": 0.28, "AUC": 0.7074666666666667, "TP": 52, "TN": 44, "FP": 31, "FN": 23}, "test": {"ACC": 0.6333333333333333, "F1_Score": 0.6540880503144655, "Recall": 0.6933333333333334, "Precision": 0.6190476190476191, "Cohen_Kappa": 0.2666666666666667, "AUC": 0.6806222222222222, "TP": 52, "TN": 43, "FP": 32, "FN": 23}}, "BAG": {"valid": {"ACC": 0.66, "F1_Score": 0.6382978723404256, "Recall": 0.6, "Precision": 0.6818181818181818, "Cohen_Kappa": 0.31999999999999995, "AUC": 0.7144888888888888, "TP": 45, "TN": 54, "FP": 21, "FN": 30}, "test": {"ACC": 0.6666666666666666, "F1_Score": 0.6621621621621622, "Recall": 0.6533333333333333, "Precision": 0.6712328767123288, "Cohen_Kappa": 0.33333333333333337, "AUC": 0.7174222222222222, "TP": 49, "TN": 51, "FP": 24, "FN": 26}}}