{"OVR": {"valid": {"ACC": 0.6666666666666666, "F1_Score": 0.6363636363636365, "Recall": 0.5833333333333334, "Precision": 0.7, "Cohen_Kappa": 0.33333333333333337, "AUC": 0.7118055555555555, "TP": 14, "TN": 18, "FP": 6, "FN": 10}, "test": {"ACC": 0.7083333333333334, "F1_Score": 0.7083333333333334, "Recall": 0.7083333333333334, "Precision": 0.7083333333333334, "Cohen_Kappa": 0.41666666666666663, "AUC": 0.7638888888888888, "TP": 17, "TN": 17, "FP": 7, "FN": 7}}, "KNB": {"valid": {"ACC": 0.6041666666666666, "F1_Score": 0.5128205128205129, "Recall": 0.4166666666666667, "Precision": 0.6666666666666666, "Cohen_Kappa": 0.20833333333333337, "AUC": 0.6901041666666667, "TP": 10, "TN": 19, "FP": 5, "FN": 14}, "test": {"ACC": 0.6666666666666666, "F1_Score": 0.5294117647058825, "Recall": 0.375, "Precision": 0.9, "Cohen_Kappa": 0.33333333333333337, "AUC": 0.7734375, "TP": 9, "TN": 23, "FP": 1, "FN": 15}}, "DT": {"valid": {"ACC": 0.6458333333333334, "F1_Score": 0.6530612244897959, "Recall": 0.6666666666666666, "Precision": 0.64, "Cohen_Kappa": 0.29166666666666663, "AUC": 0.6458333333333333, "TP": 16, "TN": 15, "FP": 9, "FN": 8}, "test": {"ACC": 0.625, "F1_Score": 0.6086956521739131, "Recall": 0.5833333333333334, "Precision": 0.6363636363636364, "Cohen_Kappa": 0.25, "AUC": 0.6250000000000001, "TP": 14, "TN": 16, "FP": 8, "FN": 10}}, "MNB": {"valid": {"ACC": 0.6666666666666666, "F1_Score": 0.68, "Recall": 0.7083333333333334, "Precision": 0.6538461538461539, "Cohen_Kappa": 0.33333333333333337, "AUC": 0.7152777777777778, "TP": 17, "TN": 15, "FP": 9, "FN": 7}, "test": {"ACC": 0.7083333333333334, "F1_Score": 0.7199999999999999, "Recall": 0.75, "Precision": 0.6923076923076923, "Cohen_Kappa": 0.41666666666666663, "AUC": 0.7934027777777777, "TP": 18, "TN": 16, "FP": 8, "FN": 6}}, "RF": {"valid": {"ACC": 0.6875, "F1_Score": 0.5945945945945945, "Recall": 0.4583333333333333, "Precision": 0.8461538461538461, "Cohen_Kappa": 0.375, "AUC": 0.6987847222222222, "TP": 11, "TN": 22, "FP": 2, "FN": 13}, "test": {"ACC": 0.6666666666666666, "F1_Score": 0.5789473684210527, "Recall": 0.4583333333333333, "Precision": 0.7857142857142857, "Cohen_Kappa": 0.33333333333333337, "AUC": 0.7847222222222223, "TP": 11, "TN": 21, "FP": 3, "FN": 13}}, "ADA": {"valid": {"ACC": 0.6875, "F1_Score": 0.6511627906976745, "Recall": 0.5833333333333334, "Precision": 0.7368421052631579, "Cohen_Kappa": 0.375, "AUC": 0.7604166666666667, "TP": 14, "TN": 19, "FP": 5, "FN": 10}, "test": {"ACC": 0.6666666666666666, "F1_Score": 0.6666666666666666, "Recall": 0.6666666666666666, "Precision": 0.6666666666666666, "Cohen_Kappa": 0.33333333333333337, "AUC": 0.6831597222222222, "TP": 16, "TN": 16, "FP": 8, "FN": 8}}, "XGB": {"valid": {"ACC": 0.6458333333333334, "F1_Score": 0.6382978723404256, "Recall": 0.625, "Precision": 0.6521739130434783, "Cohen_Kappa": 0.29166666666666663, "AUC": 0.6319444444444445, "TP": 15, "TN": 16, "FP": 8, "FN": 9}, "test": {"ACC": 0.75, "F1_Score": 0.75, "Recall": 0.75, "Precision": 0.75, "Cohen_Kappa": 0.5, "AUC": 0.8211805555555556, "TP": 18, "TN": 18, "FP": 6, "FN": 6}}, "MLP": {"valid": {"ACC": 0.6041666666666666, "F1_Score": 0.6122448979591836, "Recall": 0.625, "Precision": 0.6, "Cohen_Kappa": 0.20833333333333337, "AUC": 0.6892361111111112, "TP": 15, "TN": 14, "FP": 10, "FN": 9}, "test": {"ACC": 0.7291666666666666, "F1_Score": 0.7450980392156864, "Recall": 0.7916666666666666, "Precision": 0.7037037037037037, "Cohen_Kappa": 0.45833333333333337, "AUC": 0.7777777777777778, "TP": 19, "TN": 16, "FP": 8, "FN": 5}}, "LR": {"valid": {"ACC": 0.6666666666666666, "F1_Score": 0.6363636363636365, "Recall": 0.5833333333333334, "Precision": 0.7, "Cohen_Kappa": 0.33333333333333337, "AUC": 0.7118055555555555, "TP": 14, "TN": 18, "FP": 6, "FN": 10}, "test": {"ACC": 0.7083333333333334, "F1_Score": 0.7083333333333334, "Recall": 0.7083333333333334, "Precision": 0.7083333333333334, "Cohen_Kappa": 0.41666666666666663, "AUC": 0.7638888888888888, "TP": 17, "TN": 17, "FP": 7, "FN": 7}}, "ETAs": {"valid": {"ACC": 0.75, "F1_Score": 0.7142857142857143, "Recall": 0.625, "Precision": 0.8333333333333334, "Cohen_Kappa": 0.5, "AUC": 0.7300347222222222, "TP": 15, "TN": 21, "FP": 3, "FN": 9}, "test": {"ACC": 0.6458333333333334, "F1_Score": 0.6046511627906976, "Recall": 0.5416666666666666, "Precision": 0.6842105263157895, "Cohen_Kappa": 0.29166666666666663, "AUC": 0.7751736111111112, "TP": 13, "TN": 18, "FP": 6, "FN": 11}}, "CNB": {"valid": {"ACC": 0.6666666666666666, "F1_Score": 0.68, "Recall": 0.7083333333333334, "Precision": 0.6538461538461539, "Cohen_Kappa": 0.33333333333333337, "AUC": 0.7152777777777778, "TP": 17, "TN": 15, "FP": 9, "FN": 7}, "test": {"ACC": 0.7083333333333334, "F1_Score": 0.7199999999999999, "Recall": 0.75, "Precision": 0.6923076923076923, "Cohen_Kappa": 0.41666666666666663, "AUC": 0.7934027777777777, "TP": 18, "TN": 16, "FP": 8, "FN": 6}}, "GB": {"valid": {"ACC": 0.5625, "F1_Score": 0.5531914893617021, "Recall": 0.5416666666666666, "Precision": 0.5652173913043478, "Cohen_Kappa": 0.125, "AUC": 0.6258680555555556, "TP": 13, "TN": 14, "FP": 10, "FN": 11}, "test": {"ACC": 0.6666666666666666, "F1_Score": 0.6521739130434783, "Recall": 0.625, "Precision": 0.6818181818181818, "Cohen_Kappa": 0.33333333333333337, "AUC": 0.7152777777777778, "TP": 15, "TN": 17, "FP": 7, "FN": 9}}, "BAG": {"valid": {"ACC": 0.6666666666666666, "F1_Score": 0.6, "Recall": 0.5, "Precision": 0.75, "Cohen_Kappa": 0.33333333333333337, "AUC": 0.7161458333333333, "TP": 12, "TN": 20, "FP": 4, "FN": 12}, "test": {"ACC": 0.6666666666666666, "F1_Score": 0.619047619047619, "Recall": 0.5416666666666666, "Precision": 0.7222222222222222, "Cohen_Kappa": 0.33333333333333337, "AUC": 0.7005208333333333, "TP": 13, "TN": 19, "FP": 5, "FN": 11}}}