{"OVR": {"valid": {"ACC": 0.6, "F1_Score": 0.6451612903225806, "Recall": 0.7407407407407407, "Precision": 0.5714285714285714, "Cohen_Kappa": 0.20394736842105254, "AUC": 0.7301587301587301, "TP": 20, "TN": 13, "FP": 15, "FN": 7}, "test": {"ACC": 0.6071428571428571, "F1_Score": 0.56, "Recall": 0.5, "Precision": 0.6363636363636364, "Cohen_Kappa": 0.2142857142857143, "AUC": 0.7130102040816326, "TP": 14, "TN": 20, "FP": 8, "FN": 14}}, "KNB": {"valid": {"ACC": 0.5818181818181818, "F1_Score": 0.634920634920635, "Recall": 0.7407407407407407, "Precision": 0.5555555555555556, "Cohen_Kappa": 0.168310322156476, "AUC": 0.6666666666666667, "TP": 20, "TN": 12, "FP": 16, "FN": 7}, "test": {"ACC": 0.5714285714285714, "F1_Score": 0.5555555555555555, "Recall": 0.5357142857142857, "Precision": 0.5769230769230769, "Cohen_Kappa": 0.1428571428571429, "AUC": 0.6160714285714286, "TP": 15, "TN": 17, "FP": 11, "FN": 13}}, "DT": {"valid": {"ACC": 0.5272727272727272, "F1_Score": 0.5806451612903226, "Recall": 0.6666666666666666, "Precision": 0.5142857142857142, "Cohen_Kappa": 0.05921052631578938, "AUC": 0.5297619047619048, "TP": 18, "TN": 11, "FP": 17, "FN": 9}, "test": {"ACC": 0.625, "F1_Score": 0.6037735849056605, "Recall": 0.5714285714285714, "Precision": 0.64, "Cohen_Kappa": 0.25, "AUC": 0.625, "TP": 16, "TN": 19, "FP": 9, "FN": 12}}, "MNB": {"valid": {"ACC": 0.6363636363636364, "F1_Score": 0.7058823529411764, "Recall": 0.8888888888888888, "Precision": 0.5853658536585366, "Cohen_Kappa": 0.27916120576671033, "AUC": 0.7235449735449736, "TP": 24, "TN": 11, "FP": 17, "FN": 3}, "test": {"ACC": 0.6071428571428571, "F1_Score": 0.6562499999999999, "Recall": 0.75, "Precision": 0.5833333333333334, "Cohen_Kappa": 0.2142857142857143, "AUC": 0.7397959183673469, "TP": 21, "TN": 13, "FP": 15, "FN": 7}}, "RF": {"valid": {"ACC": 0.6545454545454545, "F1_Score": 0.6885245901639345, "Recall": 0.7777777777777778, "Precision": 0.6176470588235294, "Cohen_Kappa": 0.3120473996050033, "AUC": 0.7334656084656085, "TP": 21, "TN": 15, "FP": 13, "FN": 6}, "test": {"ACC": 0.6964285714285714, "F1_Score": 0.6909090909090909, "Recall": 0.6785714285714286, "Precision": 0.7037037037037037, "Cohen_Kappa": 0.3928571428571429, "AUC": 0.7563775510204082, "TP": 19, "TN": 20, "FP": 8, "FN": 9}}, "ADA": {"valid": {"ACC": 0.7090909090909091, "F1_Score": 0.7333333333333333, "Recall": 0.8148148148148148, "Precision": 0.6666666666666666, "Cohen_Kappa": 0.42028985507246375, "AUC": 0.7195767195767195, "TP": 22, "TN": 17, "FP": 11, "FN": 5}, "test": {"ACC": 0.6428571428571429, "F1_Score": 0.6428571428571429, "Recall": 0.6428571428571429, "Precision": 0.6428571428571429, "Cohen_Kappa": 0.2857142857142857, "AUC": 0.6957908163265305, "TP": 18, "TN": 18, "FP": 10, "FN": 10}}, "XGB": {"valid": {"ACC": 0.6181818181818182, "F1_Score": 0.6666666666666666, "Recall": 0.7777777777777778, "Precision": 0.5833333333333334, "Cohen_Kappa": 0.2406311637080868, "AUC": 0.7195767195767195, "TP": 21, "TN": 13, "FP": 15, "FN": 6}, "test": {"ACC": 0.6428571428571429, "F1_Score": 0.6296296296296297, "Recall": 0.6071428571428571, "Precision": 0.6538461538461539, "Cohen_Kappa": 0.2857142857142857, "AUC": 0.7295918367346939, "TP": 17, "TN": 19, "FP": 9, "FN": 11}}, "MLP": {"valid": {"ACC": 0.6363636363636364, "F1_Score": 0.6875, "Recall": 0.8148148148148148, "Precision": 0.5945945945945946, "Cohen_Kappa": 0.27726675427069647, "AUC": 0.753968253968254, "TP": 22, "TN": 13, "FP": 15, "FN": 5}, "test": {"ACC": 0.5714285714285714, "F1_Score": 0.5862068965517241, "Recall": 0.6071428571428571, "Precision": 0.5666666666666667, "Cohen_Kappa": 0.1428571428571429, "AUC": 0.6913265306122448, "TP": 17, "TN": 15, "FP": 13, "FN": 11}}, "LR": {"valid": {"ACC": 0.6, "F1_Score": 0.6451612903225806, "Recall": 0.7407407407407407, "Precision": 0.5714285714285714, "Cohen_Kappa": 0.20394736842105254, "AUC": 0.7301587301587301, "TP": 20, "TN": 13, "FP": 15, "FN": 7}, "test": {"ACC": 0.6071428571428571, "F1_Score": 0.56, "Recall": 0.5, "Precision": 0.6363636363636364, "Cohen_Kappa": 0.2142857142857143, "AUC": 0.7130102040816326, "TP": 14, "TN": 20, "FP": 8, "FN": 14}}, "ETAs": {"valid": {"ACC": 0.6181818181818182, "F1_Score": 0.6557377049180328, "Recall": 0.7407407407407407, "Precision": 0.5882352941176471, "Cohen_Kappa": 0.23963133640552992, "AUC": 0.7281746031746031, "TP": 20, "TN": 14, "FP": 14, "FN": 7}, "test": {"ACC": 0.6428571428571429, "F1_Score": 0.6153846153846153, "Recall": 0.5714285714285714, "Precision": 0.6666666666666666, "Cohen_Kappa": 0.2857142857142857, "AUC": 0.7334183673469388, "TP": 16, "TN": 20, "FP": 8, "FN": 12}}, "CNB": {"valid": {"ACC": 0.6363636363636364, "F1_Score": 0.7058823529411764, "Recall": 0.8888888888888888, "Precision": 0.5853658536585366, "Cohen_Kappa": 0.27916120576671033, "AUC": 0.7235449735449736, "TP": 24, "TN": 11, "FP": 17, "FN": 3}, "test": {"ACC": 0.6071428571428571, "F1_Score": 0.6562499999999999, "Recall": 0.75, "Precision": 0.5833333333333334, "Cohen_Kappa": 0.2142857142857143, "AUC": 0.7397959183673469, "TP": 21, "TN": 13, "FP": 15, "FN": 7}}, "GB": {"valid": {"ACC": 0.6363636363636364, "F1_Score": 0.6774193548387097, "Recall": 0.7777777777777778, "Precision": 0.6, "Cohen_Kappa": 0.2763157894736842, "AUC": 0.6871693121693122, "TP": 21, "TN": 14, "FP": 14, "FN": 6}, "test": {"ACC": 0.6964285714285714, "F1_Score": 0.6792452830188679, "Recall": 0.6428571428571429, "Precision": 0.72, "Cohen_Kappa": 0.3928571428571429, "AUC": 0.753188775510204, "TP": 18, "TN": 21, "FP": 7, "FN": 10}}, "BAG": {"valid": {"ACC": 0.6181818181818182, "F1_Score": 0.6666666666666666, "Recall": 0.7777777777777778, "Precision": 0.5833333333333334, "Cohen_Kappa": 0.2406311637080868, "AUC": 0.7063492063492063, "TP": 21, "TN": 13, "FP": 15, "FN": 6}, "test": {"ACC": 0.6785714285714286, "F1_Score": 0.689655172413793, "Recall": 0.7142857142857143, "Precision": 0.6666666666666666, "Cohen_Kappa": 0.3571428571428571, "AUC": 0.7544642857142858, "TP": 20, "TN": 18, "FP": 10, "FN": 8}}}