{"OVR": {"valid": {"ACC": 0.5909090909090909, "F1_Score": 0.5846153846153846, "Recall": 0.5757575757575758, "Precision": 0.59375, "Cohen_Kappa": 0.18181818181818177, "AUC": 0.6574839302112029, "TP": 19, "TN": 20, "FP": 13, "FN": 14}, "test": {"ACC": 0.5373134328358209, "F1_Score": 0.5866666666666668, "Recall": 0.6470588235294118, "Precision": 0.5365853658536586, "Cohen_Kappa": 0.07152436298614218, "AUC": 0.5570409982174688, "TP": 22, "TN": 14, "FP": 19, "FN": 12}}, "KNB": {"valid": {"ACC": 0.5757575757575758, "F1_Score": 0.6000000000000001, "Recall": 0.6363636363636364, "Precision": 0.5675675675675675, "Cohen_Kappa": 0.1515151515151515, "AUC": 0.6028466483011937, "TP": 21, "TN": 17, "FP": 16, "FN": 12}, "test": {"ACC": 0.6119402985074627, "F1_Score": 0.6486486486486486, "Recall": 0.7058823529411765, "Precision": 0.6, "Cohen_Kappa": 0.22162645218945476, "AUC": 0.590017825311943, "TP": 24, "TN": 17, "FP": 16, "FN": 10}}, "DT": {"valid": {"ACC": 0.5454545454545454, "F1_Score": 0.5588235294117646, "Recall": 0.5757575757575758, "Precision": 0.5428571428571428, "Cohen_Kappa": 0.09090909090909094, "AUC": 0.5454545454545454, "TP": 19, "TN": 17, "FP": 16, "FN": 14}, "test": {"ACC": 0.47761194029850745, "F1_Score": 0.5070422535211269, "Recall": 0.5294117647058824, "Precision": 0.4864864864864865, "Cohen_Kappa": -0.04640785363676936, "AUC": 0.4768270944741533, "TP": 18, "TN": 14, "FP": 19, "FN": 16}}, "MNB": {"valid": {"ACC": 0.5909090909090909, "F1_Score": 0.5423728813559322, "Recall": 0.48484848484848486, "Precision": 0.6153846153846154, "Cohen_Kappa": 0.18181818181818177, "AUC": 0.6740128558310376, "TP": 16, "TN": 23, "FP": 10, "FN": 17}, "test": {"ACC": 0.582089552238806, "F1_Score": 0.5625, "Recall": 0.5294117647058824, "Precision": 0.6, "Cohen_Kappa": 0.1654804270462633, "AUC": 0.6381461675579323, "TP": 18, "TN": 21, "FP": 12, "FN": 16}}, "RF": {"valid": {"ACC": 0.6666666666666666, "F1_Score": 0.676470588235294, "Recall": 0.696969696969697, "Precision": 0.6571428571428571, "Cohen_Kappa": 0.33333333333333337, "AUC": 0.7038567493112948, "TP": 23, "TN": 21, "FP": 12, "FN": 10}, "test": {"ACC": 0.5522388059701493, "F1_Score": 0.5714285714285715, "Recall": 0.5882352941176471, "Precision": 0.5555555555555556, "Cohen_Kappa": 0.10347903657448698, "AUC": 0.5900178253119429, "TP": 20, "TN": 17, "FP": 16, "FN": 14}}, "ADA": {"valid": {"ACC": 0.6060606060606061, "F1_Score": 0.6060606060606061, "Recall": 0.6060606060606061, "Precision": 0.6060606060606061, "Cohen_Kappa": 0.21212121212121215, "AUC": 0.6914600550964187, "TP": 20, "TN": 20, "FP": 13, "FN": 13}, "test": {"ACC": 0.6268656716417911, "F1_Score": 0.6376811594202899, "Recall": 0.6470588235294118, "Precision": 0.6285714285714286, "Cohen_Kappa": 0.25323227819884087, "AUC": 0.6096256684491979, "TP": 22, "TN": 20, "FP": 13, "FN": 12}}, "XGB": {"valid": {"ACC": 0.6818181818181818, "F1_Score": 0.6956521739130435, "Recall": 0.7272727272727273, "Precision": 0.6666666666666666, "Cohen_Kappa": 0.36363636363636365, "AUC": 0.7327823691460055, "TP": 24, "TN": 21, "FP": 12, "FN": 9}, "test": {"ACC": 0.4925373134328358, "F1_Score": 0.48484848484848486, "Recall": 0.47058823529411764, "Precision": 0.5, "Cohen_Kappa": -0.014247551202137165, "AUC": 0.554367201426025, "TP": 16, "TN": 17, "FP": 16, "FN": 18}}, "MLP": {"valid": {"ACC": 0.696969696969697, "F1_Score": 0.696969696969697, "Recall": 0.696969696969697, "Precision": 0.696969696969697, "Cohen_Kappa": 0.3939393939393939, "AUC": 0.7318640955004592, "TP": 23, "TN": 23, "FP": 10, "FN": 10}, "test": {"ACC": 0.5522388059701493, "F1_Score": 0.5714285714285715, "Recall": 0.5882352941176471, "Precision": 0.5555555555555556, "Cohen_Kappa": 0.10347903657448698, "AUC": 0.5739750445632799, "TP": 20, "TN": 17, "FP": 16, "FN": 14}}, "LR": {"valid": {"ACC": 0.5909090909090909, "F1_Score": 0.5846153846153846, "Recall": 0.5757575757575758, "Precision": 0.59375, "Cohen_Kappa": 0.18181818181818177, "AUC": 0.6574839302112029, "TP": 19, "TN": 20, "FP": 13, "FN": 14}, "test": {"ACC": 0.5373134328358209, "F1_Score": 0.5866666666666668, "Recall": 0.6470588235294118, "Precision": 0.5365853658536586, "Cohen_Kappa": 0.07152436298614218, "AUC": 0.5570409982174688, "TP": 22, "TN": 14, "FP": 19, "FN": 12}}, "ETAs": {"valid": {"ACC": 0.696969696969697, "F1_Score": 0.7058823529411764, "Recall": 0.7272727272727273, "Precision": 0.6857142857142857, "Cohen_Kappa": 0.3939393939393939, "AUC": 0.7318640955004592, "TP": 24, "TN": 22, "FP": 11, "FN": 9}, "test": {"ACC": 0.5373134328358209, "F1_Score": 0.5866666666666668, "Recall": 0.6470588235294118, "Precision": 0.5365853658536586, "Cohen_Kappa": 0.07152436298614218, "AUC": 0.5646167557932263, "TP": 22, "TN": 14, "FP": 19, "FN": 12}}, "CNB": {"valid": {"ACC": 0.5909090909090909, "F1_Score": 0.5423728813559322, "Recall": 0.48484848484848486, "Precision": 0.6153846153846154, "Cohen_Kappa": 0.18181818181818177, "AUC": 0.6740128558310376, "TP": 16, "TN": 23, "FP": 10, "FN": 17}, "test": {"ACC": 0.582089552238806, "F1_Score": 0.5625, "Recall": 0.5294117647058824, "Precision": 0.6, "Cohen_Kappa": 0.1654804270462633, "AUC": 0.6381461675579323, "TP": 18, "TN": 21, "FP": 12, "FN": 16}}, "GB": {"valid": {"ACC": 0.6212121212121212, "F1_Score": 0.6478873239436619, "Recall": 0.696969696969697, "Precision": 0.6052631578947368, "Cohen_Kappa": 0.24242424242424243, "AUC": 0.6997245179063359, "TP": 23, "TN": 18, "FP": 15, "FN": 10}, "test": {"ACC": 0.5373134328358209, "F1_Score": 0.5633802816901409, "Recall": 0.5882352941176471, "Precision": 0.5405405405405406, "Cohen_Kappa": 0.07318161535029011, "AUC": 0.5730837789661318, "TP": 20, "TN": 16, "FP": 17, "FN": 14}}, "BAG": {"valid": {"ACC": 0.7121212121212122, "F1_Score": 0.7246376811594203, "Recall": 0.7575757575757576, "Precision": 0.6944444444444444, "Cohen_Kappa": 0.4242424242424242, "AUC": 0.7332415059687786, "TP": 25, "TN": 22, "FP": 11, "FN": 8}, "test": {"ACC": 0.5522388059701493, "F1_Score": 0.5454545454545455, "Recall": 0.5294117647058824, "Precision": 0.5625, "Cohen_Kappa": 0.10507569011576134, "AUC": 0.5935828877005347, "TP": 18, "TN": 19, "FP": 14, "FN": 16}}}