{"OVR": {"valid": {"ACC": 0.7037037037037037, "F1_Score": 0.72, "Recall": 0.7659574468085106, "Precision": 0.6792452830188679, "Cohen_Kappa": 0.40778871978513875, "AUC": 0.7894176931690929, "TP": 72, "TN": 61, "FP": 34, "FN": 22}, "test": {"ACC": 0.6402116402116402, "F1_Score": 0.6699029126213593, "Recall": 0.7263157894736842, "Precision": 0.6216216216216216, "Cohen_Kappa": 0.27975790181573645, "AUC": 0.682026875699888, "TP": 69, "TN": 52, "FP": 42, "FN": 26}}, "KNB": {"valid": {"ACC": 0.6613756613756614, "F1_Score": 0.673469387755102, "Recall": 0.7021276595744681, "Precision": 0.6470588235294118, "Cohen_Kappa": 0.32303559435862994, "AUC": 0.7207166853303472, "TP": 66, "TN": 59, "FP": 36, "FN": 28}, "test": {"ACC": 0.5978835978835979, "F1_Score": 0.6161616161616161, "Recall": 0.6421052631578947, "Precision": 0.5922330097087378, "Cohen_Kappa": 0.1953842706699529, "AUC": 0.6488801791713327, "TP": 61, "TN": 52, "FP": 42, "FN": 34}}, "DT": {"valid": {"ACC": 0.6455026455026455, "F1_Score": 0.6633165829145728, "Recall": 0.7021276595744681, "Precision": 0.6285714285714286, "Cohen_Kappa": 0.2914218566392479, "AUC": 0.6442329227323629, "TP": 66, "TN": 56, "FP": 39, "FN": 28}, "test": {"ACC": 0.5978835978835979, "F1_Score": 0.5957446808510638, "Recall": 0.5894736842105263, "Precision": 0.6021505376344086, "Cohen_Kappa": 0.19583473295263687, "AUC": 0.5989361702127659, "TP": 56, "TN": 57, "FP": 37, "FN": 39}}, "MNB": {"valid": {"ACC": 0.6349206349206349, "F1_Score": 0.649746192893401, "Recall": 0.6808510638297872, "Precision": 0.6213592233009708, "Cohen_Kappa": 0.27018859477307067, "AUC": 0.7109182530795072, "TP": 64, "TN": 56, "FP": 39, "FN": 30}, "test": {"ACC": 0.5978835978835979, "F1_Score": 0.6041666666666667, "Recall": 0.6105263157894737, "Precision": 0.5979381443298969, "Cohen_Kappa": 0.19565460857878814, "AUC": 0.6375699888017918, "TP": 58, "TN": 55, "FP": 39, "FN": 37}}, "RF": {"valid": {"ACC": 0.6825396825396826, "F1_Score": 0.6938775510204082, "Recall": 0.723404255319149, "Precision": 0.6666666666666666, "Cohen_Kappa": 0.36534586971121563, "AUC": 0.7766517357222844, "TP": 68, "TN": 61, "FP": 34, "FN": 26}, "test": {"ACC": 0.6931216931216931, "F1_Score": 0.7156862745098038, "Recall": 0.7684210526315789, "Precision": 0.6697247706422018, "Cohen_Kappa": 0.3857447046957301, "AUC": 0.736394176931691, "TP": 73, "TN": 58, "FP": 36, "FN": 22}}, "ADA": {"valid": {"ACC": 0.7142857142857143, "F1_Score": 0.737864077669903, "Recall": 0.8085106382978723, "Precision": 0.6785714285714286, "Cohen_Kappa": 0.4291307752545027, "AUC": 0.7907614781634938, "TP": 76, "TN": 59, "FP": 36, "FN": 18}, "test": {"ACC": 0.6507936507936508, "F1_Score": 0.6857142857142857, "Recall": 0.7578947368421053, "Precision": 0.6260869565217392, "Cohen_Kappa": 0.30078475336322874, "AUC": 0.6979843225083986, "TP": 72, "TN": 51, "FP": 43, "FN": 23}}, "XGB": {"valid": {"ACC": 0.7142857142857143, "F1_Score": 0.73, "Recall": 0.776595744680851, "Precision": 0.6886792452830188, "Cohen_Kappa": 0.42893912264995526, "AUC": 0.7619820828667414, "TP": 73, "TN": 62, "FP": 33, "FN": 21}, "test": {"ACC": 0.6507936507936508, "F1_Score": 0.6764705882352942, "Recall": 0.7263157894736842, "Precision": 0.6330275229357798, "Cohen_Kappa": 0.30101983637789975, "AUC": 0.7047592385218365, "TP": 69, "TN": 54, "FP": 40, "FN": 26}}, "MLP": {"valid": {"ACC": 0.7195767195767195, "F1_Score": 0.7309644670050762, "Recall": 0.7659574468085106, "Precision": 0.6990291262135923, "Cohen_Kappa": 0.4394202249706195, "AUC": 0.7813549832026875, "TP": 72, "TN": 64, "FP": 31, "FN": 22}, "test": {"ACC": 0.6507936507936508, "F1_Score": 0.6732673267326732, "Recall": 0.7157894736842105, "Precision": 0.6355140186915887, "Cohen_Kappa": 0.3010981622590766, "AUC": 0.6826987681970884, "TP": 68, "TN": 55, "FP": 39, "FN": 27}}, "LR": {"valid": {"ACC": 0.7037037037037037, "F1_Score": 0.72, "Recall": 0.7659574468085106, "Precision": 0.6792452830188679, "Cohen_Kappa": 0.40778871978513875, "AUC": 0.7894176931690929, "TP": 72, "TN": 61, "FP": 34, "FN": 22}, "test": {"ACC": 0.6402116402116402, "F1_Score": 0.6699029126213593, "Recall": 0.7263157894736842, "Precision": 0.6216216216216216, "Cohen_Kappa": 0.27975790181573645, "AUC": 0.682026875699888, "TP": 69, "TN": 52, "FP": 42, "FN": 26}}, "ETAs": {"valid": {"ACC": 0.7037037037037037, "F1_Score": 0.7171717171717171, "Recall": 0.7553191489361702, "Precision": 0.6826923076923077, "Cohen_Kappa": 0.4077224398433128, "AUC": 0.7875139977603584, "TP": 71, "TN": 62, "FP": 33, "FN": 23}, "test": {"ACC": 0.671957671957672, "F1_Score": 0.6770833333333334, "Recall": 0.6842105263157895, "Precision": 0.6701030927835051, "Cohen_Kappa": 0.34382349647216925, "AUC": 0.7255879059350503, "TP": 65, "TN": 62, "FP": 32, "FN": 30}}, "CNB": {"valid": {"ACC": 0.6349206349206349, "F1_Score": 0.649746192893401, "Recall": 0.6808510638297872, "Precision": 0.6213592233009708, "Cohen_Kappa": 0.27018859477307067, "AUC": 0.7109182530795072, "TP": 64, "TN": 56, "FP": 39, "FN": 30}, "test": {"ACC": 0.5978835978835979, "F1_Score": 0.6041666666666667, "Recall": 0.6105263157894737, "Precision": 0.5979381443298969, "Cohen_Kappa": 0.19565460857878814, "AUC": 0.6375699888017918, "TP": 58, "TN": 55, "FP": 39, "FN": 37}}, "GB": {"valid": {"ACC": 0.7354497354497355, "F1_Score": 0.7474747474747475, "Recall": 0.7872340425531915, "Precision": 0.7115384615384616, "Cohen_Kappa": 0.4711807498601007, "AUC": 0.7988241881298993, "TP": 74, "TN": 65, "FP": 30, "FN": 20}, "test": {"ACC": 0.6666666666666666, "F1_Score": 0.6926829268292682, "Recall": 0.7473684210526316, "Precision": 0.6454545454545455, "Cohen_Kappa": 0.3327542729055758, "AUC": 0.6865621500559911, "TP": 71, "TN": 55, "FP": 39, "FN": 24}}, "BAG": {"valid": {"ACC": 0.6825396825396826, "F1_Score": 0.6774193548387099, "Recall": 0.6702127659574468, "Precision": 0.6847826086956522, "Cohen_Kappa": 0.36499048045693805, "AUC": 0.7573348264277716, "TP": 63, "TN": 66, "FP": 29, "FN": 31}, "test": {"ACC": 0.6137566137566137, "F1_Score": 0.6137566137566138, "Recall": 0.6105263157894737, "Precision": 0.6170212765957447, "Cohen_Kappa": 0.2275348524718661, "AUC": 0.712094064949608, "TP": 58, "TN": 58, "FP": 36, "FN": 37}}}