{"OVR": {"valid": {"ACC": 0.6666666666666666, "F1_Score": 0.676470588235294, "Recall": 0.696969696969697, "Precision": 0.6571428571428571, "Cohen_Kappa": 0.33333333333333337, "AUC": 0.7327823691460055, "TP": 23, "TN": 21, "FP": 12, "FN": 10}, "test": {"ACC": 0.6268656716417911, "F1_Score": 0.6478873239436619, "Recall": 0.6764705882352942, "Precision": 0.6216216216216216, "Cohen_Kappa": 0.25256581883087914, "AUC": 0.6310160427807486, "TP": 23, "TN": 19, "FP": 14, "FN": 11}}, "KNB": {"valid": {"ACC": 0.6818181818181818, "F1_Score": 0.704225352112676, "Recall": 0.7575757575757576, "Precision": 0.6578947368421053, "Cohen_Kappa": 0.36363636363636365, "AUC": 0.7208448117539027, "TP": 25, "TN": 20, "FP": 13, "FN": 8}, "test": {"ACC": 0.5074626865671642, "F1_Score": 0.5352112676056339, "Recall": 0.5588235294117647, "Precision": 0.5135135135135135, "Cohen_Kappa": 0.01338688085676043, "AUC": 0.536096256684492, "TP": 19, "TN": 15, "FP": 18, "FN": 15}}, "DT": {"valid": {"ACC": 0.5757575757575758, "F1_Score": 0.5625, "Recall": 0.5454545454545454, "Precision": 0.5806451612903226, "Cohen_Kappa": 0.1515151515151515, "AUC": 0.5757575757575758, "TP": 18, "TN": 20, "FP": 13, "FN": 15}, "test": {"ACC": 0.47761194029850745, "F1_Score": 0.5070422535211269, "Recall": 0.5294117647058824, "Precision": 0.4864864864864865, "Cohen_Kappa": -0.04640785363676936, "AUC": 0.4768270944741533, "TP": 18, "TN": 14, "FP": 19, "FN": 16}}, "MNB": {"valid": {"ACC": 0.6515151515151515, "F1_Score": 0.6849315068493151, "Recall": 0.7575757575757576, "Precision": 0.625, "Cohen_Kappa": 0.303030303030303, "AUC": 0.6349862258953168, "TP": 25, "TN": 18, "FP": 15, "FN": 8}, "test": {"ACC": 0.5671641791044776, "F1_Score": 0.6133333333333334, "Recall": 0.6764705882352942, "Precision": 0.5609756097560976, "Cohen_Kappa": 0.13142601698703615, "AUC": 0.6310160427807486, "TP": 23, "TN": 15, "FP": 18, "FN": 11}}, "RF": {"valid": {"ACC": 0.6363636363636364, "F1_Score": 0.6666666666666667, "Recall": 0.7272727272727273, "Precision": 0.6153846153846154, "Cohen_Kappa": 0.2727272727272727, "AUC": 0.7167125803489439, "TP": 24, "TN": 18, "FP": 15, "FN": 9}, "test": {"ACC": 0.5970149253731343, "F1_Score": 0.5970149253731343, "Recall": 0.5882352941176471, "Precision": 0.6060606060606061, "Cohen_Kappa": 0.1942093541202673, "AUC": 0.6091800356506238, "TP": 20, "TN": 20, "FP": 13, "FN": 14}}, "ADA": {"valid": {"ACC": 0.6363636363636364, "F1_Score": 0.6470588235294118, "Recall": 0.6666666666666666, "Precision": 0.6285714285714286, "Cohen_Kappa": 0.2727272727272727, "AUC": 0.6877869605142333, "TP": 22, "TN": 20, "FP": 13, "FN": 11}, "test": {"ACC": 0.5522388059701493, "F1_Score": 0.5588235294117647, "Recall": 0.5588235294117647, "Precision": 0.5588235294117647, "Cohen_Kappa": 0.10427807486631013, "AUC": 0.5775401069518716, "TP": 19, "TN": 18, "FP": 15, "FN": 15}}, "XGB": {"valid": {"ACC": 0.7121212121212122, "F1_Score": 0.7164179104477613, "Recall": 0.7272727272727273, "Precision": 0.7058823529411765, "Cohen_Kappa": 0.4242424242424242, "AUC": 0.7695133149678605, "TP": 24, "TN": 23, "FP": 10, "FN": 9}, "test": {"ACC": 0.6268656716417911, "F1_Score": 0.6268656716417911, "Recall": 0.6176470588235294, "Precision": 0.6363636363636364, "Cohen_Kappa": 0.2538975501113586, "AUC": 0.6122994652406417, "TP": 21, "TN": 21, "FP": 12, "FN": 13}}, "MLP": {"valid": {"ACC": 0.696969696969697, "F1_Score": 0.7222222222222221, "Recall": 0.7878787878787878, "Precision": 0.6666666666666666, "Cohen_Kappa": 0.3939393939393939, "AUC": 0.751147842056933, "TP": 26, "TN": 20, "FP": 13, "FN": 7}, "test": {"ACC": 0.5970149253731343, "F1_Score": 0.608695652173913, "Recall": 0.6176470588235294, "Precision": 0.6, "Cohen_Kappa": 0.19349086045474817, "AUC": 0.6345811051693404, "TP": 21, "TN": 19, "FP": 14, "FN": 13}}, "LR": {"valid": {"ACC": 0.6666666666666666, "F1_Score": 0.676470588235294, "Recall": 0.696969696969697, "Precision": 0.6571428571428571, "Cohen_Kappa": 0.33333333333333337, "AUC": 0.7327823691460055, "TP": 23, "TN": 21, "FP": 12, "FN": 10}, "test": {"ACC": 0.6268656716417911, "F1_Score": 0.6478873239436619, "Recall": 0.6764705882352942, "Precision": 0.6216216216216216, "Cohen_Kappa": 0.25256581883087914, "AUC": 0.6310160427807486, "TP": 23, "TN": 19, "FP": 14, "FN": 11}}, "ETAs": {"valid": {"ACC": 0.696969696969697, "F1_Score": 0.7058823529411764, "Recall": 0.7272727272727273, "Precision": 0.6857142857142857, "Cohen_Kappa": 0.3939393939393939, "AUC": 0.7465564738292011, "TP": 24, "TN": 22, "FP": 11, "FN": 9}, "test": {"ACC": 0.5970149253731343, "F1_Score": 0.5846153846153845, "Recall": 0.5588235294117647, "Precision": 0.6129032258064516, "Cohen_Kappa": 0.19492656875834447, "AUC": 0.6189839572192513, "TP": 19, "TN": 21, "FP": 12, "FN": 15}}, "CNB": {"valid": {"ACC": 0.6515151515151515, "F1_Score": 0.6849315068493151, "Recall": 0.7575757575757576, "Precision": 0.625, "Cohen_Kappa": 0.303030303030303, "AUC": 0.6349862258953168, "TP": 25, "TN": 18, "FP": 15, "FN": 8}, "test": {"ACC": 0.5671641791044776, "F1_Score": 0.6133333333333334, "Recall": 0.6764705882352942, "Precision": 0.5609756097560976, "Cohen_Kappa": 0.13142601698703615, "AUC": 0.6310160427807486, "TP": 23, "TN": 15, "FP": 18, "FN": 11}}, "GB": {"valid": {"ACC": 0.7424242424242424, "F1_Score": 0.7605633802816901, "Recall": 0.8181818181818182, "Precision": 0.7105263157894737, "Cohen_Kappa": 0.48484848484848486, "AUC": 0.7428833792470156, "TP": 27, "TN": 22, "FP": 11, "FN": 6}, "test": {"ACC": 0.6119402985074627, "F1_Score": 0.6176470588235294, "Recall": 0.6176470588235294, "Precision": 0.6176470588235294, "Cohen_Kappa": 0.2237076648841354, "AUC": 0.6194295900178254, "TP": 21, "TN": 20, "FP": 13, "FN": 13}}, "BAG": {"valid": {"ACC": 0.7121212121212122, "F1_Score": 0.7164179104477613, "Recall": 0.7272727272727273, "Precision": 0.7058823529411765, "Cohen_Kappa": 0.4242424242424242, "AUC": 0.8145087235996327, "TP": 24, "TN": 23, "FP": 10, "FN": 9}, "test": {"ACC": 0.5223880597014925, "F1_Score": 0.4838709677419355, "Recall": 0.4411764705882353, "Precision": 0.5357142857142857, "Cohen_Kappa": 0.047111111111111104, "AUC": 0.5463458110516933, "TP": 15, "TN": 20, "FP": 13, "FN": 19}}}