{"OVR": {"valid": {"ACC": 0.5416666666666666, "F1_Score": 0.5, "Recall": 0.4583333333333333, "Precision": 0.55, "Cohen_Kappa": 0.08333333333333337, "AUC": 0.6493055555555556, "TP": 11, "TN": 15, "FP": 9, "FN": 13}, "test": {"ACC": 0.6666666666666666, "F1_Score": 0.6521739130434783, "Recall": 0.625, "Precision": 0.6818181818181818, "Cohen_Kappa": 0.33333333333333337, "AUC": 0.6909722222222222, "TP": 15, "TN": 17, "FP": 7, "FN": 9}}, "KNB": {"valid": {"ACC": 0.6041666666666666, "F1_Score": 0.5777777777777778, "Recall": 0.5416666666666666, "Precision": 0.6190476190476191, "Cohen_Kappa": 0.20833333333333337, "AUC": 0.6883680555555555, "TP": 13, "TN": 16, "FP": 8, "FN": 11}, "test": {"ACC": 0.5833333333333334, "F1_Score": 0.5, "Recall": 0.4166666666666667, "Precision": 0.625, "Cohen_Kappa": 0.16666666666666663, "AUC": 0.568576388888889, "TP": 10, "TN": 18, "FP": 6, "FN": 14}}, "DT": {"valid": {"ACC": 0.6666666666666666, "F1_Score": 0.68, "Recall": 0.7083333333333334, "Precision": 0.6538461538461539, "Cohen_Kappa": 0.33333333333333337, "AUC": 0.6666666666666667, "TP": 17, "TN": 15, "FP": 9, "FN": 7}, "test": {"ACC": 0.6666666666666666, "F1_Score": 0.68, "Recall": 0.7083333333333334, "Precision": 0.6538461538461539, "Cohen_Kappa": 0.33333333333333337, "AUC": 0.6796875, "TP": 17, "TN": 15, "FP": 9, "FN": 7}}, "MNB": {"valid": {"ACC": 0.6875, "F1_Score": 0.6666666666666666, "Recall": 0.625, "Precision": 0.7142857142857143, "Cohen_Kappa": 0.375, "AUC": 0.734375, "TP": 15, "TN": 18, "FP": 6, "FN": 9}, "test": {"ACC": 0.5833333333333334, "F1_Score": 0.5652173913043478, "Recall": 0.5416666666666666, "Precision": 0.5909090909090909, "Cohen_Kappa": 0.16666666666666663, "AUC": 0.6649305555555556, "TP": 13, "TN": 15, "FP": 9, "FN": 11}}, "RF": {"valid": {"ACC": 0.7291666666666666, "F1_Score": 0.723404255319149, "Recall": 0.7083333333333334, "Precision": 0.7391304347826086, "Cohen_Kappa": 0.45833333333333337, "AUC": 0.8133680555555556, "TP": 17, "TN": 18, "FP": 6, "FN": 7}, "test": {"ACC": 0.6666666666666666, "F1_Score": 0.6923076923076924, "Recall": 0.75, "Precision": 0.6428571428571429, "Cohen_Kappa": 0.33333333333333337, "AUC": 0.7630208333333334, "TP": 18, "TN": 14, "FP": 10, "FN": 6}}, "ADA": {"valid": {"ACC": 0.5208333333333334, "F1_Score": 0.4888888888888889, "Recall": 0.4583333333333333, "Precision": 0.5238095238095238, "Cohen_Kappa": 0.04166666666666663, "AUC": 0.5381944444444444, "TP": 11, "TN": 14, "FP": 10, "FN": 13}, "test": {"ACC": 0.5208333333333334, "F1_Score": 0.5306122448979592, "Recall": 0.5416666666666666, "Precision": 0.52, "Cohen_Kappa": 0.04166666666666663, "AUC": 0.5850694444444444, "TP": 13, "TN": 12, "FP": 12, "FN": 11}}, "XGB": {"valid": {"ACC": 0.6041666666666666, "F1_Score": 0.5957446808510638, "Recall": 0.5833333333333334, "Precision": 0.6086956521739131, "Cohen_Kappa": 0.20833333333333337, "AUC": 0.7430555555555556, "TP": 14, "TN": 15, "FP": 9, "FN": 10}, "test": {"ACC": 0.6041666666666666, "F1_Score": 0.6122448979591836, "Recall": 0.625, "Precision": 0.6, "Cohen_Kappa": 0.20833333333333337, "AUC": 0.6684027777777778, "TP": 15, "TN": 14, "FP": 10, "FN": 9}}, "MLP": {"valid": {"ACC": 0.5833333333333334, "F1_Score": 0.5652173913043478, "Recall": 0.5416666666666666, "Precision": 0.5909090909090909, "Cohen_Kappa": 0.16666666666666663, "AUC": 0.6788194444444444, "TP": 13, "TN": 15, "FP": 9, "FN": 11}, "test": {"ACC": 0.625, "F1_Score": 0.625, "Recall": 0.625, "Precision": 0.625, "Cohen_Kappa": 0.25, "AUC": 0.7048611111111112, "TP": 15, "TN": 15, "FP": 9, "FN": 9}}, "LR": {"valid": {"ACC": 0.5416666666666666, "F1_Score": 0.5, "Recall": 0.4583333333333333, "Precision": 0.55, "Cohen_Kappa": 0.08333333333333337, "AUC": 0.6493055555555556, "TP": 11, "TN": 15, "FP": 9, "FN": 13}, "test": {"ACC": 0.6666666666666666, "F1_Score": 0.6521739130434783, "Recall": 0.625, "Precision": 0.6818181818181818, "Cohen_Kappa": 0.33333333333333337, "AUC": 0.6909722222222222, "TP": 15, "TN": 17, "FP": 7, "FN": 9}}, "ETAs": {"valid": {"ACC": 0.6666666666666666, "F1_Score": 0.68, "Recall": 0.7083333333333334, "Precision": 0.6538461538461539, "Cohen_Kappa": 0.33333333333333337, "AUC": 0.740451388888889, "TP": 17, "TN": 15, "FP": 9, "FN": 7}, "test": {"ACC": 0.6875, "F1_Score": 0.6808510638297872, "Recall": 0.6666666666666666, "Precision": 0.6956521739130435, "Cohen_Kappa": 0.375, "AUC": 0.7335069444444444, "TP": 16, "TN": 17, "FP": 7, "FN": 8}}, "CNB": {"valid": {"ACC": 0.6875, "F1_Score": 0.6666666666666666, "Recall": 0.625, "Precision": 0.7142857142857143, "Cohen_Kappa": 0.375, "AUC": 0.734375, "TP": 15, "TN": 18, "FP": 6, "FN": 9}, "test": {"ACC": 0.5833333333333334, "F1_Score": 0.5652173913043478, "Recall": 0.5416666666666666, "Precision": 0.5909090909090909, "Cohen_Kappa": 0.16666666666666663, "AUC": 0.6649305555555556, "TP": 13, "TN": 15, "FP": 9, "FN": 11}}, "GB": {"valid": {"ACC": 0.7083333333333334, "F1_Score": 0.7199999999999999, "Recall": 0.75, "Precision": 0.6923076923076923, "Cohen_Kappa": 0.41666666666666663, "AUC": 0.751736111111111, "TP": 18, "TN": 16, "FP": 8, "FN": 6}, "test": {"ACC": 0.6666666666666666, "F1_Score": 0.68, "Recall": 0.7083333333333334, "Precision": 0.6538461538461539, "Cohen_Kappa": 0.33333333333333337, "AUC": 0.71875, "TP": 17, "TN": 15, "FP": 9, "FN": 7}}, "BAG": {"valid": {"ACC": 0.625, "F1_Score": 0.6086956521739131, "Recall": 0.5833333333333334, "Precision": 0.6363636363636364, "Cohen_Kappa": 0.25, "AUC": 0.6553819444444445, "TP": 14, "TN": 16, "FP": 8, "FN": 10}, "test": {"ACC": 0.7083333333333334, "F1_Score": 0.7083333333333334, "Recall": 0.7083333333333334, "Precision": 0.7083333333333334, "Cohen_Kappa": 0.41666666666666663, "AUC": 0.7430555555555556, "TP": 17, "TN": 17, "FP": 7, "FN": 7}}}