{"OVR": {"valid": {"ACC": 0.625, "F1_Score": 0.6294820717131475, "Recall": 0.6370967741935484, "Precision": 0.6220472440944882, "Cohen_Kappa": 0.25, "AUC": 0.6508844953173778, "TP": 79, "TN": 76, "FP": 48, "FN": 45}, "test": {"ACC": 0.6465863453815262, "F1_Score": 0.6589147286821706, "Recall": 0.6854838709677419, "Precision": 0.6343283582089553, "Cohen_Kappa": 0.2933892292808771, "AUC": 0.6983225806451614, "TP": 85, "TN": 76, "FP": 49, "FN": 39}}, "KNB": {"valid": {"ACC": 0.6612903225806451, "F1_Score": 0.6692913385826771, "Recall": 0.6854838709677419, "Precision": 0.6538461538461539, "Cohen_Kappa": 0.32258064516129037, "AUC": 0.71875, "TP": 85, "TN": 79, "FP": 45, "FN": 39}, "test": {"ACC": 0.6947791164658634, "F1_Score": 0.6859504132231404, "Recall": 0.6693548387096774, "Precision": 0.7033898305084746, "Cohen_Kappa": 0.38943021229915464, "AUC": 0.7414516129032258, "TP": 83, "TN": 90, "FP": 35, "FN": 41}}, "DT": {"valid": {"ACC": 0.6129032258064516, "F1_Score": 0.6129032258064516, "Recall": 0.6129032258064516, "Precision": 0.6129032258064516, "Cohen_Kappa": 0.22580645161290325, "AUC": 0.6129032258064516, "TP": 76, "TN": 76, "FP": 48, "FN": 48}, "test": {"ACC": 0.6626506024096386, "F1_Score": 0.6612903225806451, "Recall": 0.6612903225806451, "Precision": 0.6612903225806451, "Cohen_Kappa": 0.32529032258064516, "AUC": 0.6626451612903225, "TP": 82, "TN": 83, "FP": 42, "FN": 42}}, "MNB": {"valid": {"ACC": 0.6370967741935484, "F1_Score": 0.6370967741935484, "Recall": 0.6370967741935484, "Precision": 0.6370967741935484, "Cohen_Kappa": 0.27419354838709675, "AUC": 0.6573231009365244, "TP": 79, "TN": 79, "FP": 45, "FN": 45}, "test": {"ACC": 0.6907630522088354, "F1_Score": 0.6882591093117408, "Recall": 0.6854838709677419, "Precision": 0.6910569105691057, "Cohen_Kappa": 0.3814961772960418, "AUC": 0.7060645161290322, "TP": 85, "TN": 87, "FP": 38, "FN": 39}}, "RF": {"valid": {"ACC": 0.7056451612903226, "F1_Score": 0.7091633466135457, "Recall": 0.717741935483871, "Precision": 0.7007874015748031, "Cohen_Kappa": 0.41129032258064513, "AUC": 0.7651860041623308, "TP": 89, "TN": 86, "FP": 38, "FN": 35}, "test": {"ACC": 0.7068273092369478, "F1_Score": 0.7091633466135457, "Recall": 0.717741935483871, "Precision": 0.7007874015748031, "Cohen_Kappa": 0.4137018998161468, "AUC": 0.7915806451612903, "TP": 89, "TN": 87, "FP": 38, "FN": 35}}, "ADA": {"valid": {"ACC": 0.6008064516129032, "F1_Score": 0.6024096385542169, "Recall": 0.6048387096774194, "Precision": 0.6, "Cohen_Kappa": 0.2016129032258065, "AUC": 0.6391129032258065, "TP": 75, "TN": 74, "FP": 50, "FN": 49}, "test": {"ACC": 0.6546184738955824, "F1_Score": 0.6587301587301587, "Recall": 0.6693548387096774, "Precision": 0.6484375, "Cohen_Kappa": 0.3093149271061799, "AUC": 0.7043548387096775, "TP": 83, "TN": 80, "FP": 45, "FN": 41}}, "XGB": {"valid": {"ACC": 0.625, "F1_Score": 0.6324110671936758, "Recall": 0.6451612903225806, "Precision": 0.6201550387596899, "Cohen_Kappa": 0.25, "AUC": 0.7142299687825182, "TP": 80, "TN": 75, "FP": 49, "FN": 44}, "test": {"ACC": 0.7349397590361446, "F1_Score": 0.736, "Recall": 0.7419354838709677, "Precision": 0.7301587301587301, "Cohen_Kappa": 0.46990516740855426, "AUC": 0.7966129032258065, "TP": 92, "TN": 91, "FP": 34, "FN": 32}}, "MLP": {"valid": {"ACC": 0.6612903225806451, "F1_Score": 0.6499999999999999, "Recall": 0.6290322580645161, "Precision": 0.6724137931034483, "Cohen_Kappa": 0.32258064516129037, "AUC": 0.7181971904266389, "TP": 78, "TN": 86, "FP": 38, "FN": 46}, "test": {"ACC": 0.6987951807228916, "F1_Score": 0.6724890829694322, "Recall": 0.6209677419354839, "Precision": 0.7333333333333333, "Cohen_Kappa": 0.39721119395758686, "AUC": 0.7620645161290323, "TP": 77, "TN": 97, "FP": 28, "FN": 47}}, "LR": {"valid": {"ACC": 0.625, "F1_Score": 0.6294820717131475, "Recall": 0.6370967741935484, "Precision": 0.6220472440944882, "Cohen_Kappa": 0.25, "AUC": 0.6508844953173778, "TP": 79, "TN": 76, "FP": 48, "FN": 45}, "test": {"ACC": 0.6465863453815262, "F1_Score": 0.6589147286821706, "Recall": 0.6854838709677419, "Precision": 0.6343283582089553, "Cohen_Kappa": 0.2933892292808771, "AUC": 0.6983225806451614, "TP": 85, "TN": 76, "FP": 49, "FN": 39}}, "ETAs": {"valid": {"ACC": 0.6935483870967742, "F1_Score": 0.7007874015748031, "Recall": 0.717741935483871, "Precision": 0.6846153846153846, "Cohen_Kappa": 0.3870967741935484, "AUC": 0.752243756503642, "TP": 89, "TN": 83, "FP": 41, "FN": 35}, "test": {"ACC": 0.7028112449799196, "F1_Score": 0.6991869918699187, "Recall": 0.6935483870967742, "Precision": 0.7049180327868853, "Cohen_Kappa": 0.40557455319698044, "AUC": 0.7841290322580645, "TP": 86, "TN": 89, "FP": 36, "FN": 38}}, "CNB": {"valid": {"ACC": 0.6370967741935484, "F1_Score": 0.6370967741935484, "Recall": 0.6370967741935484, "Precision": 0.6370967741935484, "Cohen_Kappa": 0.27419354838709675, "AUC": 0.6573231009365244, "TP": 79, "TN": 79, "FP": 45, "FN": 45}, "test": {"ACC": 0.6907630522088354, "F1_Score": 0.6882591093117408, "Recall": 0.6854838709677419, "Precision": 0.6910569105691057, "Cohen_Kappa": 0.3814961772960418, "AUC": 0.7060645161290322, "TP": 85, "TN": 87, "FP": 38, "FN": 39}}, "GB": {"valid": {"ACC": 0.6411290322580645, "F1_Score": 0.6454183266932272, "Recall": 0.6532258064516129, "Precision": 0.6377952755905512, "Cohen_Kappa": 0.282258064516129, "AUC": 0.7155957336108221, "TP": 81, "TN": 78, "FP": 46, "FN": 43}, "test": {"ACC": 0.7108433734939759, "F1_Score": 0.7165354330708661, "Recall": 0.7338709677419355, "Precision": 0.7, "Cohen_Kappa": 0.42178933109720707, "AUC": 0.7818387096774194, "TP": 91, "TN": 86, "FP": 39, "FN": 33}}, "BAG": {"valid": {"ACC": 0.657258064516129, "F1_Score": 0.6320346320346321, "Recall": 0.5887096774193549, "Precision": 0.6822429906542056, "Cohen_Kappa": 0.3145161290322581, "AUC": 0.7162460978147762, "TP": 73, "TN": 90, "FP": 34, "FN": 51}, "test": {"ACC": 0.6706827309236948, "F1_Score": 0.6339285714285714, "Recall": 0.5725806451612904, "Precision": 0.71, "Cohen_Kappa": 0.34084452479338845, "AUC": 0.741258064516129, "TP": 71, "TN": 96, "FP": 29, "FN": 53}}}