{"OVR": {"valid": {"ACC": 0.56, "F1_Score": 0.5714285714285713, "Recall": 0.5866666666666667, "Precision": 0.5569620253164557, "Cohen_Kappa": 0.12, "AUC": 0.6426666666666667, "TP": 44, "TN": 40, "FP": 35, "FN": 31}, "test": {"ACC": 0.6466666666666666, "F1_Score": 0.6666666666666667, "Recall": 0.7066666666666667, "Precision": 0.6309523809523809, "Cohen_Kappa": 0.29333333333333333, "AUC": 0.6787555555555556, "TP": 53, "TN": 44, "FP": 31, "FN": 22}}, "KNB": {"valid": {"ACC": 0.6133333333333333, "F1_Score": 0.6329113924050633, "Recall": 0.6666666666666666, "Precision": 0.6024096385542169, "Cohen_Kappa": 0.22666666666666668, "AUC": 0.6126222222222223, "TP": 50, "TN": 42, "FP": 33, "FN": 25}, "test": {"ACC": 0.58, "F1_Score": 0.5987261146496816, "Recall": 0.6266666666666667, "Precision": 0.573170731707317, "Cohen_Kappa": 0.16000000000000003, "AUC": 0.5961777777777778, "TP": 47, "TN": 40, "FP": 35, "FN": 28}}, "DT": {"valid": {"ACC": 0.6, "F1_Score": 0.620253164556962, "Recall": 0.6533333333333333, "Precision": 0.5903614457831325, "Cohen_Kappa": 0.19999999999999996, "AUC": 0.6, "TP": 49, "TN": 41, "FP": 34, "FN": 26}, "test": {"ACC": 0.5733333333333334, "F1_Score": 0.5949367088607596, "Recall": 0.6266666666666667, "Precision": 0.5662650602409639, "Cohen_Kappa": 0.1466666666666666, "AUC": 0.5733333333333334, "TP": 47, "TN": 39, "FP": 36, "FN": 28}}, "MNB": {"valid": {"ACC": 0.6133333333333333, "F1_Score": 0.6813186813186813, "Recall": 0.8266666666666667, "Precision": 0.5794392523364486, "Cohen_Kappa": 0.22666666666666668, "AUC": 0.6748444444444445, "TP": 62, "TN": 30, "FP": 45, "FN": 13}, "test": {"ACC": 0.5933333333333334, "F1_Score": 0.6390532544378699, "Recall": 0.72, "Precision": 0.574468085106383, "Cohen_Kappa": 0.18666666666666665, "AUC": 0.6378666666666667, "TP": 54, "TN": 35, "FP": 40, "FN": 21}}, "RF": {"valid": {"ACC": 0.6466666666666666, "F1_Score": 0.6535947712418301, "Recall": 0.6666666666666666, "Precision": 0.6410256410256411, "Cohen_Kappa": 0.29333333333333333, "AUC": 0.7133333333333333, "TP": 50, "TN": 47, "FP": 28, "FN": 25}, "test": {"ACC": 0.6466666666666666, "F1_Score": 0.6666666666666667, "Recall": 0.7066666666666667, "Precision": 0.6309523809523809, "Cohen_Kappa": 0.29333333333333333, "AUC": 0.7452444444444444, "TP": 53, "TN": 44, "FP": 31, "FN": 22}}, "ADA": {"valid": {"ACC": 0.58, "F1_Score": 0.608695652173913, "Recall": 0.6533333333333333, "Precision": 0.5697674418604651, "Cohen_Kappa": 0.16000000000000003, "AUC": 0.6375111111111111, "TP": 49, "TN": 38, "FP": 37, "FN": 26}, "test": {"ACC": 0.6266666666666667, "F1_Score": 0.6363636363636364, "Recall": 0.6533333333333333, "Precision": 0.620253164556962, "Cohen_Kappa": 0.2533333333333333, "AUC": 0.6492444444444445, "TP": 49, "TN": 45, "FP": 30, "FN": 26}}, "XGB": {"valid": {"ACC": 0.6133333333333333, "F1_Score": 0.6375000000000001, "Recall": 0.68, "Precision": 0.6, "Cohen_Kappa": 0.22666666666666668, "AUC": 0.6785777777777777, "TP": 51, "TN": 41, "FP": 34, "FN": 24}, "test": {"ACC": 0.6333333333333333, "F1_Score": 0.6625766871165645, "Recall": 0.72, "Precision": 0.6136363636363636, "Cohen_Kappa": 0.2666666666666667, "AUC": 0.7118222222222222, "TP": 54, "TN": 41, "FP": 34, "FN": 21}}, "MLP": {"valid": {"ACC": 0.6133333333333333, "F1_Score": 0.6133333333333333, "Recall": 0.6133333333333333, "Precision": 0.6133333333333333, "Cohen_Kappa": 0.22666666666666668, "AUC": 0.6656000000000001, "TP": 46, "TN": 46, "FP": 29, "FN": 29}, "test": {"ACC": 0.6133333333333333, "F1_Score": 0.6419753086419753, "Recall": 0.6933333333333334, "Precision": 0.5977011494252874, "Cohen_Kappa": 0.22666666666666668, "AUC": 0.7006222222222223, "TP": 52, "TN": 40, "FP": 35, "FN": 23}}, "LR": {"valid": {"ACC": 0.56, "F1_Score": 0.5714285714285713, "Recall": 0.5866666666666667, "Precision": 0.5569620253164557, "Cohen_Kappa": 0.12, "AUC": 0.6426666666666667, "TP": 44, "TN": 40, "FP": 35, "FN": 31}, "test": {"ACC": 0.6466666666666666, "F1_Score": 0.6666666666666667, "Recall": 0.7066666666666667, "Precision": 0.6309523809523809, "Cohen_Kappa": 0.29333333333333333, "AUC": 0.6787555555555556, "TP": 53, "TN": 44, "FP": 31, "FN": 22}}, "ETAs": {"valid": {"ACC": 0.6666666666666666, "F1_Score": 0.6753246753246753, "Recall": 0.6933333333333334, "Precision": 0.6582278481012658, "Cohen_Kappa": 0.33333333333333337, "AUC": 0.6907555555555557, "TP": 52, "TN": 48, "FP": 27, "FN": 23}, "test": {"ACC": 0.64, "F1_Score": 0.6582278481012659, "Recall": 0.6933333333333334, "Precision": 0.6265060240963856, "Cohen_Kappa": 0.28, "AUC": 0.7540444444444443, "TP": 52, "TN": 44, "FP": 31, "FN": 23}}, "CNB": {"valid": {"ACC": 0.6133333333333333, "F1_Score": 0.6813186813186813, "Recall": 0.8266666666666667, "Precision": 0.5794392523364486, "Cohen_Kappa": 0.22666666666666668, "AUC": 0.6748444444444445, "TP": 62, "TN": 30, "FP": 45, "FN": 13}, "test": {"ACC": 0.5933333333333334, "F1_Score": 0.6390532544378699, "Recall": 0.72, "Precision": 0.574468085106383, "Cohen_Kappa": 0.18666666666666665, "AUC": 0.6378666666666667, "TP": 54, "TN": 35, "FP": 40, "FN": 21}}, "GB": {"valid": {"ACC": 0.6466666666666666, "F1_Score": 0.6580645161290323, "Recall": 0.68, "Precision": 0.6375, "Cohen_Kappa": 0.29333333333333333, "AUC": 0.6871111111111111, "TP": 51, "TN": 46, "FP": 29, "FN": 24}, "test": {"ACC": 0.64, "F1_Score": 0.6582278481012659, "Recall": 0.6933333333333334, "Precision": 0.6265060240963856, "Cohen_Kappa": 0.28, "AUC": 0.6860444444444443, "TP": 52, "TN": 44, "FP": 31, "FN": 23}}, "BAG": {"valid": {"ACC": 0.62, "F1_Score": 0.6013986013986015, "Recall": 0.5733333333333334, "Precision": 0.6323529411764706, "Cohen_Kappa": 0.24, "AUC": 0.6828444444444446, "TP": 43, "TN": 50, "FP": 25, "FN": 32}, "test": {"ACC": 0.56, "F1_Score": 0.547945205479452, "Recall": 0.5333333333333333, "Precision": 0.5633802816901409, "Cohen_Kappa": 0.12, "AUC": 0.6250666666666667, "TP": 40, "TN": 44, "FP": 31, "FN": 35}}}