{"OVR": {"valid": {"ACC": 0.671957671957672, "F1_Score": 0.6736842105263158, "Recall": 0.6808510638297872, "Precision": 0.6666666666666666, "Cohen_Kappa": 0.3439704400403091, "AUC": 0.737625979843225, "TP": 64, "TN": 63, "FP": 32, "FN": 30}, "test": {"ACC": 0.6507936507936508, "F1_Score": 0.65625, "Recall": 0.6631578947368421, "Precision": 0.6494845360824743, "Cohen_Kappa": 0.3014895285026318, "AUC": 0.6945128779395296, "TP": 63, "TN": 60, "FP": 34, "FN": 32}}, "KNB": {"valid": {"ACC": 0.656084656084656, "F1_Score": 0.6198830409356726, "Recall": 0.5638297872340425, "Precision": 0.6883116883116883, "Cohen_Kappa": 0.3114947038054139, "AUC": 0.721444568868981, "TP": 53, "TN": 71, "FP": 24, "FN": 41}, "test": {"ACC": 0.6507936507936508, "F1_Score": 0.6333333333333333, "Recall": 0.6, "Precision": 0.6705882352941176, "Cohen_Kappa": 0.30195858981533286, "AUC": 0.7351063829787233, "TP": 57, "TN": 66, "FP": 28, "FN": 38}}, "DT": {"valid": {"ACC": 0.5978835978835979, "F1_Score": 0.5869565217391305, "Recall": 0.574468085106383, "Precision": 0.6, "Cohen_Kappa": 0.19556451612903225, "AUC": 0.5977603583426652, "TP": 54, "TN": 59, "FP": 36, "FN": 40}, "test": {"ACC": 0.6613756613756614, "F1_Score": 0.6444444444444445, "Recall": 0.6105263157894737, "Precision": 0.6823529411764706, "Cohen_Kappa": 0.32311135982092887, "AUC": 0.6616461366181411, "TP": 58, "TN": 67, "FP": 27, "FN": 37}}, "MNB": {"valid": {"ACC": 0.656084656084656, "F1_Score": 0.6632124352331606, "Recall": 0.6808510638297872, "Precision": 0.6464646464646465, "Cohen_Kappa": 0.3123425692695214, "AUC": 0.7067749160134379, "TP": 64, "TN": 60, "FP": 35, "FN": 30}, "test": {"ACC": 0.6402116402116402, "F1_Score": 0.6421052631578947, "Recall": 0.6421052631578947, "Precision": 0.6421052631578947, "Cohen_Kappa": 0.2804031354983202, "AUC": 0.6989361702127659, "TP": 61, "TN": 60, "FP": 34, "FN": 34}}, "RF": {"valid": {"ACC": 0.7248677248677249, "F1_Score": 0.74, "Recall": 0.7872340425531915, "Precision": 0.6981132075471698, "Cohen_Kappa": 0.45008952551477166, "AUC": 0.8013437849944008, "TP": 74, "TN": 63, "FP": 32, "FN": 20}, "test": {"ACC": 0.7354497354497355, "F1_Score": 0.7474747474747476, "Recall": 0.7789473684210526, "Precision": 0.7184466019417476, "Cohen_Kappa": 0.47064754649339013, "AUC": 0.778555431131019, "TP": 74, "TN": 65, "FP": 29, "FN": 21}}, "ADA": {"valid": {"ACC": 0.6931216931216931, "F1_Score": 0.7010309278350516, "Recall": 0.723404255319149, "Precision": 0.68, "Cohen_Kappa": 0.386432329564536, "AUC": 0.7349944008958567, "TP": 68, "TN": 63, "FP": 32, "FN": 26}, "test": {"ACC": 0.6772486772486772, "F1_Score": 0.6995073891625615, "Recall": 0.7473684210526316, "Precision": 0.6574074074074074, "Cohen_Kappa": 0.3540090771558245, "AUC": 0.6897536394176932, "TP": 71, "TN": 57, "FP": 37, "FN": 24}}, "XGB": {"valid": {"ACC": 0.7724867724867724, "F1_Score": 0.774869109947644, "Recall": 0.7872340425531915, "Precision": 0.7628865979381443, "Cohen_Kappa": 0.5450372277892852, "AUC": 0.8224524076147816, "TP": 74, "TN": 72, "FP": 23, "FN": 20}, "test": {"ACC": 0.7142857142857143, "F1_Score": 0.7244897959183674, "Recall": 0.7473684210526316, "Precision": 0.7029702970297029, "Cohen_Kappa": 0.4283633919569845, "AUC": 0.7844904815229563, "TP": 71, "TN": 64, "FP": 30, "FN": 24}}, "MLP": {"valid": {"ACC": 0.7195767195767195, "F1_Score": 0.7309644670050762, "Recall": 0.7659574468085106, "Precision": 0.6990291262135923, "Cohen_Kappa": 0.4394202249706195, "AUC": 0.7810750279955206, "TP": 72, "TN": 64, "FP": 31, "FN": 22}, "test": {"ACC": 0.6931216931216931, "F1_Score": 0.7070707070707071, "Recall": 0.7368421052631579, "Precision": 0.6796116504854369, "Cohen_Kappa": 0.3859511539323325, "AUC": 0.7446248600223964, "TP": 70, "TN": 61, "FP": 33, "FN": 25}}, "LR": {"valid": {"ACC": 0.671957671957672, "F1_Score": 0.6736842105263158, "Recall": 0.6808510638297872, "Precision": 0.6666666666666666, "Cohen_Kappa": 0.3439704400403091, "AUC": 0.737625979843225, "TP": 64, "TN": 63, "FP": 32, "FN": 30}, "test": {"ACC": 0.6507936507936508, "F1_Score": 0.65625, "Recall": 0.6631578947368421, "Precision": 0.6494845360824743, "Cohen_Kappa": 0.3014895285026318, "AUC": 0.6945128779395296, "TP": 63, "TN": 60, "FP": 34, "FN": 32}}, "ETAs": {"valid": {"ACC": 0.7407407407407407, "F1_Score": 0.7461139896373057, "Recall": 0.7659574468085106, "Precision": 0.7272727272727273, "Cohen_Kappa": 0.4816120906801007, "AUC": 0.7999440089585667, "TP": 72, "TN": 68, "FP": 27, "FN": 22}, "test": {"ACC": 0.746031746031746, "F1_Score": 0.7551020408163266, "Recall": 0.7789473684210526, "Precision": 0.7326732673267327, "Cohen_Kappa": 0.49187857062843066, "AUC": 0.7895856662933931, "TP": 74, "TN": 67, "FP": 27, "FN": 21}}, "CNB": {"valid": {"ACC": 0.656084656084656, "F1_Score": 0.6632124352331606, "Recall": 0.6808510638297872, "Precision": 0.6464646464646465, "Cohen_Kappa": 0.3123425692695214, "AUC": 0.7067749160134379, "TP": 64, "TN": 60, "FP": 35, "FN": 30}, "test": {"ACC": 0.6402116402116402, "F1_Score": 0.6421052631578947, "Recall": 0.6421052631578947, "Precision": 0.6421052631578947, "Cohen_Kappa": 0.2804031354983202, "AUC": 0.6989361702127659, "TP": 61, "TN": 60, "FP": 34, "FN": 34}}, "GB": {"valid": {"ACC": 0.7195767195767195, "F1_Score": 0.7225130890052357, "Recall": 0.7340425531914894, "Precision": 0.711340206185567, "Cohen_Kappa": 0.43923193192632826, "AUC": 0.7989361702127661, "TP": 69, "TN": 67, "FP": 28, "FN": 25}, "test": {"ACC": 0.6984126984126984, "F1_Score": 0.71356783919598, "Recall": 0.7473684210526316, "Precision": 0.6826923076923077, "Cohen_Kappa": 0.39650439751274447, "AUC": 0.7699328107502799, "TP": 71, "TN": 61, "FP": 33, "FN": 24}}, "BAG": {"valid": {"ACC": 0.708994708994709, "F1_Score": 0.6961325966850829, "Recall": 0.6702127659574468, "Precision": 0.7241379310344828, "Cohen_Kappa": 0.41774491682070236, "AUC": 0.7565509518477044, "TP": 63, "TN": 71, "FP": 24, "FN": 31}, "test": {"ACC": 0.671957671957672, "F1_Score": 0.6555555555555557, "Recall": 0.6210526315789474, "Precision": 0.6941176470588235, "Cohen_Kappa": 0.3442641298265249, "AUC": 0.7382978723404257, "TP": 59, "TN": 68, "FP": 26, "FN": 36}}}