{"OVR": {"valid": {"ACC": 0.6181818181818182, "F1_Score": 0.6557377049180328, "Recall": 0.7407407407407407, "Precision": 0.5882352941176471, "Cohen_Kappa": 0.23963133640552992, "AUC": 0.7156084656084656, "TP": 20, "TN": 14, "FP": 14, "FN": 7}, "test": {"ACC": 0.6964285714285714, "F1_Score": 0.6909090909090909, "Recall": 0.6785714285714286, "Precision": 0.7037037037037037, "Cohen_Kappa": 0.3928571428571429, "AUC": 0.7895408163265306, "TP": 19, "TN": 20, "FP": 8, "FN": 9}}, "KNB": {"valid": {"ACC": 0.5636363636363636, "F1_Score": 0.6363636363636364, "Recall": 0.7777777777777778, "Precision": 0.5384615384615384, "Cohen_Kappa": 0.13385826771653553, "AUC": 0.625, "TP": 21, "TN": 10, "FP": 18, "FN": 6}, "test": {"ACC": 0.6607142857142857, "F1_Score": 0.6885245901639345, "Recall": 0.75, "Precision": 0.6363636363636364, "Cohen_Kappa": 0.3214285714285714, "AUC": 0.757015306122449, "TP": 21, "TN": 16, "FP": 12, "FN": 7}}, "DT": {"valid": {"ACC": 0.6545454545454545, "F1_Score": 0.6666666666666667, "Recall": 0.7037037037037037, "Precision": 0.6333333333333333, "Cohen_Kappa": 0.3102310231023102, "AUC": 0.6554232804232805, "TP": 19, "TN": 17, "FP": 11, "FN": 8}, "test": {"ACC": 0.5714285714285714, "F1_Score": 0.5714285714285714, "Recall": 0.5714285714285714, "Precision": 0.5714285714285714, "Cohen_Kappa": 0.1428571428571429, "AUC": 0.5714285714285714, "TP": 16, "TN": 16, "FP": 12, "FN": 12}}, "MNB": {"valid": {"ACC": 0.5454545454545454, "F1_Score": 0.6153846153846153, "Recall": 0.7407407407407407, "Precision": 0.5263157894736842, "Cohen_Kappa": 0.0971766250820747, "AUC": 0.6203703703703703, "TP": 20, "TN": 10, "FP": 18, "FN": 7}, "test": {"ACC": 0.6071428571428571, "F1_Score": 0.6451612903225806, "Recall": 0.7142857142857143, "Precision": 0.5882352941176471, "Cohen_Kappa": 0.2142857142857143, "AUC": 0.663265306122449, "TP": 20, "TN": 14, "FP": 14, "FN": 8}}, "RF": {"valid": {"ACC": 0.5818181818181818, "F1_Score": 0.634920634920635, "Recall": 0.7407407407407407, "Precision": 0.5555555555555556, "Cohen_Kappa": 0.168310322156476, "AUC": 0.6937830687830687, "TP": 20, "TN": 12, "FP": 16, "FN": 7}, "test": {"ACC": 0.6785714285714286, "F1_Score": 0.689655172413793, "Recall": 0.7142857142857143, "Precision": 0.6666666666666666, "Cohen_Kappa": 0.3571428571428571, "AUC": 0.7602040816326531, "TP": 20, "TN": 18, "FP": 10, "FN": 8}}, "ADA": {"valid": {"ACC": 0.5818181818181818, "F1_Score": 0.6229508196721312, "Recall": 0.7037037037037037, "Precision": 0.5588235294117647, "Cohen_Kappa": 0.16721527320605656, "AUC": 0.6812169312169312, "TP": 19, "TN": 13, "FP": 15, "FN": 8}, "test": {"ACC": 0.7142857142857143, "F1_Score": 0.7142857142857143, "Recall": 0.7142857142857143, "Precision": 0.7142857142857143, "Cohen_Kappa": 0.4285714285714286, "AUC": 0.7653061224489796, "TP": 20, "TN": 20, "FP": 8, "FN": 8}}, "XGB": {"valid": {"ACC": 0.5636363636363636, "F1_Score": 0.6129032258064516, "Recall": 0.7037037037037037, "Precision": 0.5428571428571428, "Cohen_Kappa": 0.1315789473684209, "AUC": 0.7248677248677249, "TP": 19, "TN": 12, "FP": 16, "FN": 8}, "test": {"ACC": 0.6964285714285714, "F1_Score": 0.6909090909090909, "Recall": 0.6785714285714286, "Precision": 0.7037037037037037, "Cohen_Kappa": 0.3928571428571429, "AUC": 0.7793367346938775, "TP": 19, "TN": 20, "FP": 8, "FN": 9}}, "MLP": {"valid": {"ACC": 0.5818181818181818, "F1_Score": 0.634920634920635, "Recall": 0.7407407407407407, "Precision": 0.5555555555555556, "Cohen_Kappa": 0.168310322156476, "AUC": 0.7354497354497354, "TP": 20, "TN": 12, "FP": 16, "FN": 7}, "test": {"ACC": 0.6607142857142857, "F1_Score": 0.6666666666666666, "Recall": 0.6785714285714286, "Precision": 0.6551724137931034, "Cohen_Kappa": 0.3214285714285714, "AUC": 0.7423469387755102, "TP": 19, "TN": 18, "FP": 10, "FN": 9}}, "LR": {"valid": {"ACC": 0.6181818181818182, "F1_Score": 0.6557377049180328, "Recall": 0.7407407407407407, "Precision": 0.5882352941176471, "Cohen_Kappa": 0.23963133640552992, "AUC": 0.7156084656084656, "TP": 20, "TN": 14, "FP": 14, "FN": 7}, "test": {"ACC": 0.6964285714285714, "F1_Score": 0.6909090909090909, "Recall": 0.6785714285714286, "Precision": 0.7037037037037037, "Cohen_Kappa": 0.3928571428571429, "AUC": 0.7895408163265306, "TP": 19, "TN": 20, "FP": 8, "FN": 9}}, "ETAs": {"valid": {"ACC": 0.6, "F1_Score": 0.65625, "Recall": 0.7777777777777778, "Precision": 0.5675675675675675, "Cohen_Kappa": 0.20499342969776613, "AUC": 0.6818783068783069, "TP": 21, "TN": 12, "FP": 16, "FN": 6}, "test": {"ACC": 0.6785714285714286, "F1_Score": 0.6785714285714286, "Recall": 0.6785714285714286, "Precision": 0.6785714285714286, "Cohen_Kappa": 0.3571428571428571, "AUC": 0.7468112244897959, "TP": 19, "TN": 19, "FP": 9, "FN": 9}}, "CNB": {"valid": {"ACC": 0.5454545454545454, "F1_Score": 0.6153846153846153, "Recall": 0.7407407407407407, "Precision": 0.5263157894736842, "Cohen_Kappa": 0.0971766250820747, "AUC": 0.6203703703703703, "TP": 20, "TN": 10, "FP": 18, "FN": 7}, "test": {"ACC": 0.6071428571428571, "F1_Score": 0.6451612903225806, "Recall": 0.7142857142857143, "Precision": 0.5882352941176471, "Cohen_Kappa": 0.2142857142857143, "AUC": 0.663265306122449, "TP": 20, "TN": 14, "FP": 14, "FN": 8}}, "GB": {"valid": {"ACC": 0.6181818181818182, "F1_Score": 0.6557377049180328, "Recall": 0.7407407407407407, "Precision": 0.5882352941176471, "Cohen_Kappa": 0.23963133640552992, "AUC": 0.7222222222222222, "TP": 20, "TN": 14, "FP": 14, "FN": 7}, "test": {"ACC": 0.7142857142857143, "F1_Score": 0.7142857142857143, "Recall": 0.7142857142857143, "Precision": 0.7142857142857143, "Cohen_Kappa": 0.4285714285714286, "AUC": 0.7869897959183674, "TP": 20, "TN": 20, "FP": 8, "FN": 8}}, "BAG": {"valid": {"ACC": 0.6363636363636364, "F1_Score": 0.6551724137931035, "Recall": 0.7037037037037037, "Precision": 0.6129032258064516, "Cohen_Kappa": 0.27440633245382584, "AUC": 0.7037037037037037, "TP": 19, "TN": 16, "FP": 12, "FN": 8}, "test": {"ACC": 0.6071428571428571, "F1_Score": 0.576923076923077, "Recall": 0.5357142857142857, "Precision": 0.625, "Cohen_Kappa": 0.2142857142857143, "AUC": 0.6709183673469388, "TP": 15, "TN": 19, "FP": 9, "FN": 13}}}