{"OVR": {"valid": {"ACC": 0.636094674556213, "F1_Score": 0.6350148367952523, "Recall": 0.6294117647058823, "Precision": 0.6407185628742516, "Cohen_Kappa": 0.2722403108917131, "AUC": 0.6690126050420168, "TP": 107, "TN": 108, "FP": 60, "FN": 63}, "test": {"ACC": 0.6371681415929203, "F1_Score": 0.6306306306306306, "Recall": 0.621301775147929, "Precision": 0.6402439024390244, "Cohen_Kappa": 0.2742668175093551, "AUC": 0.6753219631047684, "TP": 105, "TN": 111, "FP": 59, "FN": 64}}, "KNB": {"valid": {"ACC": 0.7337278106508875, "F1_Score": 0.7169811320754716, "Recall": 0.6705882352941176, "Precision": 0.7702702702702703, "Cohen_Kappa": 0.4678468966482401, "AUC": 0.7798669467787115, "TP": 114, "TN": 134, "FP": 34, "FN": 56}, "test": {"ACC": 0.6607669616519174, "F1_Score": 0.6525679758308157, "Recall": 0.6390532544378699, "Precision": 0.6666666666666666, "Cohen_Kappa": 0.32144535533392515, "AUC": 0.6934737208492865, "TP": 108, "TN": 116, "FP": 54, "FN": 61}}, "DT": {"valid": {"ACC": 0.6124260355029586, "F1_Score": 0.6288951841359774, "Recall": 0.6529411764705882, "Precision": 0.6065573770491803, "Cohen_Kappa": 0.2244719234945879, "AUC": 0.6138655462184873, "TP": 111, "TN": 96, "FP": 72, "FN": 59}, "test": {"ACC": 0.5693215339233039, "F1_Score": 0.5705882352941176, "Recall": 0.5739644970414202, "Precision": 0.5672514619883041, "Cohen_Kappa": 0.13866555288712545, "AUC": 0.5710059171597633, "TP": 97, "TN": 96, "FP": 74, "FN": 72}}, "MNB": {"valid": {"ACC": 0.6597633136094675, "F1_Score": 0.6546546546546547, "Recall": 0.6411764705882353, "Precision": 0.6687116564417178, "Cohen_Kappa": 0.31966954878006093, "AUC": 0.6961134453781512, "TP": 109, "TN": 114, "FP": 54, "FN": 61}, "test": {"ACC": 0.5988200589970502, "F1_Score": 0.6023391812865496, "Recall": 0.6094674556213018, "Precision": 0.5953757225433526, "Cohen_Kappa": 0.197688987888069, "AUC": 0.6420292377305952, "TP": 103, "TN": 100, "FP": 70, "FN": 66}}, "RF": {"valid": {"ACC": 0.7307692307692307, "F1_Score": 0.7217125382262998, "Recall": 0.6941176470588235, "Precision": 0.7515923566878981, "Cohen_Kappa": 0.46176460294683797, "AUC": 0.7925070028011205, "TP": 118, "TN": 129, "FP": 39, "FN": 52}, "test": {"ACC": 0.6814159292035398, "F1_Score": 0.6727272727272727, "Recall": 0.6568047337278107, "Precision": 0.6894409937888198, "Cohen_Kappa": 0.36273758964004743, "AUC": 0.736703793943613, "TP": 111, "TN": 120, "FP": 50, "FN": 58}}, "ADA": {"valid": {"ACC": 0.6479289940828402, "F1_Score": 0.6426426426426426, "Recall": 0.6294117647058823, "Precision": 0.656441717791411, "Cohen_Kappa": 0.29600588091154134, "AUC": 0.6878851540616245, "TP": 107, "TN": 112, "FP": 56, "FN": 63}, "test": {"ACC": 0.6489675516224189, "F1_Score": 0.6338461538461538, "Recall": 0.6094674556213018, "Precision": 0.6602564102564102, "Cohen_Kappa": 0.2977701185440492, "AUC": 0.7007135398538114, "TP": 103, "TN": 117, "FP": 53, "FN": 66}}, "XGB": {"valid": {"ACC": 0.6893491124260355, "F1_Score": 0.6902654867256637, "Recall": 0.6882352941176471, "Precision": 0.6923076923076923, "Cohen_Kappa": 0.37869822485207105, "AUC": 0.7558823529411764, "TP": 117, "TN": 116, "FP": 52, "FN": 53}, "test": {"ACC": 0.6430678466076696, "F1_Score": 0.634441087613293, "Recall": 0.621301775147929, "Precision": 0.6481481481481481, "Cohen_Kappa": 0.28604250430786904, "AUC": 0.7091193873999304, "TP": 105, "TN": 113, "FP": 57, "FN": 64}}, "MLP": {"valid": {"ACC": 0.6923076923076923, "F1_Score": 0.6867469879518073, "Recall": 0.6705882352941176, "Precision": 0.7037037037037037, "Cohen_Kappa": 0.3847661719406328, "AUC": 0.7237394957983193, "TP": 114, "TN": 120, "FP": 48, "FN": 56}, "test": {"ACC": 0.6607669616519174, "F1_Score": 0.6567164179104478, "Recall": 0.650887573964497, "Precision": 0.6626506024096386, "Cohen_Kappa": 0.32149259446194545, "AUC": 0.7129829446571527, "TP": 110, "TN": 114, "FP": 56, "FN": 59}}, "LR": {"valid": {"ACC": 0.636094674556213, "F1_Score": 0.6350148367952523, "Recall": 0.6294117647058823, "Precision": 0.6407185628742516, "Cohen_Kappa": 0.2722403108917131, "AUC": 0.6690126050420168, "TP": 107, "TN": 108, "FP": 60, "FN": 63}, "test": {"ACC": 0.6371681415929203, "F1_Score": 0.6306306306306306, "Recall": 0.621301775147929, "Precision": 0.6402439024390244, "Cohen_Kappa": 0.2742668175093551, "AUC": 0.6753219631047684, "TP": 105, "TN": 111, "FP": 59, "FN": 64}}, "ETAs": {"valid": {"ACC": 0.727810650887574, "F1_Score": 0.7088607594936709, "Recall": 0.6588235294117647, "Precision": 0.7671232876712328, "Cohen_Kappa": 0.45605933389308706, "AUC": 0.7871498599439777, "TP": 112, "TN": 134, "FP": 34, "FN": 58}, "test": {"ACC": 0.6784660766961652, "F1_Score": 0.6646153846153846, "Recall": 0.6390532544378699, "Precision": 0.6923076923076923, "Cohen_Kappa": 0.3567810329521124, "AUC": 0.7395753567699269, "TP": 108, "TN": 122, "FP": 48, "FN": 61}}, "CNB": {"valid": {"ACC": 0.6597633136094675, "F1_Score": 0.6546546546546547, "Recall": 0.6411764705882353, "Precision": 0.6687116564417178, "Cohen_Kappa": 0.31966954878006093, "AUC": 0.6961484593837535, "TP": 109, "TN": 114, "FP": 54, "FN": 61}, "test": {"ACC": 0.5988200589970502, "F1_Score": 0.6023391812865496, "Recall": 0.6094674556213018, "Precision": 0.5953757225433526, "Cohen_Kappa": 0.197688987888069, "AUC": 0.6420292377305952, "TP": 103, "TN": 100, "FP": 70, "FN": 66}}, "GB": {"valid": {"ACC": 0.7071005917159763, "F1_Score": 0.7027027027027026, "Recall": 0.6882352941176471, "Precision": 0.7177914110429447, "Cohen_Kappa": 0.4143242202541394, "AUC": 0.7528711484593837, "TP": 117, "TN": 122, "FP": 46, "FN": 53}, "test": {"ACC": 0.6666666666666666, "F1_Score": 0.6501547987616099, "Recall": 0.621301775147929, "Precision": 0.6818181818181818, "Cohen_Kappa": 0.3331534511271651, "AUC": 0.7204316045945005, "TP": 105, "TN": 121, "FP": 49, "FN": 64}}, "BAG": {"valid": {"ACC": 0.6597633136094675, "F1_Score": 0.6254071661237786, "Recall": 0.5647058823529412, "Precision": 0.7007299270072993, "Cohen_Kappa": 0.3202881824222712, "AUC": 0.742874649859944, "TP": 96, "TN": 127, "FP": 41, "FN": 74}, "test": {"ACC": 0.6224188790560472, "F1_Score": 0.5949367088607594, "Recall": 0.5562130177514792, "Precision": 0.6394557823129252, "Cohen_Kappa": 0.24454194087537873, "AUC": 0.6841628959276018, "TP": 94, "TN": 117, "FP": 53, "FN": 75}}}