{"OVR": {"valid": {"ACC": 0.6878306878306878, "F1_Score": 0.681081081081081, "Recall": 0.6702127659574468, "Precision": 0.6923076923076923, "Cohen_Kappa": 0.37553900431203446, "AUC": 0.7469204927211647, "TP": 63, "TN": 67, "FP": 28, "FN": 31}, "test": {"ACC": 0.6455026455026455, "F1_Score": 0.6492146596858639, "Recall": 0.6526315789473685, "Precision": 0.6458333333333334, "Cohen_Kappa": 0.2909457416428691, "AUC": 0.6926091825307951, "TP": 62, "TN": 60, "FP": 34, "FN": 33}}, "KNB": {"valid": {"ACC": 0.6613756613756614, "F1_Score": 0.6321839080459769, "Recall": 0.5851063829787234, "Precision": 0.6875, "Cohen_Kappa": 0.3222010534573574, "AUC": 0.73488241881299, "TP": 55, "TN": 70, "FP": 25, "FN": 39}, "test": {"ACC": 0.6984126984126984, "F1_Score": 0.6984126984126984, "Recall": 0.6947368421052632, "Precision": 0.7021276595744681, "Cohen_Kappa": 0.3968422820670735, "AUC": 0.7361702127659575, "TP": 66, "TN": 66, "FP": 28, "FN": 29}}, "DT": {"valid": {"ACC": 0.6455026455026455, "F1_Score": 0.6455026455026456, "Recall": 0.648936170212766, "Precision": 0.6421052631578947, "Cohen_Kappa": 0.29102513857006884, "AUC": 0.6455207166853304, "TP": 61, "TN": 61, "FP": 34, "FN": 33}, "test": {"ACC": 0.6243386243386243, "F1_Score": 0.6243386243386243, "Recall": 0.6210526315789474, "Precision": 0.6276595744680851, "Cohen_Kappa": 0.24869828117126702, "AUC": 0.6243561030235162, "TP": 59, "TN": 59, "FP": 35, "FN": 36}}, "MNB": {"valid": {"ACC": 0.6455026455026455, "F1_Score": 0.6633165829145728, "Recall": 0.7021276595744681, "Precision": 0.6285714285714286, "Cohen_Kappa": 0.2914218566392479, "AUC": 0.7187569988801792, "TP": 66, "TN": 56, "FP": 39, "FN": 28}, "test": {"ACC": 0.6666666666666666, "F1_Score": 0.6896551724137931, "Recall": 0.7368421052631579, "Precision": 0.6481481481481481, "Cohen_Kappa": 0.33282904689863846, "AUC": 0.7222284434490481, "TP": 70, "TN": 56, "FP": 38, "FN": 25}}, "RF": {"valid": {"ACC": 0.746031746031746, "F1_Score": 0.7473684210526316, "Recall": 0.7553191489361702, "Precision": 0.7395833333333334, "Cohen_Kappa": 0.4921061471279812, "AUC": 0.8057670772676372, "TP": 71, "TN": 70, "FP": 25, "FN": 23}, "test": {"ACC": 0.7037037037037037, "F1_Score": 0.7142857142857143, "Recall": 0.7368421052631579, "Precision": 0.693069306930693, "Cohen_Kappa": 0.407191665733169, "AUC": 0.8049832026875701, "TP": 70, "TN": 63, "FP": 31, "FN": 25}}, "ADA": {"valid": {"ACC": 0.671957671957672, "F1_Score": 0.6630434782608696, "Recall": 0.648936170212766, "Precision": 0.6777777777777778, "Cohen_Kappa": 0.34375, "AUC": 0.7722844344904816, "TP": 61, "TN": 66, "FP": 29, "FN": 33}, "test": {"ACC": 0.671957671957672, "F1_Score": 0.6804123711340206, "Recall": 0.6947368421052632, "Precision": 0.6666666666666666, "Cohen_Kappa": 0.34375, "AUC": 0.7173012318029115, "TP": 66, "TN": 61, "FP": 33, "FN": 29}}, "XGB": {"valid": {"ACC": 0.7301587301587301, "F1_Score": 0.7272727272727273, "Recall": 0.723404255319149, "Precision": 0.7311827956989247, "Cohen_Kappa": 0.4602721316983034, "AUC": 0.8096864501679731, "TP": 68, "TN": 70, "FP": 25, "FN": 26}, "test": {"ACC": 0.6825396825396826, "F1_Score": 0.6938775510204082, "Recall": 0.7157894736842105, "Precision": 0.6732673267326733, "Cohen_Kappa": 0.3648482132855383, "AUC": 0.7615341545352744, "TP": 68, "TN": 61, "FP": 33, "FN": 27}}, "MLP": {"valid": {"ACC": 0.7142857142857143, "F1_Score": 0.6931818181818182, "Recall": 0.648936170212766, "Precision": 0.7439024390243902, "Cohen_Kappa": 0.4281712236665173, "AUC": 0.7736842105263156, "TP": 61, "TN": 74, "FP": 21, "FN": 33}, "test": {"ACC": 0.6878306878306878, "F1_Score": 0.6844919786096257, "Recall": 0.6736842105263158, "Precision": 0.6956521739130435, "Cohen_Kappa": 0.37574875440855404, "AUC": 0.7462486002239642, "TP": 64, "TN": 66, "FP": 28, "FN": 31}}, "LR": {"valid": {"ACC": 0.6878306878306878, "F1_Score": 0.681081081081081, "Recall": 0.6702127659574468, "Precision": 0.6923076923076923, "Cohen_Kappa": 0.37553900431203446, "AUC": 0.7469204927211647, "TP": 63, "TN": 67, "FP": 28, "FN": 31}, "test": {"ACC": 0.6455026455026455, "F1_Score": 0.6492146596858639, "Recall": 0.6526315789473685, "Precision": 0.6458333333333334, "Cohen_Kappa": 0.2909457416428691, "AUC": 0.6926091825307951, "TP": 62, "TN": 60, "FP": 34, "FN": 33}}, "ETAs": {"valid": {"ACC": 0.746031746031746, "F1_Score": 0.7419354838709676, "Recall": 0.7340425531914894, "Precision": 0.75, "Cohen_Kappa": 0.4919923843655504, "AUC": 0.7987681970884659, "TP": 69, "TN": 72, "FP": 23, "FN": 25}, "test": {"ACC": 0.746031746031746, "F1_Score": 0.7525773195876289, "Recall": 0.7684210526315789, "Precision": 0.7373737373737373, "Cohen_Kappa": 0.49193548387096775, "AUC": 0.8053191489361702, "TP": 73, "TN": 68, "FP": 26, "FN": 22}}, "CNB": {"valid": {"ACC": 0.6455026455026455, "F1_Score": 0.6633165829145728, "Recall": 0.7021276595744681, "Precision": 0.6285714285714286, "Cohen_Kappa": 0.2914218566392479, "AUC": 0.7187569988801792, "TP": 66, "TN": 56, "FP": 39, "FN": 28}, "test": {"ACC": 0.6666666666666666, "F1_Score": 0.6896551724137931, "Recall": 0.7368421052631579, "Precision": 0.6481481481481481, "Cohen_Kappa": 0.33282904689863846, "AUC": 0.7222284434490481, "TP": 70, "TN": 56, "FP": 38, "FN": 25}}, "GB": {"valid": {"ACC": 0.746031746031746, "F1_Score": 0.7391304347826088, "Recall": 0.723404255319149, "Precision": 0.7555555555555555, "Cohen_Kappa": 0.49193548387096775, "AUC": 0.8109182530795073, "TP": 68, "TN": 73, "FP": 22, "FN": 26}, "test": {"ACC": 0.6878306878306878, "F1_Score": 0.6974358974358974, "Recall": 0.7157894736842105, "Precision": 0.68, "Cohen_Kappa": 0.3754690562867544, "AUC": 0.7631019036954088, "TP": 68, "TN": 62, "FP": 32, "FN": 27}}, "BAG": {"valid": {"ACC": 0.708994708994709, "F1_Score": 0.7058823529411765, "Recall": 0.7021276595744681, "Precision": 0.7096774193548387, "Cohen_Kappa": 0.4179405341844449, "AUC": 0.7549272116461366, "TP": 66, "TN": 68, "FP": 27, "FN": 28}, "test": {"ACC": 0.6772486772486772, "F1_Score": 0.6737967914438502, "Recall": 0.6631578947368421, "Precision": 0.6847826086956522, "Cohen_Kappa": 0.3545876952359627, "AUC": 0.7377379619260919, "TP": 63, "TN": 65, "FP": 29, "FN": 32}}}