{"OVR": {"valid": {"ACC": 0.602996254681648, "F1_Score": 0.6187050359712231, "Recall": 0.6466165413533834, "Precision": 0.593103448275862, "Cohen_Kappa": 0.2062485977114651, "AUC": 0.6120525193580967, "TP": 86, "TN": 75, "FP": 59, "FN": 47}, "test": {"ACC": 0.6007462686567164, "F1_Score": 0.5803921568627451, "Recall": 0.5522388059701493, "Precision": 0.6115702479338843, "Cohen_Kappa": 0.20149253731343286, "AUC": 0.600412118511918, "TP": 74, "TN": 87, "FP": 47, "FN": 60}}, "KNB": {"valid": {"ACC": 0.602996254681648, "F1_Score": 0.5859375, "Recall": 0.5639097744360902, "Precision": 0.6097560975609756, "Cohen_Kappa": 0.20575854520963122, "AUC": 0.6351419593760521, "TP": 75, "TN": 86, "FP": 48, "FN": 58}, "test": {"ACC": 0.6865671641791045, "F1_Score": 0.6612903225806452, "Recall": 0.6119402985074627, "Precision": 0.7192982456140351, "Cohen_Kappa": 0.3731343283582089, "AUC": 0.7106538204499888, "TP": 82, "TN": 102, "FP": 32, "FN": 52}}, "DT": {"valid": {"ACC": 0.5730337078651685, "F1_Score": 0.5714285714285714, "Recall": 0.5714285714285714, "Precision": 0.5714285714285714, "Cohen_Kappa": 0.14605543710021318, "AUC": 0.5773482212995174, "TP": 76, "TN": 77, "FP": 57, "FN": 57}, "test": {"ACC": 0.5373134328358209, "F1_Score": 0.5303030303030304, "Recall": 0.5223880597014925, "Precision": 0.5384615384615384, "Cohen_Kappa": 0.07462686567164178, "AUC": 0.5459734907551793, "TP": 70, "TN": 74, "FP": 60, "FN": 64}}, "MNB": {"valid": {"ACC": 0.6404494382022472, "F1_Score": 0.6689655172413793, "Recall": 0.7293233082706767, "Precision": 0.6178343949044586, "Cohen_Kappa": 0.28137265896601993, "AUC": 0.6810122320727192, "TP": 97, "TN": 74, "FP": 60, "FN": 36}, "test": {"ACC": 0.6007462686567164, "F1_Score": 0.5962264150943397, "Recall": 0.5895522388059702, "Precision": 0.6030534351145038, "Cohen_Kappa": 0.20149253731343286, "AUC": 0.6571619514368455, "TP": 79, "TN": 82, "FP": 52, "FN": 55}}, "RF": {"valid": {"ACC": 0.6217228464419475, "F1_Score": 0.6353790613718412, "Recall": 0.6616541353383458, "Precision": 0.6111111111111112, "Cohen_Kappa": 0.24366848969289023, "AUC": 0.6355066771406127, "TP": 88, "TN": 78, "FP": 56, "FN": 45}, "test": {"ACC": 0.6604477611940298, "F1_Score": 0.6591760299625468, "Recall": 0.6567164179104478, "Precision": 0.6616541353383458, "Cohen_Kappa": 0.32089552238805974, "AUC": 0.7184506571619513, "TP": 88, "TN": 89, "FP": 45, "FN": 46}}, "ADA": {"valid": {"ACC": 0.5842696629213483, "F1_Score": 0.5842696629213483, "Recall": 0.5864661654135338, "Precision": 0.582089552238806, "Cohen_Kappa": 0.16855098891850184, "AUC": 0.6165974638087757, "TP": 78, "TN": 78, "FP": 56, "FN": 55}, "test": {"ACC": 0.6305970149253731, "F1_Score": 0.6177606177606176, "Recall": 0.5970149253731343, "Precision": 0.64, "Cohen_Kappa": 0.26119402985074625, "AUC": 0.6847014925373135, "TP": 80, "TN": 89, "FP": 45, "FN": 54}}, "XGB": {"valid": {"ACC": 0.5955056179775281, "F1_Score": 0.619718309859155, "Recall": 0.6616541353383458, "Precision": 0.5827814569536424, "Cohen_Kappa": 0.19140822163647575, "AUC": 0.6611491415104928, "TP": 88, "TN": 71, "FP": 63, "FN": 45}, "test": {"ACC": 0.6753731343283582, "F1_Score": 0.6789667896678967, "Recall": 0.6865671641791045, "Precision": 0.6715328467153284, "Cohen_Kappa": 0.35074626865671643, "AUC": 0.7051124972154154, "TP": 92, "TN": 89, "FP": 45, "FN": 42}}, "MLP": {"valid": {"ACC": 0.602996254681648, "F1_Score": 0.6442953020134228, "Recall": 0.7218045112781954, "Precision": 0.5818181818181818, "Cohen_Kappa": 0.20669357551294987, "AUC": 0.6682751655257546, "TP": 96, "TN": 65, "FP": 69, "FN": 37}, "test": {"ACC": 0.5970149253731343, "F1_Score": 0.619718309859155, "Recall": 0.6567164179104478, "Precision": 0.5866666666666667, "Cohen_Kappa": 0.19402985074626866, "AUC": 0.6666295388728002, "TP": 88, "TN": 72, "FP": 62, "FN": 46}}, "LR": {"valid": {"ACC": 0.602996254681648, "F1_Score": 0.6187050359712231, "Recall": 0.6466165413533834, "Precision": 0.593103448275862, "Cohen_Kappa": 0.2062485977114651, "AUC": 0.6120525193580967, "TP": 86, "TN": 75, "FP": 59, "FN": 47}, "test": {"ACC": 0.6007462686567164, "F1_Score": 0.5803921568627451, "Recall": 0.5522388059701493, "Precision": 0.6115702479338843, "Cohen_Kappa": 0.20149253731343286, "AUC": 0.600412118511918, "TP": 74, "TN": 87, "FP": 47, "FN": 60}}, "ETAs": {"valid": {"ACC": 0.6067415730337079, "F1_Score": 0.6263345195729537, "Recall": 0.6616541353383458, "Precision": 0.5945945945945946, "Cohen_Kappa": 0.21380296699290502, "AUC": 0.6350577937380765, "TP": 88, "TN": 74, "FP": 60, "FN": 45}, "test": {"ACC": 0.664179104477612, "F1_Score": 0.6715328467153284, "Recall": 0.6865671641791045, "Precision": 0.6571428571428571, "Cohen_Kappa": 0.32835820895522383, "AUC": 0.6876253063042994, "TP": 92, "TN": 86, "FP": 48, "FN": 42}}, "CNB": {"valid": {"ACC": 0.6404494382022472, "F1_Score": 0.6689655172413793, "Recall": 0.7293233082706767, "Precision": 0.6178343949044586, "Cohen_Kappa": 0.28137265896601993, "AUC": 0.6810122320727192, "TP": 97, "TN": 74, "FP": 60, "FN": 36}, "test": {"ACC": 0.5970149253731343, "F1_Score": 0.5909090909090909, "Recall": 0.582089552238806, "Precision": 0.6, "Cohen_Kappa": 0.19402985074626866, "AUC": 0.6571619514368455, "TP": 78, "TN": 82, "FP": 52, "FN": 56}}, "GB": {"valid": {"ACC": 0.6142322097378277, "F1_Score": 0.6113207547169812, "Recall": 0.6090225563909775, "Precision": 0.6136363636363636, "Cohen_Kappa": 0.22843195017254436, "AUC": 0.6659746380877567, "TP": 81, "TN": 83, "FP": 51, "FN": 52}, "test": {"ACC": 0.6753731343283582, "F1_Score": 0.6692015209125476, "Recall": 0.6567164179104478, "Precision": 0.6821705426356589, "Cohen_Kappa": 0.35074626865671643, "AUC": 0.7215972376921364, "TP": 88, "TN": 93, "FP": 41, "FN": 46}}, "BAG": {"valid": {"ACC": 0.5355805243445693, "F1_Score": 0.5267175572519084, "Recall": 0.518796992481203, "Precision": 0.5348837209302325, "Cohen_Kappa": 0.07104377104377102, "AUC": 0.6093031085175625, "TP": 69, "TN": 74, "FP": 60, "FN": 64}, "test": {"ACC": 0.5783582089552238, "F1_Score": 0.5533596837944663, "Recall": 0.5223880597014925, "Precision": 0.5882352941176471, "Cohen_Kappa": 0.15671641791044777, "AUC": 0.6393127645355313, "TP": 70, "TN": 85, "FP": 49, "FN": 64}}}