{"OVR": {"valid": {"ACC": 0.5625, "F1_Score": 0.5333333333333333, "Recall": 0.5, "Precision": 0.5714285714285714, "Cohen_Kappa": 0.125, "AUC": 0.6753472222222222, "TP": 12, "TN": 15, "FP": 9, "FN": 12}, "test": {"ACC": 0.6458333333333334, "F1_Score": 0.6530612244897959, "Recall": 0.6666666666666666, "Precision": 0.64, "Cohen_Kappa": 0.29166666666666663, "AUC": 0.7013888888888888, "TP": 16, "TN": 15, "FP": 9, "FN": 8}}, "KNB": {"valid": {"ACC": 0.7291666666666666, "F1_Score": 0.723404255319149, "Recall": 0.7083333333333334, "Precision": 0.7391304347826086, "Cohen_Kappa": 0.45833333333333337, "AUC": 0.6805555555555556, "TP": 17, "TN": 18, "FP": 6, "FN": 7}, "test": {"ACC": 0.5625, "F1_Score": 0.5333333333333333, "Recall": 0.5, "Precision": 0.5714285714285714, "Cohen_Kappa": 0.125, "AUC": 0.5781249999999999, "TP": 12, "TN": 15, "FP": 9, "FN": 12}}, "DT": {"valid": {"ACC": 0.5, "F1_Score": 0.45454545454545453, "Recall": 0.4166666666666667, "Precision": 0.5, "Cohen_Kappa": 0.0, "AUC": 0.5, "TP": 10, "TN": 14, "FP": 10, "FN": 14}, "test": {"ACC": 0.5625, "F1_Score": 0.6037735849056604, "Recall": 0.6666666666666666, "Precision": 0.5517241379310345, "Cohen_Kappa": 0.125, "AUC": 0.5625, "TP": 16, "TN": 11, "FP": 13, "FN": 8}}, "MNB": {"valid": {"ACC": 0.7291666666666666, "F1_Score": 0.723404255319149, "Recall": 0.7083333333333334, "Precision": 0.7391304347826086, "Cohen_Kappa": 0.45833333333333337, "AUC": 0.795138888888889, "TP": 17, "TN": 18, "FP": 6, "FN": 7}, "test": {"ACC": 0.7083333333333334, "F1_Score": 0.7199999999999999, "Recall": 0.75, "Precision": 0.6923076923076923, "Cohen_Kappa": 0.41666666666666663, "AUC": 0.765625, "TP": 18, "TN": 16, "FP": 8, "FN": 6}}, "RF": {"valid": {"ACC": 0.6666666666666666, "F1_Score": 0.6521739130434783, "Recall": 0.625, "Precision": 0.6818181818181818, "Cohen_Kappa": 0.33333333333333337, "AUC": 0.763888888888889, "TP": 15, "TN": 17, "FP": 7, "FN": 9}, "test": {"ACC": 0.7291666666666666, "F1_Score": 0.7450980392156864, "Recall": 0.7916666666666666, "Precision": 0.7037037037037037, "Cohen_Kappa": 0.45833333333333337, "AUC": 0.7847222222222223, "TP": 19, "TN": 16, "FP": 8, "FN": 5}}, "ADA": {"valid": {"ACC": 0.5625, "F1_Score": 0.5714285714285714, "Recall": 0.5833333333333334, "Precision": 0.56, "Cohen_Kappa": 0.125, "AUC": 0.626736111111111, "TP": 14, "TN": 13, "FP": 11, "FN": 10}, "test": {"ACC": 0.6666666666666666, "F1_Score": 0.6923076923076924, "Recall": 0.75, "Precision": 0.6428571428571429, "Cohen_Kappa": 0.33333333333333337, "AUC": 0.6493055555555556, "TP": 18, "TN": 14, "FP": 10, "FN": 6}}, "XGB": {"valid": {"ACC": 0.5833333333333334, "F1_Score": 0.5238095238095238, "Recall": 0.4583333333333333, "Precision": 0.6111111111111112, "Cohen_Kappa": 0.16666666666666663, "AUC": 0.703125, "TP": 11, "TN": 17, "FP": 7, "FN": 13}, "test": {"ACC": 0.6666666666666666, "F1_Score": 0.7037037037037038, "Recall": 0.7916666666666666, "Precision": 0.6333333333333333, "Cohen_Kappa": 0.33333333333333337, "AUC": 0.7569444444444445, "TP": 19, "TN": 13, "FP": 11, "FN": 5}}, "MLP": {"valid": {"ACC": 0.6666666666666666, "F1_Score": 0.68, "Recall": 0.7083333333333334, "Precision": 0.6538461538461539, "Cohen_Kappa": 0.33333333333333337, "AUC": 0.703125, "TP": 17, "TN": 15, "FP": 9, "FN": 7}, "test": {"ACC": 0.6458333333333334, "F1_Score": 0.6666666666666667, "Recall": 0.7083333333333334, "Precision": 0.6296296296296297, "Cohen_Kappa": 0.29166666666666663, "AUC": 0.7100694444444444, "TP": 17, "TN": 14, "FP": 10, "FN": 7}}, "LR": {"valid": {"ACC": 0.5625, "F1_Score": 0.5333333333333333, "Recall": 0.5, "Precision": 0.5714285714285714, "Cohen_Kappa": 0.125, "AUC": 0.6753472222222222, "TP": 12, "TN": 15, "FP": 9, "FN": 12}, "test": {"ACC": 0.6458333333333334, "F1_Score": 0.6530612244897959, "Recall": 0.6666666666666666, "Precision": 0.64, "Cohen_Kappa": 0.29166666666666663, "AUC": 0.7013888888888888, "TP": 16, "TN": 15, "FP": 9, "FN": 8}}, "ETAs": {"valid": {"ACC": 0.6875, "F1_Score": 0.7058823529411765, "Recall": 0.75, "Precision": 0.6666666666666666, "Cohen_Kappa": 0.375, "AUC": 0.7743055555555556, "TP": 18, "TN": 15, "FP": 9, "FN": 6}, "test": {"ACC": 0.6666666666666666, "F1_Score": 0.6666666666666666, "Recall": 0.6666666666666666, "Precision": 0.6666666666666666, "Cohen_Kappa": 0.33333333333333337, "AUC": 0.7708333333333333, "TP": 16, "TN": 16, "FP": 8, "FN": 8}}, "CNB": {"valid": {"ACC": 0.7291666666666666, "F1_Score": 0.723404255319149, "Recall": 0.7083333333333334, "Precision": 0.7391304347826086, "Cohen_Kappa": 0.45833333333333337, "AUC": 0.795138888888889, "TP": 17, "TN": 18, "FP": 6, "FN": 7}, "test": {"ACC": 0.7083333333333334, "F1_Score": 0.7199999999999999, "Recall": 0.75, "Precision": 0.6923076923076923, "Cohen_Kappa": 0.41666666666666663, "AUC": 0.765625, "TP": 18, "TN": 16, "FP": 8, "FN": 6}}, "GB": {"valid": {"ACC": 0.6875, "F1_Score": 0.6938775510204083, "Recall": 0.7083333333333334, "Precision": 0.68, "Cohen_Kappa": 0.375, "AUC": 0.736111111111111, "TP": 17, "TN": 16, "FP": 8, "FN": 7}, "test": {"ACC": 0.75, "F1_Score": 0.76, "Recall": 0.7916666666666666, "Precision": 0.7307692307692307, "Cohen_Kappa": 0.5, "AUC": 0.779513888888889, "TP": 19, "TN": 17, "FP": 7, "FN": 5}}, "BAG": {"valid": {"ACC": 0.5625, "F1_Score": 0.5882352941176471, "Recall": 0.625, "Precision": 0.5555555555555556, "Cohen_Kappa": 0.125, "AUC": 0.6197916666666666, "TP": 15, "TN": 12, "FP": 12, "FN": 9}, "test": {"ACC": 0.6875, "F1_Score": 0.6808510638297872, "Recall": 0.6666666666666666, "Precision": 0.6956521739130435, "Cohen_Kappa": 0.375, "AUC": 0.7508680555555555, "TP": 16, "TN": 17, "FP": 7, "FN": 8}}}