{"OVR": {"valid": {"ACC": 0.6129032258064516, "F1_Score": 0.6220472440944881, "Recall": 0.6370967741935484, "Precision": 0.6076923076923076, "Cohen_Kappa": 0.22580645161290325, "AUC": 0.6532908428720083, "TP": 79, "TN": 73, "FP": 51, "FN": 45}, "test": {"ACC": 0.642570281124498, "F1_Score": 0.642570281124498, "Recall": 0.6451612903225806, "Precision": 0.64, "Cohen_Kappa": 0.2851520918680043, "AUC": 0.683483870967742, "TP": 80, "TN": 80, "FP": 45, "FN": 44}}, "KNB": {"valid": {"ACC": 0.657258064516129, "F1_Score": 0.6640316205533596, "Recall": 0.6774193548387096, "Precision": 0.6511627906976745, "Cohen_Kappa": 0.3145161290322581, "AUC": 0.7167663891779397, "TP": 84, "TN": 79, "FP": 45, "FN": 40}, "test": {"ACC": 0.6546184738955824, "F1_Score": 0.6532258064516129, "Recall": 0.6532258064516129, "Precision": 0.6532258064516129, "Cohen_Kappa": 0.3092258064516129, "AUC": 0.7293548387096773, "TP": 81, "TN": 82, "FP": 43, "FN": 43}}, "DT": {"valid": {"ACC": 0.6370967741935484, "F1_Score": 0.6428571428571428, "Recall": 0.6532258064516129, "Precision": 0.6328125, "Cohen_Kappa": 0.27419354838709675, "AUC": 0.6343002081165453, "TP": 81, "TN": 77, "FP": 47, "FN": 43}, "test": {"ACC": 0.6144578313253012, "F1_Score": 0.5932203389830509, "Recall": 0.5645161290322581, "Precision": 0.625, "Cohen_Kappa": 0.22860462114366853, "AUC": 0.614258064516129, "TP": 70, "TN": 83, "FP": 42, "FN": 54}}, "MNB": {"valid": {"ACC": 0.625, "F1_Score": 0.6352941176470588, "Recall": 0.6532258064516129, "Precision": 0.6183206106870229, "Cohen_Kappa": 0.25, "AUC": 0.6557622268470343, "TP": 81, "TN": 74, "FP": 50, "FN": 43}, "test": {"ACC": 0.6626506024096386, "F1_Score": 0.6639999999999999, "Recall": 0.6693548387096774, "Precision": 0.6587301587301587, "Cohen_Kappa": 0.32533384942906907, "AUC": 0.7101935483870968, "TP": 83, "TN": 82, "FP": 43, "FN": 41}}, "RF": {"valid": {"ACC": 0.6491935483870968, "F1_Score": 0.6588235294117646, "Recall": 0.6774193548387096, "Precision": 0.6412213740458015, "Cohen_Kappa": 0.2983870967741935, "AUC": 0.7375455254942768, "TP": 84, "TN": 77, "FP": 47, "FN": 40}, "test": {"ACC": 0.7028112449799196, "F1_Score": 0.6967213114754098, "Recall": 0.6854838709677419, "Precision": 0.7083333333333334, "Cohen_Kappa": 0.405536198219125, "AUC": 0.7663225806451612, "TP": 85, "TN": 90, "FP": 35, "FN": 39}}, "ADA": {"valid": {"ACC": 0.6088709677419355, "F1_Score": 0.6008230452674898, "Recall": 0.5887096774193549, "Precision": 0.6134453781512605, "Cohen_Kappa": 0.217741935483871, "AUC": 0.6483480749219563, "TP": 73, "TN": 78, "FP": 46, "FN": 51}, "test": {"ACC": 0.6506024096385542, "F1_Score": 0.6588235294117646, "Recall": 0.6774193548387096, "Precision": 0.6412213740458015, "Cohen_Kappa": 0.3013513077692135, "AUC": 0.6937741935483871, "TP": 84, "TN": 78, "FP": 47, "FN": 40}}, "XGB": {"valid": {"ACC": 0.6854838709677419, "F1_Score": 0.6929133858267716, "Recall": 0.7096774193548387, "Precision": 0.676923076923077, "Cohen_Kappa": 0.3709677419354839, "AUC": 0.7456425598335067, "TP": 88, "TN": 82, "FP": 42, "FN": 36}, "test": {"ACC": 0.6947791164658634, "F1_Score": 0.6833333333333333, "Recall": 0.6612903225806451, "Precision": 0.7068965517241379, "Cohen_Kappa": 0.3893908105317502, "AUC": 0.754258064516129, "TP": 82, "TN": 91, "FP": 34, "FN": 42}}, "MLP": {"valid": {"ACC": 0.6733870967741935, "F1_Score": 0.6848249027237354, "Recall": 0.7096774193548387, "Precision": 0.6616541353383458, "Cohen_Kappa": 0.3467741935483871, "AUC": 0.7271722164412071, "TP": 88, "TN": 79, "FP": 45, "FN": 36}, "test": {"ACC": 0.7028112449799196, "F1_Score": 0.6991869918699187, "Recall": 0.6935483870967742, "Precision": 0.7049180327868853, "Cohen_Kappa": 0.40557455319698044, "AUC": 0.7407096774193549, "TP": 86, "TN": 89, "FP": 36, "FN": 38}}, "LR": {"valid": {"ACC": 0.6129032258064516, "F1_Score": 0.6220472440944881, "Recall": 0.6370967741935484, "Precision": 0.6076923076923076, "Cohen_Kappa": 0.22580645161290325, "AUC": 0.6532908428720083, "TP": 79, "TN": 73, "FP": 51, "FN": 45}, "test": {"ACC": 0.642570281124498, "F1_Score": 0.642570281124498, "Recall": 0.6451612903225806, "Precision": 0.64, "Cohen_Kappa": 0.2851520918680043, "AUC": 0.683483870967742, "TP": 80, "TN": 80, "FP": 45, "FN": 44}}, "ETAs": {"valid": {"ACC": 0.6935483870967742, "F1_Score": 0.6935483870967742, "Recall": 0.6935483870967742, "Precision": 0.6935483870967742, "Cohen_Kappa": 0.3870967741935484, "AUC": 0.7517559833506764, "TP": 86, "TN": 86, "FP": 38, "FN": 38}, "test": {"ACC": 0.6706827309236948, "F1_Score": 0.6583333333333333, "Recall": 0.6370967741935484, "Precision": 0.6810344827586207, "Cohen_Kappa": 0.34118482188951993, "AUC": 0.7581290322580646, "TP": 79, "TN": 88, "FP": 37, "FN": 45}}, "CNB": {"valid": {"ACC": 0.625, "F1_Score": 0.6352941176470588, "Recall": 0.6532258064516129, "Precision": 0.6183206106870229, "Cohen_Kappa": 0.25, "AUC": 0.6557622268470343, "TP": 81, "TN": 74, "FP": 50, "FN": 43}, "test": {"ACC": 0.6626506024096386, "F1_Score": 0.6639999999999999, "Recall": 0.6693548387096774, "Precision": 0.6587301587301587, "Cohen_Kappa": 0.32533384942906907, "AUC": 0.7101935483870968, "TP": 83, "TN": 82, "FP": 43, "FN": 41}}, "GB": {"valid": {"ACC": 0.6854838709677419, "F1_Score": 0.6976744186046512, "Recall": 0.7258064516129032, "Precision": 0.6716417910447762, "Cohen_Kappa": 0.3709677419354839, "AUC": 0.7358870967741935, "TP": 90, "TN": 80, "FP": 44, "FN": 34}, "test": {"ACC": 0.6987951807228916, "F1_Score": 0.6938775510204082, "Recall": 0.6854838709677419, "Precision": 0.7024793388429752, "Cohen_Kappa": 0.39752234087169724, "AUC": 0.7609677419354839, "TP": 85, "TN": 89, "FP": 36, "FN": 39}}, "BAG": {"valid": {"ACC": 0.6774193548387096, "F1_Score": 0.6666666666666667, "Recall": 0.6451612903225806, "Precision": 0.6896551724137931, "Cohen_Kappa": 0.3548387096774194, "AUC": 0.7262942247658688, "TP": 80, "TN": 88, "FP": 36, "FN": 44}, "test": {"ACC": 0.6586345381526104, "F1_Score": 0.6222222222222222, "Recall": 0.5645161290322581, "Precision": 0.693069306930693, "Cohen_Kappa": 0.31675113794105314, "AUC": 0.7060645161290324, "TP": 70, "TN": 94, "FP": 31, "FN": 54}}}