{"OVR": {"valid": {"ACC": 0.5818181818181818, "F1_Score": 0.634920634920635, "Recall": 0.7407407407407407, "Precision": 0.5555555555555556, "Cohen_Kappa": 0.168310322156476, "AUC": 0.7235449735449736, "TP": 20, "TN": 12, "FP": 16, "FN": 7}, "test": {"ACC": 0.6964285714285714, "F1_Score": 0.73015873015873, "Recall": 0.8214285714285714, "Precision": 0.6571428571428571, "Cohen_Kappa": 0.3928571428571429, "AUC": 0.778061224489796, "TP": 23, "TN": 16, "FP": 12, "FN": 5}}, "KNB": {"valid": {"ACC": 0.6, "F1_Score": 0.6451612903225806, "Recall": 0.7407407407407407, "Precision": 0.5714285714285714, "Cohen_Kappa": 0.20394736842105254, "AUC": 0.6507936507936507, "TP": 20, "TN": 13, "FP": 15, "FN": 7}, "test": {"ACC": 0.6607142857142857, "F1_Score": 0.6885245901639345, "Recall": 0.75, "Precision": 0.6363636363636364, "Cohen_Kappa": 0.3214285714285714, "AUC": 0.6772959183673469, "TP": 21, "TN": 16, "FP": 12, "FN": 7}}, "DT": {"valid": {"ACC": 0.4727272727272727, "F1_Score": 0.5396825396825397, "Recall": 0.6296296296296297, "Precision": 0.4722222222222222, "Cohen_Kappa": -0.04865220249835622, "AUC": 0.4755291005291006, "TP": 17, "TN": 9, "FP": 19, "FN": 10}, "test": {"ACC": 0.625, "F1_Score": 0.6440677966101694, "Recall": 0.6785714285714286, "Precision": 0.6129032258064516, "Cohen_Kappa": 0.25, "AUC": 0.625, "TP": 19, "TN": 16, "FP": 12, "FN": 9}}, "MNB": {"valid": {"ACC": 0.5454545454545454, "F1_Score": 0.6153846153846153, "Recall": 0.7407407407407407, "Precision": 0.5263157894736842, "Cohen_Kappa": 0.0971766250820747, "AUC": 0.5859788359788359, "TP": 20, "TN": 10, "FP": 18, "FN": 7}, "test": {"ACC": 0.5535714285714286, "F1_Score": 0.6268656716417911, "Recall": 0.75, "Precision": 0.5384615384615384, "Cohen_Kappa": 0.1071428571428571, "AUC": 0.6849489795918368, "TP": 21, "TN": 10, "FP": 18, "FN": 7}}, "RF": {"valid": {"ACC": 0.5636363636363636, "F1_Score": 0.6363636363636364, "Recall": 0.7777777777777778, "Precision": 0.5384615384615384, "Cohen_Kappa": 0.13385826771653553, "AUC": 0.6726190476190477, "TP": 21, "TN": 10, "FP": 18, "FN": 6}, "test": {"ACC": 0.6607142857142857, "F1_Score": 0.6666666666666666, "Recall": 0.6785714285714286, "Precision": 0.6551724137931034, "Cohen_Kappa": 0.3214285714285714, "AUC": 0.7251275510204082, "TP": 19, "TN": 18, "FP": 10, "FN": 9}}, "ADA": {"valid": {"ACC": 0.5818181818181818, "F1_Score": 0.634920634920635, "Recall": 0.7407407407407407, "Precision": 0.5555555555555556, "Cohen_Kappa": 0.168310322156476, "AUC": 0.6375661375661376, "TP": 20, "TN": 12, "FP": 16, "FN": 7}, "test": {"ACC": 0.6428571428571429, "F1_Score": 0.6428571428571429, "Recall": 0.6428571428571429, "Precision": 0.6428571428571429, "Cohen_Kappa": 0.2857142857142857, "AUC": 0.7028061224489797, "TP": 18, "TN": 18, "FP": 10, "FN": 10}}, "XGB": {"valid": {"ACC": 0.6181818181818182, "F1_Score": 0.6557377049180328, "Recall": 0.7407407407407407, "Precision": 0.5882352941176471, "Cohen_Kappa": 0.23963133640552992, "AUC": 0.7195767195767196, "TP": 20, "TN": 14, "FP": 14, "FN": 7}, "test": {"ACC": 0.6607142857142857, "F1_Score": 0.6666666666666666, "Recall": 0.6785714285714286, "Precision": 0.6551724137931034, "Cohen_Kappa": 0.3214285714285714, "AUC": 0.7295918367346939, "TP": 19, "TN": 18, "FP": 10, "FN": 9}}, "MLP": {"valid": {"ACC": 0.5454545454545454, "F1_Score": 0.6153846153846153, "Recall": 0.7407407407407407, "Precision": 0.5263157894736842, "Cohen_Kappa": 0.0971766250820747, "AUC": 0.7222222222222221, "TP": 20, "TN": 10, "FP": 18, "FN": 7}, "test": {"ACC": 0.6607142857142857, "F1_Score": 0.6984126984126985, "Recall": 0.7857142857142857, "Precision": 0.6285714285714286, "Cohen_Kappa": 0.3214285714285714, "AUC": 0.7448979591836735, "TP": 22, "TN": 15, "FP": 13, "FN": 6}}, "LR": {"valid": {"ACC": 0.5818181818181818, "F1_Score": 0.634920634920635, "Recall": 0.7407407407407407, "Precision": 0.5555555555555556, "Cohen_Kappa": 0.168310322156476, "AUC": 0.7235449735449736, "TP": 20, "TN": 12, "FP": 16, "FN": 7}, "test": {"ACC": 0.6964285714285714, "F1_Score": 0.73015873015873, "Recall": 0.8214285714285714, "Precision": 0.6571428571428571, "Cohen_Kappa": 0.3928571428571429, "AUC": 0.778061224489796, "TP": 23, "TN": 16, "FP": 12, "FN": 5}}, "ETAs": {"valid": {"ACC": 0.5636363636363636, "F1_Score": 0.6363636363636364, "Recall": 0.7777777777777778, "Precision": 0.5384615384615384, "Cohen_Kappa": 0.13385826771653553, "AUC": 0.6812169312169312, "TP": 21, "TN": 10, "FP": 18, "FN": 6}, "test": {"ACC": 0.6607142857142857, "F1_Score": 0.6779661016949152, "Recall": 0.7142857142857143, "Precision": 0.6451612903225806, "Cohen_Kappa": 0.3214285714285714, "AUC": 0.7557397959183674, "TP": 20, "TN": 17, "FP": 11, "FN": 8}}, "CNB": {"valid": {"ACC": 0.5454545454545454, "F1_Score": 0.6153846153846153, "Recall": 0.7407407407407407, "Precision": 0.5263157894736842, "Cohen_Kappa": 0.0971766250820747, "AUC": 0.5859788359788359, "TP": 20, "TN": 10, "FP": 18, "FN": 7}, "test": {"ACC": 0.5535714285714286, "F1_Score": 0.6268656716417911, "Recall": 0.75, "Precision": 0.5384615384615384, "Cohen_Kappa": 0.1071428571428571, "AUC": 0.6849489795918368, "TP": 21, "TN": 10, "FP": 18, "FN": 7}}, "GB": {"valid": {"ACC": 0.5818181818181818, "F1_Score": 0.6461538461538462, "Recall": 0.7777777777777778, "Precision": 0.5526315789473685, "Cohen_Kappa": 0.16940249507550875, "AUC": 0.6904761904761905, "TP": 21, "TN": 11, "FP": 17, "FN": 6}, "test": {"ACC": 0.6785714285714286, "F1_Score": 0.689655172413793, "Recall": 0.7142857142857143, "Precision": 0.6666666666666666, "Cohen_Kappa": 0.3571428571428571, "AUC": 0.7295918367346939, "TP": 20, "TN": 18, "FP": 10, "FN": 8}}, "BAG": {"valid": {"ACC": 0.6363636363636364, "F1_Score": 0.6428571428571429, "Recall": 0.6666666666666666, "Precision": 0.6206896551724138, "Cohen_Kappa": 0.27344782034346105, "AUC": 0.7308201058201058, "TP": 18, "TN": 17, "FP": 11, "FN": 9}, "test": {"ACC": 0.5892857142857143, "F1_Score": 0.5660377358490566, "Recall": 0.5357142857142857, "Precision": 0.6, "Cohen_Kappa": 0.1785714285714286, "AUC": 0.7072704081632654, "TP": 15, "TN": 18, "FP": 10, "FN": 13}}}