{"OVR": {"valid": {"ACC": 0.7121212121212122, "F1_Score": 0.7164179104477613, "Recall": 0.7272727272727273, "Precision": 0.7058823529411765, "Cohen_Kappa": 0.4242424242424242, "AUC": 0.790633608815427, "TP": 24, "TN": 23, "FP": 10, "FN": 9}, "test": {"ACC": 0.5671641791044776, "F1_Score": 0.5671641791044776, "Recall": 0.5588235294117647, "Precision": 0.5757575757575758, "Cohen_Kappa": 0.13452115812917598, "AUC": 0.6274509803921569, "TP": 19, "TN": 19, "FP": 14, "FN": 15}}, "KNB": {"valid": {"ACC": 0.6515151515151515, "F1_Score": 0.6461538461538462, "Recall": 0.6363636363636364, "Precision": 0.65625, "Cohen_Kappa": 0.303030303030303, "AUC": 0.6905417814508724, "TP": 21, "TN": 22, "FP": 11, "FN": 12}, "test": {"ACC": 0.5970149253731343, "F1_Score": 0.5573770491803278, "Recall": 0.5, "Precision": 0.6296296296296297, "Cohen_Kappa": 0.19635717458907165, "AUC": 0.6394830659536542, "TP": 17, "TN": 23, "FP": 10, "FN": 17}}, "DT": {"valid": {"ACC": 0.5, "F1_Score": 0.5074626865671642, "Recall": 0.5151515151515151, "Precision": 0.5, "Cohen_Kappa": 0.0, "AUC": 0.5, "TP": 17, "TN": 16, "FP": 17, "FN": 16}, "test": {"ACC": 0.4925373134328358, "F1_Score": 0.5, "Recall": 0.5, "Precision": 0.5, "Cohen_Kappa": -0.015151515151515138, "AUC": 0.47727272727272724, "TP": 17, "TN": 16, "FP": 17, "FN": 17}}, "MNB": {"valid": {"ACC": 0.6515151515151515, "F1_Score": 0.7012987012987013, "Recall": 0.8181818181818182, "Precision": 0.6136363636363636, "Cohen_Kappa": 0.303030303030303, "AUC": 0.6492194674012857, "TP": 27, "TN": 16, "FP": 17, "FN": 6}, "test": {"ACC": 0.5671641791044776, "F1_Score": 0.6233766233766234, "Recall": 0.7058823529411765, "Precision": 0.5581395348837209, "Cohen_Kappa": 0.1306487695749441, "AUC": 0.5668449197860963, "TP": 24, "TN": 14, "FP": 19, "FN": 10}}, "RF": {"valid": {"ACC": 0.5606060606060606, "F1_Score": 0.5915492957746479, "Recall": 0.6363636363636364, "Precision": 0.5526315789473685, "Cohen_Kappa": 0.12121212121212122, "AUC": 0.7033976124885216, "TP": 21, "TN": 16, "FP": 17, "FN": 12}, "test": {"ACC": 0.5522388059701493, "F1_Score": 0.5454545454545455, "Recall": 0.5294117647058824, "Precision": 0.5625, "Cohen_Kappa": 0.10507569011576134, "AUC": 0.5958110516934045, "TP": 18, "TN": 19, "FP": 14, "FN": 16}}, "ADA": {"valid": {"ACC": 0.6212121212121212, "F1_Score": 0.6153846153846154, "Recall": 0.6060606060606061, "Precision": 0.625, "Cohen_Kappa": 0.24242424242424243, "AUC": 0.6336088154269972, "TP": 20, "TN": 21, "FP": 12, "FN": 13}, "test": {"ACC": 0.5522388059701493, "F1_Score": 0.5588235294117647, "Recall": 0.5588235294117647, "Precision": 0.5588235294117647, "Cohen_Kappa": 0.10427807486631013, "AUC": 0.5641711229946524, "TP": 19, "TN": 18, "FP": 15, "FN": 15}}, "XGB": {"valid": {"ACC": 0.6818181818181818, "F1_Score": 0.6956521739130435, "Recall": 0.7272727272727273, "Precision": 0.6666666666666666, "Cohen_Kappa": 0.36363636363636365, "AUC": 0.7401285583103765, "TP": 24, "TN": 21, "FP": 12, "FN": 9}, "test": {"ACC": 0.5522388059701493, "F1_Score": 0.53125, "Recall": 0.5, "Precision": 0.5666666666666667, "Cohen_Kappa": 0.1058718861209964, "AUC": 0.5935828877005347, "TP": 17, "TN": 20, "FP": 13, "FN": 17}}, "MLP": {"valid": {"ACC": 0.696969696969697, "F1_Score": 0.7297297297297297, "Recall": 0.8181818181818182, "Precision": 0.6585365853658537, "Cohen_Kappa": 0.3939393939393939, "AUC": 0.7704315886134068, "TP": 27, "TN": 19, "FP": 14, "FN": 6}, "test": {"ACC": 0.5671641791044776, "F1_Score": 0.6027397260273972, "Recall": 0.6470588235294118, "Precision": 0.5641025641025641, "Cohen_Kappa": 0.13220187583742748, "AUC": 0.6185383244206774, "TP": 22, "TN": 16, "FP": 17, "FN": 12}}, "LR": {"valid": {"ACC": 0.7121212121212122, "F1_Score": 0.7164179104477613, "Recall": 0.7272727272727273, "Precision": 0.7058823529411765, "Cohen_Kappa": 0.4242424242424242, "AUC": 0.790633608815427, "TP": 24, "TN": 23, "FP": 10, "FN": 9}, "test": {"ACC": 0.5671641791044776, "F1_Score": 0.5671641791044776, "Recall": 0.5588235294117647, "Precision": 0.5757575757575758, "Cohen_Kappa": 0.13452115812917598, "AUC": 0.6274509803921569, "TP": 19, "TN": 19, "FP": 14, "FN": 15}}, "ETAs": {"valid": {"ACC": 0.6212121212121212, "F1_Score": 0.6376811594202899, "Recall": 0.6666666666666666, "Precision": 0.6111111111111112, "Cohen_Kappa": 0.24242424242424243, "AUC": 0.6951331496786042, "TP": 22, "TN": 19, "FP": 14, "FN": 11}, "test": {"ACC": 0.5671641791044776, "F1_Score": 0.5245901639344261, "Recall": 0.47058823529411764, "Precision": 0.5925925925925926, "Cohen_Kappa": 0.13682807641048433, "AUC": 0.6212121212121213, "TP": 16, "TN": 22, "FP": 11, "FN": 18}}, "CNB": {"valid": {"ACC": 0.6515151515151515, "F1_Score": 0.7012987012987013, "Recall": 0.8181818181818182, "Precision": 0.6136363636363636, "Cohen_Kappa": 0.303030303030303, "AUC": 0.6492194674012857, "TP": 27, "TN": 16, "FP": 17, "FN": 6}, "test": {"ACC": 0.5671641791044776, "F1_Score": 0.6233766233766234, "Recall": 0.7058823529411765, "Precision": 0.5581395348837209, "Cohen_Kappa": 0.1306487695749441, "AUC": 0.5668449197860963, "TP": 24, "TN": 14, "FP": 19, "FN": 10}}, "GB": {"valid": {"ACC": 0.6060606060606061, "F1_Score": 0.638888888888889, "Recall": 0.696969696969697, "Precision": 0.5897435897435898, "Cohen_Kappa": 0.21212121212121215, "AUC": 0.6868686868686869, "TP": 23, "TN": 17, "FP": 16, "FN": 10}, "test": {"ACC": 0.6119402985074627, "F1_Score": 0.6176470588235294, "Recall": 0.6176470588235294, "Precision": 0.6176470588235294, "Cohen_Kappa": 0.2237076648841354, "AUC": 0.6105169340463458, "TP": 21, "TN": 20, "FP": 13, "FN": 13}}, "BAG": {"valid": {"ACC": 0.5757575757575758, "F1_Score": 0.5483870967741935, "Recall": 0.5151515151515151, "Precision": 0.5862068965517241, "Cohen_Kappa": 0.1515151515151515, "AUC": 0.6749311294765841, "TP": 17, "TN": 21, "FP": 12, "FN": 16}, "test": {"ACC": 0.44776119402985076, "F1_Score": 0.39344262295081966, "Recall": 0.35294117647058826, "Precision": 0.4444444444444444, "Cohen_Kappa": -0.10128831630386492, "AUC": 0.5164884135472371, "TP": 12, "TN": 18, "FP": 15, "FN": 22}}}