{"OVR": {"valid": {"ACC": 0.6333333333333333, "F1_Score": 0.6583850931677019, "Recall": 0.7066666666666667, "Precision": 0.6162790697674418, "Cohen_Kappa": 0.2666666666666667, "AUC": 0.6519111111111112, "TP": 53, "TN": 42, "FP": 33, "FN": 22}, "test": {"ACC": 0.6333333333333333, "F1_Score": 0.6308724832214765, "Recall": 0.6266666666666667, "Precision": 0.6351351351351351, "Cohen_Kappa": 0.2666666666666667, "AUC": 0.6796444444444445, "TP": 47, "TN": 48, "FP": 27, "FN": 28}}, "KNB": {"valid": {"ACC": 0.56, "F1_Score": 0.5875, "Recall": 0.6266666666666667, "Precision": 0.5529411764705883, "Cohen_Kappa": 0.12, "AUC": 0.6088, "TP": 47, "TN": 37, "FP": 38, "FN": 28}, "test": {"ACC": 0.58, "F1_Score": 0.6037735849056605, "Recall": 0.64, "Precision": 0.5714285714285714, "Cohen_Kappa": 0.16000000000000003, "AUC": 0.586488888888889, "TP": 48, "TN": 39, "FP": 36, "FN": 27}}, "DT": {"valid": {"ACC": 0.5866666666666667, "F1_Score": 0.6075949367088608, "Recall": 0.64, "Precision": 0.5783132530120482, "Cohen_Kappa": 0.17333333333333334, "AUC": 0.5866666666666667, "TP": 48, "TN": 40, "FP": 35, "FN": 27}, "test": {"ACC": 0.52, "F1_Score": 0.5384615384615384, "Recall": 0.56, "Precision": 0.5185185185185185, "Cohen_Kappa": 0.040000000000000036, "AUC": 0.52, "TP": 42, "TN": 36, "FP": 39, "FN": 33}}, "MNB": {"valid": {"ACC": 0.6133333333333333, "F1_Score": 0.6847826086956522, "Recall": 0.84, "Precision": 0.5779816513761468, "Cohen_Kappa": 0.22666666666666668, "AUC": 0.6588444444444445, "TP": 63, "TN": 29, "FP": 46, "FN": 12}, "test": {"ACC": 0.5933333333333334, "F1_Score": 0.6473988439306357, "Recall": 0.7466666666666667, "Precision": 0.5714285714285714, "Cohen_Kappa": 0.18666666666666665, "AUC": 0.6339555555555556, "TP": 56, "TN": 33, "FP": 42, "FN": 19}}, "RF": {"valid": {"ACC": 0.66, "F1_Score": 0.6666666666666666, "Recall": 0.68, "Precision": 0.6538461538461539, "Cohen_Kappa": 0.31999999999999995, "AUC": 0.7087111111111111, "TP": 51, "TN": 48, "FP": 27, "FN": 24}, "test": {"ACC": 0.66, "F1_Score": 0.6792452830188679, "Recall": 0.72, "Precision": 0.6428571428571429, "Cohen_Kappa": 0.31999999999999995, "AUC": 0.7347555555555556, "TP": 54, "TN": 45, "FP": 30, "FN": 21}}, "ADA": {"valid": {"ACC": 0.6266666666666667, "F1_Score": 0.65, "Recall": 0.6933333333333334, "Precision": 0.611764705882353, "Cohen_Kappa": 0.2533333333333333, "AUC": 0.6478222222222222, "TP": 52, "TN": 42, "FP": 33, "FN": 23}, "test": {"ACC": 0.54, "F1_Score": 0.5306122448979592, "Recall": 0.52, "Precision": 0.5416666666666666, "Cohen_Kappa": 0.07999999999999996, "AUC": 0.599111111111111, "TP": 39, "TN": 42, "FP": 33, "FN": 36}}, "XGB": {"valid": {"ACC": 0.58, "F1_Score": 0.5935483870967742, "Recall": 0.6133333333333333, "Precision": 0.575, "Cohen_Kappa": 0.16000000000000003, "AUC": 0.6293333333333333, "TP": 46, "TN": 41, "FP": 34, "FN": 29}, "test": {"ACC": 0.68, "F1_Score": 0.68, "Recall": 0.68, "Precision": 0.68, "Cohen_Kappa": 0.36, "AUC": 0.7351111111111112, "TP": 51, "TN": 51, "FP": 24, "FN": 24}}, "MLP": {"valid": {"ACC": 0.6666666666666666, "F1_Score": 0.6875, "Recall": 0.7333333333333333, "Precision": 0.6470588235294118, "Cohen_Kappa": 0.33333333333333337, "AUC": 0.6997333333333333, "TP": 55, "TN": 45, "FP": 30, "FN": 20}, "test": {"ACC": 0.64, "F1_Score": 0.6493506493506493, "Recall": 0.6666666666666666, "Precision": 0.6329113924050633, "Cohen_Kappa": 0.28, "AUC": 0.7175111111111112, "TP": 50, "TN": 46, "FP": 29, "FN": 25}}, "LR": {"valid": {"ACC": 0.6333333333333333, "F1_Score": 0.6583850931677019, "Recall": 0.7066666666666667, "Precision": 0.6162790697674418, "Cohen_Kappa": 0.2666666666666667, "AUC": 0.6519111111111112, "TP": 53, "TN": 42, "FP": 33, "FN": 22}, "test": {"ACC": 0.6333333333333333, "F1_Score": 0.6308724832214765, "Recall": 0.6266666666666667, "Precision": 0.6351351351351351, "Cohen_Kappa": 0.2666666666666667, "AUC": 0.6796444444444445, "TP": 47, "TN": 48, "FP": 27, "FN": 28}}, "ETAs": {"valid": {"ACC": 0.64, "F1_Score": 0.6493506493506493, "Recall": 0.6666666666666666, "Precision": 0.6329113924050633, "Cohen_Kappa": 0.28, "AUC": 0.6942222222222222, "TP": 50, "TN": 46, "FP": 29, "FN": 25}, "test": {"ACC": 0.6533333333333333, "F1_Score": 0.6829268292682926, "Recall": 0.7466666666666667, "Precision": 0.6292134831460674, "Cohen_Kappa": 0.30666666666666664, "AUC": 0.7236444444444445, "TP": 56, "TN": 42, "FP": 33, "FN": 19}}, "CNB": {"valid": {"ACC": 0.6133333333333333, "F1_Score": 0.6847826086956522, "Recall": 0.84, "Precision": 0.5779816513761468, "Cohen_Kappa": 0.22666666666666668, "AUC": 0.6588444444444445, "TP": 63, "TN": 29, "FP": 46, "FN": 12}, "test": {"ACC": 0.5933333333333334, "F1_Score": 0.6473988439306357, "Recall": 0.7466666666666667, "Precision": 0.5714285714285714, "Cohen_Kappa": 0.18666666666666665, "AUC": 0.6339555555555556, "TP": 56, "TN": 33, "FP": 42, "FN": 19}}, "GB": {"valid": {"ACC": 0.6, "F1_Score": 0.6103896103896105, "Recall": 0.6266666666666667, "Precision": 0.5949367088607594, "Cohen_Kappa": 0.19999999999999996, "AUC": 0.6268444444444445, "TP": 47, "TN": 43, "FP": 32, "FN": 28}, "test": {"ACC": 0.6466666666666666, "F1_Score": 0.6442953020134228, "Recall": 0.64, "Precision": 0.6486486486486487, "Cohen_Kappa": 0.29333333333333333, "AUC": 0.6903111111111111, "TP": 48, "TN": 49, "FP": 26, "FN": 27}}, "BAG": {"valid": {"ACC": 0.5933333333333334, "F1_Score": 0.5481481481481482, "Recall": 0.49333333333333335, "Precision": 0.6166666666666667, "Cohen_Kappa": 0.18666666666666665, "AUC": 0.6536888888888888, "TP": 37, "TN": 52, "FP": 23, "FN": 38}, "test": {"ACC": 0.6666666666666666, "F1_Score": 0.6527777777777777, "Recall": 0.6266666666666667, "Precision": 0.6811594202898551, "Cohen_Kappa": 0.33333333333333337, "AUC": 0.7162666666666666, "TP": 47, "TN": 53, "FP": 22, "FN": 28}}}