{"OVR": {"valid": {"ACC": 0.6183431952662722, "F1_Score": 0.6303724928366763, "Recall": 0.6470588235294118, "Precision": 0.6145251396648045, "Cohen_Kappa": 0.23641903961332356, "AUC": 0.6647058823529413, "TP": 110, "TN": 99, "FP": 69, "FN": 60}, "test": {"ACC": 0.584070796460177, "F1_Score": 0.5661538461538462, "Recall": 0.5443786982248521, "Precision": 0.5897435897435898, "Cohen_Kappa": 0.1679461068463105, "AUC": 0.5976679429168118, "TP": 92, "TN": 106, "FP": 64, "FN": 77}}, "KNB": {"valid": {"ACC": 0.621301775147929, "F1_Score": 0.6649214659685865, "Recall": 0.7470588235294118, "Precision": 0.5990566037735849, "Cohen_Kappa": 0.24146153306683504, "AUC": 0.6849789915966387, "TP": 127, "TN": 83, "FP": 85, "FN": 43}, "test": {"ACC": 0.6342182890855457, "F1_Score": 0.6820512820512821, "Recall": 0.7869822485207101, "Precision": 0.6018099547511312, "Cohen_Kappa": 0.26909166782584504, "AUC": 0.6724852071005917, "TP": 133, "TN": 82, "FP": 88, "FN": 36}}, "DT": {"valid": {"ACC": 0.5650887573964497, "F1_Score": 0.5611940298507464, "Recall": 0.5529411764705883, "Precision": 0.5696969696969697, "Cohen_Kappa": 0.130299317346403, "AUC": 0.5651610644257703, "TP": 94, "TN": 97, "FP": 71, "FN": 76}, "test": {"ACC": 0.5722713864306784, "F1_Score": 0.56973293768546, "Recall": 0.5680473372781065, "Precision": 0.5714285714285714, "Cohen_Kappa": 0.14452044066203729, "AUC": 0.5722589627567003, "TP": 96, "TN": 98, "FP": 72, "FN": 73}}, "MNB": {"valid": {"ACC": 0.6538461538461539, "F1_Score": 0.6794520547945205, "Recall": 0.7294117647058823, "Precision": 0.6358974358974359, "Cohen_Kappa": 0.30706150341685645, "AUC": 0.7190826330532213, "TP": 124, "TN": 97, "FP": 71, "FN": 46}, "test": {"ACC": 0.6076696165191741, "F1_Score": 0.6356164383561644, "Recall": 0.6863905325443787, "Precision": 0.5918367346938775, "Cohen_Kappa": 0.21570094108233162, "AUC": 0.6490428123912286, "TP": 116, "TN": 90, "FP": 80, "FN": 53}}, "RF": {"valid": {"ACC": 0.6923076923076923, "F1_Score": 0.6729559748427674, "Recall": 0.6294117647058823, "Precision": 0.722972972972973, "Cohen_Kappa": 0.38506752501574415, "AUC": 0.7466386554621849, "TP": 107, "TN": 127, "FP": 41, "FN": 63}, "test": {"ACC": 0.6755162241887905, "F1_Score": 0.6625766871165645, "Recall": 0.6390532544378699, "Precision": 0.6878980891719745, "Cohen_Kappa": 0.3508912407742655, "AUC": 0.7170031326139924, "TP": 108, "TN": 121, "FP": 49, "FN": 61}}, "ADA": {"valid": {"ACC": 0.6301775147928994, "F1_Score": 0.6478873239436619, "Recall": 0.6764705882352942, "Precision": 0.6216216216216216, "Cohen_Kappa": 0.2599404449115431, "AUC": 0.6686274509803922, "TP": 115, "TN": 98, "FP": 70, "FN": 55}, "test": {"ACC": 0.640117994100295, "F1_Score": 0.636904761904762, "Recall": 0.6331360946745562, "Precision": 0.6407185628742516, "Cohen_Kappa": 0.28020467123812176, "AUC": 0.6901148625130525, "TP": 107, "TN": 110, "FP": 60, "FN": 62}}, "XGB": {"valid": {"ACC": 0.6834319526627219, "F1_Score": 0.6805970149253732, "Recall": 0.6705882352941176, "Precision": 0.6909090909090909, "Cohen_Kappa": 0.36695256432697354, "AUC": 0.7151960784313726, "TP": 114, "TN": 117, "FP": 51, "FN": 56}, "test": {"ACC": 0.6489675516224189, "F1_Score": 0.6489675516224188, "Recall": 0.650887573964497, "Precision": 0.6470588235294118, "Cohen_Kappa": 0.29794121230051684, "AUC": 0.7076923076923076, "TP": 110, "TN": 110, "FP": 60, "FN": 59}}, "MLP": {"valid": {"ACC": 0.6715976331360947, "F1_Score": 0.662613981762918, "Recall": 0.6411764705882353, "Precision": 0.6855345911949685, "Cohen_Kappa": 0.3434251513772707, "AUC": 0.7129201680672268, "TP": 109, "TN": 118, "FP": 50, "FN": 61}, "test": {"ACC": 0.6017699115044248, "F1_Score": 0.5573770491803278, "Recall": 0.5029585798816568, "Precision": 0.625, "Cohen_Kappa": 0.20307520852560634, "AUC": 0.6370344587539158, "TP": 85, "TN": 119, "FP": 51, "FN": 84}}, "LR": {"valid": {"ACC": 0.6183431952662722, "F1_Score": 0.6303724928366763, "Recall": 0.6470588235294118, "Precision": 0.6145251396648045, "Cohen_Kappa": 0.23641903961332356, "AUC": 0.6647058823529413, "TP": 110, "TN": 99, "FP": 69, "FN": 60}, "test": {"ACC": 0.584070796460177, "F1_Score": 0.5661538461538462, "Recall": 0.5443786982248521, "Precision": 0.5897435897435898, "Cohen_Kappa": 0.1679461068463105, "AUC": 0.5976679429168118, "TP": 92, "TN": 106, "FP": 64, "FN": 77}}, "ETAs": {"valid": {"ACC": 0.6923076923076923, "F1_Score": 0.6790123456790124, "Recall": 0.6470588235294118, "Precision": 0.7142857142857143, "Cohen_Kappa": 0.3849384098544233, "AUC": 0.7596988795518207, "TP": 110, "TN": 124, "FP": 44, "FN": 60}, "test": {"ACC": 0.6371681415929203, "F1_Score": 0.616822429906542, "Recall": 0.5857988165680473, "Precision": 0.6513157894736842, "Cohen_Kappa": 0.2741152098602093, "AUC": 0.7058301427079707, "TP": 99, "TN": 117, "FP": 53, "FN": 70}}, "CNB": {"valid": {"ACC": 0.6538461538461539, "F1_Score": 0.6811989100817439, "Recall": 0.7352941176470589, "Precision": 0.6345177664974619, "Cohen_Kappa": 0.30701293239407, "AUC": 0.7190826330532213, "TP": 125, "TN": 96, "FP": 72, "FN": 45}, "test": {"ACC": 0.6076696165191741, "F1_Score": 0.6356164383561644, "Recall": 0.6863905325443787, "Precision": 0.5918367346938775, "Cohen_Kappa": 0.21570094108233162, "AUC": 0.6490428123912286, "TP": 116, "TN": 90, "FP": 80, "FN": 53}}, "GB": {"valid": {"ACC": 0.6923076923076923, "F1_Score": 0.6959064327485379, "Recall": 0.7, "Precision": 0.6918604651162791, "Cohen_Kappa": 0.3845507388472582, "AUC": 0.7280812324929972, "TP": 119, "TN": 115, "FP": 53, "FN": 51}, "test": {"ACC": 0.640117994100295, "F1_Score": 0.6347305389221557, "Recall": 0.6272189349112426, "Precision": 0.6424242424242425, "Cohen_Kappa": 0.28017961570593153, "AUC": 0.6824573616428818, "TP": 106, "TN": 111, "FP": 59, "FN": 63}}, "BAG": {"valid": {"ACC": 0.636094674556213, "F1_Score": 0.6070287539936102, "Recall": 0.5588235294117647, "Precision": 0.6643356643356644, "Cohen_Kappa": 0.2728512960436562, "AUC": 0.6852766106442577, "TP": 95, "TN": 120, "FP": 48, "FN": 75}, "test": {"ACC": 0.5988200589970502, "F1_Score": 0.5526315789473685, "Recall": 0.4970414201183432, "Precision": 0.6222222222222222, "Cohen_Kappa": 0.19715808170515103, "AUC": 0.6536547163243995, "TP": 84, "TN": 119, "FP": 51, "FN": 85}}}