{"OVR": {"valid": {"ACC": 0.7083333333333334, "F1_Score": 0.7199999999999999, "Recall": 0.75, "Precision": 0.6923076923076923, "Cohen_Kappa": 0.41666666666666663, "AUC": 0.6927083333333334, "TP": 18, "TN": 16, "FP": 8, "FN": 6}, "test": {"ACC": 0.6666666666666666, "F1_Score": 0.6666666666666666, "Recall": 0.6666666666666666, "Precision": 0.6666666666666666, "Cohen_Kappa": 0.33333333333333337, "AUC": 0.767361111111111, "TP": 16, "TN": 16, "FP": 8, "FN": 8}}, "KNB": {"valid": {"ACC": 0.7083333333333334, "F1_Score": 0.75, "Recall": 0.875, "Precision": 0.65625, "Cohen_Kappa": 0.41666666666666663, "AUC": 0.7144097222222223, "TP": 21, "TN": 13, "FP": 11, "FN": 3}, "test": {"ACC": 0.5208333333333334, "F1_Score": 0.5490196078431373, "Recall": 0.5833333333333334, "Precision": 0.5185185185185185, "Cohen_Kappa": 0.04166666666666663, "AUC": 0.5546875000000001, "TP": 14, "TN": 11, "FP": 13, "FN": 10}}, "DT": {"valid": {"ACC": 0.4791666666666667, "F1_Score": 0.4444444444444445, "Recall": 0.4166666666666667, "Precision": 0.47619047619047616, "Cohen_Kappa": -0.04166666666666674, "AUC": 0.47916666666666674, "TP": 10, "TN": 13, "FP": 11, "FN": 14}, "test": {"ACC": 0.6458333333333334, "F1_Score": 0.6666666666666667, "Recall": 0.7083333333333334, "Precision": 0.6296296296296297, "Cohen_Kappa": 0.29166666666666663, "AUC": 0.6458333333333334, "TP": 17, "TN": 14, "FP": 10, "FN": 7}}, "MNB": {"valid": {"ACC": 0.75, "F1_Score": 0.76, "Recall": 0.7916666666666666, "Precision": 0.7307692307692307, "Cohen_Kappa": 0.5, "AUC": 0.782986111111111, "TP": 19, "TN": 17, "FP": 7, "FN": 5}, "test": {"ACC": 0.6875, "F1_Score": 0.6938775510204083, "Recall": 0.7083333333333334, "Precision": 0.68, "Cohen_Kappa": 0.375, "AUC": 0.7465277777777778, "TP": 17, "TN": 16, "FP": 8, "FN": 7}}, "RF": {"valid": {"ACC": 0.7083333333333334, "F1_Score": 0.7083333333333334, "Recall": 0.7083333333333334, "Precision": 0.7083333333333334, "Cohen_Kappa": 0.41666666666666663, "AUC": 0.7664930555555556, "TP": 17, "TN": 17, "FP": 7, "FN": 7}, "test": {"ACC": 0.6875, "F1_Score": 0.7169811320754716, "Recall": 0.7916666666666666, "Precision": 0.6551724137931034, "Cohen_Kappa": 0.375, "AUC": 0.782986111111111, "TP": 19, "TN": 14, "FP": 10, "FN": 5}}, "ADA": {"valid": {"ACC": 0.6458333333333334, "F1_Score": 0.6530612244897959, "Recall": 0.6666666666666666, "Precision": 0.64, "Cohen_Kappa": 0.29166666666666663, "AUC": 0.6579861111111112, "TP": 16, "TN": 15, "FP": 9, "FN": 8}, "test": {"ACC": 0.6666666666666666, "F1_Score": 0.68, "Recall": 0.7083333333333334, "Precision": 0.6538461538461539, "Cohen_Kappa": 0.33333333333333337, "AUC": 0.7395833333333333, "TP": 17, "TN": 15, "FP": 9, "FN": 7}}, "XGB": {"valid": {"ACC": 0.6666666666666666, "F1_Score": 0.68, "Recall": 0.7083333333333334, "Precision": 0.6538461538461539, "Cohen_Kappa": 0.33333333333333337, "AUC": 0.7326388888888888, "TP": 17, "TN": 15, "FP": 9, "FN": 7}, "test": {"ACC": 0.7291666666666666, "F1_Score": 0.7547169811320755, "Recall": 0.8333333333333334, "Precision": 0.6896551724137931, "Cohen_Kappa": 0.45833333333333337, "AUC": 0.7847222222222222, "TP": 20, "TN": 15, "FP": 9, "FN": 4}}, "MLP": {"valid": {"ACC": 0.7291666666666666, "F1_Score": 0.7450980392156864, "Recall": 0.7916666666666666, "Precision": 0.7037037037037037, "Cohen_Kappa": 0.45833333333333337, "AUC": 0.71875, "TP": 19, "TN": 16, "FP": 8, "FN": 5}, "test": {"ACC": 0.6875, "F1_Score": 0.6938775510204083, "Recall": 0.7083333333333334, "Precision": 0.68, "Cohen_Kappa": 0.375, "AUC": 0.7586805555555557, "TP": 17, "TN": 16, "FP": 8, "FN": 7}}, "LR": {"valid": {"ACC": 0.7083333333333334, "F1_Score": 0.7199999999999999, "Recall": 0.75, "Precision": 0.6923076923076923, "Cohen_Kappa": 0.41666666666666663, "AUC": 0.6927083333333334, "TP": 18, "TN": 16, "FP": 8, "FN": 6}, "test": {"ACC": 0.6666666666666666, "F1_Score": 0.6666666666666666, "Recall": 0.6666666666666666, "Precision": 0.6666666666666666, "Cohen_Kappa": 0.33333333333333337, "AUC": 0.767361111111111, "TP": 16, "TN": 16, "FP": 8, "FN": 8}}, "ETAs": {"valid": {"ACC": 0.7708333333333334, "F1_Score": 0.7755102040816326, "Recall": 0.7916666666666666, "Precision": 0.76, "Cohen_Kappa": 0.5416666666666667, "AUC": 0.8628472222222222, "TP": 19, "TN": 18, "FP": 6, "FN": 5}, "test": {"ACC": 0.6666666666666666, "F1_Score": 0.68, "Recall": 0.7083333333333334, "Precision": 0.6538461538461539, "Cohen_Kappa": 0.33333333333333337, "AUC": 0.782986111111111, "TP": 17, "TN": 15, "FP": 9, "FN": 7}}, "CNB": {"valid": {"ACC": 0.75, "F1_Score": 0.76, "Recall": 0.7916666666666666, "Precision": 0.7307692307692307, "Cohen_Kappa": 0.5, "AUC": 0.782986111111111, "TP": 19, "TN": 17, "FP": 7, "FN": 5}, "test": {"ACC": 0.6875, "F1_Score": 0.6938775510204083, "Recall": 0.7083333333333334, "Precision": 0.68, "Cohen_Kappa": 0.375, "AUC": 0.7465277777777778, "TP": 17, "TN": 16, "FP": 8, "FN": 7}}, "GB": {"valid": {"ACC": 0.625, "F1_Score": 0.625, "Recall": 0.625, "Precision": 0.625, "Cohen_Kappa": 0.25, "AUC": 0.7274305555555556, "TP": 15, "TN": 15, "FP": 9, "FN": 9}, "test": {"ACC": 0.7083333333333334, "F1_Score": 0.7307692307692307, "Recall": 0.7916666666666666, "Precision": 0.6785714285714286, "Cohen_Kappa": 0.41666666666666663, "AUC": 0.7604166666666666, "TP": 19, "TN": 15, "FP": 9, "FN": 5}}, "BAG": {"valid": {"ACC": 0.625, "F1_Score": 0.6086956521739131, "Recall": 0.5833333333333334, "Precision": 0.6363636363636364, "Cohen_Kappa": 0.25, "AUC": 0.673611111111111, "TP": 14, "TN": 16, "FP": 8, "FN": 10}, "test": {"ACC": 0.7083333333333334, "F1_Score": 0.6818181818181818, "Recall": 0.625, "Precision": 0.75, "Cohen_Kappa": 0.41666666666666663, "AUC": 0.7821180555555557, "TP": 15, "TN": 19, "FP": 5, "FN": 9}}}