{"OVR": {"valid": {"ACC": 0.5666666666666667, "F1_Score": 0.5806451612903225, "Recall": 0.6, "Precision": 0.5625, "Cohen_Kappa": 0.1333333333333333, "AUC": 0.6172444444444445, "TP": 45, "TN": 40, "FP": 35, "FN": 30}, "test": {"ACC": 0.6533333333333333, "F1_Score": 0.6666666666666667, "Recall": 0.6933333333333334, "Precision": 0.6419753086419753, "Cohen_Kappa": 0.30666666666666664, "AUC": 0.6878222222222222, "TP": 52, "TN": 46, "FP": 29, "FN": 23}}, "KNB": {"valid": {"ACC": 0.5866666666666667, "F1_Score": 0.5866666666666667, "Recall": 0.5866666666666667, "Precision": 0.5866666666666667, "Cohen_Kappa": 0.17333333333333334, "AUC": 0.6259555555555556, "TP": 44, "TN": 44, "FP": 31, "FN": 31}, "test": {"ACC": 0.6133333333333333, "F1_Score": 0.5972222222222223, "Recall": 0.5733333333333334, "Precision": 0.6231884057971014, "Cohen_Kappa": 0.22666666666666668, "AUC": 0.665688888888889, "TP": 43, "TN": 49, "FP": 26, "FN": 32}}, "DT": {"valid": {"ACC": 0.52, "F1_Score": 0.5499999999999999, "Recall": 0.5866666666666667, "Precision": 0.5176470588235295, "Cohen_Kappa": 0.040000000000000036, "AUC": 0.52, "TP": 44, "TN": 34, "FP": 41, "FN": 31}, "test": {"ACC": 0.58, "F1_Score": 0.5987261146496816, "Recall": 0.6266666666666667, "Precision": 0.573170731707317, "Cohen_Kappa": 0.16000000000000003, "AUC": 0.58, "TP": 47, "TN": 40, "FP": 35, "FN": 28}}, "MNB": {"valid": {"ACC": 0.6, "F1_Score": 0.6590909090909091, "Recall": 0.7733333333333333, "Precision": 0.5742574257425742, "Cohen_Kappa": 0.19999999999999996, "AUC": 0.6536888888888889, "TP": 58, "TN": 32, "FP": 43, "FN": 17}, "test": {"ACC": 0.6066666666666667, "F1_Score": 0.6549707602339181, "Recall": 0.7466666666666667, "Precision": 0.5833333333333334, "Cohen_Kappa": 0.21333333333333337, "AUC": 0.6496, "TP": 56, "TN": 35, "FP": 40, "FN": 19}}, "RF": {"valid": {"ACC": 0.62, "F1_Score": 0.6586826347305389, "Recall": 0.7333333333333333, "Precision": 0.5978260869565217, "Cohen_Kappa": 0.24, "AUC": 0.699111111111111, "TP": 55, "TN": 38, "FP": 37, "FN": 20}, "test": {"ACC": 0.64, "F1_Score": 0.6707317073170731, "Recall": 0.7333333333333333, "Precision": 0.6179775280898876, "Cohen_Kappa": 0.28, "AUC": 0.7213333333333334, "TP": 55, "TN": 41, "FP": 34, "FN": 20}}, "ADA": {"valid": {"ACC": 0.5666666666666667, "F1_Score": 0.5859872611464968, "Recall": 0.6133333333333333, "Precision": 0.5609756097560976, "Cohen_Kappa": 0.1333333333333333, "AUC": 0.5902222222222222, "TP": 46, "TN": 39, "FP": 36, "FN": 29}, "test": {"ACC": 0.5333333333333333, "F1_Score": 0.5454545454545455, "Recall": 0.56, "Precision": 0.5316455696202531, "Cohen_Kappa": 0.06666666666666665, "AUC": 0.6007111111111112, "TP": 42, "TN": 38, "FP": 37, "FN": 33}}, "XGB": {"valid": {"ACC": 0.49333333333333335, "F1_Score": 0.5308641975308641, "Recall": 0.5733333333333334, "Precision": 0.4942528735632184, "Cohen_Kappa": -0.01333333333333342, "AUC": 0.5596444444444444, "TP": 43, "TN": 31, "FP": 44, "FN": 32}, "test": {"ACC": 0.66, "F1_Score": 0.6946107784431138, "Recall": 0.7733333333333333, "Precision": 0.6304347826086957, "Cohen_Kappa": 0.31999999999999995, "AUC": 0.7452444444444444, "TP": 58, "TN": 41, "FP": 34, "FN": 17}}, "MLP": {"valid": {"ACC": 0.6, "F1_Score": 0.6385542168674699, "Recall": 0.7066666666666667, "Precision": 0.5824175824175825, "Cohen_Kappa": 0.19999999999999996, "AUC": 0.64, "TP": 53, "TN": 37, "FP": 38, "FN": 22}, "test": {"ACC": 0.6533333333333333, "F1_Score": 0.7011494252873564, "Recall": 0.8133333333333334, "Precision": 0.6161616161616161, "Cohen_Kappa": 0.30666666666666664, "AUC": 0.7255111111111111, "TP": 61, "TN": 37, "FP": 38, "FN": 14}}, "LR": {"valid": {"ACC": 0.5666666666666667, "F1_Score": 0.5806451612903225, "Recall": 0.6, "Precision": 0.5625, "Cohen_Kappa": 0.1333333333333333, "AUC": 0.6172444444444445, "TP": 45, "TN": 40, "FP": 35, "FN": 30}, "test": {"ACC": 0.6533333333333333, "F1_Score": 0.6666666666666667, "Recall": 0.6933333333333334, "Precision": 0.6419753086419753, "Cohen_Kappa": 0.30666666666666664, "AUC": 0.6878222222222222, "TP": 52, "TN": 46, "FP": 29, "FN": 23}}, "ETAs": {"valid": {"ACC": 0.6666666666666666, "F1_Score": 0.6875, "Recall": 0.7333333333333333, "Precision": 0.6470588235294118, "Cohen_Kappa": 0.33333333333333337, "AUC": 0.6637333333333333, "TP": 55, "TN": 45, "FP": 30, "FN": 20}, "test": {"ACC": 0.6266666666666667, "F1_Score": 0.6666666666666667, "Recall": 0.7466666666666667, "Precision": 0.6021505376344086, "Cohen_Kappa": 0.2533333333333333, "AUC": 0.7301333333333333, "TP": 56, "TN": 38, "FP": 37, "FN": 19}}, "CNB": {"valid": {"ACC": 0.6, "F1_Score": 0.6590909090909091, "Recall": 0.7733333333333333, "Precision": 0.5742574257425742, "Cohen_Kappa": 0.19999999999999996, "AUC": 0.6536888888888889, "TP": 58, "TN": 32, "FP": 43, "FN": 17}, "test": {"ACC": 0.6066666666666667, "F1_Score": 0.6549707602339181, "Recall": 0.7466666666666667, "Precision": 0.5833333333333334, "Cohen_Kappa": 0.21333333333333337, "AUC": 0.6496, "TP": 56, "TN": 35, "FP": 40, "FN": 19}}, "GB": {"valid": {"ACC": 0.5866666666666667, "F1_Score": 0.5921052631578947, "Recall": 0.6, "Precision": 0.5844155844155844, "Cohen_Kappa": 0.17333333333333334, "AUC": 0.6215111111111111, "TP": 45, "TN": 43, "FP": 32, "FN": 30}, "test": {"ACC": 0.62, "F1_Score": 0.6459627329192547, "Recall": 0.6933333333333334, "Precision": 0.6046511627906976, "Cohen_Kappa": 0.24, "AUC": 0.7054222222222223, "TP": 52, "TN": 41, "FP": 34, "FN": 23}}, "BAG": {"valid": {"ACC": 0.58, "F1_Score": 0.5531914893617023, "Recall": 0.52, "Precision": 0.5909090909090909, "Cohen_Kappa": 0.16000000000000003, "AUC": 0.6251555555555556, "TP": 39, "TN": 48, "FP": 27, "FN": 36}, "test": {"ACC": 0.58, "F1_Score": 0.5467625899280575, "Recall": 0.5066666666666667, "Precision": 0.59375, "Cohen_Kappa": 0.16000000000000003, "AUC": 0.6525333333333334, "TP": 38, "TN": 49, "FP": 26, "FN": 37}}}