{"OVR": {"valid": {"ACC": 0.6451612903225806, "F1_Score": 0.6666666666666666, "Recall": 0.7333333333333333, "Precision": 0.6111111111111112, "Cohen_Kappa": 0.29399585921325055, "AUC": 0.7041666666666667, "TP": 11, "TN": 9, "FP": 7, "FN": 4}, "test": {"ACC": 0.7096774193548387, "F1_Score": 0.7272727272727272, "Recall": 0.75, "Precision": 0.7058823529411765, "Cohen_Kappa": 0.4175365344467642, "AUC": 0.7708333333333333, "TP": 12, "TN": 10, "FP": 5, "FN": 4}}, "KNB": {"valid": {"ACC": 0.6774193548387096, "F1_Score": 0.7222222222222222, "Recall": 0.8666666666666667, "Precision": 0.6190476190476191, "Cohen_Kappa": 0.36213991769547316, "AUC": 0.6395833333333334, "TP": 13, "TN": 8, "FP": 8, "FN": 2}, "test": {"ACC": 0.6774193548387096, "F1_Score": 0.7368421052631579, "Recall": 0.875, "Precision": 0.6363636363636364, "Cohen_Kappa": 0.3459915611814346, "AUC": 0.7062499999999999, "TP": 14, "TN": 7, "FP": 8, "FN": 2}}, "DT": {"valid": {"ACC": 0.6451612903225806, "F1_Score": 0.6206896551724138, "Recall": 0.6, "Precision": 0.6428571428571429, "Cohen_Kappa": 0.28810020876826725, "AUC": 0.64375, "TP": 9, "TN": 11, "FP": 5, "FN": 6}, "test": {"ACC": 0.6451612903225806, "F1_Score": 0.6451612903225806, "Recall": 0.625, "Precision": 0.6666666666666666, "Cohen_Kappa": 0.2910602910602911, "AUC": 0.6458333333333334, "TP": 10, "TN": 10, "FP": 5, "FN": 6}}, "MNB": {"valid": {"ACC": 0.6774193548387096, "F1_Score": 0.7058823529411765, "Recall": 0.8, "Precision": 0.631578947368421, "Cohen_Kappa": 0.359504132231405, "AUC": 0.6916666666666667, "TP": 12, "TN": 9, "FP": 7, "FN": 3}, "test": {"ACC": 0.6451612903225806, "F1_Score": 0.6857142857142857, "Recall": 0.75, "Precision": 0.631578947368421, "Cohen_Kappa": 0.2851153039832285, "AUC": 0.7708333333333334, "TP": 12, "TN": 8, "FP": 7, "FN": 4}}, "RF": {"valid": {"ACC": 0.7096774193548387, "F1_Score": 0.7096774193548386, "Recall": 0.7333333333333333, "Precision": 0.6875, "Cohen_Kappa": 0.41995841995842, "AUC": 0.79375, "TP": 11, "TN": 11, "FP": 5, "FN": 4}, "test": {"ACC": 0.6774193548387096, "F1_Score": 0.6666666666666666, "Recall": 0.625, "Precision": 0.7142857142857143, "Cohen_Kappa": 0.3568464730290456, "AUC": 0.7479166666666667, "TP": 10, "TN": 11, "FP": 4, "FN": 6}}, "ADA": {"valid": {"ACC": 0.5806451612903226, "F1_Score": 0.5806451612903225, "Recall": 0.6, "Precision": 0.5625, "Cohen_Kappa": 0.16216216216216217, "AUC": 0.6125, "TP": 9, "TN": 9, "FP": 7, "FN": 6}, "test": {"ACC": 0.6129032258064516, "F1_Score": 0.6000000000000001, "Recall": 0.5625, "Precision": 0.6428571428571429, "Cohen_Kappa": 0.22821576763485474, "AUC": 0.6791666666666667, "TP": 9, "TN": 10, "FP": 5, "FN": 7}}, "XGB": {"valid": {"ACC": 0.5806451612903226, "F1_Score": 0.5806451612903225, "Recall": 0.6, "Precision": 0.5625, "Cohen_Kappa": 0.16216216216216217, "AUC": 0.7041666666666666, "TP": 9, "TN": 9, "FP": 7, "FN": 6}, "test": {"ACC": 0.6774193548387096, "F1_Score": 0.7058823529411765, "Recall": 0.75, "Precision": 0.6666666666666666, "Cohen_Kappa": 0.35146443514644343, "AUC": 0.7625000000000001, "TP": 12, "TN": 9, "FP": 6, "FN": 4}}, "MLP": {"valid": {"ACC": 0.6451612903225806, "F1_Score": 0.6666666666666666, "Recall": 0.7333333333333333, "Precision": 0.6111111111111112, "Cohen_Kappa": 0.29399585921325055, "AUC": 0.7, "TP": 11, "TN": 9, "FP": 7, "FN": 4}, "test": {"ACC": 0.7419354838709677, "F1_Score": 0.75, "Recall": 0.75, "Precision": 0.75, "Cohen_Kappa": 0.4833333333333334, "AUC": 0.7541666666666667, "TP": 12, "TN": 11, "FP": 4, "FN": 4}}, "LR": {"valid": {"ACC": 0.6451612903225806, "F1_Score": 0.6666666666666666, "Recall": 0.7333333333333333, "Precision": 0.6111111111111112, "Cohen_Kappa": 0.29399585921325055, "AUC": 0.7041666666666667, "TP": 11, "TN": 9, "FP": 7, "FN": 4}, "test": {"ACC": 0.7096774193548387, "F1_Score": 0.7272727272727272, "Recall": 0.75, "Precision": 0.7058823529411765, "Cohen_Kappa": 0.4175365344467642, "AUC": 0.7708333333333333, "TP": 12, "TN": 10, "FP": 5, "FN": 4}}, "ETAs": {"valid": {"ACC": 0.7096774193548387, "F1_Score": 0.7096774193548386, "Recall": 0.7333333333333333, "Precision": 0.6875, "Cohen_Kappa": 0.41995841995842, "AUC": 0.7791666666666667, "TP": 11, "TN": 11, "FP": 5, "FN": 4}, "test": {"ACC": 0.7096774193548387, "F1_Score": 0.7272727272727272, "Recall": 0.75, "Precision": 0.7058823529411765, "Cohen_Kappa": 0.4175365344467642, "AUC": 0.7583333333333333, "TP": 12, "TN": 10, "FP": 5, "FN": 4}}, "CNB": {"valid": {"ACC": 0.6774193548387096, "F1_Score": 0.7058823529411765, "Recall": 0.8, "Precision": 0.631578947368421, "Cohen_Kappa": 0.359504132231405, "AUC": 0.6916666666666667, "TP": 12, "TN": 9, "FP": 7, "FN": 3}, "test": {"ACC": 0.6451612903225806, "F1_Score": 0.6857142857142857, "Recall": 0.75, "Precision": 0.631578947368421, "Cohen_Kappa": 0.2851153039832285, "AUC": 0.7708333333333334, "TP": 12, "TN": 8, "FP": 7, "FN": 4}}, "GB": {"valid": {"ACC": 0.5483870967741935, "F1_Score": 0.5625, "Recall": 0.6, "Precision": 0.5294117647058824, "Cohen_Kappa": 0.09958506224066377, "AUC": 0.6458333333333334, "TP": 9, "TN": 8, "FP": 8, "FN": 6}, "test": {"ACC": 0.6129032258064516, "F1_Score": 0.6470588235294118, "Recall": 0.6875, "Precision": 0.6111111111111112, "Cohen_Kappa": 0.22175732217573219, "AUC": 0.75, "TP": 11, "TN": 8, "FP": 7, "FN": 5}}, "BAG": {"valid": {"ACC": 0.7096774193548387, "F1_Score": 0.64, "Recall": 0.5333333333333333, "Precision": 0.8, "Cohen_Kappa": 0.41263157894736846, "AUC": 0.7395833333333333, "TP": 8, "TN": 14, "FP": 2, "FN": 7}, "test": {"ACC": 0.6774193548387096, "F1_Score": 0.6153846153846154, "Recall": 0.5, "Precision": 0.8, "Cohen_Kappa": 0.36213991769547316, "AUC": 0.725, "TP": 8, "TN": 13, "FP": 2, "FN": 8}}}