{"OVR": {"valid": {"ACC": 0.625, "F1_Score": 0.6516853932584271, "Recall": 0.7016129032258065, "Precision": 0.6083916083916084, "Cohen_Kappa": 0.25, "AUC": 0.6841181061394381, "TP": 87, "TN": 68, "FP": 56, "FN": 37}, "test": {"ACC": 0.6024096385542169, "F1_Score": 0.6024096385542169, "Recall": 0.6048387096774194, "Precision": 0.6, "Cohen_Kappa": 0.20483210219025194, "AUC": 0.6535483870967742, "TP": 75, "TN": 75, "FP": 50, "FN": 49}}, "KNB": {"valid": {"ACC": 0.6209677419354839, "F1_Score": 0.6866666666666666, "Recall": 0.8306451612903226, "Precision": 0.5852272727272727, "Cohen_Kappa": 0.24193548387096775, "AUC": 0.6663956815816857, "TP": 103, "TN": 51, "FP": 73, "FN": 21}, "test": {"ACC": 0.6224899598393574, "F1_Score": 0.6780821917808219, "Recall": 0.7983870967741935, "Precision": 0.5892857142857143, "Cohen_Kappa": 0.2460378817162736, "AUC": 0.6936451612903226, "TP": 99, "TN": 56, "FP": 69, "FN": 25}}, "DT": {"valid": {"ACC": 0.5806451612903226, "F1_Score": 0.59375, "Recall": 0.6129032258064516, "Precision": 0.5757575757575758, "Cohen_Kappa": 0.16129032258064513, "AUC": 0.5828563995837669, "TP": 76, "TN": 68, "FP": 56, "FN": 48}, "test": {"ACC": 0.6305220883534136, "F1_Score": 0.6377952755905512, "Recall": 0.6532258064516129, "Precision": 0.6230769230769231, "Cohen_Kappa": 0.2611752564019868, "AUC": 0.6306129032258064, "TP": 81, "TN": 76, "FP": 49, "FN": 43}}, "MNB": {"valid": {"ACC": 0.6088709677419355, "F1_Score": 0.6394052044609665, "Recall": 0.6935483870967742, "Precision": 0.593103448275862, "Cohen_Kappa": 0.217741935483871, "AUC": 0.6681191467221644, "TP": 86, "TN": 65, "FP": 59, "FN": 38}, "test": {"ACC": 0.6144578313253012, "F1_Score": 0.6417910447761195, "Recall": 0.6935483870967742, "Precision": 0.5972222222222222, "Cohen_Kappa": 0.22940038684719544, "AUC": 0.7087096774193549, "TP": 86, "TN": 67, "FP": 58, "FN": 38}}, "RF": {"valid": {"ACC": 0.6693548387096774, "F1_Score": 0.6746031746031745, "Recall": 0.6854838709677419, "Precision": 0.6640625, "Cohen_Kappa": 0.33870967741935487, "AUC": 0.7293834547346514, "TP": 85, "TN": 81, "FP": 43, "FN": 39}, "test": {"ACC": 0.678714859437751, "F1_Score": 0.6666666666666667, "Recall": 0.6451612903225806, "Precision": 0.6896551724137931, "Cohen_Kappa": 0.3572534847702633, "AUC": 0.7441612903225806, "TP": 80, "TN": 89, "FP": 36, "FN": 44}}, "ADA": {"valid": {"ACC": 0.6209677419354839, "F1_Score": 0.6328125, "Recall": 0.6532258064516129, "Precision": 0.6136363636363636, "Cohen_Kappa": 0.24193548387096775, "AUC": 0.6624609781477627, "TP": 81, "TN": 73, "FP": 51, "FN": 43}, "test": {"ACC": 0.642570281124498, "F1_Score": 0.6509803921568628, "Recall": 0.6693548387096774, "Precision": 0.6335877862595419, "Cohen_Kappa": 0.2852904182926437, "AUC": 0.6685806451612903, "TP": 83, "TN": 77, "FP": 48, "FN": 41}}, "XGB": {"valid": {"ACC": 0.6451612903225806, "F1_Score": 0.6589147286821706, "Recall": 0.6854838709677419, "Precision": 0.6343283582089553, "Cohen_Kappa": 0.29032258064516125, "AUC": 0.7068158168574401, "TP": 85, "TN": 75, "FP": 49, "FN": 39}, "test": {"ACC": 0.6265060240963856, "F1_Score": 0.6265060240963856, "Recall": 0.6290322580645161, "Precision": 0.624, "Cohen_Kappa": 0.25302409599690334, "AUC": 0.7251612903225806, "TP": 78, "TN": 78, "FP": 47, "FN": 46}}, "MLP": {"valid": {"ACC": 0.6411290322580645, "F1_Score": 0.6715867158671587, "Recall": 0.7338709677419355, "Precision": 0.6190476190476191, "Cohen_Kappa": 0.282258064516129, "AUC": 0.7016129032258064, "TP": 91, "TN": 68, "FP": 56, "FN": 33}, "test": {"ACC": 0.6305220883534136, "F1_Score": 0.6290322580645161, "Recall": 0.6290322580645161, "Precision": 0.6290322580645161, "Cohen_Kappa": 0.26103225806451613, "AUC": 0.6987741935483871, "TP": 78, "TN": 79, "FP": 46, "FN": 46}}, "LR": {"valid": {"ACC": 0.625, "F1_Score": 0.6516853932584271, "Recall": 0.7016129032258065, "Precision": 0.6083916083916084, "Cohen_Kappa": 0.25, "AUC": 0.6841181061394381, "TP": 87, "TN": 68, "FP": 56, "FN": 37}, "test": {"ACC": 0.6024096385542169, "F1_Score": 0.6024096385542169, "Recall": 0.6048387096774194, "Precision": 0.6, "Cohen_Kappa": 0.20483210219025194, "AUC": 0.6535483870967742, "TP": 75, "TN": 75, "FP": 50, "FN": 49}}, "ETAs": {"valid": {"ACC": 0.6693548387096774, "F1_Score": 0.6583333333333333, "Recall": 0.6370967741935484, "Precision": 0.6810344827586207, "Cohen_Kappa": 0.33870967741935487, "AUC": 0.7348465140478668, "TP": 79, "TN": 87, "FP": 37, "FN": 45}, "test": {"ACC": 0.6746987951807228, "F1_Score": 0.6493506493506492, "Recall": 0.6048387096774194, "Precision": 0.7009345794392523, "Cohen_Kappa": 0.3490301132879321, "AUC": 0.7407419354838709, "TP": 75, "TN": 93, "FP": 32, "FN": 49}}, "CNB": {"valid": {"ACC": 0.6088709677419355, "F1_Score": 0.6394052044609665, "Recall": 0.6935483870967742, "Precision": 0.593103448275862, "Cohen_Kappa": 0.217741935483871, "AUC": 0.6681191467221644, "TP": 86, "TN": 65, "FP": 59, "FN": 38}, "test": {"ACC": 0.6144578313253012, "F1_Score": 0.6417910447761195, "Recall": 0.6935483870967742, "Precision": 0.5972222222222222, "Cohen_Kappa": 0.22940038684719544, "AUC": 0.7087096774193549, "TP": 86, "TN": 67, "FP": 58, "FN": 38}}, "GB": {"valid": {"ACC": 0.6612903225806451, "F1_Score": 0.671875, "Recall": 0.6935483870967742, "Precision": 0.6515151515151515, "Cohen_Kappa": 0.32258064516129037, "AUC": 0.7077263267429761, "TP": 86, "TN": 78, "FP": 46, "FN": 38}, "test": {"ACC": 0.642570281124498, "F1_Score": 0.642570281124498, "Recall": 0.6451612903225806, "Precision": 0.64, "Cohen_Kappa": 0.2851520918680043, "AUC": 0.7064193548387097, "TP": 80, "TN": 80, "FP": 45, "FN": 44}}, "BAG": {"valid": {"ACC": 0.6129032258064516, "F1_Score": 0.5714285714285714, "Recall": 0.5161290322580645, "Precision": 0.64, "Cohen_Kappa": 0.22580645161290325, "AUC": 0.6998894380853278, "TP": 64, "TN": 88, "FP": 36, "FN": 60}, "test": {"ACC": 0.6305220883534136, "F1_Score": 0.5855855855855855, "Recall": 0.5241935483870968, "Precision": 0.6632653061224489, "Cohen_Kappa": 0.2604119584167367, "AUC": 0.6980967741935484, "TP": 65, "TN": 92, "FP": 33, "FN": 59}}}