{"OVR": {"valid": {"ACC": 0.6181818181818182, "F1_Score": 0.6440677966101694, "Recall": 0.7037037037037037, "Precision": 0.59375, "Cohen_Kappa": 0.23862887277521416, "AUC": 0.6851851851851851, "TP": 19, "TN": 15, "FP": 13, "FN": 8}, "test": {"ACC": 0.6428571428571429, "F1_Score": 0.6551724137931035, "Recall": 0.6785714285714286, "Precision": 0.6333333333333333, "Cohen_Kappa": 0.2857142857142857, "AUC": 0.7653061224489796, "TP": 19, "TN": 17, "FP": 11, "FN": 9}}, "KNB": {"valid": {"ACC": 0.6, "F1_Score": 0.6451612903225806, "Recall": 0.7407407407407407, "Precision": 0.5714285714285714, "Cohen_Kappa": 0.20394736842105254, "AUC": 0.6679894179894179, "TP": 20, "TN": 13, "FP": 15, "FN": 7}, "test": {"ACC": 0.6428571428571429, "F1_Score": 0.6875000000000001, "Recall": 0.7857142857142857, "Precision": 0.6111111111111112, "Cohen_Kappa": 0.2857142857142857, "AUC": 0.6396683673469388, "TP": 22, "TN": 14, "FP": 14, "FN": 6}}, "DT": {"valid": {"ACC": 0.4909090909090909, "F1_Score": 0.5333333333333333, "Recall": 0.5925925925925926, "Precision": 0.48484848484848486, "Cohen_Kappa": -0.014492753623188248, "AUC": 0.4927248677248677, "TP": 16, "TN": 11, "FP": 17, "FN": 11}, "test": {"ACC": 0.48214285714285715, "F1_Score": 0.4727272727272727, "Recall": 0.4642857142857143, "Precision": 0.48148148148148145, "Cohen_Kappa": -0.03571428571428581, "AUC": 0.4821428571428572, "TP": 13, "TN": 14, "FP": 14, "FN": 15}}, "MNB": {"valid": {"ACC": 0.509090909090909, "F1_Score": 0.5846153846153846, "Recall": 0.7037037037037037, "Precision": 0.5, "Cohen_Kappa": 0.024950755088640753, "AUC": 0.6058201058201058, "TP": 19, "TN": 9, "FP": 19, "FN": 8}, "test": {"ACC": 0.5892857142857143, "F1_Score": 0.6229508196721312, "Recall": 0.6785714285714286, "Precision": 0.5757575757575758, "Cohen_Kappa": 0.1785714285714286, "AUC": 0.7028061224489796, "TP": 19, "TN": 14, "FP": 14, "FN": 9}}, "RF": {"valid": {"ACC": 0.6363636363636364, "F1_Score": 0.6774193548387097, "Recall": 0.7777777777777778, "Precision": 0.6, "Cohen_Kappa": 0.2763157894736842, "AUC": 0.6402116402116402, "TP": 21, "TN": 14, "FP": 14, "FN": 6}, "test": {"ACC": 0.6428571428571429, "F1_Score": 0.6551724137931035, "Recall": 0.6785714285714286, "Precision": 0.6333333333333333, "Cohen_Kappa": 0.2857142857142857, "AUC": 0.7410714285714286, "TP": 19, "TN": 17, "FP": 11, "FN": 9}}, "ADA": {"valid": {"ACC": 0.6545454545454545, "F1_Score": 0.6885245901639345, "Recall": 0.7777777777777778, "Precision": 0.6176470588235294, "Cohen_Kappa": 0.3120473996050033, "AUC": 0.7037037037037037, "TP": 21, "TN": 15, "FP": 13, "FN": 6}, "test": {"ACC": 0.6964285714285714, "F1_Score": 0.7118644067796611, "Recall": 0.75, "Precision": 0.6774193548387096, "Cohen_Kappa": 0.3928571428571429, "AUC": 0.7040816326530612, "TP": 21, "TN": 18, "FP": 10, "FN": 7}}, "XGB": {"valid": {"ACC": 0.5636363636363636, "F1_Score": 0.625, "Recall": 0.7407407407407407, "Precision": 0.5405405405405406, "Cohen_Kappa": 0.13272010512483567, "AUC": 0.6772486772486772, "TP": 20, "TN": 11, "FP": 17, "FN": 7}, "test": {"ACC": 0.625, "F1_Score": 0.6315789473684211, "Recall": 0.6428571428571429, "Precision": 0.6206896551724138, "Cohen_Kappa": 0.25, "AUC": 0.6798469387755103, "TP": 18, "TN": 17, "FP": 11, "FN": 10}}, "MLP": {"valid": {"ACC": 0.5818181818181818, "F1_Score": 0.634920634920635, "Recall": 0.7407407407407407, "Precision": 0.5555555555555556, "Cohen_Kappa": 0.168310322156476, "AUC": 0.6825396825396826, "TP": 20, "TN": 12, "FP": 16, "FN": 7}, "test": {"ACC": 0.6607142857142857, "F1_Score": 0.6779661016949152, "Recall": 0.7142857142857143, "Precision": 0.6451612903225806, "Cohen_Kappa": 0.3214285714285714, "AUC": 0.729591836734694, "TP": 20, "TN": 17, "FP": 11, "FN": 8}}, "LR": {"valid": {"ACC": 0.6181818181818182, "F1_Score": 0.6440677966101694, "Recall": 0.7037037037037037, "Precision": 0.59375, "Cohen_Kappa": 0.23862887277521416, "AUC": 0.6851851851851851, "TP": 19, "TN": 15, "FP": 13, "FN": 8}, "test": {"ACC": 0.6428571428571429, "F1_Score": 0.6551724137931035, "Recall": 0.6785714285714286, "Precision": 0.6333333333333333, "Cohen_Kappa": 0.2857142857142857, "AUC": 0.7653061224489796, "TP": 19, "TN": 17, "FP": 11, "FN": 9}}, "ETAs": {"valid": {"ACC": 0.6, "F1_Score": 0.6451612903225806, "Recall": 0.7407407407407407, "Precision": 0.5714285714285714, "Cohen_Kappa": 0.20394736842105254, "AUC": 0.6567460317460317, "TP": 20, "TN": 13, "FP": 15, "FN": 7}, "test": {"ACC": 0.6071428571428571, "F1_Score": 0.6333333333333334, "Recall": 0.6785714285714286, "Precision": 0.59375, "Cohen_Kappa": 0.2142857142857143, "AUC": 0.7066326530612245, "TP": 19, "TN": 15, "FP": 13, "FN": 9}}, "CNB": {"valid": {"ACC": 0.509090909090909, "F1_Score": 0.5846153846153846, "Recall": 0.7037037037037037, "Precision": 0.5, "Cohen_Kappa": 0.024950755088640753, "AUC": 0.6058201058201058, "TP": 19, "TN": 9, "FP": 19, "FN": 8}, "test": {"ACC": 0.5892857142857143, "F1_Score": 0.6229508196721312, "Recall": 0.6785714285714286, "Precision": 0.5757575757575758, "Cohen_Kappa": 0.1785714285714286, "AUC": 0.7028061224489796, "TP": 19, "TN": 14, "FP": 14, "FN": 9}}, "GB": {"valid": {"ACC": 0.6, "F1_Score": 0.6451612903225806, "Recall": 0.7407407407407407, "Precision": 0.5714285714285714, "Cohen_Kappa": 0.20394736842105254, "AUC": 0.6732804232804234, "TP": 20, "TN": 13, "FP": 15, "FN": 7}, "test": {"ACC": 0.5892857142857143, "F1_Score": 0.5660377358490566, "Recall": 0.5357142857142857, "Precision": 0.6, "Cohen_Kappa": 0.1785714285714286, "AUC": 0.6862244897959184, "TP": 15, "TN": 18, "FP": 10, "FN": 13}}, "BAG": {"valid": {"ACC": 0.6363636363636364, "F1_Score": 0.6666666666666666, "Recall": 0.7407407407407407, "Precision": 0.6060606060606061, "Cohen_Kappa": 0.2753623188405797, "AUC": 0.6574074074074076, "TP": 20, "TN": 15, "FP": 13, "FN": 7}, "test": {"ACC": 0.5357142857142857, "F1_Score": 0.5357142857142857, "Recall": 0.5357142857142857, "Precision": 0.5357142857142857, "Cohen_Kappa": 0.0714285714285714, "AUC": 0.6313775510204083, "TP": 15, "TN": 15, "FP": 13, "FN": 13}}}