{"OVR": {"valid": {"ACC": 0.602996254681648, "F1_Score": 0.6131386861313869, "Recall": 0.631578947368421, "Precision": 0.5957446808510638, "Cohen_Kappa": 0.20615954224166944, "AUC": 0.6356750084165638, "TP": 84, "TN": 77, "FP": 57, "FN": 49}, "test": {"ACC": 0.6119402985074627, "F1_Score": 0.6090225563909774, "Recall": 0.6044776119402985, "Precision": 0.6136363636363636, "Cohen_Kappa": 0.22388059701492535, "AUC": 0.6418467364669191, "TP": 81, "TN": 83, "FP": 51, "FN": 53}}, "KNB": {"valid": {"ACC": 0.6067415730337079, "F1_Score": 0.6315789473684209, "Recall": 0.6766917293233082, "Precision": 0.5921052631578947, "Cohen_Kappa": 0.21389114768808004, "AUC": 0.6100605992593422, "TP": 90, "TN": 72, "FP": 62, "FN": 43}, "test": {"ACC": 0.6492537313432836, "F1_Score": 0.6466165413533834, "Recall": 0.6417910447761194, "Precision": 0.6515151515151515, "Cohen_Kappa": 0.29850746268656714, "AUC": 0.678547560703943, "TP": 86, "TN": 88, "FP": 46, "FN": 48}}, "DT": {"valid": {"ACC": 0.5543071161048689, "F1_Score": 0.5576208178438661, "Recall": 0.5639097744360902, "Precision": 0.5514705882352942, "Cohen_Kappa": 0.10867674699133167, "AUC": 0.5543429469195377, "TP": 75, "TN": 73, "FP": 61, "FN": 58}, "test": {"ACC": 0.5559701492537313, "F1_Score": 0.5576208178438661, "Recall": 0.5597014925373134, "Precision": 0.5555555555555556, "Cohen_Kappa": 0.11194029850746268, "AUC": 0.5543272443751392, "TP": 75, "TN": 74, "FP": 60, "FN": 59}}, "MNB": {"valid": {"ACC": 0.6292134831460674, "F1_Score": 0.6644067796610169, "Recall": 0.7368421052631579, "Precision": 0.6049382716049383, "Cohen_Kappa": 0.2590194264569843, "AUC": 0.6827516552575469, "TP": 98, "TN": 70, "FP": 64, "FN": 35}, "test": {"ACC": 0.6231343283582089, "F1_Score": 0.6353790613718411, "Recall": 0.6567164179104478, "Precision": 0.6153846153846154, "Cohen_Kappa": 0.24626865671641796, "AUC": 0.6625640454444197, "TP": 88, "TN": 79, "FP": 55, "FN": 46}}, "RF": {"valid": {"ACC": 0.6179775280898876, "F1_Score": 0.6458333333333333, "Recall": 0.6992481203007519, "Precision": 0.6, "Cohen_Kappa": 0.23641563393708287, "AUC": 0.638256087981147, "TP": 93, "TN": 72, "FP": 62, "FN": 40}, "test": {"ACC": 0.6119402985074627, "F1_Score": 0.6312056737588652, "Recall": 0.664179104477612, "Precision": 0.6013513513513513, "Cohen_Kappa": 0.22388059701492535, "AUC": 0.6755959010915571, "TP": 89, "TN": 75, "FP": 59, "FN": 45}}, "ADA": {"valid": {"ACC": 0.599250936329588, "F1_Score": 0.5868725868725869, "Recall": 0.5714285714285714, "Precision": 0.6031746031746031, "Cohen_Kappa": 0.1983331930297163, "AUC": 0.6506003815508922, "TP": 76, "TN": 84, "FP": 50, "FN": 57}, "test": {"ACC": 0.6268656716417911, "F1_Score": 0.6268656716417911, "Recall": 0.6268656716417911, "Precision": 0.6268656716417911, "Cohen_Kappa": 0.25373134328358204, "AUC": 0.6880429939852973, "TP": 84, "TN": 84, "FP": 50, "FN": 50}}, "XGB": {"valid": {"ACC": 0.602996254681648, "F1_Score": 0.6102941176470589, "Recall": 0.6240601503759399, "Precision": 0.5971223021582733, "Cohen_Kappa": 0.20611500701262275, "AUC": 0.6459432162495792, "TP": 83, "TN": 78, "FP": 56, "FN": 50}, "test": {"ACC": 0.6231343283582089, "F1_Score": 0.6273062730627306, "Recall": 0.6343283582089553, "Precision": 0.6204379562043796, "Cohen_Kappa": 0.24626865671641796, "AUC": 0.6877923813766986, "TP": 85, "TN": 82, "FP": 52, "FN": 49}}, "MLP": {"valid": {"ACC": 0.5730337078651685, "F1_Score": 0.5476190476190476, "Recall": 0.518796992481203, "Precision": 0.5798319327731093, "Cohen_Kappa": 0.14571989896154924, "AUC": 0.626865671641791, "TP": 69, "TN": 84, "FP": 50, "FN": 64}, "test": {"ACC": 0.6455223880597015, "F1_Score": 0.6245059288537549, "Recall": 0.5895522388059702, "Precision": 0.6638655462184874, "Cohen_Kappa": 0.29104477611940294, "AUC": 0.715415460013366, "TP": 79, "TN": 94, "FP": 40, "FN": 55}}, "LR": {"valid": {"ACC": 0.602996254681648, "F1_Score": 0.6131386861313869, "Recall": 0.631578947368421, "Precision": 0.5957446808510638, "Cohen_Kappa": 0.20615954224166944, "AUC": 0.6356750084165638, "TP": 84, "TN": 77, "FP": 57, "FN": 49}, "test": {"ACC": 0.6119402985074627, "F1_Score": 0.6090225563909774, "Recall": 0.6044776119402985, "Precision": 0.6136363636363636, "Cohen_Kappa": 0.22388059701492535, "AUC": 0.6418467364669191, "TP": 81, "TN": 83, "FP": 51, "FN": 53}}, "ETAs": {"valid": {"ACC": 0.6179775280898876, "F1_Score": 0.6382978723404257, "Recall": 0.6766917293233082, "Precision": 0.6040268456375839, "Cohen_Kappa": 0.23628715647784626, "AUC": 0.6282684322747167, "TP": 90, "TN": 75, "FP": 59, "FN": 43}, "test": {"ACC": 0.6791044776119403, "F1_Score": 0.6814814814814815, "Recall": 0.6865671641791045, "Precision": 0.6764705882352942, "Cohen_Kappa": 0.35820895522388063, "AUC": 0.7057251058142123, "TP": 92, "TN": 90, "FP": 44, "FN": 42}}, "CNB": {"valid": {"ACC": 0.6292134831460674, "F1_Score": 0.6644067796610169, "Recall": 0.7368421052631579, "Precision": 0.6049382716049383, "Cohen_Kappa": 0.2590194264569843, "AUC": 0.6827516552575469, "TP": 98, "TN": 70, "FP": 64, "FN": 35}, "test": {"ACC": 0.6194029850746269, "F1_Score": 0.6304347826086957, "Recall": 0.6492537313432836, "Precision": 0.6126760563380281, "Cohen_Kappa": 0.23880597014925375, "AUC": 0.6625640454444197, "TP": 87, "TN": 79, "FP": 55, "FN": 47}}, "GB": {"valid": {"ACC": 0.6179775280898876, "F1_Score": 0.6304347826086957, "Recall": 0.6541353383458647, "Precision": 0.6083916083916084, "Cohen_Kappa": 0.23615863577719187, "AUC": 0.6601952642801033, "TP": 87, "TN": 78, "FP": 56, "FN": 46}, "test": {"ACC": 0.664179104477612, "F1_Score": 0.6616541353383459, "Recall": 0.6567164179104478, "Precision": 0.6666666666666666, "Cohen_Kappa": 0.32835820895522383, "AUC": 0.7071173980842058, "TP": 88, "TN": 90, "FP": 44, "FN": 46}}, "BAG": {"valid": {"ACC": 0.5318352059925093, "F1_Score": 0.4979919678714859, "Recall": 0.46616541353383456, "Precision": 0.5344827586206896, "Cohen_Kappa": 0.06321048642883209, "AUC": 0.5714285714285714, "TP": 62, "TN": 80, "FP": 54, "FN": 71}, "test": {"ACC": 0.6455223880597015, "F1_Score": 0.609053497942387, "Recall": 0.5522388059701493, "Precision": 0.6788990825688074, "Cohen_Kappa": 0.29104477611940294, "AUC": 0.6679104477611942, "TP": 74, "TN": 99, "FP": 35, "FN": 60}}}