{"OVR": {"valid": {"ACC": 0.7142857142857143, "F1_Score": 0.7096774193548387, "Recall": 0.7021276595744681, "Precision": 0.717391304347826, "Cohen_Kappa": 0.4284914324112442, "AUC": 0.748936170212766, "TP": 66, "TN": 69, "FP": 26, "FN": 28}, "test": {"ACC": 0.6190476190476191, "F1_Score": 0.6086956521739131, "Recall": 0.5894736842105263, "Precision": 0.6292134831460674, "Cohen_Kappa": 0.23832978842494124, "AUC": 0.6723404255319149, "TP": 56, "TN": 61, "FP": 33, "FN": 39}}, "KNB": {"valid": {"ACC": 0.6825396825396826, "F1_Score": 0.7169811320754716, "Recall": 0.8085106382978723, "Precision": 0.6440677966101694, "Cohen_Kappa": 0.3659136658465667, "AUC": 0.7379059350503918, "TP": 76, "TN": 53, "FP": 42, "FN": 18}, "test": {"ACC": 0.6931216931216931, "F1_Score": 0.7211538461538461, "Recall": 0.7894736842105263, "Precision": 0.6637168141592921, "Cohen_Kappa": 0.38560699473153237, "AUC": 0.7475923852183651, "TP": 75, "TN": 56, "FP": 38, "FN": 20}}, "DT": {"valid": {"ACC": 0.6825396825396826, "F1_Score": 0.6875000000000001, "Recall": 0.7021276595744681, "Precision": 0.673469387755102, "Cohen_Kappa": 0.36520376175548586, "AUC": 0.6810750279955208, "TP": 66, "TN": 63, "FP": 32, "FN": 28}, "test": {"ACC": 0.6137566137566137, "F1_Score": 0.6178010471204188, "Recall": 0.6210526315789474, "Precision": 0.6145833333333334, "Cohen_Kappa": 0.22744834537208136, "AUC": 0.6148936170212765, "TP": 59, "TN": 57, "FP": 37, "FN": 36}}, "MNB": {"valid": {"ACC": 0.656084656084656, "F1_Score": 0.6859903381642513, "Recall": 0.7553191489361702, "Precision": 0.6283185840707964, "Cohen_Kappa": 0.3128810336148554, "AUC": 0.7250839865621501, "TP": 71, "TN": 53, "FP": 42, "FN": 23}, "test": {"ACC": 0.6878306878306878, "F1_Score": 0.7093596059113301, "Recall": 0.7578947368421053, "Precision": 0.6666666666666666, "Cohen_Kappa": 0.3751891074130106, "AUC": 0.7368980963045912, "TP": 72, "TN": 58, "FP": 36, "FN": 23}}, "RF": {"valid": {"ACC": 0.708994708994709, "F1_Score": 0.6994535519125683, "Recall": 0.6808510638297872, "Precision": 0.7191011235955056, "Cohen_Kappa": 0.417810137216466, "AUC": 0.7661814109742442, "TP": 64, "TN": 70, "FP": 25, "FN": 30}, "test": {"ACC": 0.7407407407407407, "F1_Score": 0.7379679144385027, "Recall": 0.7263157894736842, "Precision": 0.75, "Cohen_Kappa": 0.481554050271511, "AUC": 0.7989361702127659, "TP": 69, "TN": 71, "FP": 23, "FN": 26}}, "ADA": {"valid": {"ACC": 0.7248677248677249, "F1_Score": 0.7291666666666666, "Recall": 0.7446808510638298, "Precision": 0.7142857142857143, "Cohen_Kappa": 0.44984326018808773, "AUC": 0.7674692049272116, "TP": 70, "TN": 67, "FP": 28, "FN": 24}, "test": {"ACC": 0.6349206349206349, "F1_Score": 0.6387434554973821, "Recall": 0.6421052631578947, "Precision": 0.6354166666666666, "Cohen_Kappa": 0.26977994288593987, "AUC": 0.717973124300112, "TP": 61, "TN": 59, "FP": 35, "FN": 34}}, "XGB": {"valid": {"ACC": 0.7354497354497355, "F1_Score": 0.7340425531914893, "Recall": 0.7340425531914894, "Precision": 0.7340425531914894, "Cohen_Kappa": 0.4708846584546472, "AUC": 0.8089585666293394, "TP": 69, "TN": 70, "FP": 25, "FN": 25}, "test": {"ACC": 0.7142857142857143, "F1_Score": 0.7187499999999999, "Recall": 0.7263157894736842, "Precision": 0.711340206185567, "Cohen_Kappa": 0.4284914324112442, "AUC": 0.7887458006718924, "TP": 69, "TN": 66, "FP": 28, "FN": 26}}, "MLP": {"valid": {"ACC": 0.7301587301587301, "F1_Score": 0.7329842931937173, "Recall": 0.7446808510638298, "Precision": 0.7216494845360825, "Cohen_Kappa": 0.4603929910989196, "AUC": 0.8050391937290033, "TP": 70, "TN": 68, "FP": 27, "FN": 24}, "test": {"ACC": 0.6296296296296297, "F1_Score": 0.6354166666666667, "Recall": 0.6421052631578947, "Precision": 0.6288659793814433, "Cohen_Kappa": 0.2591555605330944, "AUC": 0.7091825307950728, "TP": 61, "TN": 58, "FP": 36, "FN": 34}}, "LR": {"valid": {"ACC": 0.7142857142857143, "F1_Score": 0.7096774193548387, "Recall": 0.7021276595744681, "Precision": 0.717391304347826, "Cohen_Kappa": 0.4284914324112442, "AUC": 0.748936170212766, "TP": 66, "TN": 69, "FP": 26, "FN": 28}, "test": {"ACC": 0.6190476190476191, "F1_Score": 0.6086956521739131, "Recall": 0.5894736842105263, "Precision": 0.6292134831460674, "Cohen_Kappa": 0.23832978842494124, "AUC": 0.6723404255319149, "TP": 56, "TN": 61, "FP": 33, "FN": 39}}, "ETAs": {"valid": {"ACC": 0.7354497354497355, "F1_Score": 0.7422680412371133, "Recall": 0.7659574468085106, "Precision": 0.72, "Cohen_Kappa": 0.4710623530728759, "AUC": 0.8005599104143336, "TP": 72, "TN": 67, "FP": 28, "FN": 22}, "test": {"ACC": 0.7195767195767195, "F1_Score": 0.7135135135135134, "Recall": 0.6947368421052632, "Precision": 0.7333333333333333, "Cohen_Kappa": 0.43929471032745593, "AUC": 0.7851623740201567, "TP": 66, "TN": 70, "FP": 24, "FN": 29}}, "CNB": {"valid": {"ACC": 0.656084656084656, "F1_Score": 0.6859903381642513, "Recall": 0.7553191489361702, "Precision": 0.6283185840707964, "Cohen_Kappa": 0.3128810336148554, "AUC": 0.7250839865621501, "TP": 71, "TN": 53, "FP": 42, "FN": 23}, "test": {"ACC": 0.6878306878306878, "F1_Score": 0.7093596059113301, "Recall": 0.7578947368421053, "Precision": 0.6666666666666666, "Cohen_Kappa": 0.3751891074130106, "AUC": 0.7368980963045912, "TP": 72, "TN": 58, "FP": 36, "FN": 23}}, "GB": {"valid": {"ACC": 0.7354497354497355, "F1_Score": 0.7422680412371133, "Recall": 0.7659574468085106, "Precision": 0.72, "Cohen_Kappa": 0.4710623530728759, "AUC": 0.7825307950727883, "TP": 72, "TN": 67, "FP": 28, "FN": 22}, "test": {"ACC": 0.7037037037037037, "F1_Score": 0.7113402061855671, "Recall": 0.7263157894736842, "Precision": 0.696969696969697, "Cohen_Kappa": 0.4072580645161291, "AUC": 0.7772116461366182, "TP": 69, "TN": 64, "FP": 30, "FN": 26}}, "BAG": {"valid": {"ACC": 0.708994708994709, "F1_Score": 0.6857142857142857, "Recall": 0.6382978723404256, "Precision": 0.7407407407407407, "Cohen_Kappa": 0.4175491679273827, "AUC": 0.7633818589025756, "TP": 60, "TN": 74, "FP": 21, "FN": 34}, "test": {"ACC": 0.6984126984126984, "F1_Score": 0.6885245901639344, "Recall": 0.6631578947368421, "Precision": 0.7159090909090909, "Cohen_Kappa": 0.39704483125314827, "AUC": 0.7828107502799552, "TP": 63, "TN": 69, "FP": 25, "FN": 32}}}