{"OVR": {"valid": {"ACC": 0.7513227513227513, "F1_Score": 0.7638190954773869, "Recall": 0.8085106382978723, "Precision": 0.7238095238095238, "Cohen_Kappa": 0.5029377203290246, "AUC": 0.8050391937290033, "TP": 76, "TN": 66, "FP": 29, "FN": 18}, "test": {"ACC": 0.783068783068783, "F1_Score": 0.7853403141361256, "Recall": 0.7894736842105263, "Precision": 0.78125, "Cohen_Kappa": 0.5661011254829498, "AUC": 0.8473684210526315, "TP": 75, "TN": 73, "FP": 21, "FN": 20}}, "KNB": {"valid": {"ACC": 0.6984126984126984, "F1_Score": 0.7015706806282722, "Recall": 0.7127659574468085, "Precision": 0.6907216494845361, "Cohen_Kappa": 0.3969098135811454, "AUC": 0.7610302351623741, "TP": 67, "TN": 65, "FP": 30, "FN": 27}, "test": {"ACC": 0.7142857142857143, "F1_Score": 0.7127659574468086, "Recall": 0.7052631578947368, "Precision": 0.7204301075268817, "Cohen_Kappa": 0.42861941551897886, "AUC": 0.7681970884658454, "TP": 67, "TN": 68, "FP": 26, "FN": 28}}, "DT": {"valid": {"ACC": 0.6666666666666666, "F1_Score": 0.689655172413793, "Recall": 0.7446808510638298, "Precision": 0.6422018348623854, "Cohen_Kappa": 0.3338741258741259, "AUC": 0.6670772676371781, "TP": 70, "TN": 56, "FP": 39, "FN": 24}, "test": {"ACC": 0.6666666666666666, "F1_Score": 0.6896551724137931, "Recall": 0.7368421052631579, "Precision": 0.6481481481481481, "Cohen_Kappa": 0.33282904689863846, "AUC": 0.6662933930571109, "TP": 70, "TN": 56, "FP": 38, "FN": 25}}, "MNB": {"valid": "NaN", "test": "NaN"}, "RF": {"valid": {"ACC": 0.7566137566137566, "F1_Score": 0.7676767676767676, "Recall": 0.8085106382978723, "Precision": 0.7307692307692307, "Cohen_Kappa": 0.5134862898712926, "AUC": 0.8175251959686449, "TP": 76, "TN": 67, "FP": 28, "FN": 18}, "test": {"ACC": 0.7513227513227513, "F1_Score": 0.7539267015706805, "Recall": 0.7578947368421053, "Precision": 0.75, "Cohen_Kappa": 0.5026037292121619, "AUC": 0.8468085106382979, "TP": 72, "TN": 70, "FP": 24, "FN": 23}}, "ADA": {"valid": {"ACC": 0.7301587301587301, "F1_Score": 0.7384615384615384, "Recall": 0.7659574468085106, "Precision": 0.7128712871287128, "Cohen_Kappa": 0.4605137963843958, "AUC": 0.777043673012318, "TP": 72, "TN": 66, "FP": 29, "FN": 22}, "test": {"ACC": 0.7513227513227513, "F1_Score": 0.7661691542288557, "Recall": 0.8105263157894737, "Precision": 0.7264150943396226, "Cohen_Kappa": 0.5023250602274638, "AUC": 0.7995520716685331, "TP": 77, "TN": 65, "FP": 29, "FN": 18}}, "XGB": {"valid": {"ACC": 0.7407407407407407, "F1_Score": 0.7562189054726367, "Recall": 0.8085106382978723, "Precision": 0.7102803738317757, "Cohen_Kappa": 0.48184412241929164, "AUC": 0.8129899216125419, "TP": 76, "TN": 64, "FP": 31, "FN": 18}, "test": {"ACC": 0.7671957671957672, "F1_Score": 0.7821782178217822, "Recall": 0.8315789473684211, "Precision": 0.7383177570093458, "Cohen_Kappa": 0.5340654415060511, "AUC": 0.8418812989921612, "TP": 79, "TN": 66, "FP": 28, "FN": 16}}, "MLP": {"valid": {"ACC": 0.746031746031746, "F1_Score": 0.7551020408163265, "Recall": 0.7872340425531915, "Precision": 0.7254901960784313, "Cohen_Kappa": 0.4922766957689725, "AUC": 0.8362821948488242, "TP": 74, "TN": 67, "FP": 28, "FN": 20}, "test": {"ACC": 0.7883597883597884, "F1_Score": 0.7959183673469388, "Recall": 0.8210526315789474, "Precision": 0.7722772277227723, "Cohen_Kappa": 0.5765654755236922, "AUC": 0.8437849944008958, "TP": 78, "TN": 71, "FP": 23, "FN": 17}}, "LR": {"valid": {"ACC": 0.7513227513227513, "F1_Score": 0.7638190954773869, "Recall": 0.8085106382978723, "Precision": 0.7238095238095238, "Cohen_Kappa": 0.5029377203290246, "AUC": 0.8050391937290033, "TP": 76, "TN": 66, "FP": 29, "FN": 18}, "test": {"ACC": 0.783068783068783, "F1_Score": 0.7853403141361256, "Recall": 0.7894736842105263, "Precision": 0.78125, "Cohen_Kappa": 0.5661011254829498, "AUC": 0.8473684210526315, "TP": 75, "TN": 73, "FP": 21, "FN": 20}}, "ETAs": {"valid": {"ACC": 0.746031746031746, "F1_Score": 0.7525773195876287, "Recall": 0.776595744680851, "Precision": 0.73, "Cohen_Kappa": 0.4922198589499608, "AUC": 0.8340425531914893, "TP": 73, "TN": 68, "FP": 27, "FN": 21}, "test": {"ACC": 0.7301587301587301, "F1_Score": 0.7301587301587302, "Recall": 0.7263157894736842, "Precision": 0.7340425531914894, "Cohen_Kappa": 0.46033256816527635, "AUC": 0.8349384098544232, "TP": 69, "TN": 69, "FP": 25, "FN": 26}}, "CNB": {"valid": "NaN", "test": "NaN"}, "GB": {"valid": {"ACC": 0.7407407407407407, "F1_Score": 0.7537688442211057, "Recall": 0.7978723404255319, "Precision": 0.7142857142857143, "Cohen_Kappa": 0.481786133960047, "AUC": 0.8182530795072789, "TP": 75, "TN": 65, "FP": 30, "FN": 19}, "test": {"ACC": 0.7671957671957672, "F1_Score": 0.7821782178217822, "Recall": 0.8315789473684211, "Precision": 0.7383177570093458, "Cohen_Kappa": 0.5340654415060511, "AUC": 0.832922732362822, "TP": 79, "TN": 66, "FP": 28, "FN": 16}}, "BAG": {"valid": {"ACC": 0.7513227513227513, "F1_Score": 0.7513227513227513, "Recall": 0.7553191489361702, "Precision": 0.7473684210526316, "Cohen_Kappa": 0.5026594255640782, "AUC": 0.7887458006718926, "TP": 71, "TN": 71, "FP": 24, "FN": 23}, "test": {"ACC": 0.7301587301587301, "F1_Score": 0.7301587301587302, "Recall": 0.7263157894736842, "Precision": 0.7340425531914894, "Cohen_Kappa": 0.46033256816527635, "AUC": 0.7981522956326987, "TP": 69, "TN": 69, "FP": 25, "FN": 26}}}