{"OVR": {"valid": {"ACC": 0.6935483870967742, "F1_Score": 0.6984126984126984, "Recall": 0.7096774193548387, "Precision": 0.6875, "Cohen_Kappa": 0.3870967741935484, "AUC": 0.759885535900104, "TP": 88, "TN": 84, "FP": 40, "FN": 36}, "test": {"ACC": 0.6867469879518072, "F1_Score": 0.7000000000000001, "Recall": 0.7338709677419355, "Precision": 0.6691176470588235, "Cohen_Kappa": 0.3737262994969689, "AUC": 0.7681290322580645, "TP": 91, "TN": 80, "FP": 45, "FN": 33}}, "KNB": {"valid": {"ACC": 0.6169354838709677, "F1_Score": 0.6153846153846153, "Recall": 0.6129032258064516, "Precision": 0.6178861788617886, "Cohen_Kappa": 0.2338709677419355, "AUC": 0.6909144120707595, "TP": 76, "TN": 77, "FP": 47, "FN": 48}, "test": {"ACC": 0.6746987951807228, "F1_Score": 0.6666666666666667, "Recall": 0.6532258064516129, "Precision": 0.680672268907563, "Cohen_Kappa": 0.34928214228101306, "AUC": 0.7350000000000001, "TP": 81, "TN": 87, "FP": 38, "FN": 43}}, "DT": {"valid": {"ACC": 0.6370967741935484, "F1_Score": 0.6341463414634146, "Recall": 0.6290322580645161, "Precision": 0.639344262295082, "Cohen_Kappa": 0.27419354838709675, "AUC": 0.6370967741935484, "TP": 78, "TN": 80, "FP": 44, "FN": 46}, "test": {"ACC": 0.6224899598393574, "F1_Score": 0.6269841269841269, "Recall": 0.6370967741935484, "Precision": 0.6171875, "Cohen_Kappa": 0.24506515288349895, "AUC": 0.6225483870967742, "TP": 79, "TN": 76, "FP": 49, "FN": 45}}, "MNB": {"valid": "NaN", "test": "NaN"}, "RF": {"valid": {"ACC": 0.7056451612903226, "F1_Score": 0.7114624505928854, "Recall": 0.7258064516129032, "Precision": 0.6976744186046512, "Cohen_Kappa": 0.41129032258064513, "AUC": 0.7809898543184184, "TP": 90, "TN": 85, "FP": 39, "FN": 34}, "test": {"ACC": 0.7068273092369478, "F1_Score": 0.7137254901960784, "Recall": 0.7338709677419355, "Precision": 0.6946564885496184, "Cohen_Kappa": 0.4137775341052021, "AUC": 0.8048387096774193, "TP": 91, "TN": 85, "FP": 40, "FN": 33}}, "ADA": {"valid": {"ACC": 0.7137096774193549, "F1_Score": 0.7193675889328064, "Recall": 0.7338709677419355, "Precision": 0.7054263565891473, "Cohen_Kappa": 0.42741935483870963, "AUC": 0.7711693548387096, "TP": 91, "TN": 86, "FP": 38, "FN": 33}, "test": {"ACC": 0.6666666666666666, "F1_Score": 0.6612244897959184, "Recall": 0.6532258064516129, "Precision": 0.6694214876033058, "Cohen_Kappa": 0.33325805723134494, "AUC": 0.7226451612903226, "TP": 81, "TN": 85, "FP": 40, "FN": 43}}, "XGB": {"valid": {"ACC": 0.7338709677419355, "F1_Score": 0.736, "Recall": 0.7419354838709677, "Precision": 0.7301587301587301, "Cohen_Kappa": 0.467741935483871, "AUC": 0.8079474505723205, "TP": 92, "TN": 90, "FP": 34, "FN": 32}, "test": {"ACC": 0.7469879518072289, "F1_Score": 0.7567567567567567, "Recall": 0.7903225806451613, "Precision": 0.725925925925926, "Cohen_Kappa": 0.4941472380768114, "AUC": 0.8151612903225808, "TP": 98, "TN": 88, "FP": 37, "FN": 26}}, "MLP": {"valid": {"ACC": 0.7258064516129032, "F1_Score": 0.7343750000000001, "Recall": 0.7580645161290323, "Precision": 0.7121212121212122, "Cohen_Kappa": 0.4516129032258065, "AUC": 0.7790712799167534, "TP": 94, "TN": 86, "FP": 38, "FN": 30}, "test": {"ACC": 0.7389558232931727, "F1_Score": 0.7470817120622568, "Recall": 0.7741935483870968, "Precision": 0.7218045112781954, "Cohen_Kappa": 0.47805475829597854, "AUC": 0.7846451612903226, "TP": 96, "TN": 88, "FP": 37, "FN": 28}}, "LR": {"valid": {"ACC": 0.6935483870967742, "F1_Score": 0.6984126984126984, "Recall": 0.7096774193548387, "Precision": 0.6875, "Cohen_Kappa": 0.3870967741935484, "AUC": 0.759885535900104, "TP": 88, "TN": 84, "FP": 40, "FN": 36}, "test": {"ACC": 0.6867469879518072, "F1_Score": 0.7000000000000001, "Recall": 0.7338709677419355, "Precision": 0.6691176470588235, "Cohen_Kappa": 0.3737262994969689, "AUC": 0.7681290322580645, "TP": 91, "TN": 80, "FP": 45, "FN": 33}}, "ETAs": {"valid": {"ACC": 0.6774193548387096, "F1_Score": 0.6875, "Recall": 0.7096774193548387, "Precision": 0.6666666666666666, "Cohen_Kappa": 0.3548387096774194, "AUC": 0.7862903225806451, "TP": 88, "TN": 80, "FP": 44, "FN": 36}, "test": {"ACC": 0.7309236947791165, "F1_Score": 0.7309236947791165, "Recall": 0.7338709677419355, "Precision": 0.728, "Cohen_Kappa": 0.4618560691590594, "AUC": 0.8096451612903227, "TP": 91, "TN": 91, "FP": 34, "FN": 33}}, "CNB": {"valid": "NaN", "test": "NaN"}, "GB": {"valid": {"ACC": 0.7137096774193549, "F1_Score": 0.7171314741035857, "Recall": 0.7258064516129032, "Precision": 0.7086614173228346, "Cohen_Kappa": 0.42741935483870963, "AUC": 0.7992976066597295, "TP": 90, "TN": 87, "FP": 37, "FN": 34}, "test": {"ACC": 0.714859437751004, "F1_Score": 0.7237354085603113, "Recall": 0.75, "Precision": 0.6992481203007519, "Cohen_Kappa": 0.4298751975232996, "AUC": 0.7846451612903226, "TP": 93, "TN": 85, "FP": 40, "FN": 31}}, "BAG": {"valid": {"ACC": 0.6814516129032258, "F1_Score": 0.6748971193415637, "Recall": 0.6612903225806451, "Precision": 0.6890756302521008, "Cohen_Kappa": 0.3629032258064516, "AUC": 0.7570239334027056, "TP": 82, "TN": 87, "FP": 37, "FN": 42}, "test": {"ACC": 0.7228915662650602, "F1_Score": 0.7136929460580913, "Recall": 0.6935483870967742, "Precision": 0.7350427350427351, "Cohen_Kappa": 0.4456490175200851, "AUC": 0.7740967741935484, "TP": 86, "TN": 94, "FP": 31, "FN": 38}}}