{"OVR": {"valid": {"ACC": 0.7066666666666667, "F1_Score": 0.7105263157894737, "Recall": 0.72, "Precision": 0.7012987012987013, "Cohen_Kappa": 0.41333333333333333, "AUC": 0.7736888888888889, "TP": 54, "TN": 52, "FP": 23, "FN": 21}, "test": {"ACC": 0.66, "F1_Score": 0.6622516556291391, "Recall": 0.6666666666666666, "Precision": 0.6578947368421053, "Cohen_Kappa": 0.31999999999999995, "AUC": 0.7009777777777777, "TP": 50, "TN": 49, "FP": 26, "FN": 25}}, "KNB": {"valid": {"ACC": 0.6466666666666666, "F1_Score": 0.6624203821656051, "Recall": 0.6933333333333334, "Precision": 0.6341463414634146, "Cohen_Kappa": 0.29333333333333333, "AUC": 0.716, "TP": 52, "TN": 45, "FP": 30, "FN": 23}, "test": {"ACC": 0.6333333333333333, "F1_Score": 0.6583850931677019, "Recall": 0.7066666666666667, "Precision": 0.6162790697674418, "Cohen_Kappa": 0.2666666666666667, "AUC": 0.6959111111111111, "TP": 53, "TN": 42, "FP": 33, "FN": 22}}, "DT": {"valid": {"ACC": 0.58, "F1_Score": 0.6358381502890174, "Recall": 0.7333333333333333, "Precision": 0.5612244897959183, "Cohen_Kappa": 0.16000000000000003, "AUC": 0.58, "TP": 55, "TN": 32, "FP": 43, "FN": 20}, "test": {"ACC": 0.56, "F1_Score": 0.6292134831460674, "Recall": 0.7466666666666667, "Precision": 0.5436893203883495, "Cohen_Kappa": 0.12, "AUC": 0.56, "TP": 56, "TN": 28, "FP": 47, "FN": 19}}, "MNB": {"valid": "NaN", "test": "NaN"}, "RF": {"valid": {"ACC": 0.7, "F1_Score": 0.6938775510204083, "Recall": 0.68, "Precision": 0.7083333333333334, "Cohen_Kappa": 0.4, "AUC": 0.7747555555555555, "TP": 51, "TN": 54, "FP": 21, "FN": 24}, "test": {"ACC": 0.7133333333333334, "F1_Score": 0.6993006993006994, "Recall": 0.6666666666666666, "Precision": 0.7352941176470589, "Cohen_Kappa": 0.42666666666666664, "AUC": 0.7848888888888889, "TP": 50, "TN": 57, "FP": 18, "FN": 25}}, "ADA": {"valid": {"ACC": 0.6466666666666666, "F1_Score": 0.6442953020134228, "Recall": 0.64, "Precision": 0.6486486486486487, "Cohen_Kappa": 0.29333333333333333, "AUC": 0.7102222222222222, "TP": 48, "TN": 49, "FP": 26, "FN": 27}, "test": {"ACC": 0.6266666666666667, "F1_Score": 0.6266666666666667, "Recall": 0.6266666666666667, "Precision": 0.6266666666666667, "Cohen_Kappa": 0.2533333333333333, "AUC": 0.7008000000000001, "TP": 47, "TN": 47, "FP": 28, "FN": 28}}, "XGB": {"valid": {"ACC": 0.74, "F1_Score": 0.7450980392156863, "Recall": 0.76, "Precision": 0.7307692307692307, "Cohen_Kappa": 0.48, "AUC": 0.7482666666666667, "TP": 57, "TN": 54, "FP": 21, "FN": 18}, "test": {"ACC": 0.7066666666666667, "F1_Score": 0.6901408450704225, "Recall": 0.6533333333333333, "Precision": 0.7313432835820896, "Cohen_Kappa": 0.41333333333333333, "AUC": 0.7847111111111111, "TP": 49, "TN": 57, "FP": 18, "FN": 26}}, "MLP": {"valid": {"ACC": 0.76, "F1_Score": 0.7567567567567568, "Recall": 0.7466666666666667, "Precision": 0.7671232876712328, "Cohen_Kappa": 0.52, "AUC": 0.7937777777777778, "TP": 56, "TN": 58, "FP": 17, "FN": 19}, "test": {"ACC": 0.7333333333333333, "F1_Score": 0.7402597402597403, "Recall": 0.76, "Precision": 0.7215189873417721, "Cohen_Kappa": 0.4666666666666667, "AUC": 0.7495111111111112, "TP": 57, "TN": 53, "FP": 22, "FN": 18}}, "LR": {"valid": {"ACC": 0.7066666666666667, "F1_Score": 0.7105263157894737, "Recall": 0.72, "Precision": 0.7012987012987013, "Cohen_Kappa": 0.41333333333333333, "AUC": 0.7736888888888889, "TP": 54, "TN": 52, "FP": 23, "FN": 21}, "test": {"ACC": 0.66, "F1_Score": 0.6622516556291391, "Recall": 0.6666666666666666, "Precision": 0.6578947368421053, "Cohen_Kappa": 0.31999999999999995, "AUC": 0.7009777777777777, "TP": 50, "TN": 49, "FP": 26, "FN": 25}}, "ETAs": {"valid": {"ACC": 0.6866666666666666, "F1_Score": 0.6928104575163399, "Recall": 0.7066666666666667, "Precision": 0.6794871794871795, "Cohen_Kappa": 0.3733333333333333, "AUC": 0.7885333333333333, "TP": 53, "TN": 50, "FP": 25, "FN": 22}, "test": {"ACC": 0.7066666666666667, "F1_Score": 0.7142857142857143, "Recall": 0.7333333333333333, "Precision": 0.6962025316455697, "Cohen_Kappa": 0.41333333333333333, "AUC": 0.8038222222222222, "TP": 55, "TN": 51, "FP": 24, "FN": 20}}, "CNB": {"valid": "NaN", "test": "NaN"}, "GB": {"valid": {"ACC": 0.7, "F1_Score": 0.689655172413793, "Recall": 0.6666666666666666, "Precision": 0.7142857142857143, "Cohen_Kappa": 0.4, "AUC": 0.7448888888888889, "TP": 50, "TN": 55, "FP": 20, "FN": 25}, "test": {"ACC": 0.6533333333333333, "F1_Score": 0.6438356164383562, "Recall": 0.6266666666666667, "Precision": 0.6619718309859155, "Cohen_Kappa": 0.30666666666666664, "AUC": 0.7575111111111111, "TP": 47, "TN": 51, "FP": 24, "FN": 28}}, "BAG": {"valid": {"ACC": 0.6, "F1_Score": 0.5833333333333334, "Recall": 0.56, "Precision": 0.6086956521739131, "Cohen_Kappa": 0.19999999999999996, "AUC": 0.7232888888888889, "TP": 42, "TN": 48, "FP": 27, "FN": 33}, "test": {"ACC": 0.6666666666666666, "F1_Score": 0.6376811594202899, "Recall": 0.5866666666666667, "Precision": 0.6984126984126984, "Cohen_Kappa": 0.33333333333333337, "AUC": 0.7328888888888889, "TP": 44, "TN": 56, "FP": 19, "FN": 31}}}