{"OVR": {"valid": {"ACC": 0.6929824561403509, "F1_Score": 0.6902654867256636, "Recall": 0.6842105263157895, "Precision": 0.6964285714285714, "Cohen_Kappa": 0.38596491228070173, "AUC": 0.731917513080948, "TP": 39, "TN": 40, "FP": 17, "FN": 18}, "test": {"ACC": 0.6929824561403509, "F1_Score": 0.6956521739130435, "Recall": 0.7017543859649122, "Precision": 0.6896551724137931, "Cohen_Kappa": 0.38596491228070173, "AUC": 0.8113265620190828, "TP": 40, "TN": 39, "FP": 18, "FN": 17}}, "KNB": {"valid": {"ACC": 0.7105263157894737, "F1_Score": 0.7027027027027027, "Recall": 0.6842105263157895, "Precision": 0.7222222222222222, "Cohen_Kappa": 0.42105263157894735, "AUC": 0.7143736534318252, "TP": 39, "TN": 42, "FP": 15, "FN": 18}, "test": {"ACC": 0.6754385964912281, "F1_Score": 0.6605504587155963, "Recall": 0.631578947368421, "Precision": 0.6923076923076923, "Cohen_Kappa": 0.3508771929824561, "AUC": 0.7297630040012311, "TP": 36, "TN": 41, "FP": 16, "FN": 21}}, "DT": {"valid": {"ACC": 0.5877192982456141, "F1_Score": 0.6115702479338843, "Recall": 0.6491228070175439, "Precision": 0.578125, "Cohen_Kappa": 0.17543859649122806, "AUC": 0.5877192982456141, "TP": 37, "TN": 30, "FP": 27, "FN": 20}, "test": {"ACC": 0.6228070175438597, "F1_Score": 0.6324786324786326, "Recall": 0.6491228070175439, "Precision": 0.6166666666666667, "Cohen_Kappa": 0.24561403508771928, "AUC": 0.6228070175438597, "TP": 37, "TN": 34, "FP": 23, "FN": 20}}, "MNB": {"valid": "NaN", "test": "NaN"}, "RF": {"valid": {"ACC": 0.6754385964912281, "F1_Score": 0.6725663716814159, "Recall": 0.6666666666666666, "Precision": 0.6785714285714286, "Cohen_Kappa": 0.3508771929824561, "AUC": 0.7362265312403817, "TP": 38, "TN": 39, "FP": 18, "FN": 19}, "test": {"ACC": 0.7456140350877193, "F1_Score": 0.7603305785123967, "Recall": 0.8070175438596491, "Precision": 0.71875, "Cohen_Kappa": 0.49122807017543857, "AUC": 0.832563865804863, "TP": 46, "TN": 39, "FP": 18, "FN": 11}}, "ADA": {"valid": {"ACC": 0.6228070175438597, "F1_Score": 0.6126126126126126, "Recall": 0.5964912280701754, "Precision": 0.6296296296296297, "Cohen_Kappa": 0.24561403508771928, "AUC": 0.7313019390581718, "TP": 34, "TN": 37, "FP": 20, "FN": 23}, "test": {"ACC": 0.7017543859649122, "F1_Score": 0.7258064516129032, "Recall": 0.7894736842105263, "Precision": 0.6716417910447762, "Cohen_Kappa": 0.4035087719298246, "AUC": 0.7543859649122807, "TP": 45, "TN": 35, "FP": 22, "FN": 12}}, "XGB": {"valid": {"ACC": 0.631578947368421, "F1_Score": 0.631578947368421, "Recall": 0.631578947368421, "Precision": 0.631578947368421, "Cohen_Kappa": 0.26315789473684215, "AUC": 0.7356109572176054, "TP": 36, "TN": 36, "FP": 21, "FN": 21}, "test": {"ACC": 0.7368421052631579, "F1_Score": 0.761904761904762, "Recall": 0.8421052631578947, "Precision": 0.6956521739130435, "Cohen_Kappa": 0.4736842105263158, "AUC": 0.7830101569713758, "TP": 48, "TN": 36, "FP": 21, "FN": 9}}, "MLP": {"valid": {"ACC": 0.5877192982456141, "F1_Score": 0.5982905982905983, "Recall": 0.6140350877192983, "Precision": 0.5833333333333334, "Cohen_Kappa": 0.17543859649122806, "AUC": 0.6891351184979995, "TP": 35, "TN": 32, "FP": 25, "FN": 22}, "test": {"ACC": 0.6666666666666666, "F1_Score": 0.6833333333333335, "Recall": 0.7192982456140351, "Precision": 0.6507936507936508, "Cohen_Kappa": 0.33333333333333337, "AUC": 0.7731609726069559, "TP": 41, "TN": 35, "FP": 22, "FN": 16}}, "LR": {"valid": {"ACC": 0.6929824561403509, "F1_Score": 0.6902654867256636, "Recall": 0.6842105263157895, "Precision": 0.6964285714285714, "Cohen_Kappa": 0.38596491228070173, "AUC": 0.731917513080948, "TP": 39, "TN": 40, "FP": 17, "FN": 18}, "test": {"ACC": 0.6929824561403509, "F1_Score": 0.6956521739130435, "Recall": 0.7017543859649122, "Precision": 0.6896551724137931, "Cohen_Kappa": 0.38596491228070173, "AUC": 0.8113265620190828, "TP": 40, "TN": 39, "FP": 18, "FN": 17}}, "ETAs": {"valid": {"ACC": 0.6754385964912281, "F1_Score": 0.6837606837606838, "Recall": 0.7017543859649122, "Precision": 0.6666666666666666, "Cohen_Kappa": 0.3508771929824561, "AUC": 0.7517697753154817, "TP": 40, "TN": 37, "FP": 20, "FN": 17}, "test": {"ACC": 0.7105263157894737, "F1_Score": 0.7401574803149606, "Recall": 0.8245614035087719, "Precision": 0.6714285714285714, "Cohen_Kappa": 0.42105263157894735, "AUC": 0.8054786088027085, "TP": 47, "TN": 34, "FP": 23, "FN": 10}}, "CNB": {"valid": "NaN", "test": "NaN"}, "GB": {"valid": {"ACC": 0.6666666666666666, "F1_Score": 0.6607142857142858, "Recall": 0.6491228070175439, "Precision": 0.6727272727272727, "Cohen_Kappa": 0.33333333333333337, "AUC": 0.7171437365343183, "TP": 37, "TN": 39, "FP": 18, "FN": 20}, "test": {"ACC": 0.7105263157894737, "F1_Score": 0.7272727272727273, "Recall": 0.7719298245614035, "Precision": 0.6875, "Cohen_Kappa": 0.42105263157894735, "AUC": 0.7830101569713759, "TP": 44, "TN": 37, "FP": 20, "FN": 13}}, "BAG": {"valid": {"ACC": 0.631578947368421, "F1_Score": 0.625, "Recall": 0.6140350877192983, "Precision": 0.6363636363636364, "Cohen_Kappa": 0.26315789473684215, "AUC": 0.6842105263157895, "TP": 35, "TN": 37, "FP": 20, "FN": 22}, "test": {"ACC": 0.7368421052631579, "F1_Score": 0.7272727272727273, "Recall": 0.7017543859649122, "Precision": 0.7547169811320755, "Cohen_Kappa": 0.4736842105263158, "AUC": 0.7897814712219144, "TP": 40, "TN": 44, "FP": 13, "FN": 17}}}