{"OVR": {"valid": {"ACC": 0.7328767123287672, "F1_Score": 0.7111111111111111, "Recall": 0.6575342465753424, "Precision": 0.7741935483870968, "Cohen_Kappa": 0.4657534246575342, "AUC": 0.7858885344342278, "TP": 48, "TN": 59, "FP": 14, "FN": 25}, "test": {"ACC": 0.6575342465753424, "F1_Score": 0.6794871794871795, "Recall": 0.726027397260274, "Precision": 0.6385542168674698, "Cohen_Kappa": 0.31506849315068497, "AUC": 0.7342841058359917, "TP": 53, "TN": 43, "FP": 30, "FN": 20}}, "KNB": {"valid": {"ACC": 0.7328767123287672, "F1_Score": 0.7310344827586207, "Recall": 0.726027397260274, "Precision": 0.7361111111111112, "Cohen_Kappa": 0.4657534246575342, "AUC": 0.8148808406830548, "TP": 53, "TN": 54, "FP": 19, "FN": 20}, "test": {"ACC": 0.678082191780822, "F1_Score": 0.7006369426751592, "Recall": 0.7534246575342466, "Precision": 0.6547619047619048, "Cohen_Kappa": 0.3561643835616438, "AUC": 0.7773503471570651, "TP": 55, "TN": 44, "FP": 29, "FN": 18}}, "DT": {"valid": {"ACC": 0.7465753424657534, "F1_Score": 0.7338129496402879, "Recall": 0.6986301369863014, "Precision": 0.7727272727272727, "Cohen_Kappa": 0.4931506849315068, "AUC": 0.7465753424657535, "TP": 51, "TN": 58, "FP": 15, "FN": 22}, "test": {"ACC": 0.589041095890411, "F1_Score": 0.6153846153846153, "Recall": 0.6575342465753424, "Precision": 0.5783132530120482, "Cohen_Kappa": 0.17808219178082196, "AUC": 0.589041095890411, "TP": 48, "TN": 38, "FP": 35, "FN": 25}}, "MNB": {"valid": "NaN", "test": "NaN"}, "RF": {"valid": {"ACC": 0.7602739726027398, "F1_Score": 0.7445255474452555, "Recall": 0.6986301369863014, "Precision": 0.796875, "Cohen_Kappa": 0.5205479452054795, "AUC": 0.8206980671795834, "TP": 51, "TN": 60, "FP": 13, "FN": 22}, "test": {"ACC": 0.7465753424657534, "F1_Score": 0.7482993197278911, "Recall": 0.7534246575342466, "Precision": 0.7432432432432432, "Cohen_Kappa": 0.4931506849315068, "AUC": 0.803809345092888, "TP": 55, "TN": 54, "FP": 19, "FN": 18}}, "ADA": {"valid": {"ACC": 0.7602739726027398, "F1_Score": 0.75177304964539, "Recall": 0.726027397260274, "Precision": 0.7794117647058824, "Cohen_Kappa": 0.5205479452054795, "AUC": 0.7860761869018578, "TP": 53, "TN": 58, "FP": 15, "FN": 20}, "test": {"ACC": 0.6986301369863014, "F1_Score": 0.717948717948718, "Recall": 0.7671232876712328, "Precision": 0.6746987951807228, "Cohen_Kappa": 0.3972602739726028, "AUC": 0.7689998123475323, "TP": 56, "TN": 46, "FP": 27, "FN": 17}}, "XGB": {"valid": {"ACC": 0.7602739726027398, "F1_Score": 0.7651006711409396, "Recall": 0.7808219178082192, "Precision": 0.75, "Cohen_Kappa": 0.5205479452054795, "AUC": 0.8221054606868081, "TP": 57, "TN": 54, "FP": 19, "FN": 16}, "test": {"ACC": 0.678082191780822, "F1_Score": 0.7044025157232704, "Recall": 0.7671232876712328, "Precision": 0.6511627906976745, "Cohen_Kappa": 0.3561643835616438, "AUC": 0.7706886845562019, "TP": 56, "TN": 43, "FP": 30, "FN": 17}}, "MLP": {"valid": {"ACC": 0.7191780821917808, "F1_Score": 0.6917293233082706, "Recall": 0.6301369863013698, "Precision": 0.7666666666666667, "Cohen_Kappa": 0.4383561643835616, "AUC": 0.7757553011822105, "TP": 46, "TN": 59, "FP": 14, "FN": 27}, "test": {"ACC": 0.7123287671232876, "F1_Score": 0.7200000000000001, "Recall": 0.7397260273972602, "Precision": 0.7012987012987013, "Cohen_Kappa": 0.4246575342465754, "AUC": 0.7697504222180521, "TP": 54, "TN": 50, "FP": 23, "FN": 19}}, "LR": {"valid": {"ACC": 0.7328767123287672, "F1_Score": 0.7111111111111111, "Recall": 0.6575342465753424, "Precision": 0.7741935483870968, "Cohen_Kappa": 0.4657534246575342, "AUC": 0.7858885344342278, "TP": 48, "TN": 59, "FP": 14, "FN": 25}, "test": {"ACC": 0.6575342465753424, "F1_Score": 0.6794871794871795, "Recall": 0.726027397260274, "Precision": 0.6385542168674698, "Cohen_Kappa": 0.31506849315068497, "AUC": 0.7342841058359917, "TP": 53, "TN": 43, "FP": 30, "FN": 20}}, "ETAs": {"valid": {"ACC": 0.7808219178082192, "F1_Score": 0.7647058823529411, "Recall": 0.7123287671232876, "Precision": 0.8253968253968254, "Cohen_Kappa": 0.5616438356164384, "AUC": 0.826233814974667, "TP": 52, "TN": 62, "FP": 11, "FN": 21}, "test": {"ACC": 0.7328767123287672, "F1_Score": 0.7417218543046357, "Recall": 0.7671232876712328, "Precision": 0.717948717948718, "Cohen_Kappa": 0.4657534246575342, "AUC": 0.8094389191217863, "TP": 56, "TN": 51, "FP": 22, "FN": 17}}, "CNB": {"valid": "NaN", "test": "NaN"}, "GB": {"valid": {"ACC": 0.7534246575342466, "F1_Score": 0.7567567567567568, "Recall": 0.7671232876712328, "Precision": 0.7466666666666667, "Cohen_Kappa": 0.5068493150684932, "AUC": 0.8130981422405704, "TP": 56, "TN": 54, "FP": 19, "FN": 17}, "test": {"ACC": 0.684931506849315, "F1_Score": 0.7051282051282052, "Recall": 0.7534246575342466, "Precision": 0.6626506024096386, "Cohen_Kappa": 0.36986301369863017, "AUC": 0.7853255770313379, "TP": 55, "TN": 45, "FP": 28, "FN": 18}}, "BAG": {"valid": {"ACC": 0.7123287671232876, "F1_Score": 0.6865671641791045, "Recall": 0.6301369863013698, "Precision": 0.7540983606557377, "Cohen_Kappa": 0.4246575342465754, "AUC": 0.8052167386001126, "TP": 46, "TN": 58, "FP": 15, "FN": 27}, "test": {"ACC": 0.6986301369863014, "F1_Score": 0.6944444444444443, "Recall": 0.684931506849315, "Precision": 0.704225352112676, "Cohen_Kappa": 0.3972602739726028, "AUC": 0.7670294614374179, "TP": 50, "TN": 52, "FP": 21, "FN": 23}}}