{"OVR": {"valid": {"ACC": 0.6818181818181818, "F1_Score": 0.6956521739130435, "Recall": 0.7272727272727273, "Precision": 0.6666666666666666, "Cohen_Kappa": 0.36363636363636365, "AUC": 0.6978879706152432, "TP": 24, "TN": 21, "FP": 12, "FN": 9}, "test": {"ACC": 0.5671641791044776, "F1_Score": 0.5396825396825397, "Recall": 0.5, "Precision": 0.5862068965517241, "Cohen_Kappa": 0.13606047132058696, "AUC": 0.6060606060606061, "TP": 17, "TN": 21, "FP": 12, "FN": 17}}, "KNB": {"valid": {"ACC": 0.696969696969697, "F1_Score": 0.7222222222222221, "Recall": 0.7878787878787878, "Precision": 0.6666666666666666, "Cohen_Kappa": 0.3939393939393939, "AUC": 0.7786960514233241, "TP": 26, "TN": 20, "FP": 13, "FN": 7}, "test": {"ACC": 0.582089552238806, "F1_Score": 0.5483870967741935, "Recall": 0.5, "Precision": 0.6071428571428571, "Cohen_Kappa": 0.16622222222222216, "AUC": 0.590463458110517, "TP": 17, "TN": 22, "FP": 11, "FN": 17}}, "DT": {"valid": {"ACC": 0.5454545454545454, "F1_Score": 0.4827586206896552, "Recall": 0.42424242424242425, "Precision": 0.56, "Cohen_Kappa": 0.09090909090909094, "AUC": 0.5454545454545455, "TP": 14, "TN": 22, "FP": 11, "FN": 19}, "test": {"ACC": 0.44776119402985076, "F1_Score": 0.4477611940298507, "Recall": 0.4411764705882353, "Precision": 0.45454545454545453, "Cohen_Kappa": -0.10423162583518919, "AUC": 0.44786096256684493, "TP": 15, "TN": 15, "FP": 18, "FN": 19}}, "MNB": {"valid": "NaN", "test": "NaN"}, "RF": {"valid": {"ACC": 0.7121212121212122, "F1_Score": 0.732394366197183, "Recall": 0.7878787878787878, "Precision": 0.6842105263157895, "Cohen_Kappa": 0.4242424242424242, "AUC": 0.7690541781450873, "TP": 26, "TN": 21, "FP": 12, "FN": 7}, "test": {"ACC": 0.5223880597014925, "F1_Score": 0.5151515151515151, "Recall": 0.5, "Precision": 0.53125, "Cohen_Kappa": 0.045414069456812034, "AUC": 0.5837789661319074, "TP": 17, "TN": 18, "FP": 15, "FN": 17}}, "ADA": {"valid": {"ACC": 0.5757575757575758, "F1_Score": 0.611111111111111, "Recall": 0.6666666666666666, "Precision": 0.5641025641025641, "Cohen_Kappa": 0.1515151515151515, "AUC": 0.6464646464646464, "TP": 22, "TN": 16, "FP": 17, "FN": 11}, "test": {"ACC": 0.5373134328358209, "F1_Score": 0.5753424657534247, "Recall": 0.6176470588235294, "Precision": 0.5384615384615384, "Cohen_Kappa": 0.07235372934345696, "AUC": 0.5231729055258467, "TP": 21, "TN": 15, "FP": 18, "FN": 13}}, "XGB": {"valid": {"ACC": 0.6515151515151515, "F1_Score": 0.6666666666666666, "Recall": 0.696969696969697, "Precision": 0.6388888888888888, "Cohen_Kappa": 0.303030303030303, "AUC": 0.6648301193755739, "TP": 23, "TN": 20, "FP": 13, "FN": 10}, "test": {"ACC": 0.5671641791044776, "F1_Score": 0.5671641791044776, "Recall": 0.5588235294117647, "Precision": 0.5757575757575758, "Cohen_Kappa": 0.13452115812917598, "AUC": 0.6051693404634582, "TP": 19, "TN": 19, "FP": 14, "FN": 15}}, "MLP": {"valid": {"ACC": 0.6515151515151515, "F1_Score": 0.676056338028169, "Recall": 0.7272727272727273, "Precision": 0.631578947368421, "Cohen_Kappa": 0.303030303030303, "AUC": 0.6703397612488522, "TP": 24, "TN": 19, "FP": 14, "FN": 9}, "test": {"ACC": 0.5373134328358209, "F1_Score": 0.5230769230769231, "Recall": 0.5, "Precision": 0.5483870967741935, "Cohen_Kappa": 0.07565643079661777, "AUC": 0.6158645276292335, "TP": 17, "TN": 19, "FP": 14, "FN": 17}}, "LR": {"valid": {"ACC": 0.6818181818181818, "F1_Score": 0.6956521739130435, "Recall": 0.7272727272727273, "Precision": 0.6666666666666666, "Cohen_Kappa": 0.36363636363636365, "AUC": 0.6978879706152432, "TP": 24, "TN": 21, "FP": 12, "FN": 9}, "test": {"ACC": 0.5671641791044776, "F1_Score": 0.5396825396825397, "Recall": 0.5, "Precision": 0.5862068965517241, "Cohen_Kappa": 0.13606047132058696, "AUC": 0.6060606060606061, "TP": 17, "TN": 21, "FP": 12, "FN": 17}}, "ETAs": {"valid": {"ACC": 0.7272727272727273, "F1_Score": 0.7428571428571429, "Recall": 0.7878787878787878, "Precision": 0.7027027027027027, "Cohen_Kappa": 0.4545454545454546, "AUC": 0.7814508723599632, "TP": 26, "TN": 22, "FP": 11, "FN": 7}, "test": {"ACC": 0.5373134328358209, "F1_Score": 0.5230769230769231, "Recall": 0.5, "Precision": 0.5483870967741935, "Cohen_Kappa": 0.07565643079661777, "AUC": 0.6185383244206774, "TP": 17, "TN": 19, "FP": 14, "FN": 17}}, "CNB": {"valid": "NaN", "test": "NaN"}, "GB": {"valid": {"ACC": 0.7424242424242424, "F1_Score": 0.7536231884057971, "Recall": 0.7878787878787878, "Precision": 0.7222222222222222, "Cohen_Kappa": 0.48484848484848486, "AUC": 0.7410468319559228, "TP": 26, "TN": 23, "FP": 10, "FN": 7}, "test": {"ACC": 0.5373134328358209, "F1_Score": 0.5633802816901409, "Recall": 0.5882352941176471, "Precision": 0.5405405405405406, "Cohen_Kappa": 0.07318161535029011, "AUC": 0.5864527629233511, "TP": 20, "TN": 16, "FP": 17, "FN": 14}}, "BAG": {"valid": {"ACC": 0.6212121212121212, "F1_Score": 0.6153846153846154, "Recall": 0.6060606060606061, "Precision": 0.625, "Cohen_Kappa": 0.24242424242424243, "AUC": 0.685032139577594, "TP": 20, "TN": 21, "FP": 12, "FN": 13}, "test": {"ACC": 0.5671641791044776, "F1_Score": 0.5538461538461539, "Recall": 0.5294117647058824, "Precision": 0.5806451612903226, "Cohen_Kappa": 0.13529149977748112, "AUC": 0.5788770053475937, "TP": 18, "TN": 20, "FP": 13, "FN": 16}}}