{"OVR": {"valid": {"ACC": 0.7011834319526628, "F1_Score": 0.6948640483383687, "Recall": 0.6764705882352942, "Precision": 0.7142857142857143, "Cohen_Kappa": 0.4025342154083097, "AUC": 0.761764705882353, "TP": 115, "TN": 122, "FP": 46, "FN": 55}, "test": {"ACC": 0.6784660766961652, "F1_Score": 0.668693009118541, "Recall": 0.650887573964497, "Precision": 0.6875, "Cohen_Kappa": 0.35682581678299774, "AUC": 0.7595892794987819, "TP": 110, "TN": 120, "FP": 50, "FN": 59}}, "KNB": {"valid": {"ACC": 0.665680473372781, "F1_Score": 0.6646884272997032, "Recall": 0.6588235294117647, "Precision": 0.6706586826347305, "Cohen_Kappa": 0.33140776529076077, "AUC": 0.7237044817927171, "TP": 112, "TN": 113, "FP": 55, "FN": 58}, "test": {"ACC": 0.672566371681416, "F1_Score": 0.6686567164179105, "Recall": 0.6627218934911243, "Precision": 0.6746987951807228, "Cohen_Kappa": 0.3450928520458778, "AUC": 0.7281935259310826, "TP": 112, "TN": 116, "FP": 54, "FN": 57}}, "DT": {"valid": {"ACC": 0.6094674556213018, "F1_Score": 0.5975609756097561, "Recall": 0.5764705882352941, "Precision": 0.620253164556962, "Cohen_Kappa": 0.2192356152876942, "AUC": 0.6096638655462184, "TP": 98, "TN": 108, "FP": 60, "FN": 72}, "test": {"ACC": 0.640117994100295, "F1_Score": 0.6234567901234568, "Recall": 0.5976331360946746, "Precision": 0.6516129032258065, "Cohen_Kappa": 0.28005431187550056, "AUC": 0.6399930386355726, "TP": 101, "TN": 116, "FP": 54, "FN": 68}}, "MNB": {"valid": "NaN", "test": "NaN"}, "RF": {"valid": {"ACC": 0.7100591715976331, "F1_Score": 0.7012195121951219, "Recall": 0.6764705882352942, "Precision": 0.7278481012658228, "Cohen_Kappa": 0.4203415931681366, "AUC": 0.7808298319327731, "TP": 115, "TN": 125, "FP": 43, "FN": 55}, "test": {"ACC": 0.672566371681416, "F1_Score": 0.6686567164179105, "Recall": 0.6627218934911243, "Precision": 0.6746987951807228, "Cohen_Kappa": 0.3450928520458778, "AUC": 0.7476679429168117, "TP": 112, "TN": 116, "FP": 54, "FN": 57}}, "ADA": {"valid": {"ACC": 0.6804733727810651, "F1_Score": 0.6785714285714286, "Recall": 0.6705882352941176, "Precision": 0.6867469879518072, "Cohen_Kappa": 0.36101386360453713, "AUC": 0.7677871148459383, "TP": 114, "TN": 116, "FP": 52, "FN": 56}, "test": {"ACC": 0.6489675516224189, "F1_Score": 0.6426426426426426, "Recall": 0.6331360946745562, "Precision": 0.6524390243902439, "Cohen_Kappa": 0.2978678966147419, "AUC": 0.7036199095022624, "TP": 107, "TN": 113, "FP": 57, "FN": 62}}, "XGB": {"valid": {"ACC": 0.7071005917159763, "F1_Score": 0.6990881458966566, "Recall": 0.6764705882352942, "Precision": 0.7232704402515723, "Cohen_Kappa": 0.41440621609324135, "AUC": 0.7925070028011204, "TP": 115, "TN": 124, "FP": 44, "FN": 55}, "test": {"ACC": 0.7020648967551623, "F1_Score": 0.6930091185410334, "Recall": 0.6745562130177515, "Precision": 0.7125, "Cohen_Kappa": 0.4040312614227777, "AUC": 0.7626870866689871, "TP": 114, "TN": 124, "FP": 46, "FN": 55}}, "MLP": {"valid": {"ACC": 0.7396449704142012, "F1_Score": 0.7426900584795322, "Recall": 0.7470588235294118, "Precision": 0.7383720930232558, "Cohen_Kappa": 0.47923524056306466, "AUC": 0.7848039215686274, "TP": 127, "TN": 123, "FP": 45, "FN": 43}, "test": {"ACC": 0.7079646017699115, "F1_Score": 0.7044776119402985, "Recall": 0.6982248520710059, "Precision": 0.7108433734939759, "Cohen_Kappa": 0.4158936247976748, "AUC": 0.7611903933170902, "TP": 118, "TN": 122, "FP": 48, "FN": 51}}, "LR": {"valid": {"ACC": 0.7011834319526628, "F1_Score": 0.6948640483383687, "Recall": 0.6764705882352942, "Precision": 0.7142857142857143, "Cohen_Kappa": 0.4025342154083097, "AUC": 0.761764705882353, "TP": 115, "TN": 122, "FP": 46, "FN": 55}, "test": {"ACC": 0.6784660766961652, "F1_Score": 0.668693009118541, "Recall": 0.650887573964497, "Precision": 0.6875, "Cohen_Kappa": 0.35682581678299774, "AUC": 0.7595892794987819, "TP": 110, "TN": 120, "FP": 50, "FN": 59}}, "ETAs": {"valid": {"ACC": 0.7366863905325444, "F1_Score": 0.7327327327327327, "Recall": 0.7176470588235294, "Precision": 0.7484662576687117, "Cohen_Kappa": 0.4734833899254385, "AUC": 0.7927871148459384, "TP": 122, "TN": 127, "FP": 41, "FN": 48}, "test": {"ACC": 0.7079646017699115, "F1_Score": 0.7163323782234957, "Recall": 0.7396449704142012, "Precision": 0.6944444444444444, "Cohen_Kappa": 0.4160359137652033, "AUC": 0.7702227636616777, "TP": 125, "TN": 115, "FP": 55, "FN": 44}}, "CNB": {"valid": "NaN", "test": "NaN"}, "GB": {"valid": {"ACC": 0.7218934911242604, "F1_Score": 0.7202380952380952, "Recall": 0.711764705882353, "Precision": 0.7289156626506024, "Cohen_Kappa": 0.443845399803949, "AUC": 0.7681372549019608, "TP": 121, "TN": 123, "FP": 45, "FN": 49}, "test": {"ACC": 0.6696165191740413, "F1_Score": 0.6606060606060606, "Recall": 0.6449704142011834, "Precision": 0.6770186335403726, "Cohen_Kappa": 0.33913527814523436, "AUC": 0.7545074834667596, "TP": 109, "TN": 118, "FP": 52, "FN": 60}}, "BAG": {"valid": {"ACC": 0.6863905325443787, "F1_Score": 0.6602564102564102, "Recall": 0.6058823529411764, "Precision": 0.7253521126760564, "Cohen_Kappa": 0.3733734434028263, "AUC": 0.7407563025210084, "TP": 103, "TN": 129, "FP": 39, "FN": 67}, "test": {"ACC": 0.6814159292035398, "F1_Score": 0.6516129032258065, "Recall": 0.5976331360946746, "Precision": 0.7163120567375887, "Cohen_Kappa": 0.3625156707062265, "AUC": 0.7391402714932127, "TP": 101, "TN": 130, "FP": 40, "FN": 68}}}