{"OVR": {"valid": {"ACC": 0.6181818181818182, "F1_Score": 0.6037735849056604, "Recall": 0.5925925925925926, "Precision": 0.6153846153846154, "Cohen_Kappa": 0.23560555923229654, "AUC": 0.6746031746031746, "TP": 16, "TN": 18, "FP": 10, "FN": 11}, "test": {"ACC": 0.625, "F1_Score": 0.6181818181818182, "Recall": 0.6071428571428571, "Precision": 0.6296296296296297, "Cohen_Kappa": 0.25, "AUC": 0.572704081632653, "TP": 17, "TN": 18, "FP": 10, "FN": 11}}, "KNB": {"valid": {"ACC": 0.6181818181818182, "F1_Score": 0.6440677966101694, "Recall": 0.7037037037037037, "Precision": 0.59375, "Cohen_Kappa": 0.23862887277521416, "AUC": 0.6415343915343915, "TP": 19, "TN": 15, "FP": 13, "FN": 8}, "test": {"ACC": 0.6785714285714286, "F1_Score": 0.689655172413793, "Recall": 0.7142857142857143, "Precision": 0.6666666666666666, "Cohen_Kappa": 0.3571428571428571, "AUC": 0.6926020408163265, "TP": 20, "TN": 18, "FP": 10, "FN": 8}}, "DT": {"valid": {"ACC": 0.7272727272727273, "F1_Score": 0.7169811320754716, "Recall": 0.7037037037037037, "Precision": 0.7307692307692307, "Cohen_Kappa": 0.4540039708802118, "AUC": 0.7268518518518519, "TP": 19, "TN": 21, "FP": 7, "FN": 8}, "test": {"ACC": 0.6607142857142857, "F1_Score": 0.6415094339622641, "Recall": 0.6071428571428571, "Precision": 0.68, "Cohen_Kappa": 0.3214285714285714, "AUC": 0.6607142857142858, "TP": 17, "TN": 20, "FP": 8, "FN": 11}}, "MNB": {"valid": {"ACC": 0.5636363636363636, "F1_Score": 0.625, "Recall": 0.7407407407407407, "Precision": 0.5405405405405406, "Cohen_Kappa": 0.13272010512483567, "AUC": 0.5906084656084656, "TP": 20, "TN": 11, "FP": 17, "FN": 7}, "test": {"ACC": 0.6071428571428571, "F1_Score": 0.6562499999999999, "Recall": 0.75, "Precision": 0.5833333333333334, "Cohen_Kappa": 0.2142857142857143, "AUC": 0.6167091836734693, "TP": 21, "TN": 13, "FP": 15, "FN": 7}}, "RF": {"valid": {"ACC": 0.7090909090909091, "F1_Score": 0.7241379310344828, "Recall": 0.7777777777777778, "Precision": 0.6774193548387096, "Cohen_Kappa": 0.4195250659630607, "AUC": 0.7493386243386243, "TP": 21, "TN": 18, "FP": 10, "FN": 6}, "test": {"ACC": 0.6785714285714286, "F1_Score": 0.6785714285714286, "Recall": 0.6785714285714286, "Precision": 0.6785714285714286, "Cohen_Kappa": 0.3571428571428571, "AUC": 0.6677295918367346, "TP": 19, "TN": 19, "FP": 9, "FN": 9}}, "ADA": {"valid": {"ACC": 0.6545454545454545, "F1_Score": 0.6545454545454545, "Recall": 0.6666666666666666, "Precision": 0.6428571428571429, "Cohen_Kappa": 0.30931923331130207, "AUC": 0.7506613756613757, "TP": 18, "TN": 18, "FP": 10, "FN": 9}, "test": {"ACC": 0.6785714285714286, "F1_Score": 0.689655172413793, "Recall": 0.7142857142857143, "Precision": 0.6666666666666666, "Cohen_Kappa": 0.3571428571428571, "AUC": 0.7742346938775511, "TP": 20, "TN": 18, "FP": 10, "FN": 8}}, "XGB": {"valid": {"ACC": 0.7090909090909091, "F1_Score": 0.7037037037037037, "Recall": 0.7037037037037037, "Precision": 0.7037037037037037, "Cohen_Kappa": 0.417989417989418, "AUC": 0.7328042328042328, "TP": 19, "TN": 20, "FP": 8, "FN": 8}, "test": {"ACC": 0.6607142857142857, "F1_Score": 0.6545454545454545, "Recall": 0.6428571428571429, "Precision": 0.6666666666666666, "Cohen_Kappa": 0.3214285714285714, "AUC": 0.7206632653061226, "TP": 18, "TN": 19, "FP": 9, "FN": 10}}, "MLP": {"valid": {"ACC": 0.7090909090909091, "F1_Score": 0.7142857142857143, "Recall": 0.7407407407407407, "Precision": 0.6896551724137931, "Cohen_Kappa": 0.4187582562747688, "AUC": 0.794973544973545, "TP": 20, "TN": 19, "FP": 9, "FN": 7}, "test": {"ACC": 0.625, "F1_Score": 0.6315789473684211, "Recall": 0.6428571428571429, "Precision": 0.6206896551724138, "Cohen_Kappa": 0.25, "AUC": 0.6454081632653061, "TP": 18, "TN": 17, "FP": 11, "FN": 10}}, "LR": {"valid": {"ACC": 0.6181818181818182, "F1_Score": 0.6037735849056604, "Recall": 0.5925925925925926, "Precision": 0.6153846153846154, "Cohen_Kappa": 0.23560555923229654, "AUC": 0.6746031746031746, "TP": 16, "TN": 18, "FP": 10, "FN": 11}, "test": {"ACC": 0.625, "F1_Score": 0.6181818181818182, "Recall": 0.6071428571428571, "Precision": 0.6296296296296297, "Cohen_Kappa": 0.25, "AUC": 0.572704081632653, "TP": 17, "TN": 18, "FP": 10, "FN": 11}}, "ETAs": {"valid": {"ACC": 0.6545454545454545, "F1_Score": 0.6885245901639345, "Recall": 0.7777777777777778, "Precision": 0.6176470588235294, "Cohen_Kappa": 0.3120473996050033, "AUC": 0.7857142857142858, "TP": 21, "TN": 15, "FP": 13, "FN": 6}, "test": {"ACC": 0.5714285714285714, "F1_Score": 0.6000000000000001, "Recall": 0.6428571428571429, "Precision": 0.5625, "Cohen_Kappa": 0.1428571428571429, "AUC": 0.6568877551020408, "TP": 18, "TN": 14, "FP": 14, "FN": 10}}, "CNB": {"valid": {"ACC": 0.5272727272727272, "F1_Score": 0.5806451612903226, "Recall": 0.6666666666666666, "Precision": 0.5142857142857142, "Cohen_Kappa": 0.05921052631578938, "AUC": 0.5906084656084656, "TP": 18, "TN": 11, "FP": 17, "FN": 9}, "test": {"ACC": 0.625, "F1_Score": 0.6666666666666665, "Recall": 0.75, "Precision": 0.6, "Cohen_Kappa": 0.25, "AUC": 0.6167091836734693, "TP": 21, "TN": 14, "FP": 14, "FN": 7}}, "GB": {"valid": {"ACC": 0.6181818181818182, "F1_Score": 0.631578947368421, "Recall": 0.6666666666666666, "Precision": 0.6, "Cohen_Kappa": 0.2376237623762376, "AUC": 0.7076719576719577, "TP": 18, "TN": 16, "FP": 12, "FN": 9}, "test": {"ACC": 0.6428571428571429, "F1_Score": 0.6428571428571429, "Recall": 0.6428571428571429, "Precision": 0.6428571428571429, "Cohen_Kappa": 0.2857142857142857, "AUC": 0.7487244897959183, "TP": 18, "TN": 18, "FP": 10, "FN": 10}}, "BAG": {"valid": {"ACC": 0.6363636363636364, "F1_Score": 0.6296296296296297, "Recall": 0.6296296296296297, "Precision": 0.6296296296296297, "Cohen_Kappa": 0.27248677248677255, "AUC": 0.6904761904761905, "TP": 17, "TN": 18, "FP": 10, "FN": 10}, "test": {"ACC": 0.6071428571428571, "F1_Score": 0.576923076923077, "Recall": 0.5357142857142857, "Precision": 0.625, "Cohen_Kappa": 0.2142857142857143, "AUC": 0.6830357142857143, "TP": 15, "TN": 19, "FP": 9, "FN": 13}}}