{"OVR": {"valid": {"ACC": 0.5833333333333334, "F1_Score": 0.5454545454545454, "Recall": 0.5, "Precision": 0.6, "Cohen_Kappa": 0.16666666666666663, "AUC": 0.5989583333333333, "TP": 12, "TN": 16, "FP": 8, "FN": 12}, "test": {"ACC": 0.6875, "F1_Score": 0.7058823529411765, "Recall": 0.75, "Precision": 0.6666666666666666, "Cohen_Kappa": 0.375, "AUC": 0.6666666666666666, "TP": 18, "TN": 15, "FP": 9, "FN": 6}}, "KNB": {"valid": {"ACC": 0.6458333333333334, "F1_Score": 0.6909090909090909, "Recall": 0.7916666666666666, "Precision": 0.6129032258064516, "Cohen_Kappa": 0.29166666666666663, "AUC": 0.7178819444444444, "TP": 19, "TN": 12, "FP": 12, "FN": 5}, "test": {"ACC": 0.5833333333333334, "F1_Score": 0.6296296296296297, "Recall": 0.7083333333333334, "Precision": 0.5666666666666667, "Cohen_Kappa": 0.16666666666666663, "AUC": 0.5989583333333334, "TP": 17, "TN": 11, "FP": 13, "FN": 7}}, "DT": {"valid": {"ACC": 0.6666666666666666, "F1_Score": 0.6521739130434783, "Recall": 0.625, "Precision": 0.6818181818181818, "Cohen_Kappa": 0.33333333333333337, "AUC": 0.6666666666666666, "TP": 15, "TN": 17, "FP": 7, "FN": 9}, "test": {"ACC": 0.5208333333333334, "F1_Score": 0.5306122448979592, "Recall": 0.5416666666666666, "Precision": 0.52, "Cohen_Kappa": 0.04166666666666663, "AUC": 0.5208333333333333, "TP": 13, "TN": 12, "FP": 12, "FN": 11}}, "MNB": {"valid": {"ACC": 0.6041666666666666, "F1_Score": 0.627450980392157, "Recall": 0.6666666666666666, "Precision": 0.5925925925925926, "Cohen_Kappa": 0.20833333333333337, "AUC": 0.6918402777777778, "TP": 16, "TN": 13, "FP": 11, "FN": 8}, "test": {"ACC": 0.6458333333333334, "F1_Score": 0.6530612244897959, "Recall": 0.6666666666666666, "Precision": 0.64, "Cohen_Kappa": 0.29166666666666663, "AUC": 0.6232638888888888, "TP": 16, "TN": 15, "FP": 9, "FN": 8}}, "RF": {"valid": {"ACC": 0.75, "F1_Score": 0.7692307692307692, "Recall": 0.8333333333333334, "Precision": 0.7142857142857143, "Cohen_Kappa": 0.5, "AUC": 0.7465277777777778, "TP": 20, "TN": 16, "FP": 8, "FN": 4}, "test": {"ACC": 0.7083333333333334, "F1_Score": 0.7307692307692307, "Recall": 0.7916666666666666, "Precision": 0.6785714285714286, "Cohen_Kappa": 0.41666666666666663, "AUC": 0.7430555555555555, "TP": 19, "TN": 15, "FP": 9, "FN": 5}}, "ADA": {"valid": {"ACC": 0.7291666666666666, "F1_Score": 0.7111111111111111, "Recall": 0.6666666666666666, "Precision": 0.7619047619047619, "Cohen_Kappa": 0.45833333333333337, "AUC": 0.7899305555555556, "TP": 16, "TN": 19, "FP": 5, "FN": 8}, "test": {"ACC": 0.6458333333333334, "F1_Score": 0.6530612244897959, "Recall": 0.6666666666666666, "Precision": 0.64, "Cohen_Kappa": 0.29166666666666663, "AUC": 0.657986111111111, "TP": 16, "TN": 15, "FP": 9, "FN": 8}}, "XGB": {"valid": {"ACC": 0.6875, "F1_Score": 0.7058823529411765, "Recall": 0.75, "Precision": 0.6666666666666666, "Cohen_Kappa": 0.375, "AUC": 0.734375, "TP": 18, "TN": 15, "FP": 9, "FN": 6}, "test": {"ACC": 0.625, "F1_Score": 0.6785714285714286, "Recall": 0.7916666666666666, "Precision": 0.59375, "Cohen_Kappa": 0.25, "AUC": 0.7586805555555556, "TP": 19, "TN": 11, "FP": 13, "FN": 5}}, "MLP": {"valid": {"ACC": 0.6666666666666666, "F1_Score": 0.6521739130434783, "Recall": 0.625, "Precision": 0.6818181818181818, "Cohen_Kappa": 0.33333333333333337, "AUC": 0.6553819444444444, "TP": 15, "TN": 17, "FP": 7, "FN": 9}, "test": {"ACC": 0.625, "F1_Score": 0.64, "Recall": 0.6666666666666666, "Precision": 0.6153846153846154, "Cohen_Kappa": 0.25, "AUC": 0.6909722222222222, "TP": 16, "TN": 14, "FP": 10, "FN": 8}}, "LR": {"valid": {"ACC": 0.5833333333333334, "F1_Score": 0.5454545454545454, "Recall": 0.5, "Precision": 0.6, "Cohen_Kappa": 0.16666666666666663, "AUC": 0.5989583333333333, "TP": 12, "TN": 16, "FP": 8, "FN": 12}, "test": {"ACC": 0.6875, "F1_Score": 0.7058823529411765, "Recall": 0.75, "Precision": 0.6666666666666666, "Cohen_Kappa": 0.375, "AUC": 0.6666666666666666, "TP": 18, "TN": 15, "FP": 9, "FN": 6}}, "ETAs": {"valid": {"ACC": 0.75, "F1_Score": 0.7692307692307692, "Recall": 0.8333333333333334, "Precision": 0.7142857142857143, "Cohen_Kappa": 0.5, "AUC": 0.7907986111111112, "TP": 20, "TN": 16, "FP": 8, "FN": 4}, "test": {"ACC": 0.6458333333333334, "F1_Score": 0.679245283018868, "Recall": 0.75, "Precision": 0.6206896551724138, "Cohen_Kappa": 0.29166666666666663, "AUC": 0.734375, "TP": 18, "TN": 13, "FP": 11, "FN": 6}}, "CNB": {"valid": {"ACC": 0.6041666666666666, "F1_Score": 0.627450980392157, "Recall": 0.6666666666666666, "Precision": 0.5925925925925926, "Cohen_Kappa": 0.20833333333333337, "AUC": 0.6918402777777778, "TP": 16, "TN": 13, "FP": 11, "FN": 8}, "test": {"ACC": 0.6458333333333334, "F1_Score": 0.6530612244897959, "Recall": 0.6666666666666666, "Precision": 0.64, "Cohen_Kappa": 0.29166666666666663, "AUC": 0.6232638888888888, "TP": 16, "TN": 15, "FP": 9, "FN": 8}}, "GB": {"valid": {"ACC": 0.6666666666666666, "F1_Score": 0.68, "Recall": 0.7083333333333334, "Precision": 0.6538461538461539, "Cohen_Kappa": 0.33333333333333337, "AUC": 0.7638888888888888, "TP": 17, "TN": 15, "FP": 9, "FN": 7}, "test": {"ACC": 0.625, "F1_Score": 0.64, "Recall": 0.6666666666666666, "Precision": 0.6153846153846154, "Cohen_Kappa": 0.25, "AUC": 0.7013888888888888, "TP": 16, "TN": 14, "FP": 10, "FN": 8}}, "BAG": {"valid": {"ACC": 0.6666666666666666, "F1_Score": 0.6363636363636365, "Recall": 0.5833333333333334, "Precision": 0.7, "Cohen_Kappa": 0.33333333333333337, "AUC": 0.6970486111111112, "TP": 14, "TN": 18, "FP": 6, "FN": 10}, "test": {"ACC": 0.5833333333333334, "F1_Score": 0.6296296296296297, "Recall": 0.7083333333333334, "Precision": 0.5666666666666667, "Cohen_Kappa": 0.16666666666666663, "AUC": 0.7092013888888888, "TP": 17, "TN": 11, "FP": 13, "FN": 7}}}