{"OVR": {"valid": {"ACC": 0.6129032258064516, "F1_Score": 0.5714285714285715, "Recall": 0.5333333333333333, "Precision": 0.6153846153846154, "Cohen_Kappa": 0.22175732217573219, "AUC": 0.5666666666666667, "TP": 8, "TN": 11, "FP": 5, "FN": 7}, "test": {"ACC": 0.7096774193548387, "F1_Score": 0.7096774193548386, "Recall": 0.6875, "Precision": 0.7333333333333333, "Cohen_Kappa": 0.41995841995842, "AUC": 0.7041666666666666, "TP": 11, "TN": 11, "FP": 4, "FN": 5}}, "KNB": {"valid": {"ACC": 0.5806451612903226, "F1_Score": 0.606060606060606, "Recall": 0.6666666666666666, "Precision": 0.5555555555555556, "Cohen_Kappa": 0.16563146997929612, "AUC": 0.5625, "TP": 10, "TN": 8, "FP": 8, "FN": 5}, "test": {"ACC": 0.5806451612903226, "F1_Score": 0.6060606060606061, "Recall": 0.625, "Precision": 0.5882352941176471, "Cohen_Kappa": 0.15866388308977042, "AUC": 0.7166666666666667, "TP": 10, "TN": 8, "FP": 7, "FN": 6}}, "DT": {"valid": {"ACC": 0.5806451612903226, "F1_Score": 0.606060606060606, "Recall": 0.6666666666666666, "Precision": 0.5555555555555556, "Cohen_Kappa": 0.16563146997929612, "AUC": 0.5833333333333333, "TP": 10, "TN": 8, "FP": 8, "FN": 5}, "test": {"ACC": 0.8064516129032258, "F1_Score": 0.8125, "Recall": 0.8125, "Precision": 0.8125, "Cohen_Kappa": 0.6125, "AUC": 0.8062500000000001, "TP": 13, "TN": 12, "FP": 3, "FN": 3}}, "MNB": {"valid": {"ACC": 0.6774193548387096, "F1_Score": 0.6666666666666666, "Recall": 0.6666666666666666, "Precision": 0.6666666666666666, "Cohen_Kappa": 0.35416666666666674, "AUC": 0.675, "TP": 10, "TN": 11, "FP": 5, "FN": 5}, "test": {"ACC": 0.7419354838709677, "F1_Score": 0.75, "Recall": 0.75, "Precision": 0.75, "Cohen_Kappa": 0.4833333333333334, "AUC": 0.7479166666666667, "TP": 12, "TN": 11, "FP": 4, "FN": 4}}, "RF": {"valid": {"ACC": 0.7419354838709677, "F1_Score": 0.7647058823529413, "Recall": 0.8666666666666667, "Precision": 0.6842105263157895, "Cohen_Kappa": 0.487603305785124, "AUC": 0.71875, "TP": 13, "TN": 10, "FP": 6, "FN": 2}, "test": {"ACC": 0.7419354838709677, "F1_Score": 0.7333333333333334, "Recall": 0.6875, "Precision": 0.7857142857142857, "Cohen_Kappa": 0.48547717842323646, "AUC": 0.7895833333333333, "TP": 11, "TN": 12, "FP": 3, "FN": 5}}, "ADA": {"valid": {"ACC": 0.5483870967741935, "F1_Score": 0.5333333333333333, "Recall": 0.5333333333333333, "Precision": 0.5333333333333333, "Cohen_Kappa": 0.09583333333333333, "AUC": 0.55, "TP": 8, "TN": 9, "FP": 7, "FN": 7}, "test": {"ACC": 0.7741935483870968, "F1_Score": 0.7741935483870969, "Recall": 0.75, "Precision": 0.8, "Cohen_Kappa": 0.5488565488565489, "AUC": 0.7958333333333334, "TP": 12, "TN": 12, "FP": 3, "FN": 4}}, "XGB": {"valid": {"ACC": 0.6129032258064516, "F1_Score": 0.6, "Recall": 0.6, "Precision": 0.6, "Cohen_Kappa": 0.22499999999999998, "AUC": 0.7166666666666667, "TP": 9, "TN": 10, "FP": 6, "FN": 6}, "test": {"ACC": 0.7741935483870968, "F1_Score": 0.7741935483870969, "Recall": 0.75, "Precision": 0.8, "Cohen_Kappa": 0.5488565488565489, "AUC": 0.7916666666666667, "TP": 12, "TN": 12, "FP": 3, "FN": 4}}, "MLP": {"valid": {"ACC": 0.5483870967741935, "F1_Score": 0.5333333333333333, "Recall": 0.5333333333333333, "Precision": 0.5333333333333333, "Cohen_Kappa": 0.09583333333333333, "AUC": 0.5708333333333333, "TP": 8, "TN": 9, "FP": 7, "FN": 7}, "test": {"ACC": 0.7741935483870968, "F1_Score": 0.7741935483870969, "Recall": 0.75, "Precision": 0.8, "Cohen_Kappa": 0.5488565488565489, "AUC": 0.7791666666666666, "TP": 12, "TN": 12, "FP": 3, "FN": 4}}, "LR": {"valid": {"ACC": 0.6129032258064516, "F1_Score": 0.5714285714285715, "Recall": 0.5333333333333333, "Precision": 0.6153846153846154, "Cohen_Kappa": 0.22175732217573219, "AUC": 0.5666666666666667, "TP": 8, "TN": 11, "FP": 5, "FN": 7}, "test": {"ACC": 0.7096774193548387, "F1_Score": 0.7096774193548386, "Recall": 0.6875, "Precision": 0.7333333333333333, "Cohen_Kappa": 0.41995841995842, "AUC": 0.7041666666666666, "TP": 11, "TN": 11, "FP": 4, "FN": 5}}, "ETAs": {"valid": {"ACC": 0.7419354838709677, "F1_Score": 0.7500000000000001, "Recall": 0.8, "Precision": 0.7058823529411765, "Cohen_Kappa": 0.48547717842323646, "AUC": 0.7208333333333334, "TP": 12, "TN": 11, "FP": 5, "FN": 3}, "test": {"ACC": 0.7096774193548387, "F1_Score": 0.7096774193548386, "Recall": 0.6875, "Precision": 0.7333333333333333, "Cohen_Kappa": 0.41995841995842, "AUC": 0.7833333333333333, "TP": 11, "TN": 11, "FP": 4, "FN": 5}}, "CNB": {"valid": {"ACC": 0.6774193548387096, "F1_Score": 0.6666666666666666, "Recall": 0.6666666666666666, "Precision": 0.6666666666666666, "Cohen_Kappa": 0.35416666666666674, "AUC": 0.675, "TP": 10, "TN": 11, "FP": 5, "FN": 5}, "test": {"ACC": 0.7419354838709677, "F1_Score": 0.75, "Recall": 0.75, "Precision": 0.75, "Cohen_Kappa": 0.4833333333333334, "AUC": 0.7479166666666667, "TP": 12, "TN": 11, "FP": 4, "FN": 4}}, "GB": {"valid": {"ACC": 0.7096774193548387, "F1_Score": 0.7096774193548386, "Recall": 0.7333333333333333, "Precision": 0.6875, "Cohen_Kappa": 0.41995841995842, "AUC": 0.7166666666666667, "TP": 11, "TN": 11, "FP": 5, "FN": 4}, "test": {"ACC": 0.6774193548387096, "F1_Score": 0.6875, "Recall": 0.6875, "Precision": 0.6875, "Cohen_Kappa": 0.35416666666666674, "AUC": 0.7041666666666667, "TP": 11, "TN": 10, "FP": 5, "FN": 5}}, "BAG": {"valid": {"ACC": 0.6451612903225806, "F1_Score": 0.6666666666666666, "Recall": 0.7333333333333333, "Precision": 0.6111111111111112, "Cohen_Kappa": 0.29399585921325055, "AUC": 0.7666666666666666, "TP": 11, "TN": 9, "FP": 7, "FN": 4}, "test": {"ACC": 0.5806451612903226, "F1_Score": 0.5806451612903225, "Recall": 0.5625, "Precision": 0.6, "Cohen_Kappa": 0.16216216216216217, "AUC": 0.6875, "TP": 9, "TN": 9, "FP": 6, "FN": 7}}}