{"OVR": {"valid": {"ACC": 0.5466666666666666, "F1_Score": 0.5641025641025641, "Recall": 0.5866666666666667, "Precision": 0.5432098765432098, "Cohen_Kappa": 0.09333333333333338, "AUC": 0.5715555555555556, "TP": 44, "TN": 38, "FP": 37, "FN": 31}, "test": {"ACC": 0.6333333333333333, "F1_Score": 0.6099290780141844, "Recall": 0.5733333333333334, "Precision": 0.6515151515151515, "Cohen_Kappa": 0.2666666666666667, "AUC": 0.6684444444444444, "TP": 43, "TN": 52, "FP": 23, "FN": 32}}, "KNB": {"valid": {"ACC": 0.6133333333333333, "F1_Score": 0.618421052631579, "Recall": 0.6266666666666667, "Precision": 0.6103896103896104, "Cohen_Kappa": 0.22666666666666668, "AUC": 0.6325333333333334, "TP": 47, "TN": 45, "FP": 30, "FN": 28}, "test": {"ACC": 0.5866666666666667, "F1_Score": 0.5753424657534246, "Recall": 0.56, "Precision": 0.5915492957746479, "Cohen_Kappa": 0.17333333333333334, "AUC": 0.6547555555555556, "TP": 42, "TN": 46, "FP": 29, "FN": 33}}, "DT": {"valid": {"ACC": 0.49333333333333335, "F1_Score": 0.525, "Recall": 0.56, "Precision": 0.49411764705882355, "Cohen_Kappa": -0.01333333333333342, "AUC": 0.49324444444444443, "TP": 42, "TN": 32, "FP": 43, "FN": 33}, "test": {"ACC": 0.6333333333333333, "F1_Score": 0.6405228758169934, "Recall": 0.6533333333333333, "Precision": 0.6282051282051282, "Cohen_Kappa": 0.2666666666666667, "AUC": 0.6333333333333333, "TP": 49, "TN": 46, "FP": 29, "FN": 26}}, "MNB": {"valid": {"ACC": 0.6066666666666667, "F1_Score": 0.6193548387096774, "Recall": 0.64, "Precision": 0.6, "Cohen_Kappa": 0.21333333333333337, "AUC": 0.6401777777777777, "TP": 48, "TN": 43, "FP": 32, "FN": 27}, "test": {"ACC": 0.6533333333333333, "F1_Score": 0.6623376623376623, "Recall": 0.68, "Precision": 0.6455696202531646, "Cohen_Kappa": 0.30666666666666664, "AUC": 0.6464000000000001, "TP": 51, "TN": 47, "FP": 28, "FN": 24}}, "RF": {"valid": {"ACC": 0.6733333333333333, "F1_Score": 0.6573426573426574, "Recall": 0.6266666666666667, "Precision": 0.6911764705882353, "Cohen_Kappa": 0.3466666666666667, "AUC": 0.7128888888888889, "TP": 47, "TN": 54, "FP": 21, "FN": 28}, "test": {"ACC": 0.6266666666666667, "F1_Score": 0.6363636363636364, "Recall": 0.6533333333333333, "Precision": 0.620253164556962, "Cohen_Kappa": 0.2533333333333333, "AUC": 0.7034666666666668, "TP": 49, "TN": 45, "FP": 30, "FN": 26}}, "ADA": {"valid": {"ACC": 0.62, "F1_Score": 0.6174496644295302, "Recall": 0.6133333333333333, "Precision": 0.6216216216216216, "Cohen_Kappa": 0.24, "AUC": 0.6398222222222222, "TP": 46, "TN": 47, "FP": 28, "FN": 29}, "test": {"ACC": 0.6266666666666667, "F1_Score": 0.588235294117647, "Recall": 0.5333333333333333, "Precision": 0.6557377049180327, "Cohen_Kappa": 0.2533333333333333, "AUC": 0.6469333333333332, "TP": 40, "TN": 54, "FP": 21, "FN": 35}}, "XGB": {"valid": {"ACC": 0.5533333333333333, "F1_Score": 0.5620915032679739, "Recall": 0.5733333333333334, "Precision": 0.5512820512820513, "Cohen_Kappa": 0.10666666666666669, "AUC": 0.6384000000000001, "TP": 43, "TN": 40, "FP": 35, "FN": 32}, "test": {"ACC": 0.6066666666666667, "F1_Score": 0.609271523178808, "Recall": 0.6133333333333333, "Precision": 0.6052631578947368, "Cohen_Kappa": 0.21333333333333337, "AUC": 0.7114666666666667, "TP": 46, "TN": 45, "FP": 30, "FN": 29}}, "MLP": {"valid": {"ACC": 0.5733333333333334, "F1_Score": 0.5675675675675674, "Recall": 0.56, "Precision": 0.5753424657534246, "Cohen_Kappa": 0.1466666666666666, "AUC": 0.6348444444444445, "TP": 42, "TN": 44, "FP": 31, "FN": 33}, "test": {"ACC": 0.6933333333333334, "F1_Score": 0.6805555555555556, "Recall": 0.6533333333333333, "Precision": 0.7101449275362319, "Cohen_Kappa": 0.3866666666666667, "AUC": 0.7205333333333332, "TP": 49, "TN": 55, "FP": 20, "FN": 26}}, "LR": {"valid": {"ACC": 0.5466666666666666, "F1_Score": 0.5641025641025641, "Recall": 0.5866666666666667, "Precision": 0.5432098765432098, "Cohen_Kappa": 0.09333333333333338, "AUC": 0.5715555555555556, "TP": 44, "TN": 38, "FP": 37, "FN": 31}, "test": {"ACC": 0.6333333333333333, "F1_Score": 0.6099290780141844, "Recall": 0.5733333333333334, "Precision": 0.6515151515151515, "Cohen_Kappa": 0.2666666666666667, "AUC": 0.6684444444444444, "TP": 43, "TN": 52, "FP": 23, "FN": 32}}, "ETAs": {"valid": {"ACC": 0.6466666666666666, "F1_Score": 0.6344827586206896, "Recall": 0.6133333333333333, "Precision": 0.6571428571428571, "Cohen_Kappa": 0.29333333333333333, "AUC": 0.688711111111111, "TP": 46, "TN": 51, "FP": 24, "FN": 29}, "test": {"ACC": 0.6666666666666666, "F1_Score": 0.6621621621621622, "Recall": 0.6533333333333333, "Precision": 0.6712328767123288, "Cohen_Kappa": 0.33333333333333337, "AUC": 0.7293333333333334, "TP": 49, "TN": 51, "FP": 24, "FN": 26}}, "CNB": {"valid": {"ACC": 0.6066666666666667, "F1_Score": 0.6193548387096774, "Recall": 0.64, "Precision": 0.6, "Cohen_Kappa": 0.21333333333333337, "AUC": 0.6401777777777777, "TP": 48, "TN": 43, "FP": 32, "FN": 27}, "test": {"ACC": 0.6533333333333333, "F1_Score": 0.6623376623376623, "Recall": 0.68, "Precision": 0.6455696202531646, "Cohen_Kappa": 0.30666666666666664, "AUC": 0.6464000000000001, "TP": 51, "TN": 47, "FP": 28, "FN": 24}}, "GB": {"valid": {"ACC": 0.6466666666666666, "F1_Score": 0.6535947712418301, "Recall": 0.6666666666666666, "Precision": 0.6410256410256411, "Cohen_Kappa": 0.29333333333333333, "AUC": 0.6856888888888889, "TP": 50, "TN": 47, "FP": 28, "FN": 25}, "test": {"ACC": 0.6933333333333334, "F1_Score": 0.6933333333333334, "Recall": 0.6933333333333334, "Precision": 0.6933333333333334, "Cohen_Kappa": 0.3866666666666667, "AUC": 0.7289777777777777, "TP": 52, "TN": 52, "FP": 23, "FN": 23}}, "BAG": {"valid": {"ACC": 0.6333333333333333, "F1_Score": 0.5669291338582677, "Recall": 0.48, "Precision": 0.6923076923076923, "Cohen_Kappa": 0.2666666666666667, "AUC": 0.6777777777777778, "TP": 36, "TN": 59, "FP": 16, "FN": 39}, "test": {"ACC": 0.68, "F1_Score": 0.6470588235294118, "Recall": 0.5866666666666667, "Precision": 0.7213114754098361, "Cohen_Kappa": 0.36, "AUC": 0.7148444444444444, "TP": 44, "TN": 58, "FP": 17, "FN": 31}}}