{"OVR": {"valid": {"ACC": 0.5701754385964912, "F1_Score": 0.5950413223140496, "Recall": 0.631578947368421, "Precision": 0.5625, "Cohen_Kappa": 0.14035087719298245, "AUC": 0.5803324099722992, "TP": 36, "TN": 29, "FP": 28, "FN": 21}, "test": {"ACC": 0.5877192982456141, "F1_Score": 0.6050420168067226, "Recall": 0.631578947368421, "Precision": 0.5806451612903226, "Cohen_Kappa": 0.17543859649122806, "AUC": 0.6114188981224993, "TP": 36, "TN": 31, "FP": 26, "FN": 21}}, "KNB": {"valid": {"ACC": 0.6228070175438597, "F1_Score": 0.6055045871559633, "Recall": 0.5789473684210527, "Precision": 0.6346153846153846, "Cohen_Kappa": 0.24561403508771928, "AUC": 0.6528162511542014, "TP": 33, "TN": 38, "FP": 19, "FN": 24}, "test": {"ACC": 0.5526315789473685, "F1_Score": 0.5048543689320387, "Recall": 0.45614035087719296, "Precision": 0.5652173913043478, "Cohen_Kappa": 0.10526315789473684, "AUC": 0.657433056325023, "TP": 26, "TN": 37, "FP": 20, "FN": 31}}, "DT": {"valid": {"ACC": 0.6052631578947368, "F1_Score": 0.5871559633027522, "Recall": 0.5614035087719298, "Precision": 0.6153846153846154, "Cohen_Kappa": 0.21052631578947367, "AUC": 0.6032625423207141, "TP": 32, "TN": 37, "FP": 20, "FN": 25}, "test": {"ACC": 0.6403508771929824, "F1_Score": 0.6554621848739496, "Recall": 0.6842105263157895, "Precision": 0.6290322580645161, "Cohen_Kappa": 0.2807017543859649, "AUC": 0.6425053862726993, "TP": 39, "TN": 34, "FP": 23, "FN": 18}}, "MNB": {"valid": {"ACC": 0.6140350877192983, "F1_Score": 0.6271186440677966, "Recall": 0.6491228070175439, "Precision": 0.6065573770491803, "Cohen_Kappa": 0.22807017543859653, "AUC": 0.6488150200061557, "TP": 37, "TN": 33, "FP": 24, "FN": 20}, "test": {"ACC": 0.6842105263157895, "F1_Score": 0.6785714285714286, "Recall": 0.6666666666666666, "Precision": 0.6909090909090909, "Cohen_Kappa": 0.368421052631579, "AUC": 0.6915974145891044, "TP": 38, "TN": 40, "FP": 17, "FN": 19}}, "RF": {"valid": {"ACC": 0.6403508771929824, "F1_Score": 0.6434782608695653, "Recall": 0.6491228070175439, "Precision": 0.6379310344827587, "Cohen_Kappa": 0.2807017543859649, "AUC": 0.714065866420437, "TP": 37, "TN": 36, "FP": 21, "FN": 20}, "test": {"ACC": 0.6491228070175439, "F1_Score": 0.6666666666666666, "Recall": 0.7017543859649122, "Precision": 0.6349206349206349, "Cohen_Kappa": 0.29824561403508776, "AUC": 0.7536164973838104, "TP": 40, "TN": 34, "FP": 23, "FN": 17}}, "ADA": {"valid": {"ACC": 0.6491228070175439, "F1_Score": 0.6551724137931034, "Recall": 0.6666666666666666, "Precision": 0.6440677966101694, "Cohen_Kappa": 0.29824561403508776, "AUC": 0.6731301939058172, "TP": 38, "TN": 36, "FP": 21, "FN": 19}, "test": {"ACC": 0.5877192982456141, "F1_Score": 0.5765765765765766, "Recall": 0.5614035087719298, "Precision": 0.5925925925925926, "Cohen_Kappa": 0.17543859649122806, "AUC": 0.6375807940904894, "TP": 32, "TN": 35, "FP": 22, "FN": 25}}, "XGB": {"valid": {"ACC": 0.6666666666666666, "F1_Score": 0.6833333333333335, "Recall": 0.7192982456140351, "Precision": 0.6507936507936508, "Cohen_Kappa": 0.33333333333333337, "AUC": 0.7256078793474915, "TP": 41, "TN": 35, "FP": 22, "FN": 16}, "test": {"ACC": 0.7017543859649122, "F1_Score": 0.7258064516129032, "Recall": 0.7894736842105263, "Precision": 0.6716417910447762, "Cohen_Kappa": 0.4035087719298246, "AUC": 0.7780855647891659, "TP": 45, "TN": 35, "FP": 22, "FN": 12}}, "MLP": {"valid": {"ACC": 0.5789473684210527, "F1_Score": 0.5714285714285714, "Recall": 0.5614035087719298, "Precision": 0.5818181818181818, "Cohen_Kappa": 0.1578947368421053, "AUC": 0.6155740227762388, "TP": 32, "TN": 34, "FP": 23, "FN": 25}, "test": {"ACC": 0.6754385964912281, "F1_Score": 0.6725663716814159, "Recall": 0.6666666666666666, "Precision": 0.6785714285714286, "Cohen_Kappa": 0.3508771929824561, "AUC": 0.7117574638350261, "TP": 38, "TN": 39, "FP": 18, "FN": 19}}, "LR": {"valid": {"ACC": 0.5701754385964912, "F1_Score": 0.5950413223140496, "Recall": 0.631578947368421, "Precision": 0.5625, "Cohen_Kappa": 0.14035087719298245, "AUC": 0.5803324099722992, "TP": 36, "TN": 29, "FP": 28, "FN": 21}, "test": {"ACC": 0.5877192982456141, "F1_Score": 0.6050420168067226, "Recall": 0.631578947368421, "Precision": 0.5806451612903226, "Cohen_Kappa": 0.17543859649122806, "AUC": 0.6114188981224993, "TP": 36, "TN": 31, "FP": 26, "FN": 21}}, "ETAs": {"valid": {"ACC": 0.6666666666666666, "F1_Score": 0.6724137931034484, "Recall": 0.6842105263157895, "Precision": 0.6610169491525424, "Cohen_Kappa": 0.33333333333333337, "AUC": 0.7172976300400122, "TP": 39, "TN": 37, "FP": 20, "FN": 18}, "test": {"ACC": 0.6578947368421053, "F1_Score": 0.6776859504132231, "Recall": 0.7192982456140351, "Precision": 0.640625, "Cohen_Kappa": 0.3157894736842105, "AUC": 0.7600800246229609, "TP": 41, "TN": 34, "FP": 23, "FN": 16}}, "CNB": {"valid": {"ACC": 0.6140350877192983, "F1_Score": 0.6271186440677966, "Recall": 0.6491228070175439, "Precision": 0.6065573770491803, "Cohen_Kappa": 0.22807017543859653, "AUC": 0.6488150200061557, "TP": 37, "TN": 33, "FP": 24, "FN": 20}, "test": {"ACC": 0.6842105263157895, "F1_Score": 0.6785714285714286, "Recall": 0.6666666666666666, "Precision": 0.6909090909090909, "Cohen_Kappa": 0.368421052631579, "AUC": 0.6915974145891044, "TP": 38, "TN": 40, "FP": 17, "FN": 19}}, "GB": {"valid": {"ACC": 0.631578947368421, "F1_Score": 0.6379310344827587, "Recall": 0.6491228070175439, "Precision": 0.6271186440677966, "Cohen_Kappa": 0.26315789473684215, "AUC": 0.6920590951061866, "TP": 37, "TN": 35, "FP": 22, "FN": 20}, "test": {"ACC": 0.6929824561403509, "F1_Score": 0.6902654867256636, "Recall": 0.6842105263157895, "Precision": 0.6964285714285714, "Cohen_Kappa": 0.38596491228070173, "AUC": 0.7716220375500153, "TP": 39, "TN": 40, "FP": 17, "FN": 18}}, "BAG": {"valid": {"ACC": 0.6140350877192983, "F1_Score": 0.6271186440677966, "Recall": 0.6491228070175439, "Precision": 0.6065573770491803, "Cohen_Kappa": 0.22807017543859653, "AUC": 0.680209295167744, "TP": 37, "TN": 33, "FP": 24, "FN": 20}, "test": {"ACC": 0.6754385964912281, "F1_Score": 0.6782608695652174, "Recall": 0.6842105263157895, "Precision": 0.6724137931034483, "Cohen_Kappa": 0.3508771929824561, "AUC": 0.7770083102493075, "TP": 39, "TN": 38, "FP": 19, "FN": 18}}}