{"OVR": {"valid": {"ACC": 0.5909090909090909, "F1_Score": 0.5970149253731343, "Recall": 0.6060606060606061, "Precision": 0.5882352941176471, "Cohen_Kappa": 0.18181818181818177, "AUC": 0.6584022038567493, "TP": 20, "TN": 19, "FP": 14, "FN": 13}, "test": {"ACC": 0.5223880597014925, "F1_Score": 0.4666666666666667, "Recall": 0.4117647058823529, "Precision": 0.5384615384615384, "Cohen_Kappa": 0.047957371225577305, "AUC": 0.48841354723707664, "TP": 14, "TN": 21, "FP": 12, "FN": 20}}, "KNB": {"valid": {"ACC": 0.5909090909090909, "F1_Score": 0.5970149253731343, "Recall": 0.6060606060606061, "Precision": 0.5882352941176471, "Cohen_Kappa": 0.18181818181818177, "AUC": 0.6496786042240588, "TP": 20, "TN": 19, "FP": 14, "FN": 13}, "test": {"ACC": 0.5074626865671642, "F1_Score": 0.5074626865671642, "Recall": 0.5, "Precision": 0.5151515151515151, "Cohen_Kappa": 0.015144766146993338, "AUC": 0.5347593582887701, "TP": 17, "TN": 17, "FP": 16, "FN": 17}}, "DT": {"valid": {"ACC": 0.48484848484848486, "F1_Score": 0.5405405405405406, "Recall": 0.6060606060606061, "Precision": 0.4878048780487805, "Cohen_Kappa": -0.030303030303030276, "AUC": 0.48484848484848486, "TP": 20, "TN": 12, "FP": 21, "FN": 13}, "test": {"ACC": 0.5373134328358209, "F1_Score": 0.6075949367088608, "Recall": 0.7058823529411765, "Precision": 0.5333333333333333, "Cohen_Kappa": 0.06986117330944919, "AUC": 0.5347593582887701, "TP": 24, "TN": 12, "FP": 21, "FN": 10}}, "MNB": {"valid": {"ACC": 0.5909090909090909, "F1_Score": 0.5970149253731343, "Recall": 0.6060606060606061, "Precision": 0.5882352941176471, "Cohen_Kappa": 0.18181818181818177, "AUC": 0.6083562901744721, "TP": 20, "TN": 19, "FP": 14, "FN": 13}, "test": {"ACC": 0.6119402985074627, "F1_Score": 0.6388888888888888, "Recall": 0.6764705882352942, "Precision": 0.6052631578947368, "Cohen_Kappa": 0.22232142857142845, "AUC": 0.5730837789661319, "TP": 23, "TN": 18, "FP": 15, "FN": 11}}, "RF": {"valid": {"ACC": 0.6666666666666666, "F1_Score": 0.6666666666666666, "Recall": 0.6666666666666666, "Precision": 0.6666666666666666, "Cohen_Kappa": 0.33333333333333337, "AUC": 0.6891643709825528, "TP": 22, "TN": 22, "FP": 11, "FN": 11}, "test": {"ACC": 0.6268656716417911, "F1_Score": 0.6268656716417911, "Recall": 0.6176470588235294, "Precision": 0.6363636363636364, "Cohen_Kappa": 0.2538975501113586, "AUC": 0.6853832442067737, "TP": 21, "TN": 21, "FP": 12, "FN": 13}}, "ADA": {"valid": {"ACC": 0.6212121212121212, "F1_Score": 0.6268656716417911, "Recall": 0.6363636363636364, "Precision": 0.6176470588235294, "Cohen_Kappa": 0.24242424242424243, "AUC": 0.6831955922865014, "TP": 21, "TN": 20, "FP": 13, "FN": 12}, "test": {"ACC": 0.6119402985074627, "F1_Score": 0.6176470588235294, "Recall": 0.6176470588235294, "Precision": 0.6176470588235294, "Cohen_Kappa": 0.2237076648841354, "AUC": 0.6497326203208555, "TP": 21, "TN": 20, "FP": 13, "FN": 13}}, "XGB": {"valid": {"ACC": 0.6212121212121212, "F1_Score": 0.6153846153846154, "Recall": 0.6060606060606061, "Precision": 0.625, "Cohen_Kappa": 0.24242424242424243, "AUC": 0.682277318640955, "TP": 20, "TN": 21, "FP": 12, "FN": 13}, "test": {"ACC": 0.582089552238806, "F1_Score": 0.5882352941176471, "Recall": 0.5882352941176471, "Precision": 0.5882352941176471, "Cohen_Kappa": 0.16399286987522277, "AUC": 0.6800356506238859, "TP": 20, "TN": 19, "FP": 14, "FN": 14}}, "MLP": {"valid": {"ACC": 0.6363636363636364, "F1_Score": 0.6666666666666667, "Recall": 0.7272727272727273, "Precision": 0.6153846153846154, "Cohen_Kappa": 0.2727272727272727, "AUC": 0.7309458218549127, "TP": 24, "TN": 18, "FP": 15, "FN": 9}, "test": {"ACC": 0.5223880597014925, "F1_Score": 0.5555555555555555, "Recall": 0.5882352941176471, "Precision": 0.5263157894736842, "Cohen_Kappa": 0.042857142857142816, "AUC": 0.5873440285204992, "TP": 20, "TN": 15, "FP": 18, "FN": 14}}, "LR": {"valid": {"ACC": 0.5909090909090909, "F1_Score": 0.5970149253731343, "Recall": 0.6060606060606061, "Precision": 0.5882352941176471, "Cohen_Kappa": 0.18181818181818177, "AUC": 0.6584022038567493, "TP": 20, "TN": 19, "FP": 14, "FN": 13}, "test": {"ACC": 0.5223880597014925, "F1_Score": 0.4666666666666667, "Recall": 0.4117647058823529, "Precision": 0.5384615384615384, "Cohen_Kappa": 0.047957371225577305, "AUC": 0.48841354723707664, "TP": 14, "TN": 21, "FP": 12, "FN": 20}}, "ETAs": {"valid": {"ACC": 0.5757575757575758, "F1_Score": 0.6000000000000001, "Recall": 0.6363636363636364, "Precision": 0.5675675675675675, "Cohen_Kappa": 0.1515151515151515, "AUC": 0.6639118457300275, "TP": 21, "TN": 17, "FP": 16, "FN": 12}, "test": {"ACC": 0.7014925373134329, "F1_Score": 0.696969696969697, "Recall": 0.6764705882352942, "Precision": 0.71875, "Cohen_Kappa": 0.40338379341050756, "AUC": 0.729946524064171, "TP": 23, "TN": 24, "FP": 9, "FN": 11}}, "CNB": {"valid": {"ACC": 0.5909090909090909, "F1_Score": 0.5970149253731343, "Recall": 0.6060606060606061, "Precision": 0.5882352941176471, "Cohen_Kappa": 0.18181818181818177, "AUC": 0.6083562901744721, "TP": 20, "TN": 19, "FP": 14, "FN": 13}, "test": {"ACC": 0.6119402985074627, "F1_Score": 0.6388888888888888, "Recall": 0.6764705882352942, "Precision": 0.6052631578947368, "Cohen_Kappa": 0.22232142857142845, "AUC": 0.5730837789661319, "TP": 23, "TN": 18, "FP": 15, "FN": 11}}, "GB": {"valid": {"ACC": 0.5454545454545454, "F1_Score": 0.5454545454545454, "Recall": 0.5454545454545454, "Precision": 0.5454545454545454, "Cohen_Kappa": 0.09090909090909094, "AUC": 0.6418732782369145, "TP": 18, "TN": 18, "FP": 15, "FN": 15}, "test": {"ACC": 0.582089552238806, "F1_Score": 0.5882352941176471, "Recall": 0.5882352941176471, "Precision": 0.5882352941176471, "Cohen_Kappa": 0.16399286987522277, "AUC": 0.6702317290552584, "TP": 20, "TN": 19, "FP": 14, "FN": 14}}, "BAG": {"valid": {"ACC": 0.6212121212121212, "F1_Score": 0.6153846153846154, "Recall": 0.6060606060606061, "Precision": 0.625, "Cohen_Kappa": 0.24242424242424243, "AUC": 0.7222222222222223, "TP": 20, "TN": 21, "FP": 12, "FN": 13}, "test": {"ACC": 0.5970149253731343, "F1_Score": 0.5263157894736842, "Recall": 0.4411764705882353, "Precision": 0.6521739130434783, "Cohen_Kappa": 0.19778270509977824, "AUC": 0.6408199643493762, "TP": 15, "TN": 25, "FP": 8, "FN": 19}}}