{"OVR": {"valid": {"ACC": 0.684931506849315, "F1_Score": 0.661764705882353, "Recall": 0.6164383561643836, "Precision": 0.7142857142857143, "Cohen_Kappa": 0.36986301369863017, "AUC": 0.6907487333458435, "TP": 45, "TN": 55, "FP": 18, "FN": 28}, "test": {"ACC": 0.6575342465753424, "F1_Score": 0.6575342465753424, "Recall": 0.6575342465753424, "Precision": 0.6575342465753424, "Cohen_Kappa": 0.31506849315068497, "AUC": 0.6975042221805217, "TP": 48, "TN": 48, "FP": 25, "FN": 25}}, "KNB": {"valid": {"ACC": 0.7054794520547946, "F1_Score": 0.6950354609929077, "Recall": 0.6712328767123288, "Precision": 0.7205882352941176, "Cohen_Kappa": 0.410958904109589, "AUC": 0.7467629949333834, "TP": 49, "TN": 54, "FP": 19, "FN": 24}, "test": {"ACC": 0.678082191780822, "F1_Score": 0.6928104575163399, "Recall": 0.726027397260274, "Precision": 0.6625, "Cohen_Kappa": 0.3561643835616438, "AUC": 0.7415087258397449, "TP": 53, "TN": 46, "FP": 27, "FN": 20}}, "DT": {"valid": {"ACC": 0.6643835616438356, "F1_Score": 0.6573426573426574, "Recall": 0.6438356164383562, "Precision": 0.6714285714285714, "Cohen_Kappa": 0.3287671232876712, "AUC": 0.6595045974854569, "TP": 47, "TN": 50, "FP": 23, "FN": 26}, "test": {"ACC": 0.6575342465753424, "F1_Score": 0.6666666666666666, "Recall": 0.684931506849315, "Precision": 0.6493506493506493, "Cohen_Kappa": 0.31506849315068497, "AUC": 0.6532182398198536, "TP": 50, "TN": 46, "FP": 27, "FN": 23}}, "MNB": {"valid": {"ACC": 0.6575342465753424, "F1_Score": 0.647887323943662, "Recall": 0.6301369863013698, "Precision": 0.6666666666666666, "Cohen_Kappa": 0.31506849315068497, "AUC": 0.6768624507412271, "TP": 46, "TN": 50, "FP": 23, "FN": 27}, "test": {"ACC": 0.6575342465753424, "F1_Score": 0.6753246753246753, "Recall": 0.7123287671232876, "Precision": 0.6419753086419753, "Cohen_Kappa": 0.31506849315068497, "AUC": 0.6745167948958529, "TP": 52, "TN": 44, "FP": 29, "FN": 21}}, "RF": {"valid": {"ACC": 0.7054794520547946, "F1_Score": 0.6906474820143884, "Recall": 0.6575342465753424, "Precision": 0.7272727272727273, "Cohen_Kappa": 0.410958904109589, "AUC": 0.77744417339088, "TP": 48, "TN": 55, "FP": 18, "FN": 25}, "test": {"ACC": 0.7054794520547946, "F1_Score": 0.7261146496815287, "Recall": 0.7808219178082192, "Precision": 0.6785714285714286, "Cohen_Kappa": 0.410958904109589, "AUC": 0.7928316757365358, "TP": 57, "TN": 46, "FP": 27, "FN": 16}}, "ADA": {"valid": {"ACC": 0.678082191780822, "F1_Score": 0.6713286713286712, "Recall": 0.6575342465753424, "Precision": 0.6857142857142857, "Cohen_Kappa": 0.3561643835616438, "AUC": 0.7431037718145994, "TP": 48, "TN": 51, "FP": 22, "FN": 25}, "test": {"ACC": 0.6917808219178082, "F1_Score": 0.6938775510204082, "Recall": 0.6986301369863014, "Precision": 0.6891891891891891, "Cohen_Kappa": 0.3835616438356164, "AUC": 0.751735785325577, "TP": 51, "TN": 50, "FP": 23, "FN": 22}}, "XGB": {"valid": {"ACC": 0.7054794520547946, "F1_Score": 0.6861313868613139, "Recall": 0.6438356164383562, "Precision": 0.734375, "Cohen_Kappa": 0.410958904109589, "AUC": 0.7605554513041847, "TP": 47, "TN": 56, "FP": 17, "FN": 26}, "test": {"ACC": 0.6986301369863014, "F1_Score": 0.717948717948718, "Recall": 0.7671232876712328, "Precision": 0.6746987951807228, "Cohen_Kappa": 0.3972602739726028, "AUC": 0.7626196284481142, "TP": 56, "TN": 46, "FP": 27, "FN": 17}}, "MLP": {"valid": {"ACC": 0.6917808219178082, "F1_Score": 0.6762589928057554, "Recall": 0.6438356164383562, "Precision": 0.7121212121212122, "Cohen_Kappa": 0.3835616438356164, "AUC": 0.7960217676862451, "TP": 47, "TN": 54, "FP": 19, "FN": 26}, "test": {"ACC": 0.7191780821917808, "F1_Score": 0.7320261437908496, "Recall": 0.7671232876712328, "Precision": 0.7, "Cohen_Kappa": 0.4383561643835616, "AUC": 0.7766935635203603, "TP": 56, "TN": 49, "FP": 24, "FN": 17}}, "LR": {"valid": {"ACC": 0.684931506849315, "F1_Score": 0.661764705882353, "Recall": 0.6164383561643836, "Precision": 0.7142857142857143, "Cohen_Kappa": 0.36986301369863017, "AUC": 0.6907487333458435, "TP": 45, "TN": 55, "FP": 18, "FN": 28}, "test": {"ACC": 0.6575342465753424, "F1_Score": 0.6575342465753424, "Recall": 0.6575342465753424, "Precision": 0.6575342465753424, "Cohen_Kappa": 0.31506849315068497, "AUC": 0.6975042221805217, "TP": 48, "TN": 48, "FP": 25, "FN": 25}}, "ETAs": {"valid": {"ACC": 0.7191780821917808, "F1_Score": 0.7050359712230216, "Recall": 0.6712328767123288, "Precision": 0.7424242424242424, "Cohen_Kappa": 0.4383561643835616, "AUC": 0.7783824357290299, "TP": 49, "TN": 56, "FP": 17, "FN": 24}, "test": {"ACC": 0.6917808219178082, "F1_Score": 0.7169811320754716, "Recall": 0.7808219178082192, "Precision": 0.6627906976744186, "Cohen_Kappa": 0.3835616438356164, "AUC": 0.7712516419590917, "TP": 57, "TN": 44, "FP": 29, "FN": 16}}, "CNB": {"valid": {"ACC": 0.6575342465753424, "F1_Score": 0.647887323943662, "Recall": 0.6301369863013698, "Precision": 0.6666666666666666, "Cohen_Kappa": 0.31506849315068497, "AUC": 0.6768624507412271, "TP": 46, "TN": 50, "FP": 23, "FN": 27}, "test": {"ACC": 0.6575342465753424, "F1_Score": 0.6753246753246753, "Recall": 0.7123287671232876, "Precision": 0.6419753086419753, "Cohen_Kappa": 0.31506849315068497, "AUC": 0.6745167948958529, "TP": 52, "TN": 44, "FP": 29, "FN": 21}}, "GB": {"valid": {"ACC": 0.6712328767123288, "F1_Score": 0.657142857142857, "Recall": 0.6301369863013698, "Precision": 0.6865671641791045, "Cohen_Kappa": 0.34246575342465757, "AUC": 0.7521110902608368, "TP": 46, "TN": 52, "FP": 21, "FN": 27}, "test": {"ACC": 0.6986301369863014, "F1_Score": 0.7142857142857143, "Recall": 0.7534246575342466, "Precision": 0.6790123456790124, "Cohen_Kappa": 0.3972602739726028, "AUC": 0.7860761869018577, "TP": 55, "TN": 47, "FP": 26, "FN": 18}}, "BAG": {"valid": {"ACC": 0.678082191780822, "F1_Score": 0.6518518518518519, "Recall": 0.6027397260273972, "Precision": 0.7096774193548387, "Cohen_Kappa": 0.3561643835616438, "AUC": 0.7561456183148808, "TP": 44, "TN": 55, "FP": 18, "FN": 29}, "test": {"ACC": 0.7054794520547946, "F1_Score": 0.7074829931972789, "Recall": 0.7123287671232876, "Precision": 0.7027027027027027, "Cohen_Kappa": 0.410958904109589, "AUC": 0.7672171139050478, "TP": 52, "TN": 51, "FP": 22, "FN": 21}}}