{"CoV1-PPE": {"valid": {"ACC": 0.7300380228136882, "F1_Score": 0.7215686274509803, "Recall": 0.7022900763358778, "Precision": 0.7419354838709677, "Cohen_Kappa": 0.45995893223819295, "AUC": 0.7870691649317604, "TP": 92, "TN": 100, "FP": 32, "FN": 39}, "test": {"ACC": 0.6463878326996197, "F1_Score": 0.6463878326996197, "Recall": 0.6439393939393939, "Precision": 0.648854961832061, "Cohen_Kappa": 0.29278588983663445, "AUC": 0.6531343974092066, "TP": 85, "TN": 85, "FP": 46, "FN": 47}, "best_model": "MNB", "best_features": "rdkDes"}, "CoV1-PPE_cs": {"valid": {"ACC": 0.8297872340425532, "F1_Score": 0.8333333333333333, "Recall": 0.8695652173913043, "Precision": 0.8, "Cohen_Kappa": 0.6600361663652803, "AUC": 0.8278985507246377, "TP": 20, "TN": 19, "FP": 5, "FN": 3}, "test": {"ACC": 0.6808510638297872, "F1_Score": 0.6666666666666666, "Recall": 0.625, "Precision": 0.7142857142857143, "Cohen_Kappa": 0.36314363143631434, "AUC": 0.7771739130434783, "TP": 15, "TN": 17, "FP": 6, "FN": 9}, "best_model": "XGB", "best_features": "rdkDes"}, "MERS-PPE": {"valid": {"ACC": 0.7586206896551724, "F1_Score": 0.7741935483870969, "Recall": 0.8333333333333334, "Precision": 0.7228915662650602, "Cohen_Kappa": 0.5177230827710729, "AUC": 0.8038432267884322, "TP": 60, "TN": 50, "FP": 23, "FN": 12}, "test": {"ACC": 0.696551724137931, "F1_Score": 0.7066666666666667, "Recall": 0.726027397260274, "Precision": 0.6883116883116883, "Cohen_Kappa": 0.39284354777312513, "AUC": 0.7920471841704718, "TP": 53, "TN": 48, "FP": 24, "FN": 20}, "best_model": "GB", "best_features": "rdkDes"}, "MERS-PPE_cs": {"valid": {"ACC": 0.7962962962962963, "F1_Score": 0.7999999999999999, "Recall": 0.8148148148148148, "Precision": 0.7857142857142857, "Cohen_Kappa": 0.5925925925925926, "AUC": 0.8216735253772292, "TP": 22, "TN": 21, "FP": 6, "FN": 5}, "test": {"ACC": 0.6851851851851852, "F1_Score": 0.6666666666666667, "Recall": 0.6296296296296297, "Precision": 0.7083333333333334, "Cohen_Kappa": 0.37037037037037035, "AUC": 0.7572016460905349, "TP": 17, "TN": 20, "FP": 7, "FN": 10}, "best_model": "ADA", "best_features": "rdkDes"}, "hCYTOX": {"valid": {"ACC": 0.7192982456140351, "F1_Score": 0.7142857142857142, "Recall": 0.7017543859649122, "Precision": 0.7272727272727273, "Cohen_Kappa": 0.4385964912280702, "AUC": 0.7640812557710064, "TP": 40, "TN": 42, "FP": 15, "FN": 17}, "test": {"ACC": 0.7017543859649122, "F1_Score": 0.7017543859649122, "Recall": 0.7017543859649122, "Precision": 0.7017543859649122, "Cohen_Kappa": 0.4035087719298246, "AUC": 0.739612188365651, "TP": 40, "TN": 40, "FP": 17, "FN": 17}, "best_model": "RF", "best_features": "rdkDes"}, "3CL": {"valid": {"ACC": 0.7816091954022989, "F1_Score": 0.7764705882352941, "Recall": 0.7674418604651163, "Precision": 0.7857142857142857, "Cohen_Kappa": 0.56304520222046, "AUC": 0.7880549682875264, "TP": 33, "TN": 35, "FP": 9, "FN": 10}, "test": {"ACC": 0.6896551724137931, "F1_Score": 0.6823529411764706, "Recall": 0.6590909090909091, "Precision": 0.7073170731707317, "Cohen_Kappa": 0.3797200950620544, "AUC": 0.7185517970401691, "TP": 29, "TN": 31, "FP": 12, "FN": 15}, "best_model": "GB", "best_features": "rdkDes"}, "AlphaLISA": {"valid": {"ACC": 0.8154506437768241, "F1_Score": 0.818565400843882, "Recall": 0.8290598290598291, "Precision": 0.8083333333333333, "Cohen_Kappa": 0.6308536899893151, "AUC": 0.8652372531682876, "TP": 97, "TN": 93, "FP": 23, "FN": 20}, "test": {"ACC": 0.7777777777777778, "F1_Score": 0.761467889908257, "Recall": 0.7094017094017094, "Precision": 0.8217821782178217, "Cohen_Kappa": 0.5555555555555556, "AUC": 0.8503908247497991, "TP": 83, "TN": 99, "FP": 18, "FN": 34}, "best_model": "XGB", "best_features": "rdkDes"}, "ACE2": {"valid": {"ACC": 0.7755102040816326, "F1_Score": 0.7755102040816326, "Recall": 0.7916666666666666, "Precision": 0.76, "Cohen_Kappa": 0.5512073272273106, "AUC": 0.8516666666666667, "TP": 19, "TN": 19, "FP": 6, "FN": 5}, "test": {"ACC": 0.7551020408163265, "F1_Score": 0.76, "Recall": 0.76, "Precision": 0.76, "Cohen_Kappa": 0.51, "AUC": 0.8266666666666667, "TP": 19, "TN": 18, "FP": 6, "FN": 6}, "best_model": "XGB", "best_features": "rdkDes"}, "CPE": {"valid": {"ACC": 0.7162162162162162, "F1_Score": 0.7083333333333334, "Recall": 0.6891891891891891, "Precision": 0.7285714285714285, "Cohen_Kappa": 0.43243243243243246, "AUC": 0.7735573411249087, "TP": 51, "TN": 55, "FP": 19, "FN": 23}, "test": {"ACC": 0.6577181208053692, "F1_Score": 0.6330935251798561, "Recall": 0.5866666666666667, "Precision": 0.6875, "Cohen_Kappa": 0.31608316083160826, "AUC": 0.7409009009009009, "TP": 44, "TN": 54, "FP": 20, "FN": 31}, "best_model": "ETAs", "best_features": "rdkDes"}, "TruHit": {"valid": {"ACC": 0.8007968127490039, "F1_Score": 0.8046874999999999, "Recall": 0.8174603174603174, "Precision": 0.7923076923076923, "Cohen_Kappa": 0.6015367030734061, "AUC": 0.867079365079365, "TP": 103, "TN": 98, "FP": 27, "FN": 23}, "test": {"ACC": 0.753968253968254, "F1_Score": 0.7559055118110236, "Recall": 0.7619047619047619, "Precision": 0.75, "Cohen_Kappa": 0.5079365079365079, "AUC": 0.8565444696397078, "TP": 96, "TN": 94, "FP": 32, "FN": 30}, "best_model": "ETAs", "best_features": "rdkDes"}, "cytotox": {"valid": {"ACC": 0.7470238095238095, "F1_Score": 0.7564469914040115, "Recall": 0.7857142857142857, "Precision": 0.7292817679558011, "Cohen_Kappa": 0.49404761904761907, "AUC": 0.824936224489796, "TP": 132, "TN": 119, "FP": 49, "FN": 36}, "test": {"ACC": 0.6824925816023739, "F1_Score": 0.6968838526912181, "Recall": 0.727810650887574, "Precision": 0.6684782608695652, "Cohen_Kappa": 0.36481178107770085, "AUC": 0.7467596506058045, "TP": 123, "TN": 107, "FP": 61, "FN": 46}, "best_model": "MLP", "best_features": "rdkDes"}}