{"CoV1-PPE": {"valid": {"ACC": 0.7376425855513308, "F1_Score": 0.7415730337078652, "Recall": 0.7557251908396947, "Precision": 0.7279411764705882, "Cohen_Kappa": 0.47535343606348845, "AUC": 0.7986062919269026, "TP": 99, "TN": 95, "FP": 37, "FN": 32}, "test": {"ACC": 0.6577946768060836, "F1_Score": 0.6590909090909091, "Recall": 0.6590909090909091, "Precision": 0.6590909090909091, "Cohen_Kappa": 0.31557945870922965, "AUC": 0.753411982419616, "TP": 87, "TN": 86, "FP": 45, "FN": 45}, "best_model": "GB", "best_features": "tpatf"}, "CoV1-PPE_cs": {"valid": {"ACC": 0.723404255319149, "F1_Score": 0.7346938775510203, "Recall": 0.782608695652174, "Precision": 0.6923076923076923, "Cohen_Kappa": 0.4480578139114725, "AUC": 0.7844202898550724, "TP": 18, "TN": 16, "FP": 8, "FN": 5}, "test": {"ACC": 0.5531914893617021, "F1_Score": 0.5333333333333333, "Recall": 0.5, "Precision": 0.5714285714285714, "Cohen_Kappa": 0.10840108401084003, "AUC": 0.6123188405797102, "TP": 12, "TN": 14, "FP": 9, "FN": 12}, "best_model": "XGB", "best_features": "tpatf"}, "MERS-PPE": {"valid": {"ACC": 0.7586206896551724, "F1_Score": 0.7770700636942675, "Recall": 0.8472222222222222, "Precision": 0.7176470588235294, "Cohen_Kappa": 0.5178147268408552, "AUC": 0.8082191780821918, "TP": 61, "TN": 49, "FP": 24, "FN": 11}, "test": {"ACC": 0.6758620689655173, "F1_Score": 0.6887417218543046, "Recall": 0.7123287671232876, "Precision": 0.6666666666666666, "Cohen_Kappa": 0.3513847910916532, "AUC": 0.7667427701674278, "TP": 52, "TN": 46, "FP": 26, "FN": 21}, "best_model": "ETAs", "best_features": "tpatf"}, "MERS-PPE_cs": {"valid": {"ACC": 0.7222222222222222, "F1_Score": 0.7058823529411765, "Recall": 0.6666666666666666, "Precision": 0.75, "Cohen_Kappa": 0.4444444444444444, "AUC": 0.8106995884773662, "TP": 18, "TN": 21, "FP": 6, "FN": 9}, "test": {"ACC": 0.6666666666666666, "F1_Score": 0.6538461538461539, "Recall": 0.6296296296296297, "Precision": 0.68, "Cohen_Kappa": 0.33333333333333337, "AUC": 0.7640603566529492, "TP": 17, "TN": 19, "FP": 8, "FN": 10}, "best_model": "SVC", "best_features": "tpatf"}, "hCYTOX": {"valid": {"ACC": 0.6842105263157895, "F1_Score": 0.7096774193548386, "Recall": 0.7719298245614035, "Precision": 0.6567164179104478, "Cohen_Kappa": 0.368421052631579, "AUC": 0.7520775623268698, "TP": 44, "TN": 34, "FP": 23, "FN": 13}, "test": {"ACC": 0.6929824561403509, "F1_Score": 0.6902654867256636, "Recall": 0.6842105263157895, "Precision": 0.6964285714285714, "Cohen_Kappa": 0.38596491228070173, "AUC": 0.7710064635272392, "TP": 39, "TN": 40, "FP": 17, "FN": 18}, "best_model": "RF", "best_features": "tpatf"}, "3CL": {"valid": {"ACC": 0.7011494252873564, "F1_Score": 0.7173913043478259, "Recall": 0.7674418604651163, "Precision": 0.673469387755102, "Cohen_Kappa": 0.4031662269129288, "AUC": 0.7317653276955602, "TP": 33, "TN": 28, "FP": 16, "FN": 10}, "test": {"ACC": 0.6781609195402298, "F1_Score": 0.6956521739130435, "Recall": 0.7272727272727273, "Precision": 0.6666666666666666, "Cohen_Kappa": 0.3555555555555556, "AUC": 0.7238372093023256, "TP": 32, "TN": 27, "FP": 16, "FN": 12}, "best_model": "RF", "best_features": "tpatf"}, "AlphaLISA": {"valid": {"ACC": 0.7467811158798283, "F1_Score": 0.7531380753138075, "Recall": 0.7692307692307693, "Precision": 0.7377049180327869, "Cohen_Kappa": 0.49345959689008434, "AUC": 0.8171971706454465, "TP": 90, "TN": 84, "FP": 32, "FN": 27}, "test": {"ACC": 0.7606837606837606, "F1_Score": 0.7647058823529412, "Recall": 0.7777777777777778, "Precision": 0.7520661157024794, "Cohen_Kappa": 0.5213675213675213, "AUC": 0.8415516107823799, "TP": 91, "TN": 87, "FP": 30, "FN": 26}, "best_model": "GB", "best_features": "tpatf"}, "ACE2": {"valid": {"ACC": 0.7346938775510204, "F1_Score": 0.6976744186046512, "Recall": 0.625, "Precision": 0.7894736842105263, "Cohen_Kappa": 0.46694560669456064, "AUC": 0.8033333333333333, "TP": 15, "TN": 21, "FP": 4, "FN": 9}, "test": {"ACC": 0.673469387755102, "F1_Score": 0.68, "Recall": 0.68, "Precision": 0.68, "Cohen_Kappa": 0.3466666666666667, "AUC": 0.6833333333333333, "TP": 17, "TN": 16, "FP": 8, "FN": 8}, "best_model": "RF", "best_features": "tpatf"}, "CPE": {"valid": {"ACC": 0.668918918918919, "F1_Score": 0.6573426573426574, "Recall": 0.6351351351351351, "Precision": 0.6811594202898551, "Cohen_Kappa": 0.33783783783783783, "AUC": 0.6926588750913075, "TP": 47, "TN": 52, "FP": 22, "FN": 27}, "test": {"ACC": 0.5838926174496645, "F1_Score": 0.5633802816901409, "Recall": 0.5333333333333333, "Precision": 0.5970149253731343, "Cohen_Kappa": 0.16834713719841554, "AUC": 0.6135135135135135, "TP": 40, "TN": 47, "FP": 27, "FN": 35}, "best_model": "OVR", "best_features": "tpatf"}, "TruHit": {"valid": {"ACC": 0.7808764940239044, "F1_Score": 0.7940074906367042, "Recall": 0.8412698412698413, "Precision": 0.75177304964539, "Cohen_Kappa": 0.5615372399555344, "AUC": 0.8496825396825396, "TP": 106, "TN": 90, "FP": 35, "FN": 20}, "test": {"ACC": 0.7380952380952381, "F1_Score": 0.7401574803149606, "Recall": 0.746031746031746, "Precision": 0.734375, "Cohen_Kappa": 0.47619047619047616, "AUC": 0.8086104812295288, "TP": 94, "TN": 92, "FP": 34, "FN": 32}, "best_model": "ETAs", "best_features": "tpatf"}, "cytotox": {"valid": {"ACC": 0.75, "F1_Score": 0.7454545454545455, "Recall": 0.7321428571428571, "Precision": 0.7592592592592593, "Cohen_Kappa": 0.5, "AUC": 0.8334750566893424, "TP": 123, "TN": 129, "FP": 39, "FN": 45}, "test": {"ACC": 0.685459940652819, "F1_Score": 0.6971428571428573, "Recall": 0.7218934911242604, "Precision": 0.6740331491712708, "Cohen_Kappa": 0.3707813710984288, "AUC": 0.7536277824739364, "TP": 122, "TN": 109, "FP": 59, "FN": 47}, "best_model": "ETAs", "best_features": "tpatf"}}