{"CoV1-PPE": {"valid": {"ACC": 0.7376425855513308, "F1_Score": 0.7294117647058822, "Recall": 0.7099236641221374, "Precision": 0.75, "Cohen_Kappa": 0.4751713566821876, "AUC": 0.7973918575063614, "TP": 93, "TN": 101, "FP": 31, "FN": 38}, "test": {"ACC": 0.6653992395437263, "F1_Score": 0.66412213740458, "Recall": 0.6590909090909091, "Precision": 0.6692307692307692, "Cohen_Kappa": 0.3308275024576419, "AUC": 0.705383992597733, "TP": 87, "TN": 88, "FP": 43, "FN": 45}, "best_model": "GB", "best_features": "laval"}, "CoV1-PPE_cs": {"valid": {"ACC": 0.7872340425531915, "F1_Score": 0.782608695652174, "Recall": 0.782608695652174, "Precision": 0.782608695652174, "Cohen_Kappa": 0.5742753623188406, "AUC": 0.8605072463768116, "TP": 18, "TN": 19, "FP": 5, "FN": 5}, "test": {"ACC": 0.6808510638297872, "F1_Score": 0.6666666666666666, "Recall": 0.625, "Precision": 0.7142857142857143, "Cohen_Kappa": 0.36314363143631434, "AUC": 0.786231884057971, "TP": 15, "TN": 17, "FP": 6, "FN": 9}, "best_model": "RF", "best_features": "ecfp4"}, "MERS-PPE": {"valid": {"ACC": 0.8275862068965517, "F1_Score": 0.8366013071895425, "Recall": 0.8888888888888888, "Precision": 0.7901234567901234, "Cohen_Kappa": 0.655451002756392, "AUC": 0.8643455098934552, "TP": 64, "TN": 56, "FP": 17, "FN": 8}, "test": {"ACC": 0.6482758620689655, "F1_Score": 0.6330935251798561, "Recall": 0.6027397260273972, "Precision": 0.6666666666666666, "Cohen_Kappa": 0.2969864055518585, "AUC": 0.7475266362252664, "TP": 44, "TN": 50, "FP": 22, "FN": 29}, "best_model": "MLP", "best_features": "lecfp4"}, "MERS-PPE_cs": {"valid": {"ACC": 0.7777777777777778, "F1_Score": 0.7777777777777778, "Recall": 0.7777777777777778, "Precision": 0.7777777777777778, "Cohen_Kappa": 0.5555555555555556, "AUC": 0.8175582990397805, "TP": 21, "TN": 21, "FP": 6, "FN": 6}, "test": {"ACC": 0.6851851851851852, "F1_Score": 0.6666666666666667, "Recall": 0.6296296296296297, "Precision": 0.7083333333333334, "Cohen_Kappa": 0.37037037037037035, "AUC": 0.7613168724279835, "TP": 17, "TN": 20, "FP": 7, "FN": 10}, "best_model": "MNB", "best_features": "rdk7"}, "hCYTOX": {"valid": {"ACC": 0.7719298245614035, "F1_Score": 0.7592592592592592, "Recall": 0.7192982456140351, "Precision": 0.803921568627451, "Cohen_Kappa": 0.543859649122807, "AUC": 0.8310249307479224, "TP": 41, "TN": 47, "FP": 10, "FN": 16}, "test": {"ACC": 0.6228070175438597, "F1_Score": 0.6324786324786326, "Recall": 0.6491228070175439, "Precision": 0.6166666666666667, "Cohen_Kappa": 0.24561403508771928, "AUC": 0.6989843028624192, "TP": 37, "TN": 34, "FP": 23, "FN": 20}, "best_model": "XGB", "best_features": "lecfp6"}, "3CL": {"valid": {"ACC": 0.8045977011494253, "F1_Score": 0.8, "Recall": 0.7906976744186046, "Precision": 0.8095238095238095, "Cohen_Kappa": 0.6090404440919905, "AUC": 0.8298097251585623, "TP": 34, "TN": 36, "FP": 8, "FN": 9}, "test": {"ACC": 0.632183908045977, "F1_Score": 0.6190476190476191, "Recall": 0.5909090909090909, "Precision": 0.65, "Cohen_Kappa": 0.26504751847940866, "AUC": 0.6746828752642706, "TP": 26, "TN": 29, "FP": 14, "FN": 18}, "best_model": "SVC", "best_features": "hashtt"}, "AlphaLISA": {"valid": {"ACC": 0.7811158798283262, "F1_Score": 0.7951807228915662, "Recall": 0.8461538461538461, "Precision": 0.75, "Cohen_Kappa": 0.56198164325998, "AUC": 0.8205865016209845, "TP": 99, "TN": 83, "FP": 33, "FN": 18}, "test": {"ACC": 0.7478632478632479, "F1_Score": 0.7445887445887446, "Recall": 0.7350427350427351, "Precision": 0.7543859649122807, "Cohen_Kappa": 0.49572649572649574, "AUC": 0.8258455694353131, "TP": 86, "TN": 89, "FP": 28, "FN": 31}, "best_model": "SVC", "best_features": "hashap"}, "ACE2": {"valid": {"ACC": 0.8163265306122449, "F1_Score": 0.816326530612245, "Recall": 0.8333333333333334, "Precision": 0.8, "Cohen_Kappa": 0.6328059950041632, "AUC": 0.87, "TP": 20, "TN": 20, "FP": 5, "FN": 4}, "test": {"ACC": 0.6530612244897959, "F1_Score": 0.6909090909090909, "Recall": 0.76, "Precision": 0.6333333333333333, "Cohen_Kappa": 0.30292887029288706, "AUC": 0.7408333333333333, "TP": 19, "TN": 13, "FP": 11, "FN": 6}, "best_model": "RF", "best_features": "fcfp2"}, "CPE": {"valid": {"ACC": 0.6891891891891891, "F1_Score": 0.7012987012987014, "Recall": 0.7297297297297297, "Precision": 0.675, "Cohen_Kappa": 0.3783783783783784, "AUC": 0.7275383491599707, "TP": 54, "TN": 48, "FP": 26, "FN": 20}, "test": {"ACC": 0.6510067114093959, "F1_Score": 0.6790123456790123, "Recall": 0.7333333333333333, "Precision": 0.632183908045977, "Cohen_Kappa": 0.3012265512265513, "AUC": 0.6760360360360361, "TP": 55, "TN": 42, "FP": 32, "FN": 20}, "best_model": "MNB", "best_features": "hashap"}, "TruHit": {"valid": {"ACC": 0.8007968127490039, "F1_Score": 0.8091603053435115, "Recall": 0.8412698412698413, "Precision": 0.7794117647058824, "Cohen_Kappa": 0.6014607812003812, "AUC": 0.8171111111111111, "TP": 106, "TN": 95, "FP": 30, "FN": 20}, "test": {"ACC": 0.6984126984126984, "F1_Score": 0.6984126984126984, "Recall": 0.6984126984126984, "Precision": 0.6984126984126984, "Cohen_Kappa": 0.39682539682539686, "AUC": 0.7668808264046361, "TP": 88, "TN": 88, "FP": 38, "FN": 38}, "best_model": "BAG", "best_features": "fcfp4"}, "cytotox": {"valid": {"ACC": 0.7619047619047619, "F1_Score": 0.7590361445783131, "Recall": 0.75, "Precision": 0.7682926829268293, "Cohen_Kappa": 0.5238095238095238, "AUC": 0.8333864795918368, "TP": 126, "TN": 130, "FP": 38, "FN": 42}, "test": {"ACC": 0.685459940652819, "F1_Score": 0.6954022988505746, "Recall": 0.7159763313609467, "Precision": 0.6759776536312849, "Cohen_Kappa": 0.37080353683023926, "AUC": 0.7589285714285714, "TP": 121, "TN": 110, "FP": 58, "FN": 48}, "best_model": "RF", "best_features": "laval"}}