{"OVR": {"valid": {"ACC": 0.8163265306122449, "F1_Score": 0.816326530612245, "Recall": 0.8333333333333334, "Precision": 0.8, "Cohen_Kappa": 0.6328059950041632, "AUC": 0.8816666666666667, "TP": 20, "TN": 20, "FP": 5, "FN": 4}, "test": {"ACC": 0.6326530612244898, "F1_Score": 0.6538461538461539, "Recall": 0.68, "Precision": 0.6296296296296297, "Cohen_Kappa": 0.26377295492487485, "AUC": 0.6583333333333333, "TP": 17, "TN": 14, "FP": 10, "FN": 8}}, "KNB": {"valid": {"ACC": 0.6938775510204082, "F1_Score": 0.6511627906976745, "Recall": 0.5833333333333334, "Precision": 0.7368421052631579, "Cohen_Kappa": 0.38493723849372385, "AUC": 0.7458333333333333, "TP": 14, "TN": 20, "FP": 5, "FN": 10}, "test": {"ACC": 0.6122448979591837, "F1_Score": 0.6274509803921569, "Recall": 0.64, "Precision": 0.6153846153846154, "Cohen_Kappa": 0.22351959966638868, "AUC": 0.6833333333333333, "TP": 16, "TN": 14, "FP": 10, "FN": 9}}, "DT": {"valid": {"ACC": 0.6122448979591837, "F1_Score": 0.627450980392157, "Recall": 0.6666666666666666, "Precision": 0.5925925925925926, "Cohen_Kappa": 0.22610141313383203, "AUC": 0.6133333333333333, "TP": 16, "TN": 14, "FP": 11, "FN": 8}, "test": {"ACC": 0.5102040816326531, "F1_Score": 0.5714285714285714, "Recall": 0.64, "Precision": 0.5161290322580645, "Cohen_Kappa": 0.015075376884422176, "AUC": 0.5075000000000001, "TP": 16, "TN": 9, "FP": 15, "FN": 9}}, "MNB": {"valid": {"ACC": 0.7346938775510204, "F1_Score": 0.7547169811320755, "Recall": 0.8333333333333334, "Precision": 0.6896551724137931, "Cohen_Kappa": 0.4713692946058091, "AUC": 0.7966666666666667, "TP": 20, "TN": 16, "FP": 9, "FN": 4}, "test": {"ACC": 0.5714285714285714, "F1_Score": 0.631578947368421, "Recall": 0.72, "Precision": 0.5625, "Cohen_Kappa": 0.13746856663872586, "AUC": 0.6591666666666667, "TP": 18, "TN": 10, "FP": 14, "FN": 7}}, "RF": {"valid": {"ACC": 0.6938775510204082, "F1_Score": 0.6808510638297872, "Recall": 0.6666666666666666, "Precision": 0.6956521739130435, "Cohen_Kappa": 0.38698915763135944, "AUC": 0.8275, "TP": 16, "TN": 18, "FP": 7, "FN": 8}, "test": {"ACC": 0.6938775510204082, "F1_Score": 0.7169811320754718, "Recall": 0.76, "Precision": 0.6785714285714286, "Cohen_Kappa": 0.38596491228070173, "AUC": 0.75, "TP": 19, "TN": 15, "FP": 9, "FN": 6}}, "ADA": {"valid": {"ACC": 0.673469387755102, "F1_Score": 0.68, "Recall": 0.7083333333333334, "Precision": 0.6538461538461539, "Cohen_Kappa": 0.34775374376039936, "AUC": 0.735, "TP": 17, "TN": 16, "FP": 9, "FN": 7}, "test": {"ACC": 0.5714285714285714, "F1_Score": 0.5531914893617023, "Recall": 0.52, "Precision": 0.5909090909090909, "Cohen_Kappa": 0.14463840399002492, "AUC": 0.5783333333333334, "TP": 13, "TN": 15, "FP": 9, "FN": 12}}, "XGB": {"valid": {"ACC": 0.7551020408163265, "F1_Score": 0.7777777777777777, "Recall": 0.875, "Precision": 0.7, "Cohen_Kappa": 0.5124378109452736, "AUC": 0.88, "TP": 21, "TN": 16, "FP": 9, "FN": 3}, "test": {"ACC": 0.5714285714285714, "F1_Score": 0.6181818181818183, "Recall": 0.68, "Precision": 0.5666666666666667, "Cohen_Kappa": 0.13891213389121337, "AUC": 0.6683333333333333, "TP": 17, "TN": 11, "FP": 13, "FN": 8}}, "MLP": {"valid": {"ACC": 0.7959183673469388, "F1_Score": 0.7826086956521738, "Recall": 0.75, "Precision": 0.8181818181818182, "Cohen_Kappa": 0.5909849749582639, "AUC": 0.885, "TP": 18, "TN": 21, "FP": 4, "FN": 6}, "test": {"ACC": 0.6326530612244898, "F1_Score": 0.64, "Recall": 0.64, "Precision": 0.64, "Cohen_Kappa": 0.265, "AUC": 0.6966666666666667, "TP": 16, "TN": 15, "FP": 9, "FN": 9}}, "LR": {"valid": {"ACC": 0.8163265306122449, "F1_Score": 0.816326530612245, "Recall": 0.8333333333333334, "Precision": 0.8, "Cohen_Kappa": 0.6328059950041632, "AUC": 0.8816666666666667, "TP": 20, "TN": 20, "FP": 5, "FN": 4}, "test": {"ACC": 0.6326530612244898, "F1_Score": 0.6538461538461539, "Recall": 0.68, "Precision": 0.6296296296296297, "Cohen_Kappa": 0.26377295492487485, "AUC": 0.6583333333333333, "TP": 17, "TN": 14, "FP": 10, "FN": 8}}, "ETAs": {"valid": {"ACC": 0.673469387755102, "F1_Score": 0.6666666666666666, "Recall": 0.6666666666666666, "Precision": 0.6666666666666666, "Cohen_Kappa": 0.3466666666666667, "AUC": 0.8125, "TP": 16, "TN": 17, "FP": 8, "FN": 8}, "test": {"ACC": 0.6530612244897959, "F1_Score": 0.6792452830188679, "Recall": 0.72, "Precision": 0.6428571428571429, "Cohen_Kappa": 0.30409356725146197, "AUC": 0.71, "TP": 18, "TN": 14, "FP": 10, "FN": 7}}, "CNB": {"valid": {"ACC": 0.7346938775510204, "F1_Score": 0.7547169811320755, "Recall": 0.8333333333333334, "Precision": 0.6896551724137931, "Cohen_Kappa": 0.4713692946058091, "AUC": 0.7966666666666667, "TP": 20, "TN": 16, "FP": 9, "FN": 4}, "test": {"ACC": 0.5714285714285714, "F1_Score": 0.631578947368421, "Recall": 0.72, "Precision": 0.5625, "Cohen_Kappa": 0.13746856663872586, "AUC": 0.6591666666666667, "TP": 18, "TN": 10, "FP": 14, "FN": 7}}, "GB": {"valid": {"ACC": 0.7755102040816326, "F1_Score": 0.7659574468085107, "Recall": 0.75, "Precision": 0.782608695652174, "Cohen_Kappa": 0.5504587155963303, "AUC": 0.835, "TP": 18, "TN": 20, "FP": 5, "FN": 6}, "test": {"ACC": 0.673469387755102, "F1_Score": 0.6923076923076923, "Recall": 0.72, "Precision": 0.6666666666666666, "Cohen_Kappa": 0.3455759599332221, "AUC": 0.6583333333333333, "TP": 18, "TN": 15, "FP": 9, "FN": 7}}, "BAG": {"valid": {"ACC": 0.8163265306122449, "F1_Score": 0.7906976744186046, "Recall": 0.7083333333333334, "Precision": 0.8947368421052632, "Cohen_Kappa": 0.6309623430962343, "AUC": 0.8458333333333333, "TP": 17, "TN": 23, "FP": 2, "FN": 7}, "test": {"ACC": 0.6326530612244898, "F1_Score": 0.6250000000000001, "Recall": 0.6, "Precision": 0.6521739130434783, "Cohen_Kappa": 0.26622296173044924, "AUC": 0.6541666666666667, "TP": 15, "TN": 16, "FP": 8, "FN": 10}}, "QDA": {"valid": {"ACC": 0.5714285714285714, "F1_Score": 0.631578947368421, "Recall": 0.75, "Precision": 0.5454545454545454, "Cohen_Kappa": 0.14888337468982638, "AUC": 0.575, "TP": 18, "TN": 10, "FP": 15, "FN": 6}, "test": {"ACC": 0.5918367346938775, "F1_Score": 0.5833333333333334, "Recall": 0.56, "Precision": 0.6086956521739131, "Cohen_Kappa": 0.18469217970049923, "AUC": 0.5925, "TP": 14, "TN": 15, "FP": 9, "FN": 11}}, "SVC": {"valid": {"ACC": 0.6938775510204082, "F1_Score": 0.6666666666666666, "Recall": 0.625, "Precision": 0.7142857142857143, "Cohen_Kappa": 0.38596491228070173, "AUC": 0.8066666666666666, "TP": 15, "TN": 19, "FP": 6, "FN": 9}, "test": {"ACC": 0.6530612244897959, "F1_Score": 0.6666666666666666, "Recall": 0.68, "Precision": 0.6538461538461539, "Cohen_Kappa": 0.30525437864887406, "AUC": 0.7316666666666667, "TP": 17, "TN": 15, "FP": 9, "FN": 8}}}