{"OVR": {"valid": {"ACC": 0.6197718631178707, "F1_Score": 0.6031746031746031, "Recall": 0.5801526717557252, "Precision": 0.628099173553719, "Cohen_Kappa": 0.23931277838838427, "AUC": 0.6595246356696738, "TP": 76, "TN": 87, "FP": 45, "FN": 55}, "test": {"ACC": 0.6501901140684411, "F1_Score": 0.6515151515151515, "Recall": 0.6515151515151515, "Precision": 0.6515151515151515, "Cohen_Kappa": 0.30037011334721253, "AUC": 0.667881101087208, "TP": 86, "TN": 85, "FP": 46, "FN": 46}}, "KNB": {"valid": {"ACC": 0.6311787072243346, "F1_Score": 0.6104417670682731, "Recall": 0.5801526717557252, "Precision": 0.6440677966101694, "Cohen_Kappa": 0.26206936449625406, "AUC": 0.6773363405042794, "TP": 76, "TN": 90, "FP": 42, "FN": 55}, "test": {"ACC": 0.6463878326996197, "F1_Score": 0.640926640926641, "Recall": 0.6287878787878788, "Precision": 0.6535433070866141, "Cohen_Kappa": 0.292867674694267, "AUC": 0.678145963451307, "TP": 83, "TN": 87, "FP": 44, "FN": 49}}, "DT": {"valid": {"ACC": 0.6539923954372624, "F1_Score": 0.6403162055335968, "Recall": 0.6183206106870229, "Precision": 0.6639344262295082, "Cohen_Kappa": 0.3077946493130874, "AUC": 0.6538572750404812, "TP": 81, "TN": 91, "FP": 41, "FN": 50}, "test": {"ACC": 0.596958174904943, "F1_Score": 0.6187050359712231, "Recall": 0.6515151515151515, "Precision": 0.589041095890411, "Cohen_Kappa": 0.19357824703500148, "AUC": 0.5967499421697895, "TP": 86, "TN": 71, "FP": 60, "FN": 46}}, "MNB": {"valid": {"ACC": 0.6653992395437263, "F1_Score": 0.6857142857142857, "Recall": 0.732824427480916, "Precision": 0.6442953020134228, "Cohen_Kappa": 0.33113692850124266, "AUC": 0.7385207032153597, "TP": 96, "TN": 79, "FP": 53, "FN": 35}, "test": {"ACC": 0.596958174904943, "F1_Score": 0.6102941176470588, "Recall": 0.6287878787878788, "Precision": 0.5928571428571429, "Cohen_Kappa": 0.19371818602498836, "AUC": 0.6203446680545917, "TP": 83, "TN": 74, "FP": 57, "FN": 49}}, "RF": {"valid": {"ACC": 0.6806083650190115, "F1_Score": 0.6793893129770993, "Recall": 0.6793893129770993, "Precision": 0.6793893129770993, "Cohen_Kappa": 0.361207494795281, "AUC": 0.7554071246819338, "TP": 89, "TN": 90, "FP": 42, "FN": 42}, "test": {"ACC": 0.6425855513307985, "F1_Score": 0.6569343065693432, "Recall": 0.6818181818181818, "Precision": 0.6338028169014085, "Cohen_Kappa": 0.2849540116850813, "AUC": 0.696854036548693, "TP": 90, "TN": 79, "FP": 52, "FN": 42}}, "ADA": {"valid": {"ACC": 0.6920152091254753, "F1_Score": 0.6943396226415093, "Recall": 0.7022900763358778, "Precision": 0.6865671641791045, "Cohen_Kappa": 0.3840749414519907, "AUC": 0.7550312283136711, "TP": 92, "TN": 90, "FP": 42, "FN": 39}, "test": {"ACC": 0.6311787072243346, "F1_Score": 0.6394052044609665, "Recall": 0.6515151515151515, "Precision": 0.6277372262773723, "Cohen_Kappa": 0.26224008791463027, "AUC": 0.6606523247744622, "TP": 86, "TN": 80, "FP": 51, "FN": 46}}, "XGB": {"valid": {"ACC": 0.7034220532319392, "F1_Score": 0.7022900763358778, "Recall": 0.7022900763358778, "Precision": 0.7022900763358778, "Cohen_Kappa": 0.4068355308813324, "AUC": 0.755349294471432, "TP": 92, "TN": 93, "FP": 39, "FN": 39}, "test": {"ACC": 0.6501901140684411, "F1_Score": 0.6642335766423358, "Recall": 0.6893939393939394, "Precision": 0.6408450704225352, "Cohen_Kappa": 0.3001677561173136, "AUC": 0.6821940781864447, "TP": 91, "TN": 80, "FP": 51, "FN": 41}}, "MLP": {"valid": {"ACC": 0.6615969581749049, "F1_Score": 0.6536964980544746, "Recall": 0.6412213740458015, "Precision": 0.6666666666666666, "Cohen_Kappa": 0.3230862662309494, "AUC": 0.715735600277585, "TP": 84, "TN": 90, "FP": 42, "FN": 47}, "test": {"ACC": 0.6425855513307985, "F1_Score": 0.6518518518518518, "Recall": 0.6666666666666666, "Precision": 0.6376811594202898, "Cohen_Kappa": 0.28503672855572904, "AUC": 0.6882373351839001, "TP": 88, "TN": 81, "FP": 50, "FN": 44}}, "LR": {"valid": {"ACC": 0.6197718631178707, "F1_Score": 0.6031746031746031, "Recall": 0.5801526717557252, "Precision": 0.628099173553719, "Cohen_Kappa": 0.23931277838838427, "AUC": 0.6595246356696738, "TP": 76, "TN": 87, "FP": 45, "FN": 55}, "test": {"ACC": 0.6501901140684411, "F1_Score": 0.6515151515151515, "Recall": 0.6515151515151515, "Precision": 0.6515151515151515, "Cohen_Kappa": 0.30037011334721253, "AUC": 0.667881101087208, "TP": 86, "TN": 85, "FP": 46, "FN": 46}}, "ETAs": {"valid": {"ACC": 0.6463878326996197, "F1_Score": 0.6568265682656826, "Recall": 0.6793893129770993, "Precision": 0.6357142857142857, "Cohen_Kappa": 0.29294944063827943, "AUC": 0.7343280129539671, "TP": 89, "TN": 81, "FP": 51, "FN": 42}, "test": {"ACC": 0.6463878326996197, "F1_Score": 0.6568265682656825, "Recall": 0.6742424242424242, "Precision": 0.6402877697841727, "Cohen_Kappa": 0.2926222633542528, "AUC": 0.6749942169789499, "TP": 89, "TN": 81, "FP": 50, "FN": 43}}, "CNB": {"valid": {"ACC": 0.6653992395437263, "F1_Score": 0.6857142857142857, "Recall": 0.732824427480916, "Precision": 0.6442953020134228, "Cohen_Kappa": 0.33113692850124266, "AUC": 0.7385207032153597, "TP": 96, "TN": 79, "FP": 53, "FN": 35}, "test": {"ACC": 0.596958174904943, "F1_Score": 0.6102941176470588, "Recall": 0.6287878787878788, "Precision": 0.5928571428571429, "Cohen_Kappa": 0.19371818602498836, "AUC": 0.6203446680545917, "TP": 83, "TN": 74, "FP": 57, "FN": 49}}, "GB": {"valid": {"ACC": 0.7262357414448669, "F1_Score": 0.7187499999999999, "Recall": 0.7022900763358778, "Precision": 0.736, "Cohen_Kappa": 0.45236855804268605, "AUC": 0.7914642609299097, "TP": 92, "TN": 99, "FP": 33, "FN": 39}, "test": {"ACC": 0.6653992395437263, "F1_Score": 0.6716417910447761, "Recall": 0.6818181818181818, "Precision": 0.6617647058823529, "Cohen_Kappa": 0.3307113938692886, "AUC": 0.693384223918575, "TP": 90, "TN": 85, "FP": 46, "FN": 42}}, "BAG": {"valid": {"ACC": 0.6730038022813688, "F1_Score": 0.6614173228346457, "Recall": 0.6412213740458015, "Precision": 0.6829268292682927, "Cohen_Kappa": 0.345846830171217, "AUC": 0.7357159380060144, "TP": 84, "TN": 93, "FP": 39, "FN": 47}, "test": {"ACC": 0.6311787072243346, "F1_Score": 0.6196078431372549, "Recall": 0.5984848484848485, "Precision": 0.6422764227642277, "Cohen_Kappa": 0.2625386638915388, "AUC": 0.6742135091371733, "TP": 79, "TN": 87, "FP": 44, "FN": 53}}, "QDA": {"valid": {"ACC": 0.5665399239543726, "F1_Score": 0.6346153846153847, "Recall": 0.7557251908396947, "Precision": 0.5469613259668509, "Cohen_Kappa": 0.1343188774037074, "AUC": 0.5672565348137867, "TP": 99, "TN": 50, "FP": 82, "FN": 32}, "test": {"ACC": 0.49809885931558934, "F1_Score": 0.5925925925925926, "Recall": 0.7272727272727273, "Precision": 0.5, "Cohen_Kappa": -0.005561348627042051, "AUC": 0.4972241498959056, "TP": 96, "TN": 35, "FP": 96, "FN": 36}}, "SVC": {"valid": {"ACC": 0.7034220532319392, "F1_Score": 0.6929133858267716, "Recall": 0.6717557251908397, "Precision": 0.7154471544715447, "Cohen_Kappa": 0.4066982878297084, "AUC": 0.763647929678464, "TP": 88, "TN": 97, "FP": 35, "FN": 43}, "test": {"ACC": 0.6501901140684411, "F1_Score": 0.6434108527131782, "Recall": 0.6287878787878788, "Precision": 0.6587301587301587, "Cohen_Kappa": 0.3004914715235618, "AUC": 0.7134513069627574, "TP": 83, "TN": 88, "FP": 43, "FN": 49}}}