{"OVR": {"valid": {"ACC": 0.7011494252873564, "F1_Score": 0.7045454545454545, "Recall": 0.7209302325581395, "Precision": 0.6888888888888889, "Cohen_Kappa": 0.40253565768621236, "AUC": 0.7721987315010571, "TP": 31, "TN": 30, "FP": 14, "FN": 12}, "test": {"ACC": 0.6436781609195402, "F1_Score": 0.617283950617284, "Recall": 0.5681818181818182, "Precision": 0.6756756756756757, "Cohen_Kappa": 0.2885782115536798, "AUC": 0.6471987315010571, "TP": 25, "TN": 31, "FP": 12, "FN": 19}}, "KNB": {"valid": {"ACC": 0.6896551724137931, "F1_Score": 0.7216494845360826, "Recall": 0.813953488372093, "Precision": 0.6481481481481481, "Cohen_Kappa": 0.38102766798418974, "AUC": 0.7439217758985202, "TP": 35, "TN": 25, "FP": 19, "FN": 8}, "test": {"ACC": 0.6436781609195402, "F1_Score": 0.651685393258427, "Recall": 0.6590909090909091, "Precision": 0.6444444444444445, "Cohen_Kappa": 0.28707375099127685, "AUC": 0.6915961945031712, "TP": 29, "TN": 27, "FP": 16, "FN": 15}}, "DT": {"valid": {"ACC": 0.7471264367816092, "F1_Score": 0.7555555555555555, "Recall": 0.7906976744186046, "Precision": 0.723404255319149, "Cohen_Kappa": 0.4947201689545935, "AUC": 0.7476215644820297, "TP": 34, "TN": 31, "FP": 13, "FN": 9}, "test": {"ACC": 0.5977011494252874, "F1_Score": 0.5783132530120482, "Recall": 0.5454545454545454, "Precision": 0.6153846153846154, "Cohen_Kappa": 0.1963578780680918, "AUC": 0.5983086680761099, "TP": 24, "TN": 28, "FP": 15, "FN": 20}}, "MNB": {"valid": {"ACC": 0.6666666666666666, "F1_Score": 0.6881720430107526, "Recall": 0.7441860465116279, "Precision": 0.64, "Cohen_Kappa": 0.3344763914534423, "AUC": 0.7103594080338266, "TP": 32, "TN": 26, "FP": 18, "FN": 11}, "test": {"ACC": 0.6091954022988506, "F1_Score": 0.6046511627906977, "Recall": 0.5909090909090909, "Precision": 0.6190476190476191, "Cohen_Kappa": 0.21870047543581606, "AUC": 0.6855179704016914, "TP": 26, "TN": 27, "FP": 16, "FN": 18}}, "RF": {"valid": {"ACC": 0.7126436781609196, "F1_Score": 0.7126436781609196, "Recall": 0.7209302325581395, "Precision": 0.7045454545454546, "Cohen_Kappa": 0.42536327608982827, "AUC": 0.7983615221987315, "TP": 31, "TN": 31, "FP": 13, "FN": 12}, "test": {"ACC": 0.7126436781609196, "F1_Score": 0.6987951807228915, "Recall": 0.6590909090909091, "Precision": 0.7435897435897436, "Cohen_Kappa": 0.4259699129057799, "AUC": 0.7394291754756871, "TP": 29, "TN": 33, "FP": 10, "FN": 15}}, "ADA": {"valid": {"ACC": 0.6551724137931034, "F1_Score": 0.6590909090909091, "Recall": 0.6744186046511628, "Precision": 0.6444444444444445, "Cohen_Kappa": 0.3106180665610142, "AUC": 0.7013742071881607, "TP": 29, "TN": 28, "FP": 16, "FN": 14}, "test": {"ACC": 0.6436781609195402, "F1_Score": 0.617283950617284, "Recall": 0.5681818181818182, "Precision": 0.6756756756756757, "Cohen_Kappa": 0.2885782115536798, "AUC": 0.7190803382663847, "TP": 25, "TN": 31, "FP": 12, "FN": 19}}, "XGB": {"valid": {"ACC": 0.7126436781609196, "F1_Score": 0.7191011235955057, "Recall": 0.7441860465116279, "Precision": 0.6956521739130435, "Cohen_Kappa": 0.4256667546870875, "AUC": 0.7827695560253699, "TP": 32, "TN": 30, "FP": 14, "FN": 11}, "test": {"ACC": 0.6781609195402298, "F1_Score": 0.6666666666666666, "Recall": 0.6363636363636364, "Precision": 0.7, "Cohen_Kappa": 0.35691657866948256, "AUC": 0.7069238900634249, "TP": 28, "TN": 31, "FP": 12, "FN": 16}}, "MLP": {"valid": {"ACC": 0.7126436781609196, "F1_Score": 0.6913580246913581, "Recall": 0.6511627906976745, "Precision": 0.7368421052631579, "Cohen_Kappa": 0.4244509129399312, "AUC": 0.7891120507399577, "TP": 28, "TN": 34, "FP": 10, "FN": 15}, "test": {"ACC": 0.6436781609195402, "F1_Score": 0.6075949367088607, "Recall": 0.5454545454545454, "Precision": 0.6857142857142857, "Cohen_Kappa": 0.2889533350909571, "AUC": 0.6820824524312896, "TP": 24, "TN": 32, "FP": 11, "FN": 20}}, "LR": {"valid": {"ACC": 0.7011494252873564, "F1_Score": 0.7045454545454545, "Recall": 0.7209302325581395, "Precision": 0.6888888888888889, "Cohen_Kappa": 0.40253565768621236, "AUC": 0.7721987315010571, "TP": 31, "TN": 30, "FP": 14, "FN": 12}, "test": {"ACC": 0.6436781609195402, "F1_Score": 0.617283950617284, "Recall": 0.5681818181818182, "Precision": 0.6756756756756757, "Cohen_Kappa": 0.2885782115536798, "AUC": 0.6471987315010571, "TP": 25, "TN": 31, "FP": 12, "FN": 19}}, "ETAs": {"valid": {"ACC": 0.7586206896551724, "F1_Score": 0.7692307692307692, "Recall": 0.813953488372093, "Precision": 0.7291666666666666, "Cohen_Kappa": 0.517814726840855, "AUC": 0.8184460887949261, "TP": 35, "TN": 31, "FP": 13, "FN": 8}, "test": {"ACC": 0.7241379310344828, "F1_Score": 0.7073170731707317, "Recall": 0.6590909090909091, "Precision": 0.7631578947368421, "Cohen_Kappa": 0.44907651715039576, "AUC": 0.7309725158562368, "TP": 29, "TN": 34, "FP": 9, "FN": 15}}, "CNB": {"valid": {"ACC": 0.6666666666666666, "F1_Score": 0.6881720430107526, "Recall": 0.7441860465116279, "Precision": 0.64, "Cohen_Kappa": 0.3344763914534423, "AUC": 0.7103594080338266, "TP": 32, "TN": 26, "FP": 18, "FN": 11}, "test": {"ACC": 0.6091954022988506, "F1_Score": 0.6046511627906977, "Recall": 0.5909090909090909, "Precision": 0.6190476190476191, "Cohen_Kappa": 0.21870047543581606, "AUC": 0.6855179704016914, "TP": 26, "TN": 27, "FP": 16, "FN": 18}}, "GB": {"valid": {"ACC": 0.7011494252873564, "F1_Score": 0.711111111111111, "Recall": 0.7441860465116279, "Precision": 0.6808510638297872, "Cohen_Kappa": 0.40285110876451957, "AUC": 0.7684989429175476, "TP": 32, "TN": 29, "FP": 15, "FN": 11}, "test": {"ACC": 0.6551724137931034, "F1_Score": 0.6341463414634148, "Recall": 0.5909090909090909, "Precision": 0.6842105263157895, "Cohen_Kappa": 0.3113456464379948, "AUC": 0.7048097251585624, "TP": 26, "TN": 31, "FP": 12, "FN": 18}}, "BAG": {"valid": {"ACC": 0.6781609195402298, "F1_Score": 0.6410256410256411, "Recall": 0.5813953488372093, "Precision": 0.7142857142857143, "Cohen_Kappa": 0.3548728813559322, "AUC": 0.6630549682875265, "TP": 25, "TN": 34, "FP": 10, "FN": 18}, "test": {"ACC": 0.632183908045977, "F1_Score": 0.5675675675675677, "Recall": 0.4772727272727273, "Precision": 0.7, "Cohen_Kappa": 0.2669826224328594, "AUC": 0.729122621564482, "TP": 21, "TN": 34, "FP": 9, "FN": 23}}, "QDA": {"valid": {"ACC": 0.5057471264367817, "F1_Score": 0.0, "Recall": 0.0, "Precision": 0.0, "Cohen_Kappa": 0.0, "AUC": 0.5, "TP": 0, "TN": 44, "FP": 0, "FN": 43}, "test": {"ACC": 0.4942528735632184, "F1_Score": 0.0, "Recall": 0.0, "Precision": 0.0, "Cohen_Kappa": 0.0, "AUC": 0.5, "TP": 0, "TN": 43, "FP": 0, "FN": 44}}, "SVC": {"valid": {"ACC": 0.7471264367816092, "F1_Score": 0.7608695652173914, "Recall": 0.813953488372093, "Precision": 0.7142857142857143, "Cohen_Kappa": 0.4949868073878628, "AUC": 0.825845665961945, "TP": 35, "TN": 30, "FP": 14, "FN": 8}, "test": {"ACC": 0.7011494252873564, "F1_Score": 0.6829268292682926, "Recall": 0.6363636363636364, "Precision": 0.7368421052631579, "Cohen_Kappa": 0.4031662269129288, "AUC": 0.7164376321353065, "TP": 28, "TN": 33, "FP": 10, "FN": 16}}}