{"OVR": {"valid": {"ACC": 0.6808510638297872, "F1_Score": 0.7058823529411765, "Recall": 0.782608695652174, "Precision": 0.6428571428571429, "Cohen_Kappa": 0.3642921550946798, "AUC": 0.6539855072463767, "TP": 18, "TN": 14, "FP": 10, "FN": 5}, "test": {"ACC": 0.7021276595744681, "F1_Score": 0.6956521739130435, "Recall": 0.6666666666666666, "Precision": 0.7272727272727273, "Cohen_Kappa": 0.40506329113924044, "AUC": 0.7228260869565217, "TP": 16, "TN": 17, "FP": 6, "FN": 8}}, "KNB": {"valid": {"ACC": 0.6170212765957447, "F1_Score": 0.5714285714285715, "Recall": 0.5217391304347826, "Precision": 0.631578947368421, "Cohen_Kappa": 0.23090909090909095, "AUC": 0.5878623188405797, "TP": 12, "TN": 17, "FP": 7, "FN": 11}, "test": {"ACC": 0.5957446808510638, "F1_Score": 0.5777777777777778, "Recall": 0.5416666666666666, "Precision": 0.6190476190476191, "Cohen_Kappa": 0.19331526648599817, "AUC": 0.6856884057971014, "TP": 13, "TN": 15, "FP": 8, "FN": 11}}, "DT": {"valid": {"ACC": 0.7021276595744681, "F1_Score": 0.6956521739130435, "Recall": 0.6956521739130435, "Precision": 0.6956521739130435, "Cohen_Kappa": 0.40398550724637683, "AUC": 0.7019927536231884, "TP": 16, "TN": 17, "FP": 7, "FN": 7}, "test": {"ACC": 0.6808510638297872, "F1_Score": 0.6938775510204083, "Recall": 0.7083333333333334, "Precision": 0.68, "Cohen_Kappa": 0.3608340888485948, "AUC": 0.6802536231884059, "TP": 17, "TN": 15, "FP": 8, "FN": 7}}, "MNB": {"valid": {"ACC": 0.6382978723404256, "F1_Score": 0.6666666666666666, "Recall": 0.7391304347826086, "Precision": 0.6071428571428571, "Cohen_Kappa": 0.27953110910730383, "AUC": 0.6050724637681159, "TP": 17, "TN": 13, "FP": 11, "FN": 6}, "test": {"ACC": 0.6382978723404256, "F1_Score": 0.6909090909090909, "Recall": 0.7916666666666666, "Precision": 0.6129032258064516, "Cohen_Kappa": 0.2716499544211486, "AUC": 0.730072463768116, "TP": 19, "TN": 11, "FP": 12, "FN": 5}}, "RF": {"valid": {"ACC": 0.6808510638297872, "F1_Score": 0.693877551020408, "Recall": 0.7391304347826086, "Precision": 0.6538461538461539, "Cohen_Kappa": 0.36314363143631434, "AUC": 0.6811594202898551, "TP": 17, "TN": 15, "FP": 9, "FN": 6}, "test": {"ACC": 0.8085106382978723, "F1_Score": 0.7999999999999999, "Recall": 0.75, "Precision": 0.8571428571428571, "Cohen_Kappa": 0.6178861788617886, "AUC": 0.8650362318840581, "TP": 18, "TN": 20, "FP": 3, "FN": 6}}, "ADA": {"valid": {"ACC": 0.574468085106383, "F1_Score": 0.5833333333333334, "Recall": 0.6086956521739131, "Precision": 0.56, "Cohen_Kappa": 0.15009041591320071, "AUC": 0.6376811594202898, "TP": 14, "TN": 13, "FP": 11, "FN": 9}, "test": {"ACC": 0.7021276595744681, "F1_Score": 0.6666666666666666, "Recall": 0.5833333333333334, "Precision": 0.7777777777777778, "Cohen_Kappa": 0.40720720720720716, "AUC": 0.7318840579710144, "TP": 14, "TN": 19, "FP": 4, "FN": 10}}, "XGB": {"valid": {"ACC": 0.6382978723404256, "F1_Score": 0.6530612244897959, "Recall": 0.6956521739130435, "Precision": 0.6153846153846154, "Cohen_Kappa": 0.2782294489611562, "AUC": 0.6793478260869565, "TP": 16, "TN": 14, "FP": 10, "FN": 7}, "test": {"ACC": 0.7021276595744681, "F1_Score": 0.6818181818181818, "Recall": 0.625, "Precision": 0.75, "Cohen_Kappa": 0.40613718411552346, "AUC": 0.7717391304347826, "TP": 15, "TN": 18, "FP": 5, "FN": 9}}, "MLP": {"valid": {"ACC": 0.7021276595744681, "F1_Score": 0.6956521739130435, "Recall": 0.6956521739130435, "Precision": 0.6956521739130435, "Cohen_Kappa": 0.40398550724637683, "AUC": 0.6739130434782609, "TP": 16, "TN": 17, "FP": 7, "FN": 7}, "test": {"ACC": 0.7021276595744681, "F1_Score": 0.7083333333333334, "Recall": 0.7083333333333334, "Precision": 0.7083333333333334, "Cohen_Kappa": 0.40398550724637683, "AUC": 0.7228260869565217, "TP": 17, "TN": 16, "FP": 7, "FN": 7}}, "LR": {"valid": {"ACC": 0.6808510638297872, "F1_Score": 0.7058823529411765, "Recall": 0.782608695652174, "Precision": 0.6428571428571429, "Cohen_Kappa": 0.3642921550946798, "AUC": 0.6539855072463767, "TP": 18, "TN": 14, "FP": 10, "FN": 5}, "test": {"ACC": 0.7021276595744681, "F1_Score": 0.6956521739130435, "Recall": 0.6666666666666666, "Precision": 0.7272727272727273, "Cohen_Kappa": 0.40506329113924044, "AUC": 0.7228260869565217, "TP": 16, "TN": 17, "FP": 6, "FN": 8}}, "ETAs": {"valid": {"ACC": 0.723404255319149, "F1_Score": 0.711111111111111, "Recall": 0.6956521739130435, "Precision": 0.7272727272727273, "Cohen_Kappa": 0.44605621033544873, "AUC": 0.707427536231884, "TP": 16, "TN": 18, "FP": 6, "FN": 7}, "test": {"ACC": 0.723404255319149, "F1_Score": 0.6976744186046512, "Recall": 0.625, "Precision": 0.7894736842105263, "Cohen_Kappa": 0.4490532010820558, "AUC": 0.8134057971014492, "TP": 15, "TN": 19, "FP": 4, "FN": 9}}, "CNB": {"valid": {"ACC": 0.6382978723404256, "F1_Score": 0.6666666666666666, "Recall": 0.7391304347826086, "Precision": 0.6071428571428571, "Cohen_Kappa": 0.27953110910730383, "AUC": 0.6050724637681159, "TP": 17, "TN": 13, "FP": 11, "FN": 6}, "test": {"ACC": 0.6382978723404256, "F1_Score": 0.6909090909090909, "Recall": 0.7916666666666666, "Precision": 0.6129032258064516, "Cohen_Kappa": 0.2716499544211486, "AUC": 0.730072463768116, "TP": 19, "TN": 11, "FP": 12, "FN": 5}}, "GB": {"valid": {"ACC": 0.7021276595744681, "F1_Score": 0.72, "Recall": 0.782608695652174, "Precision": 0.6666666666666666, "Cohen_Kappa": 0.40613718411552346, "AUC": 0.6702898550724637, "TP": 18, "TN": 15, "FP": 9, "FN": 5}, "test": {"ACC": 0.6595744680851063, "F1_Score": 0.6521739130434783, "Recall": 0.625, "Precision": 0.6818181818181818, "Cohen_Kappa": 0.32007233273056057, "AUC": 0.7898550724637681, "TP": 15, "TN": 16, "FP": 7, "FN": 9}}, "BAG": {"valid": {"ACC": 0.6595744680851063, "F1_Score": 0.6190476190476191, "Recall": 0.5652173913043478, "Precision": 0.6842105263157895, "Cohen_Kappa": 0.3163636363636364, "AUC": 0.6739130434782609, "TP": 13, "TN": 18, "FP": 6, "FN": 10}, "test": {"ACC": 0.7446808510638298, "F1_Score": 0.7272727272727272, "Recall": 0.6666666666666666, "Precision": 0.8, "Cohen_Kappa": 0.49097472924187724, "AUC": 0.8025362318840581, "TP": 16, "TN": 19, "FP": 4, "FN": 8}}, "QDA": {"valid": {"ACC": 0.5106382978723404, "F1_Score": 0.0, "Recall": 0.0, "Precision": 0.0, "Cohen_Kappa": 0.0, "AUC": 0.5, "TP": 0, "TN": 24, "FP": 0, "FN": 23}, "test": {"ACC": 0.48936170212765956, "F1_Score": 0.0, "Recall": 0.0, "Precision": 0.0, "Cohen_Kappa": 0.0, "AUC": 0.5, "TP": 0, "TN": 23, "FP": 0, "FN": 24}}, "SVC": {"valid": {"ACC": 0.6595744680851063, "F1_Score": 0.6521739130434783, "Recall": 0.6521739130434783, "Precision": 0.6521739130434783, "Cohen_Kappa": 0.3188405797101449, "AUC": 0.6974637681159421, "TP": 15, "TN": 16, "FP": 8, "FN": 8}, "test": {"ACC": 0.7446808510638298, "F1_Score": 0.75, "Recall": 0.75, "Precision": 0.75, "Cohen_Kappa": 0.48913043478260865, "AUC": 0.8152173913043478, "TP": 18, "TN": 17, "FP": 6, "FN": 6}}}