{"OVR": {"valid": {"ACC": 0.7296137339055794, "F1_Score": 0.7174887892376682, "Recall": 0.6837606837606838, "Precision": 0.7547169811320755, "Cohen_Kappa": 0.45943656785122444, "AUC": 0.7866195107574419, "TP": 80, "TN": 90, "FP": 26, "FN": 37}, "test": {"ACC": 0.7051282051282052, "F1_Score": 0.6986899563318778, "Recall": 0.6837606837606838, "Precision": 0.7142857142857143, "Cohen_Kappa": 0.41025641025641024, "AUC": 0.7642632770837899, "TP": 80, "TN": 85, "FP": 32, "FN": 37}}, "KNB": {"valid": {"ACC": 0.6952789699570815, "F1_Score": 0.6666666666666666, "Recall": 0.6068376068376068, "Precision": 0.7395833333333334, "Cohen_Kappa": 0.3910178538560648, "AUC": 0.7714043619216033, "TP": 71, "TN": 91, "FP": 25, "FN": 46}, "test": {"ACC": 0.6965811965811965, "F1_Score": 0.6666666666666666, "Recall": 0.6068376068376068, "Precision": 0.7395833333333334, "Cohen_Kappa": 0.3931623931623932, "AUC": 0.7516253926510337, "TP": 71, "TN": 92, "FP": 25, "FN": 46}}, "DT": {"valid": {"ACC": 0.630901287553648, "F1_Score": 0.6228070175438597, "Recall": 0.6068376068376068, "Precision": 0.6396396396396397, "Cohen_Kappa": 0.2619521178637201, "AUC": 0.6310050103153552, "TP": 71, "TN": 76, "FP": 40, "FN": 46}, "test": {"ACC": 0.6538461538461539, "F1_Score": 0.64, "Recall": 0.6153846153846154, "Precision": 0.6666666666666666, "Cohen_Kappa": 0.3076923076923077, "AUC": 0.6538461538461539, "TP": 72, "TN": 81, "FP": 36, "FN": 45}}, "MNB": {"valid": {"ACC": 0.6952789699570815, "F1_Score": 0.6952789699570816, "Recall": 0.6923076923076923, "Precision": 0.6982758620689655, "Cohen_Kappa": 0.39056916559219, "AUC": 0.7490421455938698, "TP": 81, "TN": 81, "FP": 35, "FN": 36}, "test": {"ACC": 0.6837606837606838, "F1_Score": 0.6890756302521008, "Recall": 0.7008547008547008, "Precision": 0.6776859504132231, "Cohen_Kappa": 0.36752136752136755, "AUC": 0.7286872671488056, "TP": 82, "TN": 78, "FP": 39, "FN": 35}}, "RF": {"valid": {"ACC": 0.7553648068669528, "F1_Score": 0.7574468085106383, "Recall": 0.7606837606837606, "Precision": 0.7542372881355932, "Cohen_Kappa": 0.5107025752496039, "AUC": 0.789861479516652, "TP": 89, "TN": 87, "FP": 29, "FN": 28}, "test": {"ACC": 0.7521367521367521, "F1_Score": 0.752136752136752, "Recall": 0.7521367521367521, "Precision": 0.7521367521367521, "Cohen_Kappa": 0.5042735042735043, "AUC": 0.815983636496457, "TP": 88, "TN": 88, "FP": 29, "FN": 29}}, "ADA": {"valid": {"ACC": 0.6824034334763949, "F1_Score": 0.6837606837606838, "Recall": 0.6837606837606838, "Precision": 0.6837606837606838, "Cohen_Kappa": 0.36479516651930444, "AUC": 0.7513631005010316, "TP": 80, "TN": 79, "FP": 37, "FN": 37}, "test": {"ACC": 0.7008547008547008, "F1_Score": 0.6929824561403508, "Recall": 0.6752136752136753, "Precision": 0.7117117117117117, "Cohen_Kappa": 0.4017094017094017, "AUC": 0.7763898020308277, "TP": 79, "TN": 85, "FP": 32, "FN": 38}}, "XGB": {"valid": {"ACC": 0.759656652360515, "F1_Score": 0.7647058823529412, "Recall": 0.7777777777777778, "Precision": 0.7520661157024794, "Cohen_Kappa": 0.5192336035372145, "AUC": 0.8204391394046566, "TP": 91, "TN": 86, "FP": 30, "FN": 26}, "test": {"ACC": 0.7350427350427351, "F1_Score": 0.7304347826086957, "Recall": 0.717948717948718, "Precision": 0.7433628318584071, "Cohen_Kappa": 0.4700854700854701, "AUC": 0.8209511286434363, "TP": 84, "TN": 88, "FP": 29, "FN": 33}}, "MLP": {"valid": {"ACC": 0.7725321888412017, "F1_Score": 0.7665198237885461, "Recall": 0.7435897435897436, "Precision": 0.7909090909090909, "Cohen_Kappa": 0.5451732901182278, "AUC": 0.8180076628352491, "TP": 87, "TN": 93, "FP": 23, "FN": 30}, "test": {"ACC": 0.717948717948718, "F1_Score": 0.7155172413793105, "Recall": 0.7094017094017094, "Precision": 0.7217391304347827, "Cohen_Kappa": 0.4358974358974359, "AUC": 0.7803345752063702, "TP": 83, "TN": 85, "FP": 32, "FN": 34}}, "LR": {"valid": {"ACC": 0.7296137339055794, "F1_Score": 0.7174887892376682, "Recall": 0.6837606837606838, "Precision": 0.7547169811320755, "Cohen_Kappa": 0.45943656785122444, "AUC": 0.7866195107574419, "TP": 80, "TN": 90, "FP": 26, "FN": 37}, "test": {"ACC": 0.7051282051282052, "F1_Score": 0.6986899563318778, "Recall": 0.6837606837606838, "Precision": 0.7142857142857143, "Cohen_Kappa": 0.41025641025641024, "AUC": 0.7642632770837899, "TP": 80, "TN": 85, "FP": 32, "FN": 37}}, "ETAs": {"valid": {"ACC": 0.7467811158798283, "F1_Score": 0.751054852320675, "Recall": 0.7606837606837606, "Precision": 0.7416666666666667, "Cohen_Kappa": 0.4934969234737113, "AUC": 0.7783672266430888, "TP": 89, "TN": 85, "FP": 31, "FN": 28}, "test": {"ACC": 0.7435897435897436, "F1_Score": 0.7435897435897437, "Recall": 0.7435897435897436, "Precision": 0.7435897435897436, "Cohen_Kappa": 0.4871794871794872, "AUC": 0.8036744831616627, "TP": 87, "TN": 87, "FP": 30, "FN": 30}}, "CNB": {"valid": {"ACC": 0.6952789699570815, "F1_Score": 0.6952789699570816, "Recall": 0.6923076923076923, "Precision": 0.6982758620689655, "Cohen_Kappa": 0.39056916559219, "AUC": 0.7490421455938698, "TP": 81, "TN": 81, "FP": 35, "FN": 36}, "test": {"ACC": 0.6837606837606838, "F1_Score": 0.6890756302521008, "Recall": 0.7008547008547008, "Precision": 0.6776859504132231, "Cohen_Kappa": 0.36752136752136755, "AUC": 0.7286872671488056, "TP": 82, "TN": 78, "FP": 39, "FN": 35}}, "GB": {"valid": {"ACC": 0.7639484978540773, "F1_Score": 0.7659574468085106, "Recall": 0.7692307692307693, "Precision": 0.7627118644067796, "Cohen_Kappa": 0.5278709059426003, "AUC": 0.8113026819923371, "TP": 90, "TN": 88, "FP": 28, "FN": 27}, "test": {"ACC": 0.7393162393162394, "F1_Score": 0.7404255319148937, "Recall": 0.7435897435897436, "Precision": 0.7372881355932204, "Cohen_Kappa": 0.4786324786324786, "AUC": 0.8080210387902695, "TP": 87, "TN": 86, "FP": 31, "FN": 30}}, "BAG": {"valid": {"ACC": 0.6995708154506438, "F1_Score": 0.6902654867256638, "Recall": 0.6666666666666666, "Precision": 0.7155963302752294, "Cohen_Kappa": 0.3993076016499705, "AUC": 0.7630415561450045, "TP": 78, "TN": 85, "FP": 31, "FN": 39}, "test": {"ACC": 0.7521367521367521, "F1_Score": 0.7456140350877193, "Recall": 0.7264957264957265, "Precision": 0.7657657657657657, "Cohen_Kappa": 0.5042735042735043, "AUC": 0.8042588940024837, "TP": 85, "TN": 91, "FP": 26, "FN": 32}}, "QDA": {"valid": {"ACC": 0.49356223175965663, "F1_Score": 0.016666666666666666, "Recall": 0.008547008547008548, "Precision": 0.3333333333333333, "Cohen_Kappa": -0.008658008658008809, "AUC": 0.4956528146183318, "TP": 1, "TN": 114, "FP": 2, "FN": 116}, "test": {"ACC": 0.5085470085470085, "F1_Score": 0.033613445378151266, "Recall": 0.017094017094017096, "Precision": 1.0, "Cohen_Kappa": 0.017094017094017144, "AUC": 0.5085470085470085, "TP": 2, "TN": 117, "FP": 0, "FN": 115}}, "SVC": {"valid": {"ACC": 0.7682403433476395, "F1_Score": 0.7692307692307693, "Recall": 0.7692307692307693, "Precision": 0.7692307692307693, "Cohen_Kappa": 0.5364721485411141, "AUC": 0.8096080165045683, "TP": 90, "TN": 89, "FP": 27, "FN": 27}, "test": {"ACC": 0.7307692307692307, "F1_Score": 0.7296137339055794, "Recall": 0.7264957264957265, "Precision": 0.7327586206896551, "Cohen_Kappa": 0.46153846153846156, "AUC": 0.8134268390678646, "TP": 85, "TN": 86, "FP": 31, "FN": 32}}}