{"OVR": {"valid": {"ACC": 0.6666666666666666, "F1_Score": 0.6399999999999999, "Recall": 0.5925925925925926, "Precision": 0.6956521739130435, "Cohen_Kappa": 0.33333333333333337, "AUC": 0.7338820301783264, "TP": 16, "TN": 20, "FP": 7, "FN": 11}, "test": {"ACC": 0.7592592592592593, "F1_Score": 0.7547169811320754, "Recall": 0.7407407407407407, "Precision": 0.7692307692307693, "Cohen_Kappa": 0.5185185185185186, "AUC": 0.8559670781893004, "TP": 20, "TN": 21, "FP": 6, "FN": 7}}, "KNB": {"valid": {"ACC": 0.6666666666666666, "F1_Score": 0.6250000000000001, "Recall": 0.5555555555555556, "Precision": 0.7142857142857143, "Cohen_Kappa": 0.33333333333333337, "AUC": 0.657750342935528, "TP": 15, "TN": 21, "FP": 6, "FN": 12}, "test": {"ACC": 0.7777777777777778, "F1_Score": 0.7692307692307692, "Recall": 0.7407407407407407, "Precision": 0.8, "Cohen_Kappa": 0.5555555555555556, "AUC": 0.8271604938271605, "TP": 20, "TN": 22, "FP": 5, "FN": 7}}, "DT": {"valid": {"ACC": 0.5925925925925926, "F1_Score": 0.5599999999999999, "Recall": 0.5185185185185185, "Precision": 0.6086956521739131, "Cohen_Kappa": 0.18518518518518523, "AUC": 0.5925925925925928, "TP": 14, "TN": 18, "FP": 9, "FN": 13}, "test": {"ACC": 0.6481481481481481, "F1_Score": 0.6122448979591836, "Recall": 0.5555555555555556, "Precision": 0.6818181818181818, "Cohen_Kappa": 0.2962962962962963, "AUC": 0.6481481481481481, "TP": 15, "TN": 20, "FP": 7, "FN": 12}}, "MNB": {"valid": {"ACC": 0.7222222222222222, "F1_Score": 0.7272727272727273, "Recall": 0.7407407407407407, "Precision": 0.7142857142857143, "Cohen_Kappa": 0.4444444444444444, "AUC": 0.8340192043895748, "TP": 20, "TN": 19, "FP": 8, "FN": 7}, "test": {"ACC": 0.7962962962962963, "F1_Score": 0.8070175438596491, "Recall": 0.8518518518518519, "Precision": 0.7666666666666667, "Cohen_Kappa": 0.5925925925925926, "AUC": 0.8079561042524006, "TP": 23, "TN": 20, "FP": 7, "FN": 4}}, "RF": {"valid": {"ACC": 0.7407407407407407, "F1_Score": 0.72, "Recall": 0.6666666666666666, "Precision": 0.782608695652174, "Cohen_Kappa": 0.4814814814814815, "AUC": 0.8120713305898491, "TP": 18, "TN": 22, "FP": 5, "FN": 9}, "test": {"ACC": 0.7037037037037037, "F1_Score": 0.68, "Recall": 0.6296296296296297, "Precision": 0.7391304347826086, "Cohen_Kappa": 0.40740740740740744, "AUC": 0.7818930041152262, "TP": 17, "TN": 21, "FP": 6, "FN": 10}}, "ADA": {"valid": {"ACC": 0.6666666666666666, "F1_Score": 0.6086956521739131, "Recall": 0.5185185185185185, "Precision": 0.7368421052631579, "Cohen_Kappa": 0.33333333333333337, "AUC": 0.7146776406035665, "TP": 14, "TN": 22, "FP": 5, "FN": 13}, "test": {"ACC": 0.7592592592592593, "F1_Score": 0.7450980392156864, "Recall": 0.7037037037037037, "Precision": 0.7916666666666666, "Cohen_Kappa": 0.5185185185185186, "AUC": 0.776406035665295, "TP": 19, "TN": 22, "FP": 5, "FN": 8}}, "XGB": {"valid": {"ACC": 0.6296296296296297, "F1_Score": 0.6, "Recall": 0.5555555555555556, "Precision": 0.6521739130434783, "Cohen_Kappa": 0.2592592592592593, "AUC": 0.6776406035665294, "TP": 15, "TN": 19, "FP": 8, "FN": 12}, "test": {"ACC": 0.8148148148148148, "F1_Score": 0.7999999999999999, "Recall": 0.7407407407407407, "Precision": 0.8695652173913043, "Cohen_Kappa": 0.6296296296296297, "AUC": 0.858710562414266, "TP": 20, "TN": 24, "FP": 3, "FN": 7}}, "MLP": {"valid": {"ACC": 0.6296296296296297, "F1_Score": 0.5833333333333334, "Recall": 0.5185185185185185, "Precision": 0.6666666666666666, "Cohen_Kappa": 0.2592592592592593, "AUC": 0.7242798353909465, "TP": 14, "TN": 20, "FP": 7, "FN": 13}, "test": {"ACC": 0.7962962962962963, "F1_Score": 0.7755102040816326, "Recall": 0.7037037037037037, "Precision": 0.8636363636363636, "Cohen_Kappa": 0.5925925925925926, "AUC": 0.8545953360768176, "TP": 19, "TN": 24, "FP": 3, "FN": 8}}, "LR": {"valid": {"ACC": 0.6666666666666666, "F1_Score": 0.6399999999999999, "Recall": 0.5925925925925926, "Precision": 0.6956521739130435, "Cohen_Kappa": 0.33333333333333337, "AUC": 0.7338820301783264, "TP": 16, "TN": 20, "FP": 7, "FN": 11}, "test": {"ACC": 0.7592592592592593, "F1_Score": 0.7547169811320754, "Recall": 0.7407407407407407, "Precision": 0.7692307692307693, "Cohen_Kappa": 0.5185185185185186, "AUC": 0.8559670781893004, "TP": 20, "TN": 21, "FP": 6, "FN": 7}}, "ETAs": {"valid": {"ACC": 0.7777777777777778, "F1_Score": 0.76, "Recall": 0.7037037037037037, "Precision": 0.8260869565217391, "Cohen_Kappa": 0.5555555555555556, "AUC": 0.808641975308642, "TP": 19, "TN": 23, "FP": 4, "FN": 8}, "test": {"ACC": 0.7592592592592593, "F1_Score": 0.7547169811320754, "Recall": 0.7407407407407407, "Precision": 0.7692307692307693, "Cohen_Kappa": 0.5185185185185186, "AUC": 0.8010973936899862, "TP": 20, "TN": 21, "FP": 6, "FN": 7}}, "CNB": {"valid": {"ACC": 0.7222222222222222, "F1_Score": 0.7272727272727273, "Recall": 0.7407407407407407, "Precision": 0.7142857142857143, "Cohen_Kappa": 0.4444444444444444, "AUC": 0.8340192043895748, "TP": 20, "TN": 19, "FP": 8, "FN": 7}, "test": {"ACC": 0.7962962962962963, "F1_Score": 0.8070175438596491, "Recall": 0.8518518518518519, "Precision": 0.7666666666666667, "Cohen_Kappa": 0.5925925925925926, "AUC": 0.8079561042524006, "TP": 23, "TN": 20, "FP": 7, "FN": 4}}, "GB": {"valid": {"ACC": 0.6666666666666666, "F1_Score": 0.6666666666666666, "Recall": 0.6666666666666666, "Precision": 0.6666666666666666, "Cohen_Kappa": 0.33333333333333337, "AUC": 0.7187928669410151, "TP": 18, "TN": 18, "FP": 9, "FN": 9}, "test": {"ACC": 0.7222222222222222, "F1_Score": 0.7169811320754716, "Recall": 0.7037037037037037, "Precision": 0.7307692307692307, "Cohen_Kappa": 0.4444444444444444, "AUC": 0.7997256515775034, "TP": 19, "TN": 20, "FP": 7, "FN": 8}}, "BAG": {"valid": {"ACC": 0.6666666666666666, "F1_Score": 0.6250000000000001, "Recall": 0.5555555555555556, "Precision": 0.7142857142857143, "Cohen_Kappa": 0.33333333333333337, "AUC": 0.6927297668038408, "TP": 15, "TN": 21, "FP": 6, "FN": 12}, "test": {"ACC": 0.6851851851851852, "F1_Score": 0.6909090909090909, "Recall": 0.7037037037037037, "Precision": 0.6785714285714286, "Cohen_Kappa": 0.37037037037037035, "AUC": 0.7736625514403292, "TP": 19, "TN": 18, "FP": 9, "FN": 8}}, "QDA": {"valid": {"ACC": 0.5925925925925926, "F1_Score": 0.6206896551724138, "Recall": 0.6666666666666666, "Precision": 0.5806451612903226, "Cohen_Kappa": 0.18518518518518523, "AUC": 0.5925925925925926, "TP": 18, "TN": 14, "FP": 13, "FN": 9}, "test": {"ACC": 0.5, "F1_Score": 0.49056603773584906, "Recall": 0.48148148148148145, "Precision": 0.5, "Cohen_Kappa": 0.0, "AUC": 0.5, "TP": 13, "TN": 14, "FP": 13, "FN": 14}}, "SVC": {"valid": {"ACC": 0.7222222222222222, "F1_Score": 0.6808510638297872, "Recall": 0.5925925925925926, "Precision": 0.8, "Cohen_Kappa": 0.4444444444444444, "AUC": 0.799039780521262, "TP": 16, "TN": 23, "FP": 4, "FN": 11}, "test": {"ACC": 0.7962962962962963, "F1_Score": 0.7924528301886792, "Recall": 0.7777777777777778, "Precision": 0.8076923076923077, "Cohen_Kappa": 0.5925925925925926, "AUC": 0.8614540466392318, "TP": 21, "TN": 22, "FP": 5, "FN": 6}}}