{"OVR": {"valid": {"ACC": 0.6351351351351351, "F1_Score": 0.625, "Recall": 0.6081081081081081, "Precision": 0.6428571428571429, "Cohen_Kappa": 0.2702702702702703, "AUC": 0.6563184806428048, "TP": 45, "TN": 49, "FP": 25, "FN": 29}, "test": {"ACC": 0.5637583892617449, "F1_Score": 0.5517241379310344, "Recall": 0.5333333333333333, "Precision": 0.5714285714285714, "Cohen_Kappa": 0.12787032868077453, "AUC": 0.5754954954954955, "TP": 40, "TN": 44, "FP": 30, "FN": 35}}, "KNB": {"valid": {"ACC": 0.5945945945945946, "F1_Score": 0.5588235294117647, "Recall": 0.5135135135135135, "Precision": 0.6129032258064516, "Cohen_Kappa": 0.18918918918918914, "AUC": 0.6143170197224251, "TP": 38, "TN": 50, "FP": 24, "FN": 36}, "test": {"ACC": 0.5771812080536913, "F1_Score": 0.5987261146496816, "Recall": 0.6266666666666667, "Precision": 0.573170731707317, "Cohen_Kappa": 0.15379067880645447, "AUC": 0.654864864864865, "TP": 47, "TN": 39, "FP": 35, "FN": 28}}, "DT": {"valid": {"ACC": 0.5675675675675675, "F1_Score": 0.5789473684210528, "Recall": 0.5945945945945946, "Precision": 0.5641025641025641, "Cohen_Kappa": 0.1351351351351351, "AUC": 0.5675675675675677, "TP": 44, "TN": 40, "FP": 34, "FN": 30}, "test": {"ACC": 0.6375838926174496, "F1_Score": 0.6301369863013698, "Recall": 0.6133333333333333, "Precision": 0.647887323943662, "Cohen_Kappa": 0.27539625360230546, "AUC": 0.6377477477477477, "TP": 46, "TN": 49, "FP": 25, "FN": 29}}, "MNB": {"valid": {"ACC": 0.5743243243243243, "F1_Score": 0.6134969325153374, "Recall": 0.6756756756756757, "Precision": 0.5617977528089888, "Cohen_Kappa": 0.14864864864864868, "AUC": 0.6433528122717312, "TP": 50, "TN": 35, "FP": 39, "FN": 24}, "test": {"ACC": 0.610738255033557, "F1_Score": 0.6588235294117647, "Recall": 0.7466666666666667, "Precision": 0.5894736842105263, "Cohen_Kappa": 0.2200361010830324, "AUC": 0.625945945945946, "TP": 56, "TN": 35, "FP": 39, "FN": 19}}, "RF": {"valid": {"ACC": 0.6554054054054054, "F1_Score": 0.6382978723404256, "Recall": 0.6081081081081081, "Precision": 0.6716417910447762, "Cohen_Kappa": 0.31081081081081086, "AUC": 0.7281775018261505, "TP": 45, "TN": 52, "FP": 22, "FN": 29}, "test": {"ACC": 0.610738255033557, "F1_Score": 0.6081081081081081, "Recall": 0.6, "Precision": 0.6164383561643836, "Cohen_Kappa": 0.22158169699153307, "AUC": 0.6811711711711712, "TP": 45, "TN": 46, "FP": 28, "FN": 30}}, "ADA": {"valid": {"ACC": 0.6756756756756757, "F1_Score": 0.6666666666666667, "Recall": 0.6486486486486487, "Precision": 0.6857142857142857, "Cohen_Kappa": 0.3513513513513513, "AUC": 0.6983199415631848, "TP": 48, "TN": 52, "FP": 22, "FN": 26}, "test": {"ACC": 0.6040268456375839, "F1_Score": 0.6193548387096774, "Recall": 0.64, "Precision": 0.6, "Cohen_Kappa": 0.20766110860748088, "AUC": 0.5911711711711711, "TP": 48, "TN": 42, "FP": 32, "FN": 27}}, "XGB": {"valid": {"ACC": 0.6013513513513513, "F1_Score": 0.556390977443609, "Recall": 0.5, "Precision": 0.6271186440677966, "Cohen_Kappa": 0.20270270270270274, "AUC": 0.6747626004382761, "TP": 37, "TN": 52, "FP": 22, "FN": 37}, "test": {"ACC": 0.6241610738255033, "F1_Score": 0.641025641025641, "Recall": 0.6666666666666666, "Precision": 0.6172839506172839, "Cohen_Kappa": 0.2478817378763296, "AUC": 0.6632432432432432, "TP": 50, "TN": 43, "FP": 31, "FN": 25}}, "MLP": {"valid": {"ACC": 0.6283783783783784, "F1_Score": 0.6357615894039735, "Recall": 0.6486486486486487, "Precision": 0.6233766233766234, "Cohen_Kappa": 0.2567567567567568, "AUC": 0.6804236669101533, "TP": 48, "TN": 45, "FP": 29, "FN": 26}, "test": {"ACC": 0.5771812080536913, "F1_Score": 0.5827814569536424, "Recall": 0.5866666666666667, "Precision": 0.5789473684210527, "Cohen_Kappa": 0.15424813046220387, "AUC": 0.5985585585585586, "TP": 44, "TN": 42, "FP": 32, "FN": 31}}, "LR": {"valid": {"ACC": 0.6351351351351351, "F1_Score": 0.625, "Recall": 0.6081081081081081, "Precision": 0.6428571428571429, "Cohen_Kappa": 0.2702702702702703, "AUC": 0.6563184806428048, "TP": 45, "TN": 49, "FP": 25, "FN": 29}, "test": {"ACC": 0.5637583892617449, "F1_Score": 0.5517241379310344, "Recall": 0.5333333333333333, "Precision": 0.5714285714285714, "Cohen_Kappa": 0.12787032868077453, "AUC": 0.5754954954954955, "TP": 40, "TN": 44, "FP": 30, "FN": 35}}, "ETAs": {"valid": {"ACC": 0.6554054054054054, "F1_Score": 0.6433566433566433, "Recall": 0.6216216216216216, "Precision": 0.6666666666666666, "Cohen_Kappa": 0.31081081081081086, "AUC": 0.7015157048940832, "TP": 46, "TN": 51, "FP": 23, "FN": 28}, "test": {"ACC": 0.5906040268456376, "F1_Score": 0.5793103448275861, "Recall": 0.56, "Precision": 0.6, "Cohen_Kappa": 0.18153984691580372, "AUC": 0.6551351351351351, "TP": 42, "TN": 46, "FP": 28, "FN": 33}}, "CNB": {"valid": {"ACC": 0.5743243243243243, "F1_Score": 0.6134969325153374, "Recall": 0.6756756756756757, "Precision": 0.5617977528089888, "Cohen_Kappa": 0.14864864864864868, "AUC": 0.6433528122717312, "TP": 50, "TN": 35, "FP": 39, "FN": 24}, "test": {"ACC": 0.610738255033557, "F1_Score": 0.6588235294117647, "Recall": 0.7466666666666667, "Precision": 0.5894736842105263, "Cohen_Kappa": 0.2200361010830324, "AUC": 0.625945945945946, "TP": 56, "TN": 35, "FP": 39, "FN": 19}}, "GB": {"valid": {"ACC": 0.6756756756756757, "F1_Score": 0.6571428571428571, "Recall": 0.6216216216216216, "Precision": 0.696969696969697, "Cohen_Kappa": 0.3513513513513513, "AUC": 0.6955807158509861, "TP": 46, "TN": 54, "FP": 20, "FN": 28}, "test": {"ACC": 0.5838926174496645, "F1_Score": 0.5810810810810811, "Recall": 0.5733333333333334, "Precision": 0.589041095890411, "Cohen_Kappa": 0.16789767609439732, "AUC": 0.6335135135135135, "TP": 43, "TN": 44, "FP": 30, "FN": 32}}, "BAG": {"valid": {"ACC": 0.6216216216216216, "F1_Score": 0.5692307692307693, "Recall": 0.5, "Precision": 0.6607142857142857, "Cohen_Kappa": 0.2432432432432432, "AUC": 0.6473703433162893, "TP": 37, "TN": 55, "FP": 19, "FN": 37}, "test": {"ACC": 0.5973154362416108, "F1_Score": 0.5774647887323943, "Recall": 0.5466666666666666, "Precision": 0.6119402985074627, "Cohen_Kappa": 0.19517464890169245, "AUC": 0.6221621621621622, "TP": 41, "TN": 48, "FP": 26, "FN": 34}}, "QDA": {"valid": {"ACC": 0.5, "F1_Score": 0.0, "Recall": 0.0, "Precision": 0.0, "Cohen_Kappa": 0.0, "AUC": 0.5, "TP": 0, "TN": 74, "FP": 0, "FN": 74}, "test": {"ACC": 0.4966442953020134, "F1_Score": 0.0, "Recall": 0.0, "Precision": 0.0, "Cohen_Kappa": 0.0, "AUC": 0.5, "TP": 0, "TN": 74, "FP": 0, "FN": 75}}, "SVC": {"valid": {"ACC": 0.6081081081081081, "F1_Score": 0.5735294117647058, "Recall": 0.527027027027027, "Precision": 0.6290322580645161, "Cohen_Kappa": 0.21621621621621623, "AUC": 0.710555149744339, "TP": 39, "TN": 51, "FP": 23, "FN": 35}, "test": {"ACC": 0.5838926174496645, "F1_Score": 0.5694444444444444, "Recall": 0.5466666666666666, "Precision": 0.5942028985507246, "Cohen_Kappa": 0.16819737079056363, "AUC": 0.6499099099099099, "TP": 41, "TN": 46, "FP": 28, "FN": 34}}}