{"OVR": {"valid": {"ACC": 0.5743243243243243, "F1_Score": 0.5401459854014599, "Recall": 0.5, "Precision": 0.5873015873015873, "Cohen_Kappa": 0.14864864864864868, "AUC": 0.6285609934258582, "TP": 37, "TN": 48, "FP": 26, "FN": 37}, "test": {"ACC": 0.5704697986577181, "F1_Score": 0.5428571428571428, "Recall": 0.5066666666666667, "Precision": 0.5846153846153846, "Cohen_Kappa": 0.14167416741674177, "AUC": 0.5582882882882884, "TP": 38, "TN": 47, "FP": 27, "FN": 37}}, "KNB": {"valid": {"ACC": 0.5608108108108109, "F1_Score": 0.5517241379310345, "Recall": 0.5405405405405406, "Precision": 0.5633802816901409, "Cohen_Kappa": 0.1216216216216216, "AUC": 0.6153214024835647, "TP": 40, "TN": 43, "FP": 31, "FN": 34}, "test": {"ACC": 0.5436241610738255, "F1_Score": 0.5466666666666666, "Recall": 0.5466666666666666, "Precision": 0.5466666666666666, "Cohen_Kappa": 0.08720720720720732, "AUC": 0.5659459459459459, "TP": 41, "TN": 40, "FP": 34, "FN": 34}}, "DT": {"valid": {"ACC": 0.527027027027027, "F1_Score": 0.5, "Recall": 0.47297297297297297, "Precision": 0.5303030303030303, "Cohen_Kappa": 0.05405405405405406, "AUC": 0.5245617238860482, "TP": 35, "TN": 43, "FP": 31, "FN": 39}, "test": {"ACC": 0.5369127516778524, "F1_Score": 0.5106382978723404, "Recall": 0.48, "Precision": 0.5454545454545454, "Cohen_Kappa": 0.07453416149068326, "AUC": 0.5275675675675675, "TP": 36, "TN": 44, "FP": 30, "FN": 39}}, "MNB": {"valid": {"ACC": 0.5608108108108109, "F1_Score": 0.5517241379310345, "Recall": 0.5405405405405406, "Precision": 0.5633802816901409, "Cohen_Kappa": 0.1216216216216216, "AUC": 0.5991599707815924, "TP": 40, "TN": 43, "FP": 31, "FN": 34}, "test": {"ACC": 0.610738255033557, "F1_Score": 0.5972222222222223, "Recall": 0.5733333333333334, "Precision": 0.6231884057971014, "Cohen_Kappa": 0.2218620565460111, "AUC": 0.6285585585585586, "TP": 43, "TN": 48, "FP": 26, "FN": 32}}, "RF": {"valid": {"ACC": 0.5878378378378378, "F1_Score": 0.5673758865248227, "Recall": 0.5405405405405406, "Precision": 0.5970149253731343, "Cohen_Kappa": 0.17567567567567566, "AUC": 0.6217129291453616, "TP": 40, "TN": 47, "FP": 27, "FN": 34}, "test": {"ACC": 0.5906040268456376, "F1_Score": 0.596026490066225, "Recall": 0.6, "Precision": 0.5921052631578947, "Cohen_Kappa": 0.18109739616181642, "AUC": 0.634954954954955, "TP": 45, "TN": 43, "FP": 31, "FN": 30}}, "ADA": {"valid": {"ACC": 0.5608108108108109, "F1_Score": 0.5323741007194245, "Recall": 0.5, "Precision": 0.5692307692307692, "Cohen_Kappa": 0.1216216216216216, "AUC": 0.627282688093499, "TP": 37, "TN": 46, "FP": 28, "FN": 37}, "test": {"ACC": 0.5771812080536913, "F1_Score": 0.5467625899280575, "Recall": 0.5066666666666667, "Precision": 0.59375, "Cohen_Kappa": 0.15516155161551604, "AUC": 0.5709909909909909, "TP": 38, "TN": 48, "FP": 26, "FN": 37}}, "XGB": {"valid": {"ACC": 0.5135135135135135, "F1_Score": 0.48571428571428577, "Recall": 0.4594594594594595, "Precision": 0.5151515151515151, "Cohen_Kappa": 0.027027027027026973, "AUC": 0.5693937180423666, "TP": 34, "TN": 42, "FP": 32, "FN": 40}, "test": {"ACC": 0.5704697986577181, "F1_Score": 0.5733333333333334, "Recall": 0.5733333333333334, "Precision": 0.5733333333333334, "Cohen_Kappa": 0.14090090090090102, "AUC": 0.5826126126126127, "TP": 43, "TN": 42, "FP": 32, "FN": 32}}, "MLP": {"valid": {"ACC": 0.5878378378378378, "F1_Score": 0.6064516129032258, "Recall": 0.6351351351351351, "Precision": 0.5802469135802469, "Cohen_Kappa": 0.17567567567567566, "AUC": 0.6391526661796931, "TP": 47, "TN": 40, "FP": 34, "FN": 27}, "test": {"ACC": 0.5234899328859061, "F1_Score": 0.5298013245033113, "Recall": 0.5333333333333333, "Precision": 0.5263157894736842, "Cohen_Kappa": 0.046851067663753576, "AUC": 0.5689189189189189, "TP": 40, "TN": 38, "FP": 36, "FN": 35}}, "LR": {"valid": {"ACC": 0.5743243243243243, "F1_Score": 0.5401459854014599, "Recall": 0.5, "Precision": 0.5873015873015873, "Cohen_Kappa": 0.14864864864864868, "AUC": 0.6285609934258582, "TP": 37, "TN": 48, "FP": 26, "FN": 37}, "test": {"ACC": 0.5704697986577181, "F1_Score": 0.5428571428571428, "Recall": 0.5066666666666667, "Precision": 0.5846153846153846, "Cohen_Kappa": 0.14167416741674177, "AUC": 0.5582882882882884, "TP": 38, "TN": 47, "FP": 27, "FN": 37}}, "ETAs": {"valid": {"ACC": 0.581081081081081, "F1_Score": 0.5571428571428572, "Recall": 0.527027027027027, "Precision": 0.5909090909090909, "Cohen_Kappa": 0.16216216216216217, "AUC": 0.6066471877282686, "TP": 39, "TN": 47, "FP": 27, "FN": 35}, "test": {"ACC": 0.6174496644295302, "F1_Score": 0.6225165562913908, "Recall": 0.6266666666666667, "Precision": 0.618421052631579, "Cohen_Kappa": 0.23479592756104162, "AUC": 0.6350450450450451, "TP": 47, "TN": 45, "FP": 29, "FN": 28}}, "CNB": {"valid": {"ACC": 0.5608108108108109, "F1_Score": 0.5517241379310345, "Recall": 0.5405405405405406, "Precision": 0.5633802816901409, "Cohen_Kappa": 0.1216216216216216, "AUC": 0.5991599707815924, "TP": 40, "TN": 43, "FP": 31, "FN": 34}, "test": {"ACC": 0.5973154362416108, "F1_Score": 0.589041095890411, "Recall": 0.5733333333333334, "Precision": 0.6056338028169014, "Cohen_Kappa": 0.19488472622478392, "AUC": 0.6285585585585586, "TP": 43, "TN": 46, "FP": 28, "FN": 32}}, "GB": {"valid": {"ACC": 0.581081081081081, "F1_Score": 0.5753424657534246, "Recall": 0.5675675675675675, "Precision": 0.5833333333333334, "Cohen_Kappa": 0.16216216216216217, "AUC": 0.6411614317019723, "TP": 42, "TN": 44, "FP": 30, "FN": 32}, "test": {"ACC": 0.5570469798657718, "F1_Score": 0.547945205479452, "Recall": 0.5333333333333333, "Precision": 0.5633802816901409, "Cohen_Kappa": 0.11437319884726227, "AUC": 0.5645945945945946, "TP": 40, "TN": 43, "FP": 31, "FN": 35}}, "BAG": {"valid": {"ACC": 0.5743243243243243, "F1_Score": 0.5401459854014599, "Recall": 0.5, "Precision": 0.5873015873015873, "Cohen_Kappa": 0.14864864864864868, "AUC": 0.6205259313367422, "TP": 37, "TN": 48, "FP": 26, "FN": 37}, "test": {"ACC": 0.5906040268456376, "F1_Score": 0.5547445255474452, "Recall": 0.5066666666666667, "Precision": 0.6129032258064516, "Cohen_Kappa": 0.1821290380635292, "AUC": 0.6056756756756757, "TP": 38, "TN": 50, "FP": 24, "FN": 37}}, "QDA": {"valid": {"ACC": 0.49324324324324326, "F1_Score": 0.6575342465753425, "Recall": 0.972972972972973, "Precision": 0.496551724137931, "Cohen_Kappa": -0.013513513513513598, "AUC": 0.514609203798393, "TP": 72, "TN": 1, "FP": 73, "FN": 2}, "test": {"ACC": 0.5436241610738255, "F1_Score": 0.6880733944954128, "Recall": 1.0, "Precision": 0.5244755244755245, "Cohen_Kappa": 0.08158085569253071, "AUC": 0.5481081081081081, "TP": 75, "TN": 6, "FP": 68, "FN": 0}}, "SVC": {"valid": {"ACC": 0.5878378378378378, "F1_Score": 0.534351145038168, "Recall": 0.47297297297297297, "Precision": 0.6140350877192983, "Cohen_Kappa": 0.17567567567567566, "AUC": 0.6696493791088386, "TP": 35, "TN": 52, "FP": 22, "FN": 39}, "test": {"ACC": 0.5704697986577181, "F1_Score": 0.5294117647058824, "Recall": 0.48, "Precision": 0.5901639344262295, "Cohen_Kappa": 0.1419830843980565, "AUC": 0.5985585585585586, "TP": 36, "TN": 49, "FP": 25, "FN": 39}}}