{"OVR": {"valid": {"ACC": 0.6842105263157895, "F1_Score": 0.6727272727272728, "Recall": 0.6491228070175439, "Precision": 0.6981132075471698, "Cohen_Kappa": 0.368421052631579, "AUC": 0.7925515543244074, "TP": 37, "TN": 41, "FP": 16, "FN": 20}, "test": {"ACC": 0.6403508771929824, "F1_Score": 0.6554621848739496, "Recall": 0.6842105263157895, "Precision": 0.6290322580645161, "Cohen_Kappa": 0.2807017543859649, "AUC": 0.7054478301015698, "TP": 39, "TN": 34, "FP": 23, "FN": 18}}, "KNB": {"valid": {"ACC": 0.6929824561403509, "F1_Score": 0.6153846153846154, "Recall": 0.49122807017543857, "Precision": 0.8235294117647058, "Cohen_Kappa": 0.38596491228070173, "AUC": 0.7066789781471222, "TP": 28, "TN": 51, "FP": 6, "FN": 29}, "test": {"ACC": 0.6842105263157895, "F1_Score": 0.6170212765957447, "Recall": 0.5087719298245614, "Precision": 0.7837837837837838, "Cohen_Kappa": 0.368421052631579, "AUC": 0.7353031702062173, "TP": 29, "TN": 49, "FP": 8, "FN": 28}}, "DT": {"valid": {"ACC": 0.7017543859649122, "F1_Score": 0.6792452830188679, "Recall": 0.631578947368421, "Precision": 0.7346938775510204, "Cohen_Kappa": 0.4035087719298246, "AUC": 0.7017543859649122, "TP": 36, "TN": 44, "FP": 13, "FN": 21}, "test": {"ACC": 0.5877192982456141, "F1_Score": 0.5688073394495413, "Recall": 0.543859649122807, "Precision": 0.5961538461538461, "Cohen_Kappa": 0.17543859649122806, "AUC": 0.587719298245614, "TP": 31, "TN": 36, "FP": 21, "FN": 26}}, "MNB": {"valid": {"ACC": 0.6491228070175439, "F1_Score": 0.6491228070175439, "Recall": 0.6491228070175439, "Precision": 0.6491228070175439, "Cohen_Kappa": 0.29824561403508776, "AUC": 0.7473068636503539, "TP": 37, "TN": 37, "FP": 20, "FN": 20}, "test": {"ACC": 0.7017543859649122, "F1_Score": 0.7213114754098361, "Recall": 0.7719298245614035, "Precision": 0.676923076923077, "Cohen_Kappa": 0.4035087719298246, "AUC": 0.7553093259464451, "TP": 44, "TN": 36, "FP": 21, "FN": 13}}, "RF": {"valid": {"ACC": 0.7105263157894737, "F1_Score": 0.6915887850467289, "Recall": 0.6491228070175439, "Precision": 0.74, "Cohen_Kappa": 0.42105263157894735, "AUC": 0.8253308710372422, "TP": 37, "TN": 44, "FP": 13, "FN": 20}, "test": {"ACC": 0.7280701754385965, "F1_Score": 0.7155963302752295, "Recall": 0.6842105263157895, "Precision": 0.75, "Cohen_Kappa": 0.45614035087719296, "AUC": 0.7637734687596185, "TP": 39, "TN": 44, "FP": 13, "FN": 18}}, "ADA": {"valid": {"ACC": 0.6929824561403509, "F1_Score": 0.6601941747572816, "Recall": 0.5964912280701754, "Precision": 0.7391304347826086, "Cohen_Kappa": 0.38596491228070173, "AUC": 0.7750076946752847, "TP": 34, "TN": 45, "FP": 12, "FN": 23}, "test": {"ACC": 0.6578947368421053, "F1_Score": 0.6722689075630253, "Recall": 0.7017543859649122, "Precision": 0.6451612903225806, "Cohen_Kappa": 0.3157894736842105, "AUC": 0.7022160664819944, "TP": 40, "TN": 35, "FP": 22, "FN": 17}}, "XGB": {"valid": {"ACC": 0.7456140350877193, "F1_Score": 0.7339449541284404, "Recall": 0.7017543859649122, "Precision": 0.7692307692307693, "Cohen_Kappa": 0.49122807017543857, "AUC": 0.8307171437365344, "TP": 40, "TN": 45, "FP": 12, "FN": 17}, "test": {"ACC": 0.6228070175438597, "F1_Score": 0.6194690265486725, "Recall": 0.6140350877192983, "Precision": 0.625, "Cohen_Kappa": 0.24561403508771928, "AUC": 0.7119113573407203, "TP": 35, "TN": 36, "FP": 21, "FN": 22}}, "MLP": {"valid": {"ACC": 0.6666666666666666, "F1_Score": 0.6607142857142858, "Recall": 0.6491228070175439, "Precision": 0.6727272727272727, "Cohen_Kappa": 0.33333333333333337, "AUC": 0.7633117882425362, "TP": 37, "TN": 39, "FP": 18, "FN": 20}, "test": {"ACC": 0.6228070175438597, "F1_Score": 0.6194690265486725, "Recall": 0.6140350877192983, "Precision": 0.625, "Cohen_Kappa": 0.24561403508771928, "AUC": 0.7103724222837796, "TP": 35, "TN": 36, "FP": 21, "FN": 22}}, "LR": {"valid": {"ACC": 0.6842105263157895, "F1_Score": 0.6727272727272728, "Recall": 0.6491228070175439, "Precision": 0.6981132075471698, "Cohen_Kappa": 0.368421052631579, "AUC": 0.7925515543244074, "TP": 37, "TN": 41, "FP": 16, "FN": 20}, "test": {"ACC": 0.6403508771929824, "F1_Score": 0.6554621848739496, "Recall": 0.6842105263157895, "Precision": 0.6290322580645161, "Cohen_Kappa": 0.2807017543859649, "AUC": 0.7054478301015698, "TP": 39, "TN": 34, "FP": 23, "FN": 18}}, "ETAs": {"valid": {"ACC": 0.7631578947368421, "F1_Score": 0.7522935779816514, "Recall": 0.7192982456140351, "Precision": 0.7884615384615384, "Cohen_Kappa": 0.5263157894736843, "AUC": 0.845029239766082, "TP": 41, "TN": 46, "FP": 11, "FN": 16}, "test": {"ACC": 0.6754385964912281, "F1_Score": 0.6542056074766356, "Recall": 0.6140350877192983, "Precision": 0.7, "Cohen_Kappa": 0.3508771929824561, "AUC": 0.7222222222222222, "TP": 35, "TN": 42, "FP": 15, "FN": 22}}, "CNB": {"valid": {"ACC": 0.6491228070175439, "F1_Score": 0.6491228070175439, "Recall": 0.6491228070175439, "Precision": 0.6491228070175439, "Cohen_Kappa": 0.29824561403508776, "AUC": 0.7473068636503539, "TP": 37, "TN": 37, "FP": 20, "FN": 20}, "test": {"ACC": 0.7017543859649122, "F1_Score": 0.7213114754098361, "Recall": 0.7719298245614035, "Precision": 0.676923076923077, "Cohen_Kappa": 0.4035087719298246, "AUC": 0.7553093259464451, "TP": 44, "TN": 36, "FP": 21, "FN": 13}}, "GB": {"valid": {"ACC": 0.7192982456140351, "F1_Score": 0.7142857142857142, "Recall": 0.7017543859649122, "Precision": 0.7272727272727273, "Cohen_Kappa": 0.4385964912280702, "AUC": 0.8045552477685441, "TP": 40, "TN": 42, "FP": 15, "FN": 17}, "test": {"ACC": 0.6842105263157895, "F1_Score": 0.7, "Recall": 0.7368421052631579, "Precision": 0.6666666666666666, "Cohen_Kappa": 0.368421052631579, "AUC": 0.7288396429670668, "TP": 42, "TN": 36, "FP": 21, "FN": 15}}, "BAG": {"valid": {"ACC": 0.7543859649122807, "F1_Score": 0.7307692307692306, "Recall": 0.6666666666666666, "Precision": 0.8085106382978723, "Cohen_Kappa": 0.5087719298245614, "AUC": 0.8002462296091104, "TP": 38, "TN": 48, "FP": 9, "FN": 19}, "test": {"ACC": 0.6491228070175439, "F1_Score": 0.6296296296296297, "Recall": 0.5964912280701754, "Precision": 0.6666666666666666, "Cohen_Kappa": 0.29824561403508776, "AUC": 0.7183748845798708, "TP": 34, "TN": 40, "FP": 17, "FN": 23}}, "QDA": {"valid": {"ACC": 0.5, "F1_Score": 0.0, "Recall": 0.0, "Precision": 0.0, "Cohen_Kappa": 0.0, "AUC": 0.5, "TP": 0, "TN": 57, "FP": 0, "FN": 57}, "test": {"ACC": 0.5, "F1_Score": 0.0, "Recall": 0.0, "Precision": 0.0, "Cohen_Kappa": 0.0, "AUC": 0.5, "TP": 0, "TN": 57, "FP": 0, "FN": 57}}, "SVC": {"valid": {"ACC": 0.7543859649122807, "F1_Score": 0.7499999999999999, "Recall": 0.7368421052631579, "Precision": 0.7636363636363637, "Cohen_Kappa": 0.5087719298245614, "AUC": 0.8193290243151738, "TP": 42, "TN": 44, "FP": 13, "FN": 15}, "test": {"ACC": 0.7105263157894737, "F1_Score": 0.7027027027027027, "Recall": 0.6842105263157895, "Precision": 0.7222222222222222, "Cohen_Kappa": 0.42105263157894735, "AUC": 0.7857802400738689, "TP": 39, "TN": 42, "FP": 15, "FN": 18}}}