{"OVR": {"valid": {"ACC": 0.6491228070175439, "F1_Score": 0.6153846153846153, "Recall": 0.5614035087719298, "Precision": 0.6808510638297872, "Cohen_Kappa": 0.29824561403508776, "AUC": 0.6989843028624193, "TP": 32, "TN": 42, "FP": 15, "FN": 25}, "test": {"ACC": 0.631578947368421, "F1_Score": 0.5961538461538461, "Recall": 0.543859649122807, "Precision": 0.6595744680851063, "Cohen_Kappa": 0.26315789473684215, "AUC": 0.6626654355186211, "TP": 31, "TN": 41, "FP": 16, "FN": 26}}, "KNB": {"valid": {"ACC": 0.6578947368421053, "F1_Score": 0.6213592233009708, "Recall": 0.5614035087719298, "Precision": 0.6956521739130435, "Cohen_Kappa": 0.3157894736842105, "AUC": 0.7208371806709757, "TP": 32, "TN": 43, "FP": 14, "FN": 25}, "test": {"ACC": 0.6842105263157895, "F1_Score": 0.6470588235294117, "Recall": 0.5789473684210527, "Precision": 0.7333333333333333, "Cohen_Kappa": 0.368421052631579, "AUC": 0.7262234533702678, "TP": 33, "TN": 45, "FP": 12, "FN": 24}}, "DT": {"valid": {"ACC": 0.5701754385964912, "F1_Score": 0.505050505050505, "Recall": 0.43859649122807015, "Precision": 0.5952380952380952, "Cohen_Kappa": 0.14035087719298245, "AUC": 0.577562326869806, "TP": 25, "TN": 40, "FP": 17, "FN": 32}, "test": {"ACC": 0.6140350877192983, "F1_Score": 0.5925925925925926, "Recall": 0.5614035087719298, "Precision": 0.6274509803921569, "Cohen_Kappa": 0.22807017543859653, "AUC": 0.6169590643274855, "TP": 32, "TN": 38, "FP": 19, "FN": 25}}, "MNB": {"valid": {"ACC": 0.6140350877192983, "F1_Score": 0.6716417910447761, "Recall": 0.7894736842105263, "Precision": 0.5844155844155844, "Cohen_Kappa": 0.22807017543859653, "AUC": 0.6565096952908587, "TP": 45, "TN": 25, "FP": 32, "FN": 12}, "test": {"ACC": 0.6052631578947368, "F1_Score": 0.6616541353383459, "Recall": 0.7719298245614035, "Precision": 0.5789473684210527, "Cohen_Kappa": 0.21052631578947367, "AUC": 0.6509695290858726, "TP": 44, "TN": 25, "FP": 32, "FN": 13}}, "RF": {"valid": {"ACC": 0.631578947368421, "F1_Score": 0.5961538461538461, "Recall": 0.543859649122807, "Precision": 0.6595744680851063, "Cohen_Kappa": 0.26315789473684215, "AUC": 0.6920590951061866, "TP": 31, "TN": 41, "FP": 16, "FN": 26}, "test": {"ACC": 0.7105263157894737, "F1_Score": 0.6972477064220183, "Recall": 0.6666666666666666, "Precision": 0.7307692307692307, "Cohen_Kappa": 0.42105263157894735, "AUC": 0.7325330871037242, "TP": 38, "TN": 43, "FP": 14, "FN": 19}}, "ADA": {"valid": {"ACC": 0.6578947368421053, "F1_Score": 0.6213592233009708, "Recall": 0.5614035087719298, "Precision": 0.6956521739130435, "Cohen_Kappa": 0.3157894736842105, "AUC": 0.7045244690674053, "TP": 32, "TN": 43, "FP": 14, "FN": 25}, "test": {"ACC": 0.5964912280701754, "F1_Score": 0.5576923076923077, "Recall": 0.5087719298245614, "Precision": 0.6170212765957447, "Cohen_Kappa": 0.19298245614035092, "AUC": 0.6471221914435211, "TP": 29, "TN": 39, "FP": 18, "FN": 28}}, "XGB": {"valid": {"ACC": 0.6754385964912281, "F1_Score": 0.6605504587155963, "Recall": 0.631578947368421, "Precision": 0.6923076923076923, "Cohen_Kappa": 0.3508771929824561, "AUC": 0.7126808248691905, "TP": 36, "TN": 41, "FP": 16, "FN": 21}, "test": {"ACC": 0.6491228070175439, "F1_Score": 0.6363636363636364, "Recall": 0.6140350877192983, "Precision": 0.660377358490566, "Cohen_Kappa": 0.29824561403508776, "AUC": 0.649430594028932, "TP": 35, "TN": 39, "FP": 18, "FN": 22}}, "MLP": {"valid": {"ACC": 0.6491228070175439, "F1_Score": 0.6226415094339622, "Recall": 0.5789473684210527, "Precision": 0.673469387755102, "Cohen_Kappa": 0.29824561403508776, "AUC": 0.7208371806709757, "TP": 33, "TN": 41, "FP": 16, "FN": 24}, "test": {"ACC": 0.6929824561403509, "F1_Score": 0.6666666666666667, "Recall": 0.6140350877192983, "Precision": 0.7291666666666666, "Cohen_Kappa": 0.38596491228070173, "AUC": 0.6972914742997844, "TP": 35, "TN": 44, "FP": 13, "FN": 22}}, "LR": {"valid": {"ACC": 0.6491228070175439, "F1_Score": 0.6153846153846153, "Recall": 0.5614035087719298, "Precision": 0.6808510638297872, "Cohen_Kappa": 0.29824561403508776, "AUC": 0.6989843028624193, "TP": 32, "TN": 42, "FP": 15, "FN": 25}, "test": {"ACC": 0.631578947368421, "F1_Score": 0.5961538461538461, "Recall": 0.543859649122807, "Precision": 0.6595744680851063, "Cohen_Kappa": 0.26315789473684215, "AUC": 0.6626654355186211, "TP": 31, "TN": 41, "FP": 16, "FN": 26}}, "ETAs": {"valid": {"ACC": 0.6052631578947368, "F1_Score": 0.5544554455445544, "Recall": 0.49122807017543857, "Precision": 0.6363636363636364, "Cohen_Kappa": 0.21052631578947367, "AUC": 0.6574330563250231, "TP": 28, "TN": 41, "FP": 16, "FN": 29}, "test": {"ACC": 0.6754385964912281, "F1_Score": 0.6605504587155963, "Recall": 0.631578947368421, "Precision": 0.6923076923076923, "Cohen_Kappa": 0.3508771929824561, "AUC": 0.7232994767620806, "TP": 36, "TN": 41, "FP": 16, "FN": 21}}, "CNB": {"valid": {"ACC": 0.6140350877192983, "F1_Score": 0.6716417910447761, "Recall": 0.7894736842105263, "Precision": 0.5844155844155844, "Cohen_Kappa": 0.22807017543859653, "AUC": 0.6565096952908587, "TP": 45, "TN": 25, "FP": 32, "FN": 12}, "test": {"ACC": 0.6052631578947368, "F1_Score": 0.6616541353383459, "Recall": 0.7719298245614035, "Precision": 0.5789473684210527, "Cohen_Kappa": 0.21052631578947367, "AUC": 0.6509695290858726, "TP": 44, "TN": 25, "FP": 32, "FN": 13}}, "GB": {"valid": {"ACC": 0.6754385964912281, "F1_Score": 0.6666666666666666, "Recall": 0.6491228070175439, "Precision": 0.6851851851851852, "Cohen_Kappa": 0.3508771929824561, "AUC": 0.760233918128655, "TP": 37, "TN": 40, "FP": 17, "FN": 20}, "test": {"ACC": 0.6666666666666666, "F1_Score": 0.6545454545454544, "Recall": 0.631578947368421, "Precision": 0.6792452830188679, "Cohen_Kappa": 0.33333333333333337, "AUC": 0.7126808248691905, "TP": 36, "TN": 40, "FP": 17, "FN": 21}}, "BAG": {"valid": {"ACC": 0.6052631578947368, "F1_Score": 0.5871559633027522, "Recall": 0.5614035087719298, "Precision": 0.6153846153846154, "Cohen_Kappa": 0.21052631578947367, "AUC": 0.6792859341335795, "TP": 32, "TN": 37, "FP": 20, "FN": 25}, "test": {"ACC": 0.6140350877192983, "F1_Score": 0.5849056603773586, "Recall": 0.543859649122807, "Precision": 0.6326530612244898, "Cohen_Kappa": 0.22807017543859653, "AUC": 0.6502000615574023, "TP": 31, "TN": 39, "FP": 18, "FN": 26}}, "QDA": {"valid": {"ACC": 0.49122807017543857, "F1_Score": 0.03333333333333333, "Recall": 0.017543859649122806, "Precision": 0.3333333333333333, "Cohen_Kappa": -0.01754385964912286, "AUC": 0.5421668205601724, "TP": 1, "TN": 55, "FP": 2, "FN": 56}, "test": {"ACC": 0.5, "F1_Score": 0.09523809523809525, "Recall": 0.05263157894736842, "Precision": 0.5, "Cohen_Kappa": 0.0, "AUC": 0.5270852570021546, "TP": 3, "TN": 54, "FP": 3, "FN": 54}}, "SVC": {"valid": {"ACC": 0.6403508771929824, "F1_Score": 0.6095238095238096, "Recall": 0.5614035087719298, "Precision": 0.6666666666666666, "Cohen_Kappa": 0.2807017543859649, "AUC": 0.7239150507848569, "TP": 32, "TN": 41, "FP": 16, "FN": 25}, "test": {"ACC": 0.7017543859649122, "F1_Score": 0.6792452830188679, "Recall": 0.631578947368421, "Precision": 0.7346938775510204, "Cohen_Kappa": 0.4035087719298246, "AUC": 0.7212988611880579, "TP": 36, "TN": 44, "FP": 13, "FN": 21}}}