{"OVR": {"valid": {"ACC": 0.7142857142857143, "F1_Score": 0.7083333333333334, "Recall": 0.7083333333333334, "Precision": 0.7083333333333334, "Cohen_Kappa": 0.42833333333333334, "AUC": 0.82, "TP": 17, "TN": 18, "FP": 7, "FN": 7}, "test": {"ACC": 0.6530612244897959, "F1_Score": 0.711864406779661, "Recall": 0.84, "Precision": 0.6176470588235294, "Cohen_Kappa": 0.30058774139378674, "AUC": 0.6133333333333333, "TP": 21, "TN": 11, "FP": 13, "FN": 4}}, "KNB": {"valid": {"ACC": 0.6530612244897959, "F1_Score": 0.45161290322580644, "Recall": 0.2916666666666667, "Precision": 1.0, "Cohen_Kappa": 0.29585798816568054, "AUC": 0.7200000000000001, "TP": 7, "TN": 25, "FP": 0, "FN": 17}, "test": {"ACC": 0.5510204081632653, "F1_Score": 0.3125, "Recall": 0.2, "Precision": 0.7142857142857143, "Cohen_Kappa": 0.11494252873563204, "AUC": 0.61, "TP": 5, "TN": 22, "FP": 2, "FN": 20}}, "DT": {"valid": {"ACC": 0.6530612244897959, "F1_Score": 0.6666666666666667, "Recall": 0.7083333333333334, "Precision": 0.6296296296296297, "Cohen_Kappa": 0.30756442227763925, "AUC": 0.6541666666666668, "TP": 17, "TN": 15, "FP": 10, "FN": 7}, "test": {"ACC": 0.5102040816326531, "F1_Score": 0.5555555555555556, "Recall": 0.6, "Precision": 0.5172413793103449, "Cohen_Kappa": 0.01672240802675584, "AUC": 0.5083333333333333, "TP": 15, "TN": 10, "FP": 14, "FN": 10}}, "MNB": {"valid": {"ACC": 0.6530612244897959, "F1_Score": 0.679245283018868, "Recall": 0.75, "Precision": 0.6206896551724138, "Cohen_Kappa": 0.3087136929460581, "AUC": 0.7783333333333333, "TP": 18, "TN": 14, "FP": 11, "FN": 6}, "test": {"ACC": 0.5102040816326531, "F1_Score": 0.6129032258064517, "Recall": 0.76, "Precision": 0.5135135135135135, "Cohen_Kappa": 0.010101010101010166, "AUC": 0.5383333333333333, "TP": 19, "TN": 6, "FP": 18, "FN": 6}}, "RF": {"valid": {"ACC": 0.7959183673469388, "F1_Score": 0.7916666666666666, "Recall": 0.7916666666666666, "Precision": 0.7916666666666666, "Cohen_Kappa": 0.5916666666666666, "AUC": 0.8049999999999999, "TP": 19, "TN": 20, "FP": 5, "FN": 5}, "test": {"ACC": 0.5918367346938775, "F1_Score": 0.6428571428571428, "Recall": 0.72, "Precision": 0.5806451612903226, "Cohen_Kappa": 0.1792294807370185, "AUC": 0.6425, "TP": 18, "TN": 11, "FP": 13, "FN": 7}}, "ADA": {"valid": {"ACC": 0.7551020408163265, "F1_Score": 0.76, "Recall": 0.7916666666666666, "Precision": 0.7307692307692307, "Cohen_Kappa": 0.5108153078202995, "AUC": 0.6916666666666667, "TP": 19, "TN": 18, "FP": 7, "FN": 5}, "test": {"ACC": 0.4897959183673469, "F1_Score": 0.4897959183673469, "Recall": 0.48, "Precision": 0.5, "Cohen_Kappa": -0.019983347210657643, "AUC": 0.435, "TP": 12, "TN": 12, "FP": 12, "FN": 13}}, "XGB": {"valid": {"ACC": 0.7142857142857143, "F1_Score": 0.7199999999999999, "Recall": 0.75, "Precision": 0.6923076923076923, "Cohen_Kappa": 0.42928452579034937, "AUC": 0.8250000000000001, "TP": 18, "TN": 17, "FP": 8, "FN": 6}, "test": {"ACC": 0.6326530612244898, "F1_Score": 0.6666666666666666, "Recall": 0.72, "Precision": 0.6206896551724138, "Cohen_Kappa": 0.2625418060200668, "AUC": 0.6283333333333334, "TP": 18, "TN": 13, "FP": 11, "FN": 7}}, "MLP": {"valid": {"ACC": 0.6530612244897959, "F1_Score": 0.6530612244897959, "Recall": 0.6666666666666666, "Precision": 0.64, "Cohen_Kappa": 0.30641132389675274, "AUC": 0.7683333333333333, "TP": 16, "TN": 16, "FP": 9, "FN": 8}, "test": {"ACC": 0.5306122448979592, "F1_Score": 0.6101694915254237, "Recall": 0.72, "Precision": 0.5294117647058824, "Cohen_Kappa": 0.053736356003358576, "AUC": 0.5566666666666668, "TP": 18, "TN": 8, "FP": 16, "FN": 7}}, "LR": {"valid": {"ACC": 0.7142857142857143, "F1_Score": 0.7083333333333334, "Recall": 0.7083333333333334, "Precision": 0.7083333333333334, "Cohen_Kappa": 0.42833333333333334, "AUC": 0.82, "TP": 17, "TN": 18, "FP": 7, "FN": 7}, "test": {"ACC": 0.6530612244897959, "F1_Score": 0.711864406779661, "Recall": 0.84, "Precision": 0.6176470588235294, "Cohen_Kappa": 0.30058774139378674, "AUC": 0.6133333333333333, "TP": 21, "TN": 11, "FP": 13, "FN": 4}}, "ETAs": {"valid": {"ACC": 0.7142857142857143, "F1_Score": 0.7199999999999999, "Recall": 0.75, "Precision": 0.6923076923076923, "Cohen_Kappa": 0.42928452579034937, "AUC": 0.7933333333333332, "TP": 18, "TN": 17, "FP": 8, "FN": 6}, "test": {"ACC": 0.5306122448979592, "F1_Score": 0.5964912280701754, "Recall": 0.68, "Precision": 0.53125, "Cohen_Kappa": 0.055322715842414105, "AUC": 0.5816666666666666, "TP": 17, "TN": 9, "FP": 15, "FN": 8}}, "CNB": {"valid": {"ACC": 0.6530612244897959, "F1_Score": 0.679245283018868, "Recall": 0.75, "Precision": 0.6206896551724138, "Cohen_Kappa": 0.3087136929460581, "AUC": 0.7783333333333333, "TP": 18, "TN": 14, "FP": 11, "FN": 6}, "test": {"ACC": 0.5102040816326531, "F1_Score": 0.6129032258064517, "Recall": 0.76, "Precision": 0.5135135135135135, "Cohen_Kappa": 0.010101010101010166, "AUC": 0.5383333333333333, "TP": 19, "TN": 6, "FP": 18, "FN": 6}}, "GB": {"valid": {"ACC": 0.7142857142857143, "F1_Score": 0.6956521739130435, "Recall": 0.6666666666666666, "Precision": 0.7272727272727273, "Cohen_Kappa": 0.42737896494156935, "AUC": 0.7558333333333334, "TP": 16, "TN": 19, "FP": 6, "FN": 8}, "test": {"ACC": 0.5102040816326531, "F1_Score": 0.5555555555555556, "Recall": 0.6, "Precision": 0.5172413793103449, "Cohen_Kappa": 0.01672240802675584, "AUC": 0.5866666666666667, "TP": 15, "TN": 10, "FP": 14, "FN": 10}}, "BAG": {"valid": {"ACC": 0.6938775510204082, "F1_Score": 0.6808510638297872, "Recall": 0.6666666666666666, "Precision": 0.6956521739130435, "Cohen_Kappa": 0.38698915763135944, "AUC": 0.6958333333333334, "TP": 16, "TN": 18, "FP": 7, "FN": 8}, "test": {"ACC": 0.46938775510204084, "F1_Score": 0.4583333333333333, "Recall": 0.44, "Precision": 0.4782608695652174, "Cohen_Kappa": -0.05990016638935103, "AUC": 0.5116666666666667, "TP": 11, "TN": 12, "FP": 12, "FN": 14}}, "QDA": {"valid": {"ACC": 0.3877551020408163, "F1_Score": 0.4827586206896552, "Recall": 0.5833333333333334, "Precision": 0.4117647058823529, "Cohen_Kappa": -0.2148760330578514, "AUC": 0.3916666666666667, "TP": 14, "TN": 5, "FP": 20, "FN": 10}, "test": {"ACC": 0.5918367346938775, "F1_Score": 0.6551724137931034, "Recall": 0.76, "Precision": 0.5757575757575758, "Cohen_Kappa": 0.1778523489932885, "AUC": 0.5883333333333334, "TP": 19, "TN": 10, "FP": 14, "FN": 6}}, "SVC": {"valid": {"ACC": 0.7755102040816326, "F1_Score": 0.7555555555555556, "Recall": 0.7083333333333334, "Precision": 0.8095238095238095, "Cohen_Kappa": 0.5497076023391813, "AUC": 0.8083333333333332, "TP": 17, "TN": 21, "FP": 4, "FN": 7}, "test": {"ACC": 0.6530612244897959, "F1_Score": 0.6666666666666666, "Recall": 0.68, "Precision": 0.6538461538461539, "Cohen_Kappa": 0.30525437864887406, "AUC": 0.7183333333333333, "TP": 17, "TN": 15, "FP": 9, "FN": 8}}}