{"OVR": {"valid": {"ACC": 0.7011494252873564, "F1_Score": 0.7045454545454545, "Recall": 0.7209302325581395, "Precision": 0.6888888888888889, "Cohen_Kappa": 0.40253565768621236, "AUC": 0.7669133192389007, "TP": 31, "TN": 30, "FP": 14, "FN": 12}, "test": {"ACC": 0.632183908045977, "F1_Score": 0.6444444444444444, "Recall": 0.6590909090909091, "Precision": 0.6304347826086957, "Cohen_Kappa": 0.26388154415653087, "AUC": 0.7000528541226216, "TP": 29, "TN": 26, "FP": 17, "FN": 15}}, "KNB": {"valid": {"ACC": 0.6091954022988506, "F1_Score": 0.7068965517241379, "Recall": 0.9534883720930233, "Precision": 0.5616438356164384, "Cohen_Kappa": 0.22443628736234922, "AUC": 0.6841966173361521, "TP": 41, "TN": 12, "FP": 32, "FN": 2}, "test": {"ACC": 0.6091954022988506, "F1_Score": 0.7017543859649122, "Recall": 0.9090909090909091, "Precision": 0.5714285714285714, "Cohen_Kappa": 0.21287919105907405, "AUC": 0.6857822410147992, "TP": 40, "TN": 13, "FP": 30, "FN": 4}}, "DT": {"valid": {"ACC": 0.6206896551724138, "F1_Score": 0.6024096385542168, "Recall": 0.5813953488372093, "Precision": 0.625, "Cohen_Kappa": 0.2406770695583179, "AUC": 0.6202431289640593, "TP": 25, "TN": 29, "FP": 15, "FN": 18}, "test": {"ACC": 0.632183908045977, "F1_Score": 0.6279069767441862, "Recall": 0.6136363636363636, "Precision": 0.6428571428571429, "Cohen_Kappa": 0.26465927099841513, "AUC": 0.6323995771670191, "TP": 27, "TN": 28, "FP": 15, "FN": 17}}, "MNB": {"valid": {"ACC": 0.6896551724137931, "F1_Score": 0.7157894736842104, "Recall": 0.7906976744186046, "Precision": 0.6538461538461539, "Cohen_Kappa": 0.3807012918534143, "AUC": 0.742600422832981, "TP": 34, "TN": 26, "FP": 18, "FN": 9}, "test": {"ACC": 0.6436781609195402, "F1_Score": 0.651685393258427, "Recall": 0.6590909090909091, "Precision": 0.6444444444444445, "Cohen_Kappa": 0.28707375099127685, "AUC": 0.7169661733615222, "TP": 29, "TN": 27, "FP": 16, "FN": 15}}, "RF": {"valid": {"ACC": 0.7126436781609196, "F1_Score": 0.6987951807228916, "Recall": 0.6744186046511628, "Precision": 0.725, "Cohen_Kappa": 0.42475535572599843, "AUC": 0.7986257928118394, "TP": 29, "TN": 33, "FP": 11, "FN": 14}, "test": {"ACC": 0.7011494252873564, "F1_Score": 0.6904761904761905, "Recall": 0.6590909090909091, "Precision": 0.725, "Cohen_Kappa": 0.40285110876451957, "AUC": 0.7412790697674418, "TP": 29, "TN": 32, "FP": 11, "FN": 15}}, "ADA": {"valid": {"ACC": 0.5172413793103449, "F1_Score": 0.5882352941176471, "Recall": 0.6976744186046512, "Precision": 0.5084745762711864, "Cohen_Kappa": 0.03842105263157902, "AUC": 0.5845665961945032, "TP": 30, "TN": 15, "FP": 29, "FN": 13}, "test": {"ACC": 0.5402298850574713, "F1_Score": 0.5238095238095238, "Recall": 0.5, "Precision": 0.55, "Cohen_Kappa": 0.08130939809926085, "AUC": 0.5729386892177589, "TP": 22, "TN": 25, "FP": 18, "FN": 22}}, "XGB": {"valid": {"ACC": 0.6896551724137931, "F1_Score": 0.7032967032967034, "Recall": 0.7441860465116279, "Precision": 0.6666666666666666, "Cohen_Kappa": 0.3800475059382422, "AUC": 0.7531712473572939, "TP": 32, "TN": 28, "FP": 16, "FN": 11}, "test": {"ACC": 0.6436781609195402, "F1_Score": 0.651685393258427, "Recall": 0.6590909090909091, "Precision": 0.6444444444444445, "Cohen_Kappa": 0.28707375099127685, "AUC": 0.7243657505285412, "TP": 29, "TN": 27, "FP": 16, "FN": 15}}, "MLP": {"valid": {"ACC": 0.632183908045977, "F1_Score": 0.6666666666666666, "Recall": 0.7441860465116279, "Precision": 0.6037735849056604, "Cohen_Kappa": 0.2662098049551924, "AUC": 0.7130021141649049, "TP": 32, "TN": 23, "FP": 21, "FN": 11}, "test": {"ACC": 0.6436781609195402, "F1_Score": 0.6436781609195402, "Recall": 0.6363636363636364, "Precision": 0.6511627906976745, "Cohen_Kappa": 0.28745046235138705, "AUC": 0.6841966173361522, "TP": 28, "TN": 28, "FP": 15, "FN": 16}}, "LR": {"valid": {"ACC": 0.7011494252873564, "F1_Score": 0.7045454545454545, "Recall": 0.7209302325581395, "Precision": 0.6888888888888889, "Cohen_Kappa": 0.40253565768621236, "AUC": 0.7669133192389007, "TP": 31, "TN": 30, "FP": 14, "FN": 12}, "test": {"ACC": 0.632183908045977, "F1_Score": 0.6444444444444444, "Recall": 0.6590909090909091, "Precision": 0.6304347826086957, "Cohen_Kappa": 0.26388154415653087, "AUC": 0.7000528541226216, "TP": 29, "TN": 26, "FP": 17, "FN": 15}}, "ETAs": {"valid": {"ACC": 0.7241379310344828, "F1_Score": 0.7209302325581395, "Recall": 0.7209302325581395, "Precision": 0.7209302325581395, "Cohen_Kappa": 0.4482029598308668, "AUC": 0.7803911205073997, "TP": 31, "TN": 32, "FP": 12, "FN": 12}, "test": {"ACC": 0.7011494252873564, "F1_Score": 0.6904761904761905, "Recall": 0.6590909090909091, "Precision": 0.725, "Cohen_Kappa": 0.40285110876451957, "AUC": 0.7410147991543341, "TP": 29, "TN": 32, "FP": 11, "FN": 15}}, "CNB": {"valid": {"ACC": 0.6896551724137931, "F1_Score": 0.7157894736842104, "Recall": 0.7906976744186046, "Precision": 0.6538461538461539, "Cohen_Kappa": 0.3807012918534143, "AUC": 0.742600422832981, "TP": 34, "TN": 26, "FP": 18, "FN": 9}, "test": {"ACC": 0.6436781609195402, "F1_Score": 0.651685393258427, "Recall": 0.6590909090909091, "Precision": 0.6444444444444445, "Cohen_Kappa": 0.28707375099127685, "AUC": 0.7169661733615222, "TP": 29, "TN": 27, "FP": 16, "FN": 15}}, "GB": {"valid": {"ACC": 0.6206896551724138, "F1_Score": 0.6373626373626373, "Recall": 0.6744186046511628, "Precision": 0.6041666666666666, "Cohen_Kappa": 0.24228028503562937, "AUC": 0.6886892177589853, "TP": 29, "TN": 25, "FP": 19, "FN": 14}, "test": {"ACC": 0.632183908045977, "F1_Score": 0.6190476190476191, "Recall": 0.5909090909090909, "Precision": 0.65, "Cohen_Kappa": 0.26504751847940866, "AUC": 0.6672832980972516, "TP": 26, "TN": 29, "FP": 14, "FN": 18}}, "BAG": {"valid": {"ACC": 0.6896551724137931, "F1_Score": 0.6823529411764705, "Recall": 0.6744186046511628, "Precision": 0.6904761904761905, "Cohen_Kappa": 0.3790642347343379, "AUC": 0.7473572938689217, "TP": 29, "TN": 31, "FP": 13, "FN": 14}, "test": {"ACC": 0.6206896551724138, "F1_Score": 0.5822784810126581, "Recall": 0.5227272727272727, "Precision": 0.6571428571428571, "Cohen_Kappa": 0.24307935670972847, "AUC": 0.6514270613107822, "TP": 23, "TN": 31, "FP": 12, "FN": 21}}, "QDA": {"valid": {"ACC": 0.5057471264367817, "F1_Score": 0.0, "Recall": 0.0, "Precision": 0.0, "Cohen_Kappa": 0.0, "AUC": 0.5, "TP": 0, "TN": 44, "FP": 0, "FN": 43}, "test": {"ACC": 0.4942528735632184, "F1_Score": 0.0, "Recall": 0.0, "Precision": 0.0, "Cohen_Kappa": 0.0, "AUC": 0.5, "TP": 0, "TN": 43, "FP": 0, "FN": 44}}, "SVC": {"valid": {"ACC": 0.7701149425287356, "F1_Score": 0.7560975609756098, "Recall": 0.7209302325581395, "Precision": 0.7948717948717948, "Cohen_Kappa": 0.5396825396825398, "AUC": 0.8179175475687104, "TP": 31, "TN": 36, "FP": 8, "FN": 12}, "test": {"ACC": 0.632183908045977, "F1_Score": 0.6097560975609756, "Recall": 0.5681818181818182, "Precision": 0.6578947368421053, "Cohen_Kappa": 0.2654353562005277, "AUC": 0.7285940803382664, "TP": 25, "TN": 30, "FP": 13, "FN": 19}}}