{"OVR": {"valid": {"ACC": 0.6726190476190477, "F1_Score": 0.6726190476190477, "Recall": 0.6726190476190477, "Precision": 0.6726190476190477, "Cohen_Kappa": 0.34523809523809523, "AUC": 0.7207518424036283, "TP": 113, "TN": 113, "FP": 55, "FN": 55}, "test": {"ACC": 0.599406528189911, "F1_Score": 0.5945945945945946, "Recall": 0.5857988165680473, "Precision": 0.6036585365853658, "Cohen_Kappa": 0.19887654299248092, "AUC": 0.6296315863623556, "TP": 99, "TN": 103, "FP": 65, "FN": 70}}, "KNB": {"valid": {"ACC": 0.5982142857142857, "F1_Score": 0.5820433436532507, "Recall": 0.5595238095238095, "Precision": 0.6064516129032258, "Cohen_Kappa": 0.1964285714285714, "AUC": 0.6451424319727891, "TP": 94, "TN": 107, "FP": 61, "FN": 74}, "test": {"ACC": 0.6172106824925816, "F1_Score": 0.6239067055393587, "Recall": 0.6331360946745562, "Precision": 0.6149425287356322, "Cohen_Kappa": 0.2343472058331425, "AUC": 0.6440546632854326, "TP": 107, "TN": 101, "FP": 67, "FN": 62}}, "DT": {"valid": {"ACC": 0.6309523809523809, "F1_Score": 0.6196319018404908, "Recall": 0.6011904761904762, "Precision": 0.6392405063291139, "Cohen_Kappa": 0.26190476190476186, "AUC": 0.6248759920634921, "TP": 101, "TN": 111, "FP": 57, "FN": 67}, "test": {"ACC": 0.56973293768546, "F1_Score": 0.5538461538461539, "Recall": 0.5325443786982249, "Precision": 0.5769230769230769, "Cohen_Kappa": 0.13965526348222612, "AUC": 0.5566356720202874, "TP": 90, "TN": 102, "FP": 66, "FN": 79}}, "MNB": {"valid": {"ACC": 0.6607142857142857, "F1_Score": 0.6833333333333332, "Recall": 0.7321428571428571, "Precision": 0.640625, "Cohen_Kappa": 0.3214285714285714, "AUC": 0.697296626984127, "TP": 123, "TN": 99, "FP": 69, "FN": 45}, "test": {"ACC": 0.5816023738872403, "F1_Score": 0.6094182825484763, "Recall": 0.650887573964497, "Precision": 0.5729166666666666, "Cohen_Kappa": 0.16285830059371742, "AUC": 0.6343512256973796, "TP": 110, "TN": 86, "FP": 82, "FN": 59}}, "RF": {"valid": {"ACC": 0.6636904761904762, "F1_Score": 0.6646884272997032, "Recall": 0.6666666666666666, "Precision": 0.6627218934911243, "Cohen_Kappa": 0.32738095238095233, "AUC": 0.7325857426303855, "TP": 112, "TN": 111, "FP": 57, "FN": 56}, "test": {"ACC": 0.6379821958456974, "F1_Score": 0.6473988439306358, "Recall": 0.6627218934911243, "Precision": 0.632768361581921, "Cohen_Kappa": 0.27585599549105255, "AUC": 0.6720731191885039, "TP": 112, "TN": 103, "FP": 65, "FN": 57}}, "ADA": {"valid": {"ACC": 0.6607142857142857, "F1_Score": 0.6627218934911243, "Recall": 0.6666666666666666, "Precision": 0.6588235294117647, "Cohen_Kappa": 0.3214285714285714, "AUC": 0.7301764455782314, "TP": 112, "TN": 110, "FP": 58, "FN": 56}, "test": {"ACC": 0.5845697329376854, "F1_Score": 0.5808383233532934, "Recall": 0.5739644970414202, "Precision": 0.5878787878787879, "Cohen_Kappa": 0.16919067408607447, "AUC": 0.6222351366582136, "TP": 97, "TN": 100, "FP": 68, "FN": 72}}, "XGB": {"valid": {"ACC": 0.6815476190476191, "F1_Score": 0.6747720364741642, "Recall": 0.6607142857142857, "Precision": 0.6894409937888198, "Cohen_Kappa": 0.36309523809523814, "AUC": 0.7394593253968254, "TP": 111, "TN": 118, "FP": 50, "FN": 57}, "test": {"ACC": 0.6023738872403561, "F1_Score": 0.593939393939394, "Recall": 0.5798816568047337, "Precision": 0.6086956521739131, "Cohen_Kappa": 0.2048527961684744, "AUC": 0.6426634263172726, "TP": 98, "TN": 105, "FP": 63, "FN": 71}}, "MLP": {"valid": {"ACC": 0.6755952380952381, "F1_Score": 0.6746268656716418, "Recall": 0.6726190476190477, "Precision": 0.6766467065868264, "Cohen_Kappa": 0.35119047619047616, "AUC": 0.7451991213151928, "TP": 113, "TN": 114, "FP": 54, "FN": 55}, "test": {"ACC": 0.6083086053412463, "F1_Score": 0.6, "Recall": 0.5857988165680473, "Precision": 0.6149068322981367, "Cohen_Kappa": 0.21672066488237773, "AUC": 0.6380846717385178, "TP": 99, "TN": 106, "FP": 62, "FN": 70}}, "LR": {"valid": {"ACC": 0.6726190476190477, "F1_Score": 0.6726190476190477, "Recall": 0.6726190476190477, "Precision": 0.6726190476190477, "Cohen_Kappa": 0.34523809523809523, "AUC": 0.7207518424036283, "TP": 113, "TN": 113, "FP": 55, "FN": 55}, "test": {"ACC": 0.599406528189911, "F1_Score": 0.5945945945945946, "Recall": 0.5857988165680473, "Precision": 0.6036585365853658, "Cohen_Kappa": 0.19887654299248092, "AUC": 0.6296315863623556, "TP": 99, "TN": 103, "FP": 65, "FN": 70}}, "ETAs": {"valid": {"ACC": 0.6517857142857143, "F1_Score": 0.6465256797583081, "Recall": 0.6369047619047619, "Precision": 0.656441717791411, "Cohen_Kappa": 0.3035714285714286, "AUC": 0.7203266723356008, "TP": 107, "TN": 112, "FP": 56, "FN": 61}, "test": {"ACC": 0.6023738872403561, "F1_Score": 0.593939393939394, "Recall": 0.5798816568047337, "Precision": 0.6086956521739131, "Cohen_Kappa": 0.2048527961684744, "AUC": 0.6534763313609468, "TP": 98, "TN": 105, "FP": 63, "FN": 71}}, "CNB": {"valid": {"ACC": 0.6607142857142857, "F1_Score": 0.6833333333333332, "Recall": 0.7321428571428571, "Precision": 0.640625, "Cohen_Kappa": 0.3214285714285714, "AUC": 0.697296626984127, "TP": 123, "TN": 99, "FP": 69, "FN": 45}, "test": {"ACC": 0.5816023738872403, "F1_Score": 0.6094182825484763, "Recall": 0.650887573964497, "Precision": 0.5729166666666666, "Cohen_Kappa": 0.16285830059371742, "AUC": 0.6343512256973796, "TP": 110, "TN": 86, "FP": 82, "FN": 59}}, "GB": {"valid": {"ACC": 0.6666666666666666, "F1_Score": 0.6564417177914109, "Recall": 0.6369047619047619, "Precision": 0.6772151898734177, "Cohen_Kappa": 0.33333333333333337, "AUC": 0.7404159580498867, "TP": 107, "TN": 117, "FP": 51, "FN": 61}, "test": {"ACC": 0.599406528189911, "F1_Score": 0.5896656534954408, "Recall": 0.5739644970414202, "Precision": 0.60625, "Cohen_Kappa": 0.1989329670910147, "AUC": 0.6466610312764158, "TP": 97, "TN": 105, "FP": 63, "FN": 72}}, "BAG": {"valid": {"ACC": 0.6458333333333334, "F1_Score": 0.6222222222222222, "Recall": 0.5833333333333334, "Precision": 0.6666666666666666, "Cohen_Kappa": 0.29166666666666663, "AUC": 0.7147640306122448, "TP": 98, "TN": 119, "FP": 49, "FN": 70}, "test": {"ACC": 0.5964391691394659, "F1_Score": 0.5853658536585364, "Recall": 0.5680473372781065, "Precision": 0.6037735849056604, "Cohen_Kappa": 0.19301334648026192, "AUC": 0.6292617638771485, "TP": 96, "TN": 105, "FP": 63, "FN": 73}}, "QDA": {"valid": {"ACC": 0.5059523809523809, "F1_Score": 0.023529411764705882, "Recall": 0.011904761904761904, "Precision": 1.0, "Cohen_Kappa": 0.011904761904761862, "AUC": 0.5059523809523809, "TP": 2, "TN": 168, "FP": 0, "FN": 166}, "test": {"ACC": 0.5014836795252225, "F1_Score": 0.011764705882352941, "Recall": 0.005917159763313609, "Precision": 1.0, "Cohen_Kappa": 0.005899705014749235, "AUC": 0.5029585798816568, "TP": 1, "TN": 168, "FP": 0, "FN": 168}}, "SVC": {"valid": {"ACC": 0.6517857142857143, "F1_Score": 0.6332288401253918, "Recall": 0.6011904761904762, "Precision": 0.6688741721854304, "Cohen_Kappa": 0.3035714285714286, "AUC": 0.7283517573696145, "TP": 101, "TN": 118, "FP": 50, "FN": 67}, "test": {"ACC": 0.599406528189911, "F1_Score": 0.5896656534954408, "Recall": 0.5739644970414202, "Precision": 0.60625, "Cohen_Kappa": 0.1989329670910147, "AUC": 0.6500598760214145, "TP": 97, "TN": 105, "FP": 63, "FN": 72}}}