{"OVR": {"valid": {"ACC": 0.703862660944206, "F1_Score": 0.7012987012987013, "Recall": 0.6923076923076923, "Precision": 0.7105263157894737, "Cohen_Kappa": 0.40777986517847276, "AUC": 0.7673887415266726, "TP": 81, "TN": 83, "FP": 33, "FN": 36}, "test": {"ACC": 0.6923076923076923, "F1_Score": 0.7024793388429752, "Recall": 0.7264957264957265, "Precision": 0.68, "Cohen_Kappa": 0.3846153846153846, "AUC": 0.7767550588063409, "TP": 85, "TN": 77, "FP": 40, "FN": 32}}, "KNB": {"valid": {"ACC": 0.648068669527897, "F1_Score": 0.5684210526315789, "Recall": 0.46153846153846156, "Precision": 0.7397260273972602, "Cohen_Kappa": 0.2972634986023245, "AUC": 0.7313955201886235, "TP": 54, "TN": 97, "FP": 19, "FN": 63}, "test": {"ACC": 0.6111111111111112, "F1_Score": 0.508108108108108, "Recall": 0.4017094017094017, "Precision": 0.6911764705882353, "Cohen_Kappa": 0.2222222222222222, "AUC": 0.6894221637811382, "TP": 47, "TN": 96, "FP": 21, "FN": 70}}, "DT": {"valid": {"ACC": 0.6223175965665236, "F1_Score": 0.6173913043478261, "Recall": 0.6068376068376068, "Precision": 0.6283185840707964, "Cohen_Kappa": 0.24473257698541329, "AUC": 0.6223843206601828, "TP": 71, "TN": 74, "FP": 42, "FN": 46}, "test": {"ACC": 0.6666666666666666, "F1_Score": 0.6517857142857142, "Recall": 0.6239316239316239, "Precision": 0.6822429906542056, "Cohen_Kappa": 0.33333333333333337, "AUC": 0.6666666666666666, "TP": 73, "TN": 83, "FP": 34, "FN": 44}}, "MNB": {"valid": {"ACC": 0.6266094420600858, "F1_Score": 0.6448979591836735, "Recall": 0.6752136752136753, "Precision": 0.6171875, "Cohen_Kappa": 0.252902369807983, "AUC": 0.7095490716180372, "TP": 79, "TN": 67, "FP": 49, "FN": 38}, "test": {"ACC": 0.6666666666666666, "F1_Score": 0.6929133858267715, "Recall": 0.7521367521367521, "Precision": 0.6423357664233577, "Cohen_Kappa": 0.33333333333333337, "AUC": 0.7420556651325882, "TP": 88, "TN": 68, "FP": 49, "FN": 29}}, "RF": {"valid": {"ACC": 0.7124463519313304, "F1_Score": 0.7048458149779736, "Recall": 0.6837606837606838, "Precision": 0.7272727272727273, "Cohen_Kappa": 0.4250303856211558, "AUC": 0.7806145004420866, "TP": 80, "TN": 86, "FP": 30, "FN": 37}, "test": {"ACC": 0.7136752136752137, "F1_Score": 0.7022222222222222, "Recall": 0.6752136752136753, "Precision": 0.7314814814814815, "Cohen_Kappa": 0.4273504273504274, "AUC": 0.7840236686390534, "TP": 79, "TN": 88, "FP": 29, "FN": 38}}, "ADA": {"valid": {"ACC": 0.6824034334763949, "F1_Score": 0.6605504587155964, "Recall": 0.6153846153846154, "Precision": 0.7128712871287128, "Cohen_Kappa": 0.3651693667157585, "AUC": 0.7592469790745653, "TP": 72, "TN": 87, "FP": 29, "FN": 45}, "test": {"ACC": 0.688034188034188, "F1_Score": 0.683982683982684, "Recall": 0.6752136752136753, "Precision": 0.6929824561403509, "Cohen_Kappa": 0.37606837606837606, "AUC": 0.7633866608225582, "TP": 79, "TN": 82, "FP": 35, "FN": 38}}, "XGB": {"valid": {"ACC": 0.6824034334763949, "F1_Score": 0.6942148760330579, "Recall": 0.717948717948718, "Precision": 0.672, "Cohen_Kappa": 0.36460790094339623, "AUC": 0.7915561450044208, "TP": 84, "TN": 75, "FP": 41, "FN": 33}, "test": {"ACC": 0.7094017094017094, "F1_Score": 0.6991150442477876, "Recall": 0.6752136752136753, "Precision": 0.7247706422018348, "Cohen_Kappa": 0.41880341880341876, "AUC": 0.7809920374022938, "TP": 79, "TN": 87, "FP": 30, "FN": 38}}, "MLP": {"valid": {"ACC": 0.6652360515021459, "F1_Score": 0.6666666666666666, "Recall": 0.6666666666666666, "Precision": 0.6666666666666666, "Cohen_Kappa": 0.33045977011494254, "AUC": 0.7278219864426761, "TP": 78, "TN": 77, "FP": 39, "FN": 39}, "test": {"ACC": 0.717948717948718, "F1_Score": 0.717948717948718, "Recall": 0.717948717948718, "Precision": 0.717948717948718, "Cohen_Kappa": 0.4358974358974359, "AUC": 0.7735407991818248, "TP": 84, "TN": 84, "FP": 33, "FN": 33}}, "LR": {"valid": {"ACC": 0.703862660944206, "F1_Score": 0.7012987012987013, "Recall": 0.6923076923076923, "Precision": 0.7105263157894737, "Cohen_Kappa": 0.40777986517847276, "AUC": 0.7673887415266726, "TP": 81, "TN": 83, "FP": 33, "FN": 36}, "test": {"ACC": 0.6923076923076923, "F1_Score": 0.7024793388429752, "Recall": 0.7264957264957265, "Precision": 0.68, "Cohen_Kappa": 0.3846153846153846, "AUC": 0.7767550588063409, "TP": 85, "TN": 77, "FP": 40, "FN": 32}}, "ETAs": {"valid": {"ACC": 0.7253218884120172, "F1_Score": 0.7192982456140351, "Recall": 0.7008547008547008, "Precision": 0.7387387387387387, "Cohen_Kappa": 0.45075506445672187, "AUC": 0.77438844680224, "TP": 82, "TN": 87, "FP": 29, "FN": 35}, "test": {"ACC": 0.7222222222222222, "F1_Score": 0.7161572052401747, "Recall": 0.7008547008547008, "Precision": 0.7321428571428571, "Cohen_Kappa": 0.4444444444444444, "AUC": 0.7774125210022647, "TP": 82, "TN": 87, "FP": 30, "FN": 35}}, "CNB": {"valid": {"ACC": 0.6266094420600858, "F1_Score": 0.6448979591836735, "Recall": 0.6752136752136753, "Precision": 0.6171875, "Cohen_Kappa": 0.252902369807983, "AUC": 0.7095490716180372, "TP": 79, "TN": 67, "FP": 49, "FN": 38}, "test": {"ACC": 0.6666666666666666, "F1_Score": 0.6929133858267715, "Recall": 0.7521367521367521, "Precision": 0.6423357664233577, "Cohen_Kappa": 0.33333333333333337, "AUC": 0.7420556651325882, "TP": 88, "TN": 68, "FP": 49, "FN": 29}}, "GB": {"valid": {"ACC": 0.6995708154506438, "F1_Score": 0.6788990825688073, "Recall": 0.6324786324786325, "Precision": 0.7326732673267327, "Cohen_Kappa": 0.39948453608247425, "AUC": 0.7830828175655761, "TP": 74, "TN": 89, "FP": 27, "FN": 43}, "test": {"ACC": 0.6923076923076923, "F1_Score": 0.6814159292035399, "Recall": 0.6581196581196581, "Precision": 0.7064220183486238, "Cohen_Kappa": 0.3846153846153846, "AUC": 0.7741252100226459, "TP": 77, "TN": 85, "FP": 32, "FN": 40}}, "BAG": {"valid": {"ACC": 0.630901287553648, "F1_Score": 0.6055045871559633, "Recall": 0.5641025641025641, "Precision": 0.6534653465346535, "Cohen_Kappa": 0.26222385861561126, "AUC": 0.6958812260536399, "TP": 66, "TN": 81, "FP": 35, "FN": 51}, "test": {"ACC": 0.6367521367521367, "F1_Score": 0.6118721461187213, "Recall": 0.5726495726495726, "Precision": 0.6568627450980392, "Cohen_Kappa": 0.27350427350427353, "AUC": 0.7335817079406822, "TP": 67, "TN": 82, "FP": 35, "FN": 50}}, "QDA": {"valid": {"ACC": 0.6094420600858369, "F1_Score": 0.5645933014354066, "Recall": 0.5042735042735043, "Precision": 0.6413043478260869, "Cohen_Kappa": 0.21958850160108945, "AUC": 0.6098953728264072, "TP": 59, "TN": 83, "FP": 33, "FN": 58}, "test": {"ACC": 0.5811965811965812, "F1_Score": 0.5196078431372549, "Recall": 0.452991452991453, "Precision": 0.6091954022988506, "Cohen_Kappa": 0.16239316239316237, "AUC": 0.5811965811965811, "TP": 53, "TN": 83, "FP": 34, "FN": 64}}, "SVC": {"valid": {"ACC": 0.7124463519313304, "F1_Score": 0.7074235807860262, "Recall": 0.6923076923076923, "Precision": 0.7232142857142857, "Cohen_Kappa": 0.4249880290250101, "AUC": 0.7958296492779251, "TP": 81, "TN": 85, "FP": 31, "FN": 36}, "test": {"ACC": 0.7094017094017094, "F1_Score": 0.7094017094017093, "Recall": 0.7094017094017094, "Precision": 0.7094017094017094, "Cohen_Kappa": 0.41880341880341876, "AUC": 0.8083132442106803, "TP": 83, "TN": 83, "FP": 34, "FN": 34}}}