{"OVR": {"valid": {"ACC": 0.6481481481481481, "F1_Score": 0.6122448979591836, "Recall": 0.5555555555555556, "Precision": 0.6818181818181818, "Cohen_Kappa": 0.2962962962962963, "AUC": 0.6872427983539094, "TP": 15, "TN": 20, "FP": 7, "FN": 12}, "test": {"ACC": 0.5925925925925926, "F1_Score": 0.5599999999999999, "Recall": 0.5185185185185185, "Precision": 0.6086956521739131, "Cohen_Kappa": 0.18518518518518523, "AUC": 0.700960219478738, "TP": 14, "TN": 18, "FP": 9, "FN": 13}}, "KNB": {"valid": {"ACC": 0.6666666666666666, "F1_Score": 0.6086956521739131, "Recall": 0.5185185185185185, "Precision": 0.7368421052631579, "Cohen_Kappa": 0.33333333333333337, "AUC": 0.6851851851851851, "TP": 14, "TN": 22, "FP": 5, "FN": 13}, "test": {"ACC": 0.7222222222222222, "F1_Score": 0.6938775510204083, "Recall": 0.6296296296296297, "Precision": 0.7727272727272727, "Cohen_Kappa": 0.4444444444444444, "AUC": 0.7853223593964336, "TP": 17, "TN": 22, "FP": 5, "FN": 10}}, "DT": {"valid": {"ACC": 0.6666666666666666, "F1_Score": 0.6666666666666666, "Recall": 0.6666666666666666, "Precision": 0.6666666666666666, "Cohen_Kappa": 0.33333333333333337, "AUC": 0.6666666666666667, "TP": 18, "TN": 18, "FP": 9, "FN": 9}, "test": {"ACC": 0.6481481481481481, "F1_Score": 0.6545454545454545, "Recall": 0.6666666666666666, "Precision": 0.6428571428571429, "Cohen_Kappa": 0.2962962962962963, "AUC": 0.6481481481481481, "TP": 18, "TN": 17, "FP": 10, "FN": 9}}, "MNB": {"valid": {"ACC": 0.6296296296296297, "F1_Score": 0.5833333333333334, "Recall": 0.5185185185185185, "Precision": 0.6666666666666666, "Cohen_Kappa": 0.2592592592592593, "AUC": 0.6584362139917695, "TP": 14, "TN": 20, "FP": 7, "FN": 13}, "test": {"ACC": 0.6666666666666666, "F1_Score": 0.6399999999999999, "Recall": 0.5925925925925926, "Precision": 0.6956521739130435, "Cohen_Kappa": 0.33333333333333337, "AUC": 0.7201646090534979, "TP": 16, "TN": 20, "FP": 7, "FN": 11}}, "RF": {"valid": {"ACC": 0.7037037037037037, "F1_Score": 0.6521739130434783, "Recall": 0.5555555555555556, "Precision": 0.7894736842105263, "Cohen_Kappa": 0.40740740740740744, "AUC": 0.7427983539094649, "TP": 15, "TN": 23, "FP": 4, "FN": 12}, "test": {"ACC": 0.7037037037037037, "F1_Score": 0.68, "Recall": 0.6296296296296297, "Precision": 0.7391304347826086, "Cohen_Kappa": 0.40740740740740744, "AUC": 0.7325102880658436, "TP": 17, "TN": 21, "FP": 6, "FN": 10}}, "ADA": {"valid": {"ACC": 0.6111111111111112, "F1_Score": 0.5333333333333333, "Recall": 0.4444444444444444, "Precision": 0.6666666666666666, "Cohen_Kappa": 0.2222222222222222, "AUC": 0.6831275720164609, "TP": 12, "TN": 21, "FP": 6, "FN": 15}, "test": {"ACC": 0.6481481481481481, "F1_Score": 0.6415094339622641, "Recall": 0.6296296296296297, "Precision": 0.6538461538461539, "Cohen_Kappa": 0.2962962962962963, "AUC": 0.6556927297668038, "TP": 17, "TN": 18, "FP": 9, "FN": 10}}, "XGB": {"valid": {"ACC": 0.6851851851851852, "F1_Score": 0.6666666666666667, "Recall": 0.6296296296296297, "Precision": 0.7083333333333334, "Cohen_Kappa": 0.37037037037037035, "AUC": 0.7215363511659809, "TP": 17, "TN": 20, "FP": 7, "FN": 10}, "test": {"ACC": 0.6296296296296297, "F1_Score": 0.6153846153846153, "Recall": 0.5925925925925926, "Precision": 0.64, "Cohen_Kappa": 0.2592592592592593, "AUC": 0.7078189300411523, "TP": 16, "TN": 18, "FP": 9, "FN": 11}}, "MLP": {"valid": {"ACC": 0.6111111111111112, "F1_Score": 0.5714285714285714, "Recall": 0.5185185185185185, "Precision": 0.6363636363636364, "Cohen_Kappa": 0.2222222222222222, "AUC": 0.6625514403292181, "TP": 14, "TN": 19, "FP": 8, "FN": 13}, "test": {"ACC": 0.6296296296296297, "F1_Score": 0.6, "Recall": 0.5555555555555556, "Precision": 0.6521739130434783, "Cohen_Kappa": 0.2592592592592593, "AUC": 0.700960219478738, "TP": 15, "TN": 19, "FP": 8, "FN": 12}}, "LR": {"valid": {"ACC": 0.6481481481481481, "F1_Score": 0.6122448979591836, "Recall": 0.5555555555555556, "Precision": 0.6818181818181818, "Cohen_Kappa": 0.2962962962962963, "AUC": 0.6872427983539094, "TP": 15, "TN": 20, "FP": 7, "FN": 12}, "test": {"ACC": 0.5925925925925926, "F1_Score": 0.5599999999999999, "Recall": 0.5185185185185185, "Precision": 0.6086956521739131, "Cohen_Kappa": 0.18518518518518523, "AUC": 0.700960219478738, "TP": 14, "TN": 18, "FP": 9, "FN": 13}}, "ETAs": {"valid": {"ACC": 0.7222222222222222, "F1_Score": 0.6511627906976744, "Recall": 0.5185185185185185, "Precision": 0.875, "Cohen_Kappa": 0.4444444444444444, "AUC": 0.7585733882030178, "TP": 14, "TN": 25, "FP": 2, "FN": 13}, "test": {"ACC": 0.6851851851851852, "F1_Score": 0.6530612244897959, "Recall": 0.5925925925925926, "Precision": 0.7272727272727273, "Cohen_Kappa": 0.37037037037037035, "AUC": 0.7565157750342936, "TP": 16, "TN": 21, "FP": 6, "FN": 11}}, "CNB": {"valid": {"ACC": 0.6296296296296297, "F1_Score": 0.5833333333333334, "Recall": 0.5185185185185185, "Precision": 0.6666666666666666, "Cohen_Kappa": 0.2592592592592593, "AUC": 0.6584362139917695, "TP": 14, "TN": 20, "FP": 7, "FN": 13}, "test": {"ACC": 0.6666666666666666, "F1_Score": 0.6399999999999999, "Recall": 0.5925925925925926, "Precision": 0.6956521739130435, "Cohen_Kappa": 0.33333333333333337, "AUC": 0.7201646090534979, "TP": 16, "TN": 20, "FP": 7, "FN": 11}}, "GB": {"valid": {"ACC": 0.6296296296296297, "F1_Score": 0.6153846153846153, "Recall": 0.5925925925925926, "Precision": 0.64, "Cohen_Kappa": 0.2592592592592593, "AUC": 0.7407407407407408, "TP": 16, "TN": 18, "FP": 9, "FN": 11}, "test": {"ACC": 0.7037037037037037, "F1_Score": 0.6923076923076923, "Recall": 0.6666666666666666, "Precision": 0.72, "Cohen_Kappa": 0.40740740740740744, "AUC": 0.7469135802469136, "TP": 18, "TN": 20, "FP": 7, "FN": 9}}, "BAG": {"valid": {"ACC": 0.6296296296296297, "F1_Score": 0.5833333333333334, "Recall": 0.5185185185185185, "Precision": 0.6666666666666666, "Cohen_Kappa": 0.2592592592592593, "AUC": 0.7249657064471879, "TP": 14, "TN": 20, "FP": 7, "FN": 13}, "test": {"ACC": 0.6481481481481481, "F1_Score": 0.6122448979591836, "Recall": 0.5555555555555556, "Precision": 0.6818181818181818, "Cohen_Kappa": 0.2962962962962963, "AUC": 0.7400548696844993, "TP": 15, "TN": 20, "FP": 7, "FN": 12}}, "QDA": {"valid": {"ACC": 0.5925925925925926, "F1_Score": 0.5599999999999999, "Recall": 0.5185185185185185, "Precision": 0.6086956521739131, "Cohen_Kappa": 0.18518518518518523, "AUC": 0.5925925925925928, "TP": 14, "TN": 18, "FP": 9, "FN": 13}, "test": {"ACC": 0.5, "F1_Score": 0.509090909090909, "Recall": 0.5185185185185185, "Precision": 0.5, "Cohen_Kappa": 0.0, "AUC": 0.5, "TP": 14, "TN": 13, "FP": 14, "FN": 13}}, "SVC": {"valid": {"ACC": 0.5740740740740741, "F1_Score": 0.4888888888888889, "Recall": 0.4074074074074074, "Precision": 0.6111111111111112, "Cohen_Kappa": 0.14814814814814814, "AUC": 0.7421124828532236, "TP": 11, "TN": 20, "FP": 7, "FN": 16}, "test": {"ACC": 0.6851851851851852, "F1_Score": 0.6666666666666667, "Recall": 0.6296296296296297, "Precision": 0.7083333333333334, "Cohen_Kappa": 0.37037037037037035, "AUC": 0.7530864197530864, "TP": 17, "TN": 20, "FP": 7, "FN": 10}}}