{"OVR": {"valid": {"ACC": 0.7330677290836654, "F1_Score": 0.7392996108949417, "Recall": 0.753968253968254, "Precision": 0.7251908396946565, "Cohen_Kappa": 0.4660422289252263, "AUC": 0.7823492063492063, "TP": 95, "TN": 89, "FP": 36, "FN": 31}, "test": {"ACC": 0.6785714285714286, "F1_Score": 0.6720647773279352, "Recall": 0.6587301587301587, "Precision": 0.6859504132231405, "Cohen_Kappa": 0.3571428571428571, "AUC": 0.745527840765936, "TP": 83, "TN": 88, "FP": 38, "FN": 43}}, "KNB": {"valid": {"ACC": 0.6294820717131474, "F1_Score": 0.45614035087719296, "Recall": 0.30952380952380953, "Precision": 0.8666666666666667, "Cohen_Kappa": 0.2608530445521041, "AUC": 0.7031428571428573, "TP": 39, "TN": 119, "FP": 6, "FN": 87}, "test": {"ACC": 0.5793650793650794, "F1_Score": 0.3291139240506329, "Recall": 0.20634920634920634, "Precision": 0.8125, "Cohen_Kappa": 0.15873015873015872, "AUC": 0.6580687830687831, "TP": 26, "TN": 120, "FP": 6, "FN": 100}}, "DT": {"valid": {"ACC": 0.6852589641434262, "F1_Score": 0.6926070038910506, "Recall": 0.7063492063492064, "Precision": 0.6793893129770993, "Cohen_Kappa": 0.3704080012700429, "AUC": 0.6851746031746032, "TP": 89, "TN": 83, "FP": 42, "FN": 37}, "test": {"ACC": 0.6825396825396826, "F1_Score": 0.6875, "Recall": 0.6984126984126984, "Precision": 0.676923076923077, "Cohen_Kappa": 0.3650793650793651, "AUC": 0.6813429075333838, "TP": 88, "TN": 84, "FP": 42, "FN": 38}}, "MNB": {"valid": {"ACC": 0.7171314741035857, "F1_Score": 0.7193675889328063, "Recall": 0.7222222222222222, "Precision": 0.7165354330708661, "Cohen_Kappa": 0.4342360074923014, "AUC": 0.7587936507936508, "TP": 91, "TN": 89, "FP": 36, "FN": 35}, "test": {"ACC": 0.6746031746031746, "F1_Score": 0.6771653543307087, "Recall": 0.6825396825396826, "Precision": 0.671875, "Cohen_Kappa": 0.3492063492063492, "AUC": 0.7180650037792895, "TP": 86, "TN": 84, "FP": 42, "FN": 40}}, "RF": {"valid": {"ACC": 0.7609561752988048, "F1_Score": 0.7619047619047619, "Recall": 0.7619047619047619, "Precision": 0.7619047619047619, "Cohen_Kappa": 0.5219047619047619, "AUC": 0.8206031746031746, "TP": 96, "TN": 95, "FP": 30, "FN": 30}, "test": {"ACC": 0.7222222222222222, "F1_Score": 0.7368421052631577, "Recall": 0.7777777777777778, "Precision": 0.7, "Cohen_Kappa": 0.4444444444444444, "AUC": 0.7787226001511716, "TP": 98, "TN": 84, "FP": 42, "FN": 28}}, "ADA": {"valid": {"ACC": 0.6613545816733067, "F1_Score": 0.669260700389105, "Recall": 0.6825396825396826, "Precision": 0.6564885496183206, "Cohen_Kappa": 0.32259088744245124, "AUC": 0.743904761904762, "TP": 86, "TN": 80, "FP": 45, "FN": 40}, "test": {"ACC": 0.6626984126984127, "F1_Score": 0.6530612244897959, "Recall": 0.6349206349206349, "Precision": 0.6722689075630253, "Cohen_Kappa": 0.32539682539682535, "AUC": 0.7246787603930461, "TP": 80, "TN": 87, "FP": 39, "FN": 46}}, "XGB": {"valid": {"ACC": 0.7290836653386454, "F1_Score": 0.7235772357723577, "Recall": 0.7063492063492064, "Precision": 0.7416666666666667, "Cohen_Kappa": 0.45826191836475594, "AUC": 0.793968253968254, "TP": 89, "TN": 94, "FP": 31, "FN": 37}, "test": {"ACC": 0.6904761904761905, "F1_Score": 0.6904761904761905, "Recall": 0.6904761904761905, "Precision": 0.6904761904761905, "Cohen_Kappa": 0.38095238095238093, "AUC": 0.7814310909549005, "TP": 87, "TN": 87, "FP": 39, "FN": 39}}, "MLP": {"valid": {"ACC": 0.7171314741035857, "F1_Score": 0.7215686274509804, "Recall": 0.7301587301587301, "Precision": 0.7131782945736435, "Cohen_Kappa": 0.4342000825475443, "AUC": 0.7773968253968254, "TP": 92, "TN": 88, "FP": 37, "FN": 34}, "test": {"ACC": 0.6746031746031746, "F1_Score": 0.6666666666666666, "Recall": 0.6507936507936508, "Precision": 0.6833333333333333, "Cohen_Kappa": 0.3492063492063492, "AUC": 0.7491181657848325, "TP": 82, "TN": 88, "FP": 38, "FN": 44}}, "LR": {"valid": {"ACC": 0.7330677290836654, "F1_Score": 0.7392996108949417, "Recall": 0.753968253968254, "Precision": 0.7251908396946565, "Cohen_Kappa": 0.4660422289252263, "AUC": 0.7823492063492063, "TP": 95, "TN": 89, "FP": 36, "FN": 31}, "test": {"ACC": 0.6785714285714286, "F1_Score": 0.6720647773279352, "Recall": 0.6587301587301587, "Precision": 0.6859504132231405, "Cohen_Kappa": 0.3571428571428571, "AUC": 0.745527840765936, "TP": 83, "TN": 88, "FP": 38, "FN": 43}}, "ETAs": {"valid": {"ACC": 0.7290836653386454, "F1_Score": 0.7322834645669293, "Recall": 0.7380952380952381, "Precision": 0.7265625, "Cohen_Kappa": 0.4581243253539907, "AUC": 0.8141269841269841, "TP": 93, "TN": 90, "FP": 35, "FN": 33}, "test": {"ACC": 0.6984126984126984, "F1_Score": 0.7007874015748031, "Recall": 0.7063492063492064, "Precision": 0.6953125, "Cohen_Kappa": 0.39682539682539686, "AUC": 0.7929264298311918, "TP": 89, "TN": 87, "FP": 39, "FN": 37}}, "CNB": {"valid": {"ACC": 0.7171314741035857, "F1_Score": 0.7193675889328063, "Recall": 0.7222222222222222, "Precision": 0.7165354330708661, "Cohen_Kappa": 0.4342360074923014, "AUC": 0.7587936507936508, "TP": 91, "TN": 89, "FP": 36, "FN": 35}, "test": {"ACC": 0.6746031746031746, "F1_Score": 0.6771653543307087, "Recall": 0.6825396825396826, "Precision": 0.671875, "Cohen_Kappa": 0.3492063492063492, "AUC": 0.7180650037792895, "TP": 86, "TN": 84, "FP": 42, "FN": 40}}, "GB": {"valid": {"ACC": 0.7171314741035857, "F1_Score": 0.7125506072874493, "Recall": 0.6984126984126984, "Precision": 0.7272727272727273, "Cohen_Kappa": 0.43434375495953026, "AUC": 0.792952380952381, "TP": 88, "TN": 92, "FP": 33, "FN": 38}, "test": {"ACC": 0.6785714285714286, "F1_Score": 0.674698795180723, "Recall": 0.6666666666666666, "Precision": 0.6829268292682927, "Cohen_Kappa": 0.3571428571428571, "AUC": 0.7387251196775007, "TP": 84, "TN": 87, "FP": 39, "FN": 42}}, "BAG": {"valid": {"ACC": 0.7290836653386454, "F1_Score": 0.7190082644628099, "Recall": 0.6904761904761905, "Precision": 0.75, "Cohen_Kappa": 0.4583306886702634, "AUC": 0.7949206349206349, "TP": 87, "TN": 96, "FP": 29, "FN": 39}, "test": {"ACC": 0.6666666666666666, "F1_Score": 0.6612903225806451, "Recall": 0.6507936507936508, "Precision": 0.6721311475409836, "Cohen_Kappa": 0.33333333333333337, "AUC": 0.7386621315192743, "TP": 82, "TN": 86, "FP": 40, "FN": 44}}, "QDA": {"valid": {"ACC": 0.5378486055776892, "F1_Score": 0.5572519083969466, "Recall": 0.5793650793650794, "Precision": 0.5367647058823529, "Cohen_Kappa": 0.07538901238488416, "AUC": 0.5376825396825398, "TP": 73, "TN": 62, "FP": 63, "FN": 53}, "test": {"ACC": 0.6111111111111112, "F1_Score": 0.6259541984732825, "Recall": 0.6507936507936508, "Precision": 0.6029411764705882, "Cohen_Kappa": 0.2222222222222222, "AUC": 0.611111111111111, "TP": 82, "TN": 72, "FP": 54, "FN": 44}}, "SVC": {"valid": {"ACC": 0.7450199203187251, "F1_Score": 0.7538461538461538, "Recall": 0.7777777777777778, "Precision": 0.7313432835820896, "Cohen_Kappa": 0.4899021973834625, "AUC": 0.8372698412698413, "TP": 98, "TN": 89, "FP": 36, "FN": 28}, "test": {"ACC": 0.7182539682539683, "F1_Score": 0.7237354085603113, "Recall": 0.7380952380952381, "Precision": 0.7099236641221374, "Cohen_Kappa": 0.4365079365079365, "AUC": 0.7976190476190476, "TP": 93, "TN": 88, "FP": 38, "FN": 33}}}