{"OVR": {"valid": {"ACC": 0.5102040816326531, "F1_Score": 0.5, "Recall": 0.5, "Precision": 0.5, "Cohen_Kappa": 0.019999999999999907, "AUC": 0.6591666666666667, "TP": 12, "TN": 13, "FP": 12, "FN": 12}, "test": {"ACC": 0.5918367346938775, "F1_Score": 0.6, "Recall": 0.6, "Precision": 0.6, "Cohen_Kappa": 0.18333333333333324, "AUC": 0.5733333333333334, "TP": 15, "TN": 14, "FP": 10, "FN": 10}}, "KNB": {"valid": {"ACC": 0.6530612244897959, "F1_Score": 0.6530612244897959, "Recall": 0.6666666666666666, "Precision": 0.64, "Cohen_Kappa": 0.30641132389675274, "AUC": 0.6733333333333333, "TP": 16, "TN": 16, "FP": 9, "FN": 8}, "test": {"ACC": 0.5918367346938775, "F1_Score": 0.6296296296296295, "Recall": 0.68, "Precision": 0.5862068965517241, "Cohen_Kappa": 0.1806020066889632, "AUC": 0.5658333333333334, "TP": 17, "TN": 12, "FP": 12, "FN": 8}}, "DT": {"valid": {"ACC": 0.6122448979591837, "F1_Score": 0.6415094339622641, "Recall": 0.7083333333333334, "Precision": 0.5862068965517241, "Cohen_Kappa": 0.22738589211618254, "AUC": 0.625, "TP": 17, "TN": 13, "FP": 12, "FN": 7}, "test": {"ACC": 0.42857142857142855, "F1_Score": 0.5, "Recall": 0.56, "Precision": 0.45161290322580644, "Cohen_Kappa": -0.14907872696817415, "AUC": 0.4166666666666667, "TP": 14, "TN": 7, "FP": 17, "FN": 11}}, "MNB": {"valid": {"ACC": 0.6122448979591837, "F1_Score": 0.6415094339622641, "Recall": 0.7083333333333334, "Precision": 0.5862068965517241, "Cohen_Kappa": 0.22738589211618254, "AUC": 0.6791666666666666, "TP": 17, "TN": 13, "FP": 12, "FN": 7}, "test": {"ACC": 0.5510204081632653, "F1_Score": 0.6333333333333332, "Recall": 0.76, "Precision": 0.5428571428571428, "Cohen_Kappa": 0.09411764705882353, "AUC": 0.5783333333333334, "TP": 19, "TN": 8, "FP": 16, "FN": 6}}, "RF": {"valid": {"ACC": 0.6326530612244898, "F1_Score": 0.6538461538461539, "Recall": 0.7083333333333334, "Precision": 0.6071428571428571, "Cohen_Kappa": 0.2674418604651163, "AUC": 0.7324999999999999, "TP": 17, "TN": 14, "FP": 11, "FN": 7}, "test": {"ACC": 0.5918367346938775, "F1_Score": 0.6551724137931034, "Recall": 0.76, "Precision": 0.5757575757575758, "Cohen_Kappa": 0.1778523489932885, "AUC": 0.5900000000000001, "TP": 19, "TN": 10, "FP": 14, "FN": 6}}, "ADA": {"valid": {"ACC": 0.5714285714285714, "F1_Score": 0.5714285714285714, "Recall": 0.5833333333333334, "Precision": 0.56, "Cohen_Kappa": 0.14321398834304755, "AUC": 0.6375000000000001, "TP": 14, "TN": 14, "FP": 11, "FN": 10}, "test": {"ACC": 0.5102040816326531, "F1_Score": 0.52, "Recall": 0.52, "Precision": 0.52, "Cohen_Kappa": 0.019999999999999907, "AUC": 0.5299999999999999, "TP": 13, "TN": 12, "FP": 12, "FN": 12}}, "XGB": {"valid": {"ACC": 0.5714285714285714, "F1_Score": 0.6037735849056604, "Recall": 0.6666666666666666, "Precision": 0.5517241379310345, "Cohen_Kappa": 0.1460580912863071, "AUC": 0.6375, "TP": 16, "TN": 12, "FP": 13, "FN": 8}, "test": {"ACC": 0.5918367346938775, "F1_Score": 0.6666666666666666, "Recall": 0.8, "Precision": 0.5714285714285714, "Cohen_Kappa": 0.17647058823529405, "AUC": 0.6000000000000001, "TP": 20, "TN": 9, "FP": 15, "FN": 5}}, "MLP": {"valid": {"ACC": 0.5714285714285714, "F1_Score": 0.5714285714285714, "Recall": 0.5833333333333334, "Precision": 0.56, "Cohen_Kappa": 0.14321398834304755, "AUC": 0.6391666666666667, "TP": 14, "TN": 14, "FP": 11, "FN": 10}, "test": {"ACC": 0.6122448979591837, "F1_Score": 0.6545454545454547, "Recall": 0.72, "Precision": 0.6, "Cohen_Kappa": 0.22092050209205027, "AUC": 0.6483333333333333, "TP": 18, "TN": 12, "FP": 12, "FN": 7}}, "LR": {"valid": {"ACC": 0.5102040816326531, "F1_Score": 0.5, "Recall": 0.5, "Precision": 0.5, "Cohen_Kappa": 0.019999999999999907, "AUC": 0.6591666666666667, "TP": 12, "TN": 13, "FP": 12, "FN": 12}, "test": {"ACC": 0.5918367346938775, "F1_Score": 0.6, "Recall": 0.6, "Precision": 0.6, "Cohen_Kappa": 0.18333333333333324, "AUC": 0.5733333333333334, "TP": 15, "TN": 14, "FP": 10, "FN": 10}}, "ETAs": {"valid": {"ACC": 0.6326530612244898, "F1_Score": 0.6666666666666665, "Recall": 0.75, "Precision": 0.6, "Cohen_Kappa": 0.26865671641791045, "AUC": 0.6941666666666667, "TP": 18, "TN": 13, "FP": 12, "FN": 6}, "test": {"ACC": 0.5918367346938775, "F1_Score": 0.6428571428571428, "Recall": 0.72, "Precision": 0.5806451612903226, "Cohen_Kappa": 0.1792294807370185, "AUC": 0.6416666666666667, "TP": 18, "TN": 11, "FP": 13, "FN": 7}}, "CNB": {"valid": {"ACC": 0.6122448979591837, "F1_Score": 0.6415094339622641, "Recall": 0.7083333333333334, "Precision": 0.5862068965517241, "Cohen_Kappa": 0.22738589211618254, "AUC": 0.6791666666666666, "TP": 17, "TN": 13, "FP": 12, "FN": 7}, "test": {"ACC": 0.5510204081632653, "F1_Score": 0.6333333333333332, "Recall": 0.76, "Precision": 0.5428571428571428, "Cohen_Kappa": 0.09411764705882353, "AUC": 0.5783333333333334, "TP": 19, "TN": 8, "FP": 16, "FN": 6}}, "GB": {"valid": {"ACC": 0.5714285714285714, "F1_Score": 0.5714285714285714, "Recall": 0.5833333333333334, "Precision": 0.56, "Cohen_Kappa": 0.14321398834304755, "AUC": 0.6575, "TP": 14, "TN": 14, "FP": 11, "FN": 10}, "test": {"ACC": 0.6326530612244898, "F1_Score": 0.6666666666666666, "Recall": 0.72, "Precision": 0.6206896551724138, "Cohen_Kappa": 0.2625418060200668, "AUC": 0.6466666666666666, "TP": 18, "TN": 13, "FP": 11, "FN": 7}}, "BAG": {"valid": {"ACC": 0.673469387755102, "F1_Score": 0.6521739130434783, "Recall": 0.625, "Precision": 0.6818181818181818, "Cohen_Kappa": 0.3455759599332221, "AUC": 0.7466666666666667, "TP": 15, "TN": 18, "FP": 7, "FN": 9}, "test": {"ACC": 0.5714285714285714, "F1_Score": 0.6440677966101696, "Recall": 0.76, "Precision": 0.5588235294117647, "Cohen_Kappa": 0.1360201511335013, "AUC": 0.6233333333333334, "TP": 19, "TN": 9, "FP": 15, "FN": 6}}, "QDA": {"valid": {"ACC": 0.4897959183673469, "F1_Score": 0.6575342465753424, "Recall": 1.0, "Precision": 0.4897959183673469, "Cohen_Kappa": 0.0, "AUC": 0.54, "TP": 24, "TN": 0, "FP": 25, "FN": 0}, "test": {"ACC": 0.5102040816326531, "F1_Score": 0.6756756756756758, "Recall": 1.0, "Precision": 0.5102040816326531, "Cohen_Kappa": 0.0, "AUC": 0.5416666666666667, "TP": 25, "TN": 0, "FP": 24, "FN": 0}}, "SVC": {"valid": {"ACC": 0.6122448979591837, "F1_Score": 0.627450980392157, "Recall": 0.6666666666666666, "Precision": 0.5925925925925926, "Cohen_Kappa": 0.22610141313383203, "AUC": 0.7275, "TP": 16, "TN": 14, "FP": 11, "FN": 8}, "test": {"ACC": 0.6122448979591837, "F1_Score": 0.6779661016949153, "Recall": 0.8, "Precision": 0.5882352941176471, "Cohen_Kappa": 0.21830394626364402, "AUC": 0.6116666666666667, "TP": 20, "TN": 10, "FP": 14, "FN": 5}}}