{"OVR": {"valid": {"ACC": 0.6938775510204082, "F1_Score": 0.6808510638297872, "Recall": 0.6666666666666666, "Precision": 0.6956521739130435, "Cohen_Kappa": 0.38698915763135944, "AUC": 0.7916666666666667, "TP": 16, "TN": 18, "FP": 7, "FN": 8}, "test": {"ACC": 0.6938775510204082, "F1_Score": 0.7272727272727272, "Recall": 0.8, "Precision": 0.6666666666666666, "Cohen_Kappa": 0.38493723849372385, "AUC": 0.6783333333333333, "TP": 20, "TN": 14, "FP": 10, "FN": 5}}, "KNB": {"valid": {"ACC": 0.5714285714285714, "F1_Score": 0.5531914893617021, "Recall": 0.5416666666666666, "Precision": 0.5652173913043478, "Cohen_Kappa": 0.1417848206839033, "AUC": 0.6525, "TP": 13, "TN": 15, "FP": 10, "FN": 11}, "test": {"ACC": 0.4897959183673469, "F1_Score": 0.46808510638297873, "Recall": 0.44, "Precision": 0.5, "Cohen_Kappa": -0.018287614297589405, "AUC": 0.5025, "TP": 11, "TN": 13, "FP": 11, "FN": 14}}, "DT": {"valid": {"ACC": 0.6938775510204082, "F1_Score": 0.6666666666666666, "Recall": 0.625, "Precision": 0.7142857142857143, "Cohen_Kappa": 0.38596491228070173, "AUC": 0.6925, "TP": 15, "TN": 19, "FP": 6, "FN": 9}, "test": {"ACC": 0.6122448979591837, "F1_Score": 0.5957446808510639, "Recall": 0.56, "Precision": 0.6363636363636364, "Cohen_Kappa": 0.22610141313383203, "AUC": 0.6133333333333335, "TP": 14, "TN": 16, "FP": 8, "FN": 11}}, "MNB": {"valid": {"ACC": 0.6938775510204082, "F1_Score": 0.7058823529411765, "Recall": 0.75, "Precision": 0.6666666666666666, "Cohen_Kappa": 0.38902743142144636, "AUC": 0.8116666666666666, "TP": 18, "TN": 16, "FP": 9, "FN": 6}, "test": {"ACC": 0.6326530612244898, "F1_Score": 0.7000000000000001, "Recall": 0.84, "Precision": 0.6, "Cohen_Kappa": 0.2588235294117647, "AUC": 0.6283333333333333, "TP": 21, "TN": 10, "FP": 14, "FN": 4}}, "RF": {"valid": {"ACC": 0.7551020408163265, "F1_Score": 0.75, "Recall": 0.75, "Precision": 0.75, "Cohen_Kappa": 0.51, "AUC": 0.8408333333333333, "TP": 18, "TN": 19, "FP": 6, "FN": 6}, "test": {"ACC": 0.6122448979591837, "F1_Score": 0.6415094339622641, "Recall": 0.68, "Precision": 0.6071428571428571, "Cohen_Kappa": 0.2222222222222222, "AUC": 0.6566666666666667, "TP": 17, "TN": 13, "FP": 11, "FN": 8}}, "ADA": {"valid": {"ACC": 0.7551020408163265, "F1_Score": 0.7391304347826088, "Recall": 0.7083333333333334, "Precision": 0.7727272727272727, "Cohen_Kappa": 0.5091819699499165, "AUC": 0.81, "TP": 17, "TN": 20, "FP": 5, "FN": 7}, "test": {"ACC": 0.5714285714285714, "F1_Score": 0.5714285714285714, "Recall": 0.56, "Precision": 0.5833333333333334, "Cohen_Kappa": 0.14321398834304755, "AUC": 0.5666666666666667, "TP": 14, "TN": 14, "FP": 10, "FN": 11}}, "XGB": {"valid": {"ACC": 0.6326530612244898, "F1_Score": 0.6086956521739131, "Recall": 0.5833333333333334, "Precision": 0.6363636363636364, "Cohen_Kappa": 0.26377295492487485, "AUC": 0.7516666666666667, "TP": 14, "TN": 17, "FP": 8, "FN": 10}, "test": {"ACC": 0.5918367346938775, "F1_Score": 0.6296296296296295, "Recall": 0.68, "Precision": 0.5862068965517241, "Cohen_Kappa": 0.1806020066889632, "AUC": 0.6566666666666666, "TP": 17, "TN": 12, "FP": 12, "FN": 8}}, "MLP": {"valid": {"ACC": 0.7551020408163265, "F1_Score": 0.76, "Recall": 0.7916666666666666, "Precision": 0.7307692307692307, "Cohen_Kappa": 0.5108153078202995, "AUC": 0.8183333333333334, "TP": 19, "TN": 18, "FP": 7, "FN": 5}, "test": {"ACC": 0.6122448979591837, "F1_Score": 0.6666666666666666, "Recall": 0.76, "Precision": 0.59375, "Cohen_Kappa": 0.21961441743503773, "AUC": 0.5966666666666667, "TP": 19, "TN": 11, "FP": 13, "FN": 6}}, "LR": {"valid": {"ACC": 0.6938775510204082, "F1_Score": 0.6808510638297872, "Recall": 0.6666666666666666, "Precision": 0.6956521739130435, "Cohen_Kappa": 0.38698915763135944, "AUC": 0.7916666666666667, "TP": 16, "TN": 18, "FP": 7, "FN": 8}, "test": {"ACC": 0.6938775510204082, "F1_Score": 0.7272727272727272, "Recall": 0.8, "Precision": 0.6666666666666666, "Cohen_Kappa": 0.38493723849372385, "AUC": 0.6783333333333333, "TP": 20, "TN": 14, "FP": 10, "FN": 5}}, "ETAs": {"valid": {"ACC": 0.673469387755102, "F1_Score": 0.68, "Recall": 0.7083333333333334, "Precision": 0.6538461538461539, "Cohen_Kappa": 0.34775374376039936, "AUC": 0.7733333333333334, "TP": 17, "TN": 16, "FP": 9, "FN": 7}, "test": {"ACC": 0.5918367346938775, "F1_Score": 0.6428571428571428, "Recall": 0.72, "Precision": 0.5806451612903226, "Cohen_Kappa": 0.1792294807370185, "AUC": 0.6666666666666666, "TP": 18, "TN": 11, "FP": 13, "FN": 7}}, "CNB": {"valid": {"ACC": 0.6938775510204082, "F1_Score": 0.7058823529411765, "Recall": 0.75, "Precision": 0.6666666666666666, "Cohen_Kappa": 0.38902743142144636, "AUC": 0.8116666666666666, "TP": 18, "TN": 16, "FP": 9, "FN": 6}, "test": {"ACC": 0.6326530612244898, "F1_Score": 0.7000000000000001, "Recall": 0.84, "Precision": 0.6, "Cohen_Kappa": 0.2588235294117647, "AUC": 0.6283333333333333, "TP": 21, "TN": 10, "FP": 14, "FN": 4}}, "GB": {"valid": {"ACC": 0.6938775510204082, "F1_Score": 0.6341463414634146, "Recall": 0.5416666666666666, "Precision": 0.7647058823529411, "Cohen_Kappa": 0.38390611902766136, "AUC": 0.8408333333333333, "TP": 13, "TN": 21, "FP": 4, "FN": 11}, "test": {"ACC": 0.5714285714285714, "F1_Score": 0.6181818181818183, "Recall": 0.68, "Precision": 0.5666666666666667, "Cohen_Kappa": 0.13891213389121337, "AUC": 0.5833333333333334, "TP": 17, "TN": 11, "FP": 13, "FN": 8}}, "BAG": {"valid": {"ACC": 0.6938775510204082, "F1_Score": 0.6666666666666666, "Recall": 0.625, "Precision": 0.7142857142857143, "Cohen_Kappa": 0.38596491228070173, "AUC": 0.7775, "TP": 15, "TN": 19, "FP": 6, "FN": 9}, "test": {"ACC": 0.6122448979591837, "F1_Score": 0.6415094339622641, "Recall": 0.68, "Precision": 0.6071428571428571, "Cohen_Kappa": 0.2222222222222222, "AUC": 0.6108333333333333, "TP": 17, "TN": 13, "FP": 11, "FN": 8}}, "QDA": {"valid": {"ACC": 0.46938775510204084, "F1_Score": 0.43478260869565216, "Recall": 0.4166666666666667, "Precision": 0.45454545454545453, "Cohen_Kappa": -0.06343906510851416, "AUC": 0.4683333333333334, "TP": 10, "TN": 13, "FP": 12, "FN": 14}, "test": {"ACC": 0.5918367346938775, "F1_Score": 0.6428571428571428, "Recall": 0.72, "Precision": 0.5806451612903226, "Cohen_Kappa": 0.1792294807370185, "AUC": 0.5891666666666666, "TP": 18, "TN": 11, "FP": 13, "FN": 7}}, "SVC": {"valid": {"ACC": 0.6938775510204082, "F1_Score": 0.6666666666666666, "Recall": 0.625, "Precision": 0.7142857142857143, "Cohen_Kappa": 0.38596491228070173, "AUC": 0.8083333333333333, "TP": 15, "TN": 19, "FP": 6, "FN": 9}, "test": {"ACC": 0.673469387755102, "F1_Score": 0.7142857142857142, "Recall": 0.8, "Precision": 0.6451612903225806, "Cohen_Kappa": 0.3433835845896148, "AUC": 0.6833333333333332, "TP": 20, "TN": 13, "FP": 11, "FN": 5}}}