{"OVR": {"valid": {"ACC": 0.7192982456140351, "F1_Score": 0.7142857142857142, "Recall": 0.7017543859649122, "Precision": 0.7272727272727273, "Cohen_Kappa": 0.4385964912280702, "AUC": 0.7436134195136965, "TP": 40, "TN": 42, "FP": 15, "FN": 17}, "test": {"ACC": 0.6666666666666666, "F1_Score": 0.6666666666666666, "Recall": 0.6666666666666666, "Precision": 0.6666666666666666, "Cohen_Kappa": 0.33333333333333337, "AUC": 0.6952908587257618, "TP": 38, "TN": 38, "FP": 19, "FN": 19}}, "KNB": {"valid": {"ACC": 0.5614035087719298, "F1_Score": 0.3421052631578948, "Recall": 0.22807017543859648, "Precision": 0.6842105263157895, "Cohen_Kappa": 0.1228070175438597, "AUC": 0.6948291782086795, "TP": 13, "TN": 51, "FP": 6, "FN": 44}, "test": {"ACC": 0.6228070175438597, "F1_Score": 0.44155844155844154, "Recall": 0.2982456140350877, "Precision": 0.85, "Cohen_Kappa": 0.24561403508771928, "AUC": 0.74222837796245, "TP": 17, "TN": 54, "FP": 3, "FN": 40}}, "DT": {"valid": {"ACC": 0.6403508771929824, "F1_Score": 0.6371681415929203, "Recall": 0.631578947368421, "Precision": 0.6428571428571429, "Cohen_Kappa": 0.2807017543859649, "AUC": 0.6403508771929824, "TP": 36, "TN": 37, "FP": 20, "FN": 21}, "test": {"ACC": 0.6228070175438597, "F1_Score": 0.6194690265486725, "Recall": 0.6140350877192983, "Precision": 0.625, "Cohen_Kappa": 0.24561403508771928, "AUC": 0.6228070175438597, "TP": 35, "TN": 36, "FP": 21, "FN": 22}}, "MNB": {"valid": {"ACC": 0.5964912280701754, "F1_Score": 0.5576923076923077, "Recall": 0.5087719298245614, "Precision": 0.6170212765957447, "Cohen_Kappa": 0.19298245614035092, "AUC": 0.6602031394275162, "TP": 29, "TN": 39, "FP": 18, "FN": 28}, "test": {"ACC": 0.6228070175438597, "F1_Score": 0.6260869565217391, "Recall": 0.631578947368421, "Precision": 0.6206896551724138, "Cohen_Kappa": 0.24561403508771928, "AUC": 0.6398891966759003, "TP": 36, "TN": 35, "FP": 22, "FN": 21}}, "RF": {"valid": {"ACC": 0.7280701754385965, "F1_Score": 0.7304347826086957, "Recall": 0.7368421052631579, "Precision": 0.7241379310344828, "Cohen_Kappa": 0.45614035087719296, "AUC": 0.806863650353955, "TP": 42, "TN": 41, "FP": 16, "FN": 15}, "test": {"ACC": 0.7192982456140351, "F1_Score": 0.7192982456140351, "Recall": 0.7192982456140351, "Precision": 0.7192982456140351, "Cohen_Kappa": 0.4385964912280702, "AUC": 0.7688519544475223, "TP": 41, "TN": 41, "FP": 16, "FN": 16}}, "ADA": {"valid": {"ACC": 0.6140350877192983, "F1_Score": 0.5849056603773586, "Recall": 0.543859649122807, "Precision": 0.6326530612244898, "Cohen_Kappa": 0.22807017543859653, "AUC": 0.6743613419513697, "TP": 31, "TN": 39, "FP": 18, "FN": 26}, "test": {"ACC": 0.6666666666666666, "F1_Score": 0.6607142857142858, "Recall": 0.6491228070175439, "Precision": 0.6727272727272727, "Cohen_Kappa": 0.33333333333333337, "AUC": 0.6658971991381964, "TP": 37, "TN": 39, "FP": 18, "FN": 20}}, "XGB": {"valid": {"ACC": 0.6929824561403509, "F1_Score": 0.6846846846846847, "Recall": 0.6666666666666666, "Precision": 0.7037037037037037, "Cohen_Kappa": 0.38596491228070173, "AUC": 0.7710064635272391, "TP": 38, "TN": 41, "FP": 16, "FN": 19}, "test": {"ACC": 0.6666666666666666, "F1_Score": 0.6666666666666666, "Recall": 0.6666666666666666, "Precision": 0.6666666666666666, "Cohen_Kappa": 0.33333333333333337, "AUC": 0.7519236688211758, "TP": 38, "TN": 38, "FP": 19, "FN": 19}}, "MLP": {"valid": {"ACC": 0.6929824561403509, "F1_Score": 0.6846846846846847, "Recall": 0.6666666666666666, "Precision": 0.7037037037037037, "Cohen_Kappa": 0.38596491228070173, "AUC": 0.7263773468759619, "TP": 38, "TN": 41, "FP": 16, "FN": 19}, "test": {"ACC": 0.631578947368421, "F1_Score": 0.625, "Recall": 0.6140350877192983, "Precision": 0.6363636363636364, "Cohen_Kappa": 0.26315789473684215, "AUC": 0.667590027700831, "TP": 35, "TN": 37, "FP": 20, "FN": 22}}, "LR": {"valid": {"ACC": 0.7192982456140351, "F1_Score": 0.7142857142857142, "Recall": 0.7017543859649122, "Precision": 0.7272727272727273, "Cohen_Kappa": 0.4385964912280702, "AUC": 0.7436134195136965, "TP": 40, "TN": 42, "FP": 15, "FN": 17}, "test": {"ACC": 0.6666666666666666, "F1_Score": 0.6666666666666666, "Recall": 0.6666666666666666, "Precision": 0.6666666666666666, "Cohen_Kappa": 0.33333333333333337, "AUC": 0.6952908587257618, "TP": 38, "TN": 38, "FP": 19, "FN": 19}}, "ETAs": {"valid": {"ACC": 0.7017543859649122, "F1_Score": 0.7017543859649122, "Recall": 0.7017543859649122, "Precision": 0.7017543859649122, "Cohen_Kappa": 0.4035087719298246, "AUC": 0.7851646660510926, "TP": 40, "TN": 40, "FP": 17, "FN": 17}, "test": {"ACC": 0.6754385964912281, "F1_Score": 0.6782608695652174, "Recall": 0.6842105263157895, "Precision": 0.6724137931034483, "Cohen_Kappa": 0.3508771929824561, "AUC": 0.7256078793474915, "TP": 39, "TN": 38, "FP": 19, "FN": 18}}, "CNB": {"valid": {"ACC": 0.5964912280701754, "F1_Score": 0.5576923076923077, "Recall": 0.5087719298245614, "Precision": 0.6170212765957447, "Cohen_Kappa": 0.19298245614035092, "AUC": 0.6602031394275162, "TP": 29, "TN": 39, "FP": 18, "FN": 28}, "test": {"ACC": 0.6228070175438597, "F1_Score": 0.6260869565217391, "Recall": 0.631578947368421, "Precision": 0.6206896551724138, "Cohen_Kappa": 0.24561403508771928, "AUC": 0.6398891966759003, "TP": 36, "TN": 35, "FP": 22, "FN": 21}}, "GB": {"valid": {"ACC": 0.6403508771929824, "F1_Score": 0.6306306306306307, "Recall": 0.6140350877192983, "Precision": 0.6481481481481481, "Cohen_Kappa": 0.2807017543859649, "AUC": 0.7429978454909203, "TP": 35, "TN": 38, "FP": 19, "FN": 22}, "test": {"ACC": 0.7017543859649122, "F1_Score": 0.6909090909090909, "Recall": 0.6666666666666666, "Precision": 0.7169811320754716, "Cohen_Kappa": 0.4035087719298246, "AUC": 0.7460757156048015, "TP": 38, "TN": 42, "FP": 15, "FN": 19}}, "BAG": {"valid": {"ACC": 0.7192982456140351, "F1_Score": 0.6923076923076923, "Recall": 0.631578947368421, "Precision": 0.7659574468085106, "Cohen_Kappa": 0.4385964912280702, "AUC": 0.7807017543859649, "TP": 36, "TN": 46, "FP": 11, "FN": 21}, "test": {"ACC": 0.6754385964912281, "F1_Score": 0.6476190476190476, "Recall": 0.5964912280701754, "Precision": 0.7083333333333334, "Cohen_Kappa": 0.3508771929824561, "AUC": 0.7536164973838104, "TP": 34, "TN": 43, "FP": 14, "FN": 23}}, "QDA": {"valid": {"ACC": 0.5, "F1_Score": 0.0, "Recall": 0.0, "Precision": 0.0, "Cohen_Kappa": 0.0, "AUC": 0.5, "TP": 0, "TN": 57, "FP": 0, "FN": 57}, "test": {"ACC": 0.5, "F1_Score": 0.0, "Recall": 0.0, "Precision": 0.0, "Cohen_Kappa": 0.0, "AUC": 0.5, "TP": 0, "TN": 57, "FP": 0, "FN": 57}}, "SVC": {"valid": {"ACC": 0.7105263157894737, "F1_Score": 0.6857142857142857, "Recall": 0.631578947368421, "Precision": 0.75, "Cohen_Kappa": 0.42105263157894735, "AUC": 0.7823945829485995, "TP": 36, "TN": 45, "FP": 12, "FN": 21}, "test": {"ACC": 0.7105263157894737, "F1_Score": 0.7027027027027027, "Recall": 0.6842105263157895, "Precision": 0.7222222222222222, "Cohen_Kappa": 0.42105263157894735, "AUC": 0.773160972606956, "TP": 39, "TN": 42, "FP": 15, "FN": 18}}}