{"OVR": {"valid": {"ACC": 0.6111111111111112, "F1_Score": 0.5333333333333333, "Recall": 0.4444444444444444, "Precision": 0.6666666666666666, "Cohen_Kappa": 0.2222222222222222, "AUC": 0.6639231824417009, "TP": 12, "TN": 21, "FP": 6, "FN": 15}, "test": {"ACC": 0.6111111111111112, "F1_Score": 0.6181818181818182, "Recall": 0.6296296296296297, "Precision": 0.6071428571428571, "Cohen_Kappa": 0.2222222222222222, "AUC": 0.6735253772290809, "TP": 17, "TN": 16, "FP": 11, "FN": 10}}, "KNB": {"valid": {"ACC": 0.5555555555555556, "F1_Score": 0.5555555555555556, "Recall": 0.5555555555555556, "Precision": 0.5555555555555556, "Cohen_Kappa": 0.11111111111111116, "AUC": 0.6536351165980796, "TP": 15, "TN": 15, "FP": 12, "FN": 12}, "test": {"ACC": 0.6481481481481481, "F1_Score": 0.6779661016949152, "Recall": 0.7407407407407407, "Precision": 0.625, "Cohen_Kappa": 0.2962962962962963, "AUC": 0.7153635116598078, "TP": 20, "TN": 15, "FP": 12, "FN": 7}}, "DT": {"valid": {"ACC": 0.6296296296296297, "F1_Score": 0.6153846153846153, "Recall": 0.5925925925925926, "Precision": 0.64, "Cohen_Kappa": 0.2592592592592593, "AUC": 0.6296296296296297, "TP": 16, "TN": 18, "FP": 9, "FN": 11}, "test": {"ACC": 0.7037037037037037, "F1_Score": 0.7037037037037037, "Recall": 0.7037037037037037, "Precision": 0.7037037037037037, "Cohen_Kappa": 0.40740740740740744, "AUC": 0.7037037037037037, "TP": 19, "TN": 19, "FP": 8, "FN": 8}}, "MNB": {"valid": {"ACC": 0.5555555555555556, "F1_Score": 0.5, "Recall": 0.4444444444444444, "Precision": 0.5714285714285714, "Cohen_Kappa": 0.11111111111111116, "AUC": 0.5898491083676269, "TP": 12, "TN": 18, "FP": 9, "FN": 15}, "test": {"ACC": 0.5370370370370371, "F1_Score": 0.5454545454545454, "Recall": 0.5555555555555556, "Precision": 0.5357142857142857, "Cohen_Kappa": 0.07407407407407407, "AUC": 0.588477366255144, "TP": 15, "TN": 14, "FP": 13, "FN": 12}}, "RF": {"valid": {"ACC": 0.6111111111111112, "F1_Score": 0.6037735849056604, "Recall": 0.5925925925925926, "Precision": 0.6153846153846154, "Cohen_Kappa": 0.2222222222222222, "AUC": 0.7187928669410151, "TP": 16, "TN": 17, "FP": 10, "FN": 11}, "test": {"ACC": 0.6296296296296297, "F1_Score": 0.6428571428571429, "Recall": 0.6666666666666666, "Precision": 0.6206896551724138, "Cohen_Kappa": 0.2592592592592593, "AUC": 0.7085048010973937, "TP": 18, "TN": 16, "FP": 11, "FN": 9}}, "ADA": {"valid": {"ACC": 0.5555555555555556, "F1_Score": 0.52, "Recall": 0.48148148148148145, "Precision": 0.5652173913043478, "Cohen_Kappa": 0.11111111111111116, "AUC": 0.6104252400548696, "TP": 13, "TN": 17, "FP": 10, "FN": 14}, "test": {"ACC": 0.5555555555555556, "F1_Score": 0.5555555555555556, "Recall": 0.5555555555555556, "Precision": 0.5555555555555556, "Cohen_Kappa": 0.11111111111111116, "AUC": 0.6063100137174211, "TP": 15, "TN": 15, "FP": 12, "FN": 12}}, "XGB": {"valid": {"ACC": 0.6851851851851852, "F1_Score": 0.6666666666666667, "Recall": 0.6296296296296297, "Precision": 0.7083333333333334, "Cohen_Kappa": 0.37037037037037035, "AUC": 0.7229080932784636, "TP": 17, "TN": 20, "FP": 7, "FN": 10}, "test": {"ACC": 0.7592592592592593, "F1_Score": 0.7636363636363638, "Recall": 0.7777777777777778, "Precision": 0.75, "Cohen_Kappa": 0.5185185185185186, "AUC": 0.8052126200274349, "TP": 21, "TN": 20, "FP": 7, "FN": 6}}, "MLP": {"valid": {"ACC": 0.5925925925925926, "F1_Score": 0.5416666666666666, "Recall": 0.48148148148148145, "Precision": 0.6190476190476191, "Cohen_Kappa": 0.18518518518518523, "AUC": 0.691358024691358, "TP": 13, "TN": 19, "FP": 8, "FN": 14}, "test": {"ACC": 0.6296296296296297, "F1_Score": 0.6428571428571429, "Recall": 0.6666666666666666, "Precision": 0.6206896551724138, "Cohen_Kappa": 0.2592592592592593, "AUC": 0.6611796982167353, "TP": 18, "TN": 16, "FP": 11, "FN": 9}}, "LR": {"valid": {"ACC": 0.6111111111111112, "F1_Score": 0.5333333333333333, "Recall": 0.4444444444444444, "Precision": 0.6666666666666666, "Cohen_Kappa": 0.2222222222222222, "AUC": 0.6639231824417009, "TP": 12, "TN": 21, "FP": 6, "FN": 15}, "test": {"ACC": 0.6111111111111112, "F1_Score": 0.6181818181818182, "Recall": 0.6296296296296297, "Precision": 0.6071428571428571, "Cohen_Kappa": 0.2222222222222222, "AUC": 0.6735253772290809, "TP": 17, "TN": 16, "FP": 11, "FN": 10}}, "ETAs": {"valid": {"ACC": 0.6666666666666666, "F1_Score": 0.6538461538461539, "Recall": 0.6296296296296297, "Precision": 0.68, "Cohen_Kappa": 0.33333333333333337, "AUC": 0.7187928669410152, "TP": 17, "TN": 19, "FP": 8, "FN": 10}, "test": {"ACC": 0.7037037037037037, "F1_Score": 0.7037037037037037, "Recall": 0.7037037037037037, "Precision": 0.7037037037037037, "Cohen_Kappa": 0.40740740740740744, "AUC": 0.7050754458161865, "TP": 19, "TN": 19, "FP": 8, "FN": 8}}, "CNB": {"valid": {"ACC": 0.5555555555555556, "F1_Score": 0.5, "Recall": 0.4444444444444444, "Precision": 0.5714285714285714, "Cohen_Kappa": 0.11111111111111116, "AUC": 0.5898491083676269, "TP": 12, "TN": 18, "FP": 9, "FN": 15}, "test": {"ACC": 0.5370370370370371, "F1_Score": 0.5454545454545454, "Recall": 0.5555555555555556, "Precision": 0.5357142857142857, "Cohen_Kappa": 0.07407407407407407, "AUC": 0.588477366255144, "TP": 15, "TN": 14, "FP": 13, "FN": 12}}, "GB": {"valid": {"ACC": 0.5740740740740741, "F1_Score": 0.5660377358490566, "Recall": 0.5555555555555556, "Precision": 0.5769230769230769, "Cohen_Kappa": 0.14814814814814814, "AUC": 0.6694101508916325, "TP": 15, "TN": 16, "FP": 11, "FN": 12}, "test": {"ACC": 0.6296296296296297, "F1_Score": 0.6428571428571429, "Recall": 0.6666666666666666, "Precision": 0.6206896551724138, "Cohen_Kappa": 0.2592592592592593, "AUC": 0.644718792866941, "TP": 18, "TN": 16, "FP": 11, "FN": 9}}, "BAG": {"valid": {"ACC": 0.6111111111111112, "F1_Score": 0.553191489361702, "Recall": 0.48148148148148145, "Precision": 0.65, "Cohen_Kappa": 0.2222222222222222, "AUC": 0.6179698216735254, "TP": 13, "TN": 20, "FP": 7, "FN": 14}, "test": {"ACC": 0.6111111111111112, "F1_Score": 0.6037735849056604, "Recall": 0.5925925925925926, "Precision": 0.6153846153846154, "Cohen_Kappa": 0.2222222222222222, "AUC": 0.7146776406035665, "TP": 16, "TN": 17, "FP": 10, "FN": 11}}, "QDA": {"valid": {"ACC": 0.5185185185185185, "F1_Score": 0.6486486486486487, "Recall": 0.8888888888888888, "Precision": 0.5106382978723404, "Cohen_Kappa": 0.03703703703703709, "AUC": 0.48559670781893005, "TP": 24, "TN": 4, "FP": 23, "FN": 3}, "test": {"ACC": 0.5, "F1_Score": 0.6197183098591549, "Recall": 0.8148148148148148, "Precision": 0.5, "Cohen_Kappa": 0.0, "AUC": 0.4773662551440329, "TP": 22, "TN": 5, "FP": 22, "FN": 5}}, "SVC": {"valid": {"ACC": 0.5925925925925926, "F1_Score": 0.576923076923077, "Recall": 0.5555555555555556, "Precision": 0.6, "Cohen_Kappa": 0.18518518518518523, "AUC": 0.6652949245541837, "TP": 15, "TN": 17, "FP": 10, "FN": 12}, "test": {"ACC": 0.6851851851851852, "F1_Score": 0.7017543859649122, "Recall": 0.7407407407407407, "Precision": 0.6666666666666666, "Cohen_Kappa": 0.37037037037037035, "AUC": 0.7517146776406035, "TP": 20, "TN": 17, "FP": 10, "FN": 7}}}