{"OVR": {"valid": {"ACC": 0.7241379310344828, "F1_Score": 0.7333333333333334, "Recall": 0.7638888888888888, "Precision": 0.7051282051282052, "Cohen_Kappa": 0.4485643658490207, "AUC": 0.7914764079147641, "TP": 55, "TN": 50, "FP": 23, "FN": 17}, "test": {"ACC": 0.7379310344827587, "F1_Score": 0.732394366197183, "Recall": 0.7123287671232876, "Precision": 0.7536231884057971, "Cohen_Kappa": 0.4760365157854698, "AUC": 0.7722602739726027, "TP": 52, "TN": 55, "FP": 17, "FN": 21}}, "KNB": {"valid": {"ACC": 0.7103448275862069, "F1_Score": 0.65, "Recall": 0.5416666666666666, "Precision": 0.8125, "Cohen_Kappa": 0.4193363844393593, "AUC": 0.7651255707762556, "TP": 39, "TN": 64, "FP": 9, "FN": 33}, "test": {"ACC": 0.6758620689655173, "F1_Score": 0.584070796460177, "Recall": 0.4520547945205479, "Precision": 0.825, "Cohen_Kappa": 0.3537221431958274, "AUC": 0.737347792998478, "TP": 33, "TN": 65, "FP": 7, "FN": 40}}, "DT": {"valid": {"ACC": 0.6689655172413793, "F1_Score": 0.6666666666666666, "Recall": 0.6666666666666666, "Precision": 0.6666666666666666, "Cohen_Kappa": 0.3378995433789954, "AUC": 0.6689497716894977, "TP": 48, "TN": 49, "FP": 24, "FN": 24}, "test": {"ACC": 0.5793103448275863, "F1_Score": 0.5734265734265733, "Recall": 0.5616438356164384, "Precision": 0.5857142857142857, "Cohen_Kappa": 0.15882073228720883, "AUC": 0.5794330289193304, "TP": 41, "TN": 43, "FP": 29, "FN": 32}}, "MNB": {"valid": {"ACC": 0.7172413793103448, "F1_Score": 0.7092198581560285, "Recall": 0.6944444444444444, "Precision": 0.7246376811594203, "Cohen_Kappa": 0.4342944143115425, "AUC": 0.7701674277016743, "TP": 50, "TN": 54, "FP": 19, "FN": 22}, "test": {"ACC": 0.7034482758620689, "F1_Score": 0.6814814814814814, "Recall": 0.6301369863013698, "Precision": 0.7419354838709677, "Cohen_Kappa": 0.40748835883303247, "AUC": 0.7625570776255707, "TP": 46, "TN": 56, "FP": 16, "FN": 27}}, "RF": {"valid": {"ACC": 0.7793103448275862, "F1_Score": 0.7922077922077924, "Recall": 0.8472222222222222, "Precision": 0.7439024390243902, "Cohen_Kappa": 0.5590191978711272, "AUC": 0.8457001522070015, "TP": 61, "TN": 52, "FP": 21, "FN": 11}, "test": {"ACC": 0.6896551724137931, "F1_Score": 0.6715328467153284, "Recall": 0.6301369863013698, "Precision": 0.71875, "Cohen_Kappa": 0.3798118049615056, "AUC": 0.7784436834094368, "TP": 46, "TN": 54, "FP": 18, "FN": 27}}, "ADA": {"valid": {"ACC": 0.6482758620689655, "F1_Score": 0.6577181208053691, "Recall": 0.6805555555555556, "Precision": 0.6363636363636364, "Cohen_Kappa": 0.29685271465246754, "AUC": 0.7139459665144596, "TP": 49, "TN": 45, "FP": 28, "FN": 23}, "test": {"ACC": 0.7103448275862069, "F1_Score": 0.6956521739130435, "Recall": 0.6575342465753424, "Precision": 0.7384615384615385, "Cohen_Kappa": 0.4211026615969582, "AUC": 0.7614155251141552, "TP": 48, "TN": 55, "FP": 17, "FN": 25}}, "XGB": {"valid": {"ACC": 0.696551724137931, "F1_Score": 0.7215189873417721, "Recall": 0.7916666666666666, "Precision": 0.6627906976744186, "Cohen_Kappa": 0.3938818164544937, "AUC": 0.7994672754946728, "TP": 57, "TN": 44, "FP": 29, "FN": 15}, "test": {"ACC": 0.6827586206896552, "F1_Score": 0.6714285714285715, "Recall": 0.6438356164383562, "Precision": 0.7014925373134329, "Cohen_Kappa": 0.3658490207263738, "AUC": 0.7855783866057838, "TP": 47, "TN": 52, "FP": 20, "FN": 26}}, "MLP": {"valid": {"ACC": 0.6896551724137931, "F1_Score": 0.7019867549668874, "Recall": 0.7361111111111112, "Precision": 0.6708860759493671, "Cohen_Kappa": 0.3796938872516399, "AUC": 0.7657914764079147, "TP": 53, "TN": 47, "FP": 26, "FN": 19}, "test": {"ACC": 0.7103448275862069, "F1_Score": 0.7083333333333335, "Recall": 0.6986301369863014, "Precision": 0.7183098591549296, "Cohen_Kappa": 0.42077230359520645, "AUC": 0.7741628614916285, "TP": 51, "TN": 52, "FP": 20, "FN": 22}}, "LR": {"valid": {"ACC": 0.7241379310344828, "F1_Score": 0.7333333333333334, "Recall": 0.7638888888888888, "Precision": 0.7051282051282052, "Cohen_Kappa": 0.4485643658490207, "AUC": 0.7914764079147641, "TP": 55, "TN": 50, "FP": 23, "FN": 17}, "test": {"ACC": 0.7379310344827587, "F1_Score": 0.732394366197183, "Recall": 0.7123287671232876, "Precision": 0.7536231884057971, "Cohen_Kappa": 0.4760365157854698, "AUC": 0.7722602739726027, "TP": 52, "TN": 55, "FP": 17, "FN": 21}}, "ETAs": {"valid": {"ACC": 0.7586206896551724, "F1_Score": 0.7682119205298013, "Recall": 0.8055555555555556, "Precision": 0.7341772151898734, "Cohen_Kappa": 0.5175396900846088, "AUC": 0.8402777777777778, "TP": 58, "TN": 52, "FP": 21, "FN": 14}, "test": {"ACC": 0.7241379310344828, "F1_Score": 0.7101449275362318, "Recall": 0.6712328767123288, "Precision": 0.7538461538461538, "Cohen_Kappa": 0.4486692015209125, "AUC": 0.7902397260273972, "TP": 49, "TN": 56, "FP": 16, "FN": 24}}, "CNB": {"valid": {"ACC": 0.7172413793103448, "F1_Score": 0.7092198581560285, "Recall": 0.6944444444444444, "Precision": 0.7246376811594203, "Cohen_Kappa": 0.4342944143115425, "AUC": 0.7701674277016743, "TP": 50, "TN": 54, "FP": 19, "FN": 22}, "test": {"ACC": 0.7034482758620689, "F1_Score": 0.6814814814814814, "Recall": 0.6301369863013698, "Precision": 0.7419354838709677, "Cohen_Kappa": 0.40748835883303247, "AUC": 0.7625570776255707, "TP": 46, "TN": 56, "FP": 16, "FN": 27}}, "GB": {"valid": {"ACC": 0.7379310344827587, "F1_Score": 0.7432432432432431, "Recall": 0.7638888888888888, "Precision": 0.7236842105263158, "Cohen_Kappa": 0.4760365157854698, "AUC": 0.8130707762557078, "TP": 55, "TN": 52, "FP": 21, "FN": 17}, "test": {"ACC": 0.7310344827586207, "F1_Score": 0.7234042553191489, "Recall": 0.6986301369863014, "Precision": 0.75, "Cohen_Kappa": 0.4622991347342399, "AUC": 0.7806316590563166, "TP": 51, "TN": 55, "FP": 17, "FN": 22}}, "BAG": {"valid": {"ACC": 0.6620689655172414, "F1_Score": 0.631578947368421, "Recall": 0.5833333333333334, "Precision": 0.6885245901639344, "Cohen_Kappa": 0.3233977716407961, "AUC": 0.7731164383561644, "TP": 42, "TN": 54, "FP": 19, "FN": 30}, "test": {"ACC": 0.6689655172413793, "F1_Score": 0.6307692307692307, "Recall": 0.5616438356164384, "Precision": 0.7192982456140351, "Cohen_Kappa": 0.33890577507598785, "AUC": 0.7484779299847794, "TP": 41, "TN": 56, "FP": 16, "FN": 32}}, "QDA": {"valid": {"ACC": 0.503448275862069, "F1_Score": 0.0, "Recall": 0.0, "Precision": 0.0, "Cohen_Kappa": 0.0, "AUC": 0.5, "TP": 0, "TN": 73, "FP": 0, "FN": 72}, "test": {"ACC": 0.496551724137931, "F1_Score": 0.0, "Recall": 0.0, "Precision": 0.0, "Cohen_Kappa": 0.0, "AUC": 0.5, "TP": 0, "TN": 72, "FP": 0, "FN": 73}}, "SVC": {"valid": {"ACC": 0.7586206896551724, "F1_Score": 0.7741935483870969, "Recall": 0.8333333333333334, "Precision": 0.7228915662650602, "Cohen_Kappa": 0.5177230827710729, "AUC": 0.8424657534246576, "TP": 60, "TN": 50, "FP": 23, "FN": 12}, "test": {"ACC": 0.7172413793103448, "F1_Score": 0.7050359712230216, "Recall": 0.6712328767123288, "Precision": 0.7424242424242424, "Cohen_Kappa": 0.4348322083848274, "AUC": 0.8158295281582953, "TP": 49, "TN": 55, "FP": 17, "FN": 24}}}