{"OVR": {"valid": {"ACC": 0.6666666666666666, "F1_Score": 0.6086956521739131, "Recall": 0.5185185185185185, "Precision": 0.7368421052631579, "Cohen_Kappa": 0.33333333333333337, "AUC": 0.729766803840878, "TP": 14, "TN": 22, "FP": 5, "FN": 13}, "test": {"ACC": 0.7222222222222222, "F1_Score": 0.6938775510204083, "Recall": 0.6296296296296297, "Precision": 0.7727272727272727, "Cohen_Kappa": 0.4444444444444444, "AUC": 0.7791495198902607, "TP": 17, "TN": 22, "FP": 5, "FN": 10}}, "KNB": {"valid": {"ACC": 0.7037037037037037, "F1_Score": 0.7037037037037037, "Recall": 0.7037037037037037, "Precision": 0.7037037037037037, "Cohen_Kappa": 0.40740740740740744, "AUC": 0.7640603566529494, "TP": 19, "TN": 19, "FP": 8, "FN": 8}, "test": {"ACC": 0.7777777777777778, "F1_Score": 0.75, "Recall": 0.6666666666666666, "Precision": 0.8571428571428571, "Cohen_Kappa": 0.5555555555555556, "AUC": 0.773662551440329, "TP": 18, "TN": 24, "FP": 3, "FN": 9}}, "DT": {"valid": {"ACC": 0.6481481481481481, "F1_Score": 0.6545454545454545, "Recall": 0.6666666666666666, "Precision": 0.6428571428571429, "Cohen_Kappa": 0.2962962962962963, "AUC": 0.6481481481481481, "TP": 18, "TN": 17, "FP": 10, "FN": 9}, "test": {"ACC": 0.6111111111111112, "F1_Score": 0.5714285714285714, "Recall": 0.5185185185185185, "Precision": 0.6363636363636364, "Cohen_Kappa": 0.2222222222222222, "AUC": 0.6111111111111112, "TP": 14, "TN": 19, "FP": 8, "FN": 13}}, "MNB": {"valid": {"ACC": 0.6111111111111112, "F1_Score": 0.553191489361702, "Recall": 0.48148148148148145, "Precision": 0.65, "Cohen_Kappa": 0.2222222222222222, "AUC": 0.6680384087791496, "TP": 13, "TN": 20, "FP": 7, "FN": 14}, "test": {"ACC": 0.7407407407407407, "F1_Score": 0.7083333333333334, "Recall": 0.6296296296296297, "Precision": 0.8095238095238095, "Cohen_Kappa": 0.4814814814814815, "AUC": 0.821673525377229, "TP": 17, "TN": 23, "FP": 4, "FN": 10}}, "RF": {"valid": {"ACC": 0.6666666666666666, "F1_Score": 0.5909090909090909, "Recall": 0.48148148148148145, "Precision": 0.7647058823529411, "Cohen_Kappa": 0.33333333333333337, "AUC": 0.8230452674897119, "TP": 13, "TN": 23, "FP": 4, "FN": 14}, "test": {"ACC": 0.7777777777777778, "F1_Score": 0.7391304347826088, "Recall": 0.6296296296296297, "Precision": 0.8947368421052632, "Cohen_Kappa": 0.5555555555555556, "AUC": 0.7770919067215363, "TP": 17, "TN": 25, "FP": 2, "FN": 10}}, "ADA": {"valid": {"ACC": 0.5925925925925926, "F1_Score": 0.576923076923077, "Recall": 0.5555555555555556, "Precision": 0.6, "Cohen_Kappa": 0.18518518518518523, "AUC": 0.659122085048011, "TP": 15, "TN": 17, "FP": 10, "FN": 12}, "test": {"ACC": 0.6666666666666666, "F1_Score": 0.6666666666666666, "Recall": 0.6666666666666666, "Precision": 0.6666666666666666, "Cohen_Kappa": 0.33333333333333337, "AUC": 0.7544581618655694, "TP": 18, "TN": 18, "FP": 9, "FN": 9}}, "XGB": {"valid": {"ACC": 0.7222222222222222, "F1_Score": 0.7058823529411765, "Recall": 0.6666666666666666, "Precision": 0.75, "Cohen_Kappa": 0.4444444444444444, "AUC": 0.766803840877915, "TP": 18, "TN": 21, "FP": 6, "FN": 9}, "test": {"ACC": 0.6666666666666666, "F1_Score": 0.6399999999999999, "Recall": 0.5925925925925926, "Precision": 0.6956521739130435, "Cohen_Kappa": 0.33333333333333337, "AUC": 0.6858710562414266, "TP": 16, "TN": 20, "FP": 7, "FN": 11}}, "MLP": {"valid": {"ACC": 0.6851851851851852, "F1_Score": 0.6530612244897959, "Recall": 0.5925925925925926, "Precision": 0.7272727272727273, "Cohen_Kappa": 0.37037037037037035, "AUC": 0.7119341563786009, "TP": 16, "TN": 21, "FP": 6, "FN": 11}, "test": {"ACC": 0.7222222222222222, "F1_Score": 0.6938775510204083, "Recall": 0.6296296296296297, "Precision": 0.7727272727272727, "Cohen_Kappa": 0.4444444444444444, "AUC": 0.7846364883401921, "TP": 17, "TN": 22, "FP": 5, "FN": 10}}, "LR": {"valid": {"ACC": 0.6666666666666666, "F1_Score": 0.6086956521739131, "Recall": 0.5185185185185185, "Precision": 0.7368421052631579, "Cohen_Kappa": 0.33333333333333337, "AUC": 0.729766803840878, "TP": 14, "TN": 22, "FP": 5, "FN": 13}, "test": {"ACC": 0.7222222222222222, "F1_Score": 0.6938775510204083, "Recall": 0.6296296296296297, "Precision": 0.7727272727272727, "Cohen_Kappa": 0.4444444444444444, "AUC": 0.7791495198902607, "TP": 17, "TN": 22, "FP": 5, "FN": 10}}, "ETAs": {"valid": {"ACC": 0.7037037037037037, "F1_Score": 0.6666666666666666, "Recall": 0.5925925925925926, "Precision": 0.7619047619047619, "Cohen_Kappa": 0.40740740740740744, "AUC": 0.7681755829903977, "TP": 16, "TN": 22, "FP": 5, "FN": 11}, "test": {"ACC": 0.7407407407407407, "F1_Score": 0.72, "Recall": 0.6666666666666666, "Precision": 0.782608695652174, "Cohen_Kappa": 0.4814814814814815, "AUC": 0.8079561042524006, "TP": 18, "TN": 22, "FP": 5, "FN": 9}}, "CNB": {"valid": {"ACC": 0.6111111111111112, "F1_Score": 0.553191489361702, "Recall": 0.48148148148148145, "Precision": 0.65, "Cohen_Kappa": 0.2222222222222222, "AUC": 0.6680384087791496, "TP": 13, "TN": 20, "FP": 7, "FN": 14}, "test": {"ACC": 0.7407407407407407, "F1_Score": 0.7083333333333334, "Recall": 0.6296296296296297, "Precision": 0.8095238095238095, "Cohen_Kappa": 0.4814814814814815, "AUC": 0.821673525377229, "TP": 17, "TN": 23, "FP": 4, "FN": 10}}, "GB": {"valid": {"ACC": 0.6851851851851852, "F1_Score": 0.6666666666666667, "Recall": 0.6296296296296297, "Precision": 0.7083333333333334, "Cohen_Kappa": 0.37037037037037035, "AUC": 0.720164609053498, "TP": 17, "TN": 20, "FP": 7, "FN": 10}, "test": {"ACC": 0.6296296296296297, "F1_Score": 0.6296296296296297, "Recall": 0.6296296296296297, "Precision": 0.6296296296296297, "Cohen_Kappa": 0.2592592592592593, "AUC": 0.7482853223593964, "TP": 17, "TN": 17, "FP": 10, "FN": 10}}, "BAG": {"valid": {"ACC": 0.7037037037037037, "F1_Score": 0.68, "Recall": 0.6296296296296297, "Precision": 0.7391304347826086, "Cohen_Kappa": 0.40740740740740744, "AUC": 0.7297668038408779, "TP": 17, "TN": 21, "FP": 6, "FN": 10}, "test": {"ACC": 0.6666666666666666, "F1_Score": 0.6399999999999999, "Recall": 0.5925925925925926, "Precision": 0.6956521739130435, "Cohen_Kappa": 0.33333333333333337, "AUC": 0.7297668038408779, "TP": 16, "TN": 20, "FP": 7, "FN": 11}}, "QDA": {"valid": {"ACC": 0.5, "F1_Score": 0.5846153846153846, "Recall": 0.7037037037037037, "Precision": 0.5, "Cohen_Kappa": 0.0, "AUC": 0.5, "TP": 19, "TN": 8, "FP": 19, "FN": 8}, "test": {"ACC": 0.46296296296296297, "F1_Score": 0.5084745762711864, "Recall": 0.5555555555555556, "Precision": 0.46875, "Cohen_Kappa": -0.07407407407407418, "AUC": 0.4629629629629629, "TP": 15, "TN": 10, "FP": 17, "FN": 12}}, "SVC": {"valid": {"ACC": 0.6481481481481481, "F1_Score": 0.6122448979591836, "Recall": 0.5555555555555556, "Precision": 0.6818181818181818, "Cohen_Kappa": 0.2962962962962963, "AUC": 0.7626886145404663, "TP": 15, "TN": 20, "FP": 7, "FN": 12}, "test": {"ACC": 0.7407407407407407, "F1_Score": 0.72, "Recall": 0.6666666666666666, "Precision": 0.782608695652174, "Cohen_Kappa": 0.4814814814814815, "AUC": 0.8079561042524005, "TP": 18, "TN": 22, "FP": 5, "FN": 9}}}