{"OVR": {"valid": {"ACC": 0.7021276595744681, "F1_Score": 0.65, "Recall": 0.5652173913043478, "Precision": 0.7647058823529411, "Cohen_Kappa": 0.40072859744990885, "AUC": 0.7789855072463768, "TP": 13, "TN": 20, "FP": 4, "FN": 10}, "test": {"ACC": 0.6170212765957447, "F1_Score": 0.625, "Recall": 0.625, "Precision": 0.625, "Cohen_Kappa": 0.23369565217391308, "AUC": 0.6884057971014493, "TP": 15, "TN": 14, "FP": 9, "FN": 9}}, "KNB": {"valid": {"ACC": 0.7659574468085106, "F1_Score": 0.717948717948718, "Recall": 0.6086956521739131, "Precision": 0.875, "Cohen_Kappa": 0.5287146763901549, "AUC": 0.7626811594202898, "TP": 14, "TN": 22, "FP": 2, "FN": 9}, "test": {"ACC": 0.5106382978723404, "F1_Score": 0.4390243902439025, "Recall": 0.375, "Precision": 0.5294117647058824, "Cohen_Kappa": 0.027002700270027047, "AUC": 0.568840579710145, "TP": 9, "TN": 15, "FP": 8, "FN": 15}}, "DT": {"valid": {"ACC": 0.6170212765957447, "F1_Score": 0.6086956521739131, "Recall": 0.6086956521739131, "Precision": 0.6086956521739131, "Cohen_Kappa": 0.23369565217391308, "AUC": 0.6168478260869565, "TP": 14, "TN": 15, "FP": 9, "FN": 9}, "test": {"ACC": 0.6382978723404256, "F1_Score": 0.6046511627906976, "Recall": 0.5416666666666666, "Precision": 0.6842105263157895, "Cohen_Kappa": 0.27953110910730383, "AUC": 0.6403985507246376, "TP": 13, "TN": 17, "FP": 6, "FN": 11}}, "MNB": {"valid": {"ACC": 0.6808510638297872, "F1_Score": 0.6666666666666666, "Recall": 0.6521739130434783, "Precision": 0.6818181818181818, "Cohen_Kappa": 0.3608340888485948, "AUC": 0.7717391304347826, "TP": 15, "TN": 17, "FP": 7, "FN": 8}, "test": {"ACC": 0.6595744680851063, "F1_Score": 0.6363636363636365, "Recall": 0.5833333333333334, "Precision": 0.7, "Cohen_Kappa": 0.3212996389891697, "AUC": 0.7101449275362318, "TP": 14, "TN": 17, "FP": 6, "FN": 10}}, "RF": {"valid": {"ACC": 0.723404255319149, "F1_Score": 0.6976744186046512, "Recall": 0.6521739130434783, "Precision": 0.75, "Cohen_Kappa": 0.44504995458673935, "AUC": 0.7889492753623187, "TP": 15, "TN": 19, "FP": 5, "FN": 8}, "test": {"ACC": 0.6595744680851063, "F1_Score": 0.6363636363636365, "Recall": 0.5833333333333334, "Precision": 0.7, "Cohen_Kappa": 0.3212996389891697, "AUC": 0.7463768115942029, "TP": 14, "TN": 17, "FP": 6, "FN": 10}}, "ADA": {"valid": {"ACC": 0.5319148936170213, "F1_Score": 0.5217391304347826, "Recall": 0.5217391304347826, "Precision": 0.5217391304347826, "Cohen_Kappa": 0.06340579710144933, "AUC": 0.5480072463768115, "TP": 12, "TN": 13, "FP": 11, "FN": 11}, "test": {"ACC": 0.5106382978723404, "F1_Score": 0.5106382978723404, "Recall": 0.5, "Precision": 0.5217391304347826, "Cohen_Kappa": 0.021719457013574694, "AUC": 0.49094202898550726, "TP": 12, "TN": 12, "FP": 11, "FN": 12}}, "XGB": {"valid": {"ACC": 0.7021276595744681, "F1_Score": 0.7083333333333334, "Recall": 0.7391304347826086, "Precision": 0.68, "Cohen_Kappa": 0.40506329113924044, "AUC": 0.7536231884057971, "TP": 17, "TN": 16, "FP": 8, "FN": 6}, "test": {"ACC": 0.5531914893617021, "F1_Score": 0.5333333333333333, "Recall": 0.5, "Precision": 0.5714285714285714, "Cohen_Kappa": 0.10840108401084003, "AUC": 0.6503623188405797, "TP": 12, "TN": 14, "FP": 9, "FN": 12}}, "MLP": {"valid": {"ACC": 0.7021276595744681, "F1_Score": 0.6666666666666666, "Recall": 0.6086956521739131, "Precision": 0.7368421052631579, "Cohen_Kappa": 0.40181818181818185, "AUC": 0.7590579710144927, "TP": 14, "TN": 19, "FP": 5, "FN": 9}, "test": {"ACC": 0.5957446808510638, "F1_Score": 0.5777777777777778, "Recall": 0.5416666666666666, "Precision": 0.6190476190476191, "Cohen_Kappa": 0.19331526648599817, "AUC": 0.6666666666666666, "TP": 13, "TN": 15, "FP": 8, "FN": 11}}, "LR": {"valid": {"ACC": 0.7021276595744681, "F1_Score": 0.65, "Recall": 0.5652173913043478, "Precision": 0.7647058823529411, "Cohen_Kappa": 0.40072859744990885, "AUC": 0.7789855072463768, "TP": 13, "TN": 20, "FP": 4, "FN": 10}, "test": {"ACC": 0.6170212765957447, "F1_Score": 0.625, "Recall": 0.625, "Precision": 0.625, "Cohen_Kappa": 0.23369565217391308, "AUC": 0.6884057971014493, "TP": 15, "TN": 14, "FP": 9, "FN": 9}}, "ETAs": {"valid": {"ACC": 0.723404255319149, "F1_Score": 0.711111111111111, "Recall": 0.6956521739130435, "Precision": 0.7272727272727273, "Cohen_Kappa": 0.44605621033544873, "AUC": 0.7463768115942029, "TP": 16, "TN": 18, "FP": 6, "FN": 7}, "test": {"ACC": 0.6595744680851063, "F1_Score": 0.6521739130434783, "Recall": 0.625, "Precision": 0.6818181818181818, "Cohen_Kappa": 0.32007233273056057, "AUC": 0.7880434782608695, "TP": 15, "TN": 16, "FP": 7, "FN": 9}}, "CNB": {"valid": {"ACC": 0.6808510638297872, "F1_Score": 0.6666666666666666, "Recall": 0.6521739130434783, "Precision": 0.6818181818181818, "Cohen_Kappa": 0.3608340888485948, "AUC": 0.7717391304347826, "TP": 15, "TN": 17, "FP": 7, "FN": 8}, "test": {"ACC": 0.6595744680851063, "F1_Score": 0.6363636363636365, "Recall": 0.5833333333333334, "Precision": 0.7, "Cohen_Kappa": 0.3212996389891697, "AUC": 0.7101449275362318, "TP": 14, "TN": 17, "FP": 6, "FN": 10}}, "GB": {"valid": {"ACC": 0.6595744680851063, "F1_Score": 0.6363636363636365, "Recall": 0.6086956521739131, "Precision": 0.6666666666666666, "Cohen_Kappa": 0.3176043557168784, "AUC": 0.7681159420289855, "TP": 14, "TN": 17, "FP": 7, "FN": 9}, "test": {"ACC": 0.6808510638297872, "F1_Score": 0.6511627906976745, "Recall": 0.5833333333333334, "Precision": 0.7368421052631579, "Cohen_Kappa": 0.3642921550946798, "AUC": 0.7681159420289855, "TP": 14, "TN": 18, "FP": 5, "FN": 10}}, "BAG": {"valid": {"ACC": 0.723404255319149, "F1_Score": 0.6829268292682927, "Recall": 0.6086956521739131, "Precision": 0.7777777777777778, "Cohen_Kappa": 0.4440400363967243, "AUC": 0.7192028985507247, "TP": 14, "TN": 20, "FP": 4, "FN": 9}, "test": {"ACC": 0.574468085106383, "F1_Score": 0.5652173913043478, "Recall": 0.5416666666666666, "Precision": 0.5909090909090909, "Cohen_Kappa": 0.15009041591320071, "AUC": 0.6313405797101449, "TP": 13, "TN": 14, "FP": 9, "FN": 11}}, "QDA": {"valid": {"ACC": 0.5106382978723404, "F1_Score": 0.0, "Recall": 0.0, "Precision": 0.0, "Cohen_Kappa": 0.0, "AUC": 0.5, "TP": 0, "TN": 24, "FP": 0, "FN": 23}, "test": {"ACC": 0.48936170212765956, "F1_Score": 0.0, "Recall": 0.0, "Precision": 0.0, "Cohen_Kappa": 0.0, "AUC": 0.5, "TP": 0, "TN": 23, "FP": 0, "FN": 24}}, "SVC": {"valid": {"ACC": 0.723404255319149, "F1_Score": 0.711111111111111, "Recall": 0.6956521739130435, "Precision": 0.7272727272727273, "Cohen_Kappa": 0.44605621033544873, "AUC": 0.8097826086956522, "TP": 16, "TN": 18, "FP": 6, "FN": 7}, "test": {"ACC": 0.6808510638297872, "F1_Score": 0.6808510638297872, "Recall": 0.6666666666666666, "Precision": 0.6956521739130435, "Cohen_Kappa": 0.3619909502262444, "AUC": 0.769927536231884, "TP": 16, "TN": 16, "FP": 7, "FN": 8}}}