{"OVR": {"valid": {"ACC": 0.7172619047619048, "F1_Score": 0.7181008902077152, "Recall": 0.7202380952380952, "Precision": 0.7159763313609467, "Cohen_Kappa": 0.43452380952380953, "AUC": 0.7737386621315193, "TP": 121, "TN": 120, "FP": 48, "FN": 47}, "test": {"ACC": 0.6468842729970327, "F1_Score": 0.6550724637681159, "Recall": 0.6686390532544378, "Precision": 0.6420454545454546, "Cohen_Kappa": 0.2936752558254223, "AUC": 0.6679698506621584, "TP": 113, "TN": 105, "FP": 63, "FN": 56}}, "KNB": {"valid": {"ACC": 0.6696428571428571, "F1_Score": 0.6407766990291263, "Recall": 0.5892857142857143, "Precision": 0.7021276595744681, "Cohen_Kappa": 0.3392857142857143, "AUC": 0.7340915532879819, "TP": 99, "TN": 126, "FP": 42, "FN": 69}, "test": {"ACC": 0.5964391691394659, "F1_Score": 0.5526315789473685, "Recall": 0.4970414201183432, "Precision": 0.6222222222222222, "Cohen_Kappa": 0.1933542187335, "AUC": 0.6352493660185968, "TP": 84, "TN": 117, "FP": 51, "FN": 85}}, "DT": {"valid": {"ACC": 0.6279761904761905, "F1_Score": 0.6334310850439883, "Recall": 0.6428571428571429, "Precision": 0.6242774566473989, "Cohen_Kappa": 0.25595238095238093, "AUC": 0.6279761904761906, "TP": 108, "TN": 103, "FP": 65, "FN": 60}, "test": {"ACC": 0.5637982195845698, "F1_Score": 0.5714285714285714, "Recall": 0.5798816568047337, "Precision": 0.5632183908045977, "Cohen_Kappa": 0.1275119322284648, "AUC": 0.5637503522118907, "TP": 98, "TN": 92, "FP": 76, "FN": 71}}, "MNB": {"valid": {"ACC": 0.6815476190476191, "F1_Score": 0.6843657817109144, "Recall": 0.6904761904761905, "Precision": 0.6783625730994152, "Cohen_Kappa": 0.36309523809523814, "AUC": 0.738484977324263, "TP": 116, "TN": 113, "FP": 55, "FN": 52}, "test": {"ACC": 0.6528189910979229, "F1_Score": 0.6685552407932012, "Recall": 0.6982248520710059, "Precision": 0.6413043478260869, "Cohen_Kappa": 0.3054483961316916, "AUC": 0.6819174415328262, "TP": 118, "TN": 102, "FP": 66, "FN": 51}}, "RF": {"valid": {"ACC": 0.75, "F1_Score": 0.7529411764705882, "Recall": 0.7619047619047619, "Precision": 0.7441860465116279, "Cohen_Kappa": 0.5, "AUC": 0.814236111111111, "TP": 128, "TN": 124, "FP": 44, "FN": 40}, "test": {"ACC": 0.685459940652819, "F1_Score": 0.7039106145251396, "Recall": 0.7455621301775148, "Precision": 0.6666666666666666, "Cohen_Kappa": 0.3706926925516173, "AUC": 0.7362285150746689, "TP": 126, "TN": 105, "FP": 63, "FN": 43}}, "ADA": {"valid": {"ACC": 0.6666666666666666, "F1_Score": 0.6410256410256411, "Recall": 0.5952380952380952, "Precision": 0.6944444444444444, "Cohen_Kappa": 0.33333333333333337, "AUC": 0.727217970521542, "TP": 100, "TN": 124, "FP": 44, "FN": 68}, "test": {"ACC": 0.599406528189911, "F1_Score": 0.5921450151057402, "Recall": 0.5798816568047337, "Precision": 0.6049382716049383, "Cohen_Kappa": 0.19890475603528723, "AUC": 0.6315863623555931, "TP": 98, "TN": 104, "FP": 64, "FN": 71}}, "XGB": {"valid": {"ACC": 0.7321428571428571, "F1_Score": 0.7383720930232558, "Recall": 0.7559523809523809, "Precision": 0.7215909090909091, "Cohen_Kappa": 0.4642857142857143, "AUC": 0.7988945578231293, "TP": 127, "TN": 119, "FP": 49, "FN": 41}, "test": {"ACC": 0.6528189910979229, "F1_Score": 0.6608695652173913, "Recall": 0.6745562130177515, "Precision": 0.6477272727272727, "Cohen_Kappa": 0.3055462599291967, "AUC": 0.6977669766131305, "TP": 114, "TN": 106, "FP": 62, "FN": 55}}, "MLP": {"valid": {"ACC": 0.7529761904761905, "F1_Score": 0.7537091988130563, "Recall": 0.7559523809523809, "Precision": 0.7514792899408284, "Cohen_Kappa": 0.5059523809523809, "AUC": 0.7854308390022675, "TP": 127, "TN": 126, "FP": 42, "FN": 41}, "test": {"ACC": 0.6498516320474778, "F1_Score": 0.6685393258426966, "Recall": 0.7041420118343196, "Precision": 0.6363636363636364, "Cohen_Kappa": 0.29947503787478424, "AUC": 0.6918145956607495, "TP": 119, "TN": 100, "FP": 68, "FN": 50}}, "LR": {"valid": {"ACC": 0.7172619047619048, "F1_Score": 0.7181008902077152, "Recall": 0.7202380952380952, "Precision": 0.7159763313609467, "Cohen_Kappa": 0.43452380952380953, "AUC": 0.7737386621315193, "TP": 121, "TN": 120, "FP": 48, "FN": 47}, "test": {"ACC": 0.6468842729970327, "F1_Score": 0.6550724637681159, "Recall": 0.6686390532544378, "Precision": 0.6420454545454546, "Cohen_Kappa": 0.2936752558254223, "AUC": 0.6679698506621584, "TP": 113, "TN": 105, "FP": 63, "FN": 56}}, "ETAs": {"valid": {"ACC": 0.7261904761904762, "F1_Score": 0.7245508982035929, "Recall": 0.7202380952380952, "Precision": 0.7289156626506024, "Cohen_Kappa": 0.45238095238095233, "AUC": 0.8274872448979591, "TP": 121, "TN": 123, "FP": 45, "FN": 47}, "test": {"ACC": 0.6676557863501483, "F1_Score": 0.68, "Recall": 0.7041420118343196, "Precision": 0.6574585635359116, "Cohen_Kappa": 0.33516522229267953, "AUC": 0.7462137221752606, "TP": 119, "TN": 106, "FP": 62, "FN": 50}}, "CNB": {"valid": {"ACC": 0.6815476190476191, "F1_Score": 0.6843657817109144, "Recall": 0.6904761904761905, "Precision": 0.6783625730994152, "Cohen_Kappa": 0.36309523809523814, "AUC": 0.738484977324263, "TP": 116, "TN": 113, "FP": 55, "FN": 52}, "test": {"ACC": 0.6528189910979229, "F1_Score": 0.6685552407932012, "Recall": 0.6982248520710059, "Precision": 0.6413043478260869, "Cohen_Kappa": 0.3054483961316916, "AUC": 0.6819174415328262, "TP": 118, "TN": 102, "FP": 66, "FN": 51}}, "GB": {"valid": {"ACC": 0.6994047619047619, "F1_Score": 0.6948640483383686, "Recall": 0.6845238095238095, "Precision": 0.7055214723926381, "Cohen_Kappa": 0.39880952380952384, "AUC": 0.7681051587301587, "TP": 115, "TN": 120, "FP": 48, "FN": 53}, "test": {"ACC": 0.6112759643916914, "F1_Score": 0.6180758017492712, "Recall": 0.6272189349112426, "Precision": 0.6091954022988506, "Cohen_Kappa": 0.22247661987706724, "AUC": 0.6663848971541277, "TP": 106, "TN": 100, "FP": 68, "FN": 63}}, "BAG": {"valid": {"ACC": 0.6577380952380952, "F1_Score": 0.6587537091988132, "Recall": 0.6607142857142857, "Precision": 0.6568047337278107, "Cohen_Kappa": 0.31547619047619047, "AUC": 0.7402565192743764, "TP": 111, "TN": 110, "FP": 58, "FN": 57}, "test": {"ACC": 0.6439169139465876, "F1_Score": 0.6407185628742516, "Recall": 0.6331360946745562, "Precision": 0.6484848484848484, "Cohen_Kappa": 0.28787772064520667, "AUC": 0.6965694561848409, "TP": 107, "TN": 110, "FP": 58, "FN": 62}}, "QDA": {"valid": {"ACC": 0.5744047619047619, "F1_Score": 0.5517241379310345, "Recall": 0.5238095238095238, "Precision": 0.5827814569536424, "Cohen_Kappa": 0.14880952380952384, "AUC": 0.5744047619047619, "TP": 88, "TN": 105, "FP": 63, "FN": 80}, "test": {"ACC": 0.5548961424332344, "F1_Score": 0.5098039215686274, "Recall": 0.46153846153846156, "Precision": 0.5693430656934306, "Cohen_Kappa": 0.11028583497606315, "AUC": 0.5551739926739927, "TP": 78, "TN": 109, "FP": 59, "FN": 91}}, "SVC": {"valid": {"ACC": 0.7321428571428571, "F1_Score": 0.7305389221556886, "Recall": 0.7261904761904762, "Precision": 0.7349397590361446, "Cohen_Kappa": 0.4642857142857143, "AUC": 0.8161139455782312, "TP": 122, "TN": 124, "FP": 44, "FN": 46}, "test": {"ACC": 0.6676557863501483, "F1_Score": 0.6781609195402298, "Recall": 0.6982248520710059, "Precision": 0.659217877094972, "Cohen_Kappa": 0.33518864268855464, "AUC": 0.7338334742180896, "TP": 118, "TN": 107, "FP": 61, "FN": 51}}}