{"OVR": {"valid": {"ACC": 0.6170212765957447, "F1_Score": 0.6538461538461539, "Recall": 0.7391304347826086, "Precision": 0.5862068965517241, "Cohen_Kappa": 0.23783783783783774, "AUC": 0.6992753623188406, "TP": 17, "TN": 12, "FP": 12, "FN": 6}, "test": {"ACC": 0.5957446808510638, "F1_Score": 0.627450980392157, "Recall": 0.6666666666666666, "Precision": 0.5925925925925926, "Cohen_Kappa": 0.18891916439600365, "AUC": 0.6576086956521738, "TP": 16, "TN": 12, "FP": 11, "FN": 8}}, "KNB": {"valid": {"ACC": 0.6808510638297872, "F1_Score": 0.6808510638297872, "Recall": 0.6956521739130435, "Precision": 0.6666666666666666, "Cohen_Kappa": 0.3619909502262444, "AUC": 0.7318840579710145, "TP": 16, "TN": 16, "FP": 8, "FN": 7}, "test": {"ACC": 0.6170212765957447, "F1_Score": 0.6538461538461539, "Recall": 0.7083333333333334, "Precision": 0.6071428571428571, "Cohen_Kappa": 0.23090909090909095, "AUC": 0.7355072463768116, "TP": 17, "TN": 12, "FP": 11, "FN": 7}}, "DT": {"valid": {"ACC": 0.7446808510638298, "F1_Score": 0.7499999999999999, "Recall": 0.782608695652174, "Precision": 0.72, "Cohen_Kappa": 0.49005424954792043, "AUC": 0.7327898550724636, "TP": 18, "TN": 17, "FP": 7, "FN": 5}, "test": {"ACC": 0.7659574468085106, "F1_Score": 0.7659574468085107, "Recall": 0.75, "Precision": 0.782608695652174, "Cohen_Kappa": 0.5321266968325792, "AUC": 0.7617753623188406, "TP": 18, "TN": 18, "FP": 5, "FN": 6}}, "MNB": {"valid": {"ACC": 0.7021276595744681, "F1_Score": 0.6666666666666666, "Recall": 0.6086956521739131, "Precision": 0.7368421052631579, "Cohen_Kappa": 0.40181818181818185, "AUC": 0.6811594202898551, "TP": 14, "TN": 19, "FP": 5, "FN": 9}, "test": {"ACC": 0.6808510638297872, "F1_Score": 0.6341463414634146, "Recall": 0.5416666666666666, "Precision": 0.7647058823529411, "Cohen_Kappa": 0.3654365436543655, "AUC": 0.7028985507246377, "TP": 13, "TN": 19, "FP": 4, "FN": 11}}, "RF": {"valid": {"ACC": 0.7446808510638298, "F1_Score": 0.76, "Recall": 0.8260869565217391, "Precision": 0.7037037037037037, "Cohen_Kappa": 0.49097472924187724, "AUC": 0.7844202898550724, "TP": 19, "TN": 16, "FP": 8, "FN": 4}, "test": {"ACC": 0.7446808510638298, "F1_Score": 0.76, "Recall": 0.7916666666666666, "Precision": 0.7307692307692307, "Cohen_Kappa": 0.4882032667876588, "AUC": 0.7916666666666667, "TP": 19, "TN": 16, "FP": 7, "FN": 5}}, "ADA": {"valid": {"ACC": 0.6595744680851063, "F1_Score": 0.68, "Recall": 0.7391304347826086, "Precision": 0.6296296296296297, "Cohen_Kappa": 0.3212996389891697, "AUC": 0.7056159420289855, "TP": 17, "TN": 14, "FP": 10, "FN": 6}, "test": {"ACC": 0.6170212765957447, "F1_Score": 0.64, "Recall": 0.6666666666666666, "Precision": 0.6153846153846154, "Cohen_Kappa": 0.2323049001814882, "AUC": 0.6956521739130435, "TP": 16, "TN": 13, "FP": 10, "FN": 8}}, "XGB": {"valid": {"ACC": 0.6382978723404256, "F1_Score": 0.6666666666666666, "Recall": 0.7391304347826086, "Precision": 0.6071428571428571, "Cohen_Kappa": 0.27953110910730383, "AUC": 0.7101449275362318, "TP": 17, "TN": 13, "FP": 11, "FN": 6}, "test": {"ACC": 0.6808510638297872, "F1_Score": 0.6938775510204083, "Recall": 0.7083333333333334, "Precision": 0.68, "Cohen_Kappa": 0.3608340888485948, "AUC": 0.7101449275362318, "TP": 17, "TN": 15, "FP": 8, "FN": 7}}, "MLP": {"valid": {"ACC": 0.6595744680851063, "F1_Score": 0.6923076923076923, "Recall": 0.782608695652174, "Precision": 0.6206896551724138, "Cohen_Kappa": 0.32252252252252245, "AUC": 0.7300724637681159, "TP": 18, "TN": 13, "FP": 11, "FN": 5}, "test": {"ACC": 0.6808510638297872, "F1_Score": 0.6938775510204083, "Recall": 0.7083333333333334, "Precision": 0.68, "Cohen_Kappa": 0.3608340888485948, "AUC": 0.7137681159420289, "TP": 17, "TN": 15, "FP": 8, "FN": 7}}, "LR": {"valid": {"ACC": 0.6170212765957447, "F1_Score": 0.6538461538461539, "Recall": 0.7391304347826086, "Precision": 0.5862068965517241, "Cohen_Kappa": 0.23783783783783774, "AUC": 0.6992753623188406, "TP": 17, "TN": 12, "FP": 12, "FN": 6}, "test": {"ACC": 0.5957446808510638, "F1_Score": 0.627450980392157, "Recall": 0.6666666666666666, "Precision": 0.5925925925925926, "Cohen_Kappa": 0.18891916439600365, "AUC": 0.6576086956521738, "TP": 16, "TN": 12, "FP": 11, "FN": 8}}, "ETAs": {"valid": {"ACC": 0.7021276595744681, "F1_Score": 0.72, "Recall": 0.782608695652174, "Precision": 0.6666666666666666, "Cohen_Kappa": 0.40613718411552346, "AUC": 0.7663043478260869, "TP": 18, "TN": 15, "FP": 9, "FN": 5}, "test": {"ACC": 0.7446808510638298, "F1_Score": 0.75, "Recall": 0.75, "Precision": 0.75, "Cohen_Kappa": 0.48913043478260865, "AUC": 0.7871376811594203, "TP": 18, "TN": 17, "FP": 6, "FN": 6}}, "CNB": {"valid": {"ACC": 0.7021276595744681, "F1_Score": 0.6666666666666666, "Recall": 0.6086956521739131, "Precision": 0.7368421052631579, "Cohen_Kappa": 0.40181818181818185, "AUC": 0.6811594202898551, "TP": 14, "TN": 19, "FP": 5, "FN": 9}, "test": {"ACC": 0.6808510638297872, "F1_Score": 0.6341463414634146, "Recall": 0.5416666666666666, "Precision": 0.7647058823529411, "Cohen_Kappa": 0.3654365436543655, "AUC": 0.7028985507246377, "TP": 13, "TN": 19, "FP": 4, "FN": 11}}, "GB": {"valid": {"ACC": 0.6808510638297872, "F1_Score": 0.693877551020408, "Recall": 0.7391304347826086, "Precision": 0.6538461538461539, "Cohen_Kappa": 0.36314363143631434, "AUC": 0.7753623188405797, "TP": 17, "TN": 15, "FP": 9, "FN": 6}, "test": {"ACC": 0.6595744680851063, "F1_Score": 0.68, "Recall": 0.7083333333333334, "Precision": 0.6538461538461539, "Cohen_Kappa": 0.3176043557168784, "AUC": 0.7137681159420289, "TP": 17, "TN": 14, "FP": 9, "FN": 7}}, "BAG": {"valid": {"ACC": 0.7446808510638298, "F1_Score": 0.7391304347826085, "Recall": 0.7391304347826086, "Precision": 0.7391304347826086, "Cohen_Kappa": 0.48913043478260865, "AUC": 0.7708333333333333, "TP": 17, "TN": 18, "FP": 6, "FN": 6}, "test": {"ACC": 0.7021276595744681, "F1_Score": 0.7199999999999999, "Recall": 0.75, "Precision": 0.6923076923076923, "Cohen_Kappa": 0.4029038112522686, "AUC": 0.730072463768116, "TP": 18, "TN": 15, "FP": 8, "FN": 6}}, "QDA": {"valid": {"ACC": 0.5106382978723404, "F1_Score": 0.08, "Recall": 0.043478260869565216, "Precision": 0.5, "Cohen_Kappa": 0.001846722068328699, "AUC": 0.5652173913043478, "TP": 1, "TN": 23, "FP": 1, "FN": 22}, "test": {"ACC": 0.5531914893617021, "F1_Score": 0.2222222222222222, "Recall": 0.125, "Precision": 1.0, "Cohen_Kappa": 0.1226666666666667, "AUC": 0.6304347826086957, "TP": 3, "TN": 23, "FP": 0, "FN": 21}}, "SVC": {"valid": {"ACC": 0.6595744680851063, "F1_Score": 0.68, "Recall": 0.7391304347826086, "Precision": 0.6296296296296297, "Cohen_Kappa": 0.3212996389891697, "AUC": 0.7427536231884057, "TP": 17, "TN": 14, "FP": 10, "FN": 6}, "test": {"ACC": 0.5957446808510638, "F1_Score": 0.627450980392157, "Recall": 0.6666666666666666, "Precision": 0.5925925925925926, "Cohen_Kappa": 0.18891916439600365, "AUC": 0.717391304347826, "TP": 16, "TN": 12, "FP": 11, "FN": 8}}}