{"OVR": {"valid": {"ACC": 0.7551020408163265, "F1_Score": 0.7391304347826088, "Recall": 0.7083333333333334, "Precision": 0.7727272727272727, "Cohen_Kappa": 0.5091819699499165, "AUC": 0.85, "TP": 17, "TN": 20, "FP": 5, "FN": 7}, "test": {"ACC": 0.6530612244897959, "F1_Score": 0.6909090909090909, "Recall": 0.76, "Precision": 0.6333333333333333, "Cohen_Kappa": 0.30292887029288706, "AUC": 0.7183333333333333, "TP": 19, "TN": 13, "FP": 11, "FN": 6}}, "KNB": {"valid": {"ACC": 0.6122448979591837, "F1_Score": 0.5365853658536585, "Recall": 0.4583333333333333, "Precision": 0.6470588235294118, "Cohen_Kappa": 0.21961441743503773, "AUC": 0.6975, "TP": 11, "TN": 19, "FP": 6, "FN": 13}, "test": {"ACC": 0.5306122448979592, "F1_Score": 0.34285714285714286, "Recall": 0.24, "Precision": 0.6, "Cohen_Kappa": 0.07242798353909452, "AUC": 0.6058333333333334, "TP": 6, "TN": 20, "FP": 4, "FN": 19}}, "DT": {"valid": {"ACC": 0.6938775510204082, "F1_Score": 0.6808510638297872, "Recall": 0.6666666666666666, "Precision": 0.6956521739130435, "Cohen_Kappa": 0.38698915763135944, "AUC": 0.6933333333333334, "TP": 16, "TN": 18, "FP": 7, "FN": 8}, "test": {"ACC": 0.5918367346938775, "F1_Score": 0.5652173913043478, "Recall": 0.52, "Precision": 0.6190476190476191, "Cohen_Kappa": 0.18604651162790697, "AUC": 0.5933333333333334, "TP": 13, "TN": 16, "FP": 8, "FN": 12}}, "MNB": {"valid": {"ACC": 0.7346938775510204, "F1_Score": 0.7636363636363636, "Recall": 0.875, "Precision": 0.6774193548387096, "Cohen_Kappa": 0.47224523612261804, "AUC": 0.8649999999999999, "TP": 21, "TN": 15, "FP": 10, "FN": 3}, "test": {"ACC": 0.5714285714285714, "F1_Score": 0.676923076923077, "Recall": 0.88, "Precision": 0.55, "Cohen_Kappa": 0.1316455696202532, "AUC": 0.6416666666666666, "TP": 22, "TN": 6, "FP": 18, "FN": 3}}, "RF": {"valid": {"ACC": 0.7142857142857143, "F1_Score": 0.6956521739130435, "Recall": 0.6666666666666666, "Precision": 0.7272727272727273, "Cohen_Kappa": 0.42737896494156935, "AUC": 0.8441666666666667, "TP": 16, "TN": 19, "FP": 6, "FN": 8}, "test": {"ACC": 0.673469387755102, "F1_Score": 0.6923076923076923, "Recall": 0.72, "Precision": 0.6666666666666666, "Cohen_Kappa": 0.3455759599332221, "AUC": 0.7, "TP": 18, "TN": 15, "FP": 9, "FN": 7}}, "ADA": {"valid": {"ACC": 0.6122448979591837, "F1_Score": 0.6122448979591836, "Recall": 0.625, "Precision": 0.6, "Cohen_Kappa": 0.2248126561199001, "AUC": 0.69, "TP": 15, "TN": 15, "FP": 10, "FN": 9}, "test": {"ACC": 0.6530612244897959, "F1_Score": 0.6666666666666666, "Recall": 0.68, "Precision": 0.6538461538461539, "Cohen_Kappa": 0.30525437864887406, "AUC": 0.6466666666666666, "TP": 17, "TN": 15, "FP": 9, "FN": 8}}, "XGB": {"valid": {"ACC": 0.7142857142857143, "F1_Score": 0.6818181818181818, "Recall": 0.625, "Precision": 0.75, "Cohen_Kappa": 0.4264214046822742, "AUC": 0.8066666666666666, "TP": 15, "TN": 20, "FP": 5, "FN": 9}, "test": {"ACC": 0.6530612244897959, "F1_Score": 0.6666666666666666, "Recall": 0.68, "Precision": 0.6538461538461539, "Cohen_Kappa": 0.30525437864887406, "AUC": 0.68, "TP": 17, "TN": 15, "FP": 9, "FN": 8}}, "MLP": {"valid": {"ACC": 0.6938775510204082, "F1_Score": 0.7058823529411765, "Recall": 0.75, "Precision": 0.6666666666666666, "Cohen_Kappa": 0.38902743142144636, "AUC": 0.8116666666666668, "TP": 18, "TN": 16, "FP": 9, "FN": 6}, "test": {"ACC": 0.6326530612244898, "F1_Score": 0.689655172413793, "Recall": 0.8, "Precision": 0.6060606060606061, "Cohen_Kappa": 0.26006711409395966, "AUC": 0.645, "TP": 20, "TN": 11, "FP": 13, "FN": 5}}, "LR": {"valid": {"ACC": 0.7551020408163265, "F1_Score": 0.7391304347826088, "Recall": 0.7083333333333334, "Precision": 0.7727272727272727, "Cohen_Kappa": 0.5091819699499165, "AUC": 0.85, "TP": 17, "TN": 20, "FP": 5, "FN": 7}, "test": {"ACC": 0.6530612244897959, "F1_Score": 0.6909090909090909, "Recall": 0.76, "Precision": 0.6333333333333333, "Cohen_Kappa": 0.30292887029288706, "AUC": 0.7183333333333333, "TP": 19, "TN": 13, "FP": 11, "FN": 6}}, "ETAs": {"valid": {"ACC": 0.6530612244897959, "F1_Score": 0.6382978723404256, "Recall": 0.625, "Precision": 0.6521739130434783, "Cohen_Kappa": 0.30525437864887406, "AUC": 0.8141666666666667, "TP": 15, "TN": 17, "FP": 8, "FN": 9}, "test": {"ACC": 0.6122448979591837, "F1_Score": 0.6666666666666666, "Recall": 0.76, "Precision": 0.59375, "Cohen_Kappa": 0.21961441743503773, "AUC": 0.6575, "TP": 19, "TN": 11, "FP": 13, "FN": 6}}, "CNB": {"valid": {"ACC": 0.7346938775510204, "F1_Score": 0.7636363636363636, "Recall": 0.875, "Precision": 0.6774193548387096, "Cohen_Kappa": 0.47224523612261804, "AUC": 0.8649999999999999, "TP": 21, "TN": 15, "FP": 10, "FN": 3}, "test": {"ACC": 0.5714285714285714, "F1_Score": 0.676923076923077, "Recall": 0.88, "Precision": 0.55, "Cohen_Kappa": 0.1316455696202532, "AUC": 0.6416666666666666, "TP": 22, "TN": 6, "FP": 18, "FN": 3}}, "GB": {"valid": {"ACC": 0.7755102040816326, "F1_Score": 0.7555555555555556, "Recall": 0.7083333333333334, "Precision": 0.8095238095238095, "Cohen_Kappa": 0.5497076023391813, "AUC": 0.8133333333333332, "TP": 17, "TN": 21, "FP": 4, "FN": 7}, "test": {"ACC": 0.5510204081632653, "F1_Score": 0.5925925925925927, "Recall": 0.64, "Precision": 0.5517241379310345, "Cohen_Kappa": 0.09866220735785947, "AUC": 0.615, "TP": 16, "TN": 11, "FP": 13, "FN": 9}}, "BAG": {"valid": {"ACC": 0.7755102040816326, "F1_Score": 0.7555555555555556, "Recall": 0.7083333333333334, "Precision": 0.8095238095238095, "Cohen_Kappa": 0.5497076023391813, "AUC": 0.8266666666666667, "TP": 17, "TN": 21, "FP": 4, "FN": 7}, "test": {"ACC": 0.5102040816326531, "F1_Score": 0.4999999999999999, "Recall": 0.48, "Precision": 0.5217391304347826, "Cohen_Kappa": 0.021630615640598982, "AUC": 0.5449999999999999, "TP": 12, "TN": 13, "FP": 11, "FN": 13}}, "QDA": {"valid": {"ACC": 0.5102040816326531, "F1_Score": 0.5555555555555556, "Recall": 0.625, "Precision": 0.5, "Cohen_Kappa": 0.02487562189054726, "AUC": 0.5125, "TP": 15, "TN": 10, "FP": 15, "FN": 9}, "test": {"ACC": 0.5102040816326531, "F1_Score": 0.6, "Recall": 0.72, "Precision": 0.5142857142857142, "Cohen_Kappa": 0.0117647058823529, "AUC": 0.5058333333333334, "TP": 18, "TN": 7, "FP": 17, "FN": 7}}, "SVC": {"valid": {"ACC": 0.7346938775510204, "F1_Score": 0.723404255319149, "Recall": 0.7083333333333334, "Precision": 0.7391304347826086, "Cohen_Kappa": 0.4687239366138448, "AUC": 0.8300000000000001, "TP": 17, "TN": 19, "FP": 6, "FN": 7}, "test": {"ACC": 0.673469387755102, "F1_Score": 0.6923076923076923, "Recall": 0.72, "Precision": 0.6666666666666666, "Cohen_Kappa": 0.3455759599332221, "AUC": 0.7133333333333334, "TP": 18, "TN": 15, "FP": 9, "FN": 7}}}