{"OVR": {"valid": {"ACC": 0.7290836653386454, "F1_Score": 0.7364341085271319, "Recall": 0.753968253968254, "Precision": 0.7196969696969697, "Cohen_Kappa": 0.4580555026354226, "AUC": 0.8189206349206348, "TP": 95, "TN": 88, "FP": 37, "FN": 31}, "test": {"ACC": 0.7222222222222222, "F1_Score": 0.7222222222222222, "Recall": 0.7222222222222222, "Precision": 0.7222222222222222, "Cohen_Kappa": 0.4444444444444444, "AUC": 0.8026581002771479, "TP": 91, "TN": 91, "FP": 35, "FN": 35}}, "KNB": {"valid": {"ACC": 0.6613545816733067, "F1_Score": 0.6009389671361502, "Recall": 0.5079365079365079, "Precision": 0.735632183908046, "Cohen_Kappa": 0.32353593963029903, "AUC": 0.7514920634920634, "TP": 64, "TN": 102, "FP": 23, "FN": 62}, "test": {"ACC": 0.6507936507936508, "F1_Score": 0.5643564356435644, "Recall": 0.4523809523809524, "Precision": 0.75, "Cohen_Kappa": 0.3015873015873016, "AUC": 0.7223481985386748, "TP": 57, "TN": 107, "FP": 19, "FN": 69}}, "DT": {"valid": {"ACC": 0.7171314741035857, "F1_Score": 0.7193675889328063, "Recall": 0.7222222222222222, "Precision": 0.7165354330708661, "Cohen_Kappa": 0.4342360074923014, "AUC": 0.7171111111111111, "TP": 91, "TN": 89, "FP": 36, "FN": 35}, "test": {"ACC": 0.6944444444444444, "F1_Score": 0.6956521739130436, "Recall": 0.6984126984126984, "Precision": 0.6929133858267716, "Cohen_Kappa": 0.38888888888888884, "AUC": 0.6944444444444444, "TP": 88, "TN": 87, "FP": 39, "FN": 38}}, "MNB": {"valid": {"ACC": 0.6892430278884463, "F1_Score": 0.7111111111111111, "Recall": 0.7619047619047619, "Precision": 0.6666666666666666, "Cohen_Kappa": 0.37812083095101956, "AUC": 0.7813968253968253, "TP": 96, "TN": 77, "FP": 48, "FN": 30}, "test": {"ACC": 0.6626984126984127, "F1_Score": 0.67680608365019, "Recall": 0.7063492063492064, "Precision": 0.6496350364963503, "Cohen_Kappa": 0.32539682539682535, "AUC": 0.7265684051398338, "TP": 89, "TN": 78, "FP": 48, "FN": 37}}, "RF": {"valid": {"ACC": 0.749003984063745, "F1_Score": 0.7529411764705882, "Recall": 0.7619047619047619, "Precision": 0.7441860465116279, "Cohen_Kappa": 0.4979521859224688, "AUC": 0.8406984126984126, "TP": 96, "TN": 92, "FP": 33, "FN": 30}, "test": {"ACC": 0.7261904761904762, "F1_Score": 0.7376425855513308, "Recall": 0.7698412698412699, "Precision": 0.708029197080292, "Cohen_Kappa": 0.45238095238095233, "AUC": 0.7882968002015621, "TP": 97, "TN": 86, "FP": 40, "FN": 29}}, "ADA": {"valid": {"ACC": 0.7091633466135459, "F1_Score": 0.7068273092369477, "Recall": 0.6984126984126984, "Precision": 0.7154471544715447, "Cohen_Kappa": 0.4183728533790433, "AUC": 0.7845079365079365, "TP": 88, "TN": 90, "FP": 35, "FN": 38}, "test": {"ACC": 0.6984126984126984, "F1_Score": 0.696, "Recall": 0.6904761904761905, "Precision": 0.7016129032258065, "Cohen_Kappa": 0.39682539682539686, "AUC": 0.7943436633912825, "TP": 87, "TN": 89, "FP": 37, "FN": 39}}, "XGB": {"valid": {"ACC": 0.7529880478087649, "F1_Score": 0.7596899224806201, "Recall": 0.7777777777777778, "Precision": 0.7424242424242424, "Cohen_Kappa": 0.5058741347558264, "AUC": 0.8286349206349205, "TP": 98, "TN": 91, "FP": 34, "FN": 28}, "test": {"ACC": 0.746031746031746, "F1_Score": 0.7557251908396946, "Recall": 0.7857142857142857, "Precision": 0.7279411764705882, "Cohen_Kappa": 0.4920634920634921, "AUC": 0.8088939279415469, "TP": 99, "TN": 89, "FP": 37, "FN": 27}}, "MLP": {"valid": {"ACC": 0.749003984063745, "F1_Score": 0.7567567567567567, "Recall": 0.7777777777777778, "Precision": 0.7368421052631579, "Cohen_Kappa": 0.4978884196488108, "AUC": 0.8286349206349207, "TP": 98, "TN": 90, "FP": 35, "FN": 28}, "test": {"ACC": 0.7380952380952381, "F1_Score": 0.736, "Recall": 0.7301587301587301, "Precision": 0.7419354838709677, "Cohen_Kappa": 0.47619047619047616, "AUC": 0.7922020660115899, "TP": 92, "TN": 94, "FP": 32, "FN": 34}}, "LR": {"valid": {"ACC": 0.7290836653386454, "F1_Score": 0.7364341085271319, "Recall": 0.753968253968254, "Precision": 0.7196969696969697, "Cohen_Kappa": 0.4580555026354226, "AUC": 0.8189206349206348, "TP": 95, "TN": 88, "FP": 37, "FN": 31}, "test": {"ACC": 0.7222222222222222, "F1_Score": 0.7222222222222222, "Recall": 0.7222222222222222, "Precision": 0.7222222222222222, "Cohen_Kappa": 0.4444444444444444, "AUC": 0.8026581002771479, "TP": 91, "TN": 91, "FP": 35, "FN": 35}}, "ETAs": {"valid": {"ACC": 0.7450199203187251, "F1_Score": 0.7398373983739837, "Recall": 0.7222222222222222, "Precision": 0.7583333333333333, "Cohen_Kappa": 0.4901288643432996, "AUC": 0.8272698412698414, "TP": 91, "TN": 96, "FP": 29, "FN": 35}, "test": {"ACC": 0.7142857142857143, "F1_Score": 0.712, "Recall": 0.7063492063492064, "Precision": 0.717741935483871, "Cohen_Kappa": 0.4285714285714286, "AUC": 0.7991937515747038, "TP": 89, "TN": 91, "FP": 35, "FN": 37}}, "CNB": {"valid": {"ACC": 0.6892430278884463, "F1_Score": 0.7111111111111111, "Recall": 0.7619047619047619, "Precision": 0.6666666666666666, "Cohen_Kappa": 0.37812083095101956, "AUC": 0.7813968253968253, "TP": 96, "TN": 77, "FP": 48, "FN": 30}, "test": {"ACC": 0.6626984126984127, "F1_Score": 0.67680608365019, "Recall": 0.7063492063492064, "Precision": 0.6496350364963503, "Cohen_Kappa": 0.32539682539682535, "AUC": 0.7265684051398338, "TP": 89, "TN": 78, "FP": 48, "FN": 37}}, "GB": {"valid": {"ACC": 0.7529880478087649, "F1_Score": 0.7615384615384615, "Recall": 0.7857142857142857, "Precision": 0.7388059701492538, "Cohen_Kappa": 0.5058427537152292, "AUC": 0.827936507936508, "TP": 99, "TN": 90, "FP": 35, "FN": 27}, "test": {"ACC": 0.746031746031746, "F1_Score": 0.75, "Recall": 0.7619047619047619, "Precision": 0.7384615384615385, "Cohen_Kappa": 0.4920634920634921, "AUC": 0.8039808515998992, "TP": 96, "TN": 92, "FP": 34, "FN": 30}}, "BAG": {"valid": {"ACC": 0.7410358565737052, "F1_Score": 0.7470817120622568, "Recall": 0.7619047619047619, "Precision": 0.732824427480916, "Cohen_Kappa": 0.4819812668677568, "AUC": 0.8013015873015873, "TP": 96, "TN": 90, "FP": 35, "FN": 30}, "test": {"ACC": 0.7142857142857143, "F1_Score": 0.7230769230769232, "Recall": 0.746031746031746, "Precision": 0.7014925373134329, "Cohen_Kappa": 0.4285714285714286, "AUC": 0.7614638447971782, "TP": 94, "TN": 86, "FP": 40, "FN": 32}}, "QDA": {"valid": {"ACC": 0.6254980079681275, "F1_Score": 0.6642857142857143, "Recall": 0.7380952380952381, "Precision": 0.6038961038961039, "Cohen_Kappa": 0.25031774275546514, "AUC": 0.6250476190476191, "TP": 93, "TN": 64, "FP": 61, "FN": 33}, "test": {"ACC": 0.5753968253968254, "F1_Score": 0.624561403508772, "Recall": 0.7063492063492064, "Precision": 0.559748427672956, "Cohen_Kappa": 0.1507936507936508, "AUC": 0.5753968253968255, "TP": 89, "TN": 56, "FP": 70, "FN": 37}}, "SVC": {"valid": {"ACC": 0.7370517928286853, "F1_Score": 0.75, "Recall": 0.7857142857142857, "Precision": 0.717391304347826, "Cohen_Kappa": 0.4738948170731707, "AUC": 0.8427301587301588, "TP": 99, "TN": 86, "FP": 39, "FN": 27}, "test": {"ACC": 0.746031746031746, "F1_Score": 0.75, "Recall": 0.7619047619047619, "Precision": 0.7384615384615385, "Cohen_Kappa": 0.4920634920634921, "AUC": 0.8111615016376922, "TP": 96, "TN": 92, "FP": 34, "FN": 30}}}