{"OVR": {"valid": {"ACC": 0.6081081081081081, "F1_Score": 0.5735294117647058, "Recall": 0.527027027027027, "Precision": 0.6290322580645161, "Cohen_Kappa": 0.21621621621621623, "AUC": 0.6623447772096421, "TP": 39, "TN": 51, "FP": 23, "FN": 35}, "test": {"ACC": 0.6040268456375839, "F1_Score": 0.6040268456375839, "Recall": 0.6, "Precision": 0.6081081081081081, "Cohen_Kappa": 0.20808936131880007, "AUC": 0.6504504504504504, "TP": 45, "TN": 45, "FP": 29, "FN": 30}}, "KNB": {"valid": {"ACC": 0.6216216216216216, "F1_Score": 0.611111111111111, "Recall": 0.5945945945945946, "Precision": 0.6285714285714286, "Cohen_Kappa": 0.2432432432432432, "AUC": 0.6512052593133675, "TP": 44, "TN": 48, "FP": 26, "FN": 30}, "test": {"ACC": 0.5637583892617449, "F1_Score": 0.5578231292517006, "Recall": 0.5466666666666666, "Precision": 0.5694444444444444, "Cohen_Kappa": 0.12771323065838058, "AUC": 0.5877477477477477, "TP": 41, "TN": 43, "FP": 31, "FN": 34}}, "DT": {"valid": {"ACC": 0.5743243243243243, "F1_Score": 0.5714285714285713, "Recall": 0.5675675675675675, "Precision": 0.5753424657534246, "Cohen_Kappa": 0.14864864864864868, "AUC": 0.5743243243243243, "TP": 42, "TN": 43, "FP": 31, "FN": 32}, "test": {"ACC": 0.5234899328859061, "F1_Score": 0.5034965034965035, "Recall": 0.48, "Precision": 0.5294117647058824, "Cohen_Kappa": 0.047537588907895834, "AUC": 0.5237837837837838, "TP": 36, "TN": 42, "FP": 32, "FN": 39}}, "MNB": {"valid": {"ACC": 0.6891891891891891, "F1_Score": 0.6891891891891891, "Recall": 0.6891891891891891, "Precision": 0.6891891891891891, "Cohen_Kappa": 0.3783783783783784, "AUC": 0.6886413440467495, "TP": 51, "TN": 51, "FP": 23, "FN": 23}, "test": {"ACC": 0.6040268456375839, "F1_Score": 0.609271523178808, "Recall": 0.6133333333333333, "Precision": 0.6052631578947368, "Cohen_Kappa": 0.20794666186142896, "AUC": 0.620900900900901, "TP": 46, "TN": 44, "FP": 30, "FN": 29}}, "RF": {"valid": {"ACC": 0.6486486486486487, "F1_Score": 0.6176470588235294, "Recall": 0.5675675675675675, "Precision": 0.6774193548387096, "Cohen_Kappa": 0.29729729729729726, "AUC": 0.7091855368882396, "TP": 42, "TN": 54, "FP": 20, "FN": 32}, "test": {"ACC": 0.6308724832214765, "F1_Score": 0.6258503401360543, "Recall": 0.6133333333333333, "Precision": 0.6388888888888888, "Cohen_Kappa": 0.26191119517247585, "AUC": 0.6586486486486487, "TP": 46, "TN": 48, "FP": 26, "FN": 29}}, "ADA": {"valid": {"ACC": 0.5675675675675675, "F1_Score": 0.5151515151515151, "Recall": 0.4594594594594595, "Precision": 0.5862068965517241, "Cohen_Kappa": 0.1351351351351351, "AUC": 0.5848246895544194, "TP": 34, "TN": 50, "FP": 24, "FN": 40}, "test": {"ACC": 0.5838926174496645, "F1_Score": 0.5633802816901409, "Recall": 0.5333333333333333, "Precision": 0.5970149253731343, "Cohen_Kappa": 0.16834713719841554, "AUC": 0.5545945945945946, "TP": 40, "TN": 47, "FP": 27, "FN": 35}}, "XGB": {"valid": {"ACC": 0.6081081081081081, "F1_Score": 0.5538461538461539, "Recall": 0.4864864864864865, "Precision": 0.6428571428571429, "Cohen_Kappa": 0.21621621621621623, "AUC": 0.668736303871439, "TP": 36, "TN": 54, "FP": 20, "FN": 38}, "test": {"ACC": 0.5973154362416108, "F1_Score": 0.6, "Recall": 0.6, "Precision": 0.6, "Cohen_Kappa": 0.1945945945945946, "AUC": 0.6100900900900901, "TP": 45, "TN": 44, "FP": 30, "FN": 30}}, "MLP": {"valid": {"ACC": 0.6486486486486487, "F1_Score": 0.6176470588235294, "Recall": 0.5675675675675675, "Precision": 0.6774193548387096, "Cohen_Kappa": 0.29729729729729726, "AUC": 0.6745799853907961, "TP": 42, "TN": 54, "FP": 20, "FN": 32}, "test": {"ACC": 0.5906040268456376, "F1_Score": 0.5906040268456377, "Recall": 0.5866666666666667, "Precision": 0.5945945945945946, "Cohen_Kappa": 0.18124493288892884, "AUC": 0.641981981981982, "TP": 44, "TN": 44, "FP": 30, "FN": 31}}, "LR": {"valid": {"ACC": 0.6081081081081081, "F1_Score": 0.5735294117647058, "Recall": 0.527027027027027, "Precision": 0.6290322580645161, "Cohen_Kappa": 0.21621621621621623, "AUC": 0.6623447772096421, "TP": 39, "TN": 51, "FP": 23, "FN": 35}, "test": {"ACC": 0.6040268456375839, "F1_Score": 0.6040268456375839, "Recall": 0.6, "Precision": 0.6081081081081081, "Cohen_Kappa": 0.20808936131880007, "AUC": 0.6504504504504504, "TP": 45, "TN": 45, "FP": 29, "FN": 30}}, "ETAs": {"valid": {"ACC": 0.6351351351351351, "F1_Score": 0.5970149253731343, "Recall": 0.5405405405405406, "Precision": 0.6666666666666666, "Cohen_Kappa": 0.2702702702702703, "AUC": 0.6849890430971513, "TP": 40, "TN": 54, "FP": 20, "FN": 34}, "test": {"ACC": 0.6442953020134228, "F1_Score": 0.6394557823129251, "Recall": 0.6266666666666667, "Precision": 0.6527777777777778, "Cohen_Kappa": 0.288750788075295, "AUC": 0.6700900900900901, "TP": 47, "TN": 49, "FP": 25, "FN": 28}}, "CNB": {"valid": {"ACC": 0.6891891891891891, "F1_Score": 0.6891891891891891, "Recall": 0.6891891891891891, "Precision": 0.6891891891891891, "Cohen_Kappa": 0.3783783783783784, "AUC": 0.6886413440467495, "TP": 51, "TN": 51, "FP": 23, "FN": 23}, "test": {"ACC": 0.6040268456375839, "F1_Score": 0.609271523178808, "Recall": 0.6133333333333333, "Precision": 0.6052631578947368, "Cohen_Kappa": 0.20794666186142896, "AUC": 0.620900900900901, "TP": 46, "TN": 44, "FP": 30, "FN": 29}}, "GB": {"valid": {"ACC": 0.6216216216216216, "F1_Score": 0.5692307692307693, "Recall": 0.5, "Precision": 0.6607142857142857, "Cohen_Kappa": 0.2432432432432432, "AUC": 0.6557706355003652, "TP": 37, "TN": 55, "FP": 19, "FN": 37}, "test": {"ACC": 0.6308724832214765, "F1_Score": 0.6451612903225806, "Recall": 0.6666666666666666, "Precision": 0.625, "Cohen_Kappa": 0.2613789995493466, "AUC": 0.6187387387387387, "TP": 50, "TN": 44, "FP": 30, "FN": 25}}, "BAG": {"valid": {"ACC": 0.5743243243243243, "F1_Score": 0.49599999999999994, "Recall": 0.4189189189189189, "Precision": 0.6078431372549019, "Cohen_Kappa": 0.14864864864864868, "AUC": 0.6366873630387143, "TP": 31, "TN": 54, "FP": 20, "FN": 43}, "test": {"ACC": 0.5973154362416108, "F1_Score": 0.6052631578947367, "Recall": 0.6133333333333333, "Precision": 0.5974025974025974, "Cohen_Kappa": 0.1944494503514147, "AUC": 0.6492792792792794, "TP": 46, "TN": 43, "FP": 31, "FN": 29}}, "QDA": {"valid": {"ACC": 0.5, "F1_Score": 0.0, "Recall": 0.0, "Precision": 0.0, "Cohen_Kappa": 0.0, "AUC": 0.5, "TP": 0, "TN": 74, "FP": 0, "FN": 74}, "test": {"ACC": 0.4966442953020134, "F1_Score": 0.0, "Recall": 0.0, "Precision": 0.0, "Cohen_Kappa": 0.0, "AUC": 0.5, "TP": 0, "TN": 74, "FP": 0, "FN": 75}}, "SVC": {"valid": {"ACC": 0.6418918918918919, "F1_Score": 0.5954198473282442, "Recall": 0.527027027027027, "Precision": 0.6842105263157895, "Cohen_Kappa": 0.28378378378378377, "AUC": 0.6882761139517896, "TP": 39, "TN": 56, "FP": 18, "FN": 35}, "test": {"ACC": 0.6040268456375839, "F1_Score": 0.5874125874125875, "Recall": 0.56, "Precision": 0.6176470588235294, "Cohen_Kappa": 0.20851715134599802, "AUC": 0.6688288288288288, "TP": 42, "TN": 48, "FP": 26, "FN": 33}}}