{"OVR": {"valid": {"ACC": 0.7017543859649122, "F1_Score": 0.6964285714285715, "Recall": 0.6842105263157895, "Precision": 0.7090909090909091, "Cohen_Kappa": 0.4035087719298246, "AUC": 0.7506925207756233, "TP": 39, "TN": 41, "FP": 16, "FN": 18}, "test": {"ACC": 0.6140350877192983, "F1_Score": 0.607142857142857, "Recall": 0.5964912280701754, "Precision": 0.6181818181818182, "Cohen_Kappa": 0.22807017543859653, "AUC": 0.698522622345337, "TP": 34, "TN": 36, "FP": 21, "FN": 23}}, "KNB": {"valid": {"ACC": 0.6403508771929824, "F1_Score": 0.5494505494505495, "Recall": 0.43859649122807015, "Precision": 0.7352941176470589, "Cohen_Kappa": 0.2807017543859649, "AUC": 0.7413050169282855, "TP": 25, "TN": 48, "FP": 9, "FN": 32}, "test": {"ACC": 0.6491228070175439, "F1_Score": 0.5918367346938775, "Recall": 0.5087719298245614, "Precision": 0.7073170731707317, "Cohen_Kappa": 0.29824561403508776, "AUC": 0.7179132040627886, "TP": 29, "TN": 45, "FP": 12, "FN": 28}}, "DT": {"valid": {"ACC": 0.6491228070175439, "F1_Score": 0.6551724137931034, "Recall": 0.6666666666666666, "Precision": 0.6440677966101694, "Cohen_Kappa": 0.29824561403508776, "AUC": 0.6602031394275161, "TP": 38, "TN": 36, "FP": 21, "FN": 19}, "test": {"ACC": 0.5877192982456141, "F1_Score": 0.5982905982905983, "Recall": 0.6140350877192983, "Precision": 0.5833333333333334, "Cohen_Kappa": 0.17543859649122806, "AUC": 0.592643890427824, "TP": 35, "TN": 32, "FP": 25, "FN": 22}}, "MNB": {"valid": {"ACC": 0.5701754385964912, "F1_Score": 0.6141732283464566, "Recall": 0.6842105263157895, "Precision": 0.5571428571428572, "Cohen_Kappa": 0.14035087719298245, "AUC": 0.6657433056325024, "TP": 39, "TN": 26, "FP": 31, "FN": 18}, "test": {"ACC": 0.631578947368421, "F1_Score": 0.6666666666666666, "Recall": 0.7368421052631579, "Precision": 0.6086956521739131, "Cohen_Kappa": 0.26315789473684215, "AUC": 0.6985226223453371, "TP": 42, "TN": 30, "FP": 27, "FN": 15}}, "RF": {"valid": {"ACC": 0.7543859649122807, "F1_Score": 0.7543859649122807, "Recall": 0.7543859649122807, "Precision": 0.7543859649122807, "Cohen_Kappa": 0.5087719298245614, "AUC": 0.8094798399507541, "TP": 43, "TN": 43, "FP": 14, "FN": 14}, "test": {"ACC": 0.6929824561403509, "F1_Score": 0.6728971962616822, "Recall": 0.631578947368421, "Precision": 0.72, "Cohen_Kappa": 0.38596491228070173, "AUC": 0.7797783933518005, "TP": 36, "TN": 43, "FP": 14, "FN": 21}}, "ADA": {"valid": {"ACC": 0.6666666666666666, "F1_Score": 0.6415094339622641, "Recall": 0.5964912280701754, "Precision": 0.6938775510204082, "Cohen_Kappa": 0.33333333333333337, "AUC": 0.7619267466912896, "TP": 34, "TN": 42, "FP": 15, "FN": 23}, "test": {"ACC": 0.6842105263157895, "F1_Score": 0.6727272727272728, "Recall": 0.6491228070175439, "Precision": 0.6981132075471698, "Cohen_Kappa": 0.368421052631579, "AUC": 0.7377654662973222, "TP": 37, "TN": 41, "FP": 16, "FN": 20}}, "XGB": {"valid": {"ACC": 0.7017543859649122, "F1_Score": 0.706896551724138, "Recall": 0.7192982456140351, "Precision": 0.6949152542372882, "Cohen_Kappa": 0.4035087719298246, "AUC": 0.7460757156048015, "TP": 41, "TN": 39, "FP": 18, "FN": 16}, "test": {"ACC": 0.6842105263157895, "F1_Score": 0.6727272727272728, "Recall": 0.6491228070175439, "Precision": 0.6981132075471698, "Cohen_Kappa": 0.368421052631579, "AUC": 0.7225300092336104, "TP": 37, "TN": 41, "FP": 16, "FN": 20}}, "MLP": {"valid": {"ACC": 0.6491228070175439, "F1_Score": 0.6491228070175439, "Recall": 0.6491228070175439, "Precision": 0.6491228070175439, "Cohen_Kappa": 0.29824561403508776, "AUC": 0.7140658664204371, "TP": 37, "TN": 37, "FP": 20, "FN": 20}, "test": {"ACC": 0.6754385964912281, "F1_Score": 0.6725663716814159, "Recall": 0.6666666666666666, "Precision": 0.6785714285714286, "Cohen_Kappa": 0.3508771929824561, "AUC": 0.7249923053247153, "TP": 38, "TN": 39, "FP": 18, "FN": 19}}, "LR": {"valid": {"ACC": 0.7017543859649122, "F1_Score": 0.6964285714285715, "Recall": 0.6842105263157895, "Precision": 0.7090909090909091, "Cohen_Kappa": 0.4035087719298246, "AUC": 0.7506925207756233, "TP": 39, "TN": 41, "FP": 16, "FN": 18}, "test": {"ACC": 0.6140350877192983, "F1_Score": 0.607142857142857, "Recall": 0.5964912280701754, "Precision": 0.6181818181818182, "Cohen_Kappa": 0.22807017543859653, "AUC": 0.698522622345337, "TP": 34, "TN": 36, "FP": 21, "FN": 23}}, "ETAs": {"valid": {"ACC": 0.7192982456140351, "F1_Score": 0.7142857142857142, "Recall": 0.7017543859649122, "Precision": 0.7272727272727273, "Cohen_Kappa": 0.4385964912280702, "AUC": 0.7948599569098184, "TP": 40, "TN": 42, "FP": 15, "FN": 17}, "test": {"ACC": 0.6842105263157895, "F1_Score": 0.6727272727272728, "Recall": 0.6491228070175439, "Precision": 0.6981132075471698, "Cohen_Kappa": 0.368421052631579, "AUC": 0.7640812557710064, "TP": 37, "TN": 41, "FP": 16, "FN": 20}}, "CNB": {"valid": {"ACC": 0.5701754385964912, "F1_Score": 0.6141732283464566, "Recall": 0.6842105263157895, "Precision": 0.5571428571428572, "Cohen_Kappa": 0.14035087719298245, "AUC": 0.6657433056325024, "TP": 39, "TN": 26, "FP": 31, "FN": 18}, "test": {"ACC": 0.631578947368421, "F1_Score": 0.6666666666666666, "Recall": 0.7368421052631579, "Precision": 0.6086956521739131, "Cohen_Kappa": 0.26315789473684215, "AUC": 0.6985226223453371, "TP": 42, "TN": 30, "FP": 27, "FN": 15}}, "GB": {"valid": {"ACC": 0.6929824561403509, "F1_Score": 0.6788990825688075, "Recall": 0.6491228070175439, "Precision": 0.7115384615384616, "Cohen_Kappa": 0.38596491228070173, "AUC": 0.7814712219144352, "TP": 37, "TN": 42, "FP": 15, "FN": 20}, "test": {"ACC": 0.6403508771929824, "F1_Score": 0.6434782608695653, "Recall": 0.6491228070175439, "Precision": 0.6379310344827587, "Cohen_Kappa": 0.2807017543859649, "AUC": 0.7222222222222223, "TP": 37, "TN": 36, "FP": 21, "FN": 20}}, "BAG": {"valid": {"ACC": 0.631578947368421, "F1_Score": 0.6111111111111113, "Recall": 0.5789473684210527, "Precision": 0.6470588235294118, "Cohen_Kappa": 0.26315789473684215, "AUC": 0.7106802092951678, "TP": 33, "TN": 39, "FP": 18, "FN": 24}, "test": {"ACC": 0.6491228070175439, "F1_Score": 0.6428571428571428, "Recall": 0.631578947368421, "Precision": 0.6545454545454545, "Cohen_Kappa": 0.29824561403508776, "AUC": 0.7072945521698984, "TP": 36, "TN": 38, "FP": 19, "FN": 21}}, "QDA": {"valid": {"ACC": 0.5, "F1_Score": 0.6174496644295302, "Recall": 0.8070175438596491, "Precision": 0.5, "Cohen_Kappa": 0.0, "AUC": 0.5, "TP": 46, "TN": 11, "FP": 46, "FN": 11}, "test": {"ACC": 0.5350877192982456, "F1_Score": 0.6293706293706294, "Recall": 0.7894736842105263, "Precision": 0.5232558139534884, "Cohen_Kappa": 0.07017543859649122, "AUC": 0.5350877192982456, "TP": 45, "TN": 16, "FP": 41, "FN": 12}}, "SVC": {"valid": {"ACC": 0.7368421052631579, "F1_Score": 0.7321428571428571, "Recall": 0.7192982456140351, "Precision": 0.7454545454545455, "Cohen_Kappa": 0.4736842105263158, "AUC": 0.7885503231763621, "TP": 41, "TN": 43, "FP": 14, "FN": 16}, "test": {"ACC": 0.6666666666666666, "F1_Score": 0.6607142857142858, "Recall": 0.6491228070175439, "Precision": 0.6727272727272727, "Cohen_Kappa": 0.33333333333333337, "AUC": 0.7631578947368421, "TP": 37, "TN": 39, "FP": 18, "FN": 20}}}