{"OVR": {"valid": {"ACC": 0.6909871244635193, "F1_Score": 0.689655172413793, "Recall": 0.6837606837606838, "Precision": 0.6956521739130435, "Cohen_Kappa": 0.38200839902748107, "AUC": 0.78868258178603, "TP": 80, "TN": 81, "FP": 35, "FN": 37}, "test": {"ACC": 0.7350427350427351, "F1_Score": 0.7394957983193278, "Recall": 0.7521367521367521, "Precision": 0.7272727272727273, "Cohen_Kappa": 0.4700854700854701, "AUC": 0.7878588647819417, "TP": 88, "TN": 84, "FP": 33, "FN": 29}}, "KNB": {"valid": {"ACC": 0.6008583690987125, "F1_Score": 0.5418719211822661, "Recall": 0.4700854700854701, "Precision": 0.6395348837209303, "Cohen_Kappa": 0.20261269549218042, "AUC": 0.675324196875921, "TP": 55, "TN": 85, "FP": 31, "FN": 62}, "test": {"ACC": 0.6623931623931624, "F1_Score": 0.6146341463414634, "Recall": 0.5384615384615384, "Precision": 0.7159090909090909, "Cohen_Kappa": 0.32478632478632474, "AUC": 0.7295273577324859, "TP": 63, "TN": 92, "FP": 25, "FN": 54}}, "DT": {"valid": {"ACC": 0.6738197424892703, "F1_Score": 0.6607142857142857, "Recall": 0.6324786324786325, "Precision": 0.6915887850467289, "Cohen_Kappa": 0.3478677174633571, "AUC": 0.6739610963748894, "TP": 74, "TN": 83, "FP": 33, "FN": 43}, "test": {"ACC": 0.6752136752136753, "F1_Score": 0.6637168141592921, "Recall": 0.6410256410256411, "Precision": 0.6880733944954128, "Cohen_Kappa": 0.3504273504273504, "AUC": 0.6736795967565197, "TP": 75, "TN": 83, "FP": 34, "FN": 42}}, "MNB": {"valid": {"ACC": 0.648068669527897, "F1_Score": 0.6666666666666666, "Recall": 0.7008547008547008, "Precision": 0.6356589147286822, "Cohen_Kappa": 0.29581306206693203, "AUC": 0.7292219274977896, "TP": 82, "TN": 69, "FP": 47, "FN": 35}, "test": {"ACC": 0.6837606837606838, "F1_Score": 0.7016129032258065, "Recall": 0.7435897435897436, "Precision": 0.6641221374045801, "Cohen_Kappa": 0.36752136752136755, "AUC": 0.7535977792388049, "TP": 87, "TN": 73, "FP": 44, "FN": 30}}, "RF": {"valid": {"ACC": 0.7167381974248928, "F1_Score": 0.7027027027027027, "Recall": 0.6666666666666666, "Precision": 0.7428571428571429, "Cohen_Kappa": 0.43371630578877607, "AUC": 0.7718832891246685, "TP": 78, "TN": 89, "FP": 27, "FN": 39}, "test": {"ACC": 0.7008547008547008, "F1_Score": 0.6982758620689655, "Recall": 0.6923076923076923, "Precision": 0.7043478260869566, "Cohen_Kappa": 0.4017094017094017, "AUC": 0.7837314632186428, "TP": 81, "TN": 83, "FP": 34, "FN": 36}}, "ADA": {"valid": {"ACC": 0.6952789699570815, "F1_Score": 0.6728110599078341, "Recall": 0.6239316239316239, "Precision": 0.73, "Cohen_Kappa": 0.3909281690659402, "AUC": 0.7599469496021221, "TP": 73, "TN": 89, "FP": 27, "FN": 44}, "test": {"ACC": 0.6923076923076923, "F1_Score": 0.6869565217391305, "Recall": 0.6752136752136753, "Precision": 0.6991150442477876, "Cohen_Kappa": 0.3846153846153846, "AUC": 0.7997662356636716, "TP": 79, "TN": 83, "FP": 34, "FN": 38}}, "XGB": {"valid": {"ACC": 0.6824034334763949, "F1_Score": 0.6810344827586208, "Recall": 0.6752136752136753, "Precision": 0.6869565217391305, "Cohen_Kappa": 0.36484196566713334, "AUC": 0.7624152667256116, "TP": 79, "TN": 80, "FP": 36, "FN": 38}, "test": {"ACC": 0.7521367521367521, "F1_Score": 0.7583333333333334, "Recall": 0.7777777777777778, "Precision": 0.7398373983739838, "Cohen_Kappa": 0.5042735042735043, "AUC": 0.7845715538023231, "TP": 91, "TN": 85, "FP": 32, "FN": 26}}, "MLP": {"valid": {"ACC": 0.6652360515021459, "F1_Score": 0.6666666666666666, "Recall": 0.6666666666666666, "Precision": 0.6666666666666666, "Cohen_Kappa": 0.33045977011494254, "AUC": 0.7437371058060712, "TP": 78, "TN": 77, "FP": 39, "FN": 39}, "test": {"ACC": 0.6752136752136753, "F1_Score": 0.6779661016949152, "Recall": 0.6837606837606838, "Precision": 0.6722689075630253, "Cohen_Kappa": 0.3504273504273504, "AUC": 0.7498721601285704, "TP": 80, "TN": 78, "FP": 39, "FN": 37}}, "LR": {"valid": {"ACC": 0.6909871244635193, "F1_Score": 0.689655172413793, "Recall": 0.6837606837606838, "Precision": 0.6956521739130435, "Cohen_Kappa": 0.38200839902748107, "AUC": 0.78868258178603, "TP": 80, "TN": 81, "FP": 35, "FN": 37}, "test": {"ACC": 0.7350427350427351, "F1_Score": 0.7394957983193278, "Recall": 0.7521367521367521, "Precision": 0.7272727272727273, "Cohen_Kappa": 0.4700854700854701, "AUC": 0.7878588647819417, "TP": 88, "TN": 84, "FP": 33, "FN": 29}}, "ETAs": {"valid": {"ACC": 0.6995708154506438, "F1_Score": 0.7058823529411764, "Recall": 0.717948717948718, "Precision": 0.6942148760330579, "Cohen_Kappa": 0.39904200442151805, "AUC": 0.7543471853816679, "TP": 84, "TN": 79, "FP": 37, "FN": 33}, "test": {"ACC": 0.688034188034188, "F1_Score": 0.6919831223628692, "Recall": 0.7008547008547008, "Precision": 0.6833333333333333, "Cohen_Kappa": 0.37606837606837606, "AUC": 0.7601358755204909, "TP": 82, "TN": 79, "FP": 38, "FN": 35}}, "CNB": {"valid": {"ACC": 0.648068669527897, "F1_Score": 0.6666666666666666, "Recall": 0.7008547008547008, "Precision": 0.6356589147286822, "Cohen_Kappa": 0.29581306206693203, "AUC": 0.7292219274977896, "TP": 82, "TN": 69, "FP": 47, "FN": 35}, "test": {"ACC": 0.6837606837606838, "F1_Score": 0.7016129032258065, "Recall": 0.7435897435897436, "Precision": 0.6641221374045801, "Cohen_Kappa": 0.36752136752136755, "AUC": 0.7535977792388049, "TP": 87, "TN": 73, "FP": 44, "FN": 30}}, "GB": {"valid": {"ACC": 0.6909871244635193, "F1_Score": 0.6814159292035399, "Recall": 0.6581196581196581, "Precision": 0.7064220183486238, "Cohen_Kappa": 0.38214496169711254, "AUC": 0.7710727969348659, "TP": 77, "TN": 84, "FP": 32, "FN": 40}, "test": {"ACC": 0.7478632478632479, "F1_Score": 0.7445887445887446, "Recall": 0.7350427350427351, "Precision": 0.7543859649122807, "Cohen_Kappa": 0.49572649572649574, "AUC": 0.7976842720432464, "TP": 86, "TN": 89, "FP": 28, "FN": 31}}, "BAG": {"valid": {"ACC": 0.703862660944206, "F1_Score": 0.6877828054298643, "Recall": 0.6495726495726496, "Precision": 0.7307692307692307, "Cohen_Kappa": 0.40799793791655925, "AUC": 0.7609416445623343, "TP": 76, "TN": 88, "FP": 28, "FN": 41}, "test": {"ACC": 0.7051282051282052, "F1_Score": 0.7038626609442059, "Recall": 0.7008547008547008, "Precision": 0.7068965517241379, "Cohen_Kappa": 0.41025641025641024, "AUC": 0.763934545985828, "TP": 82, "TN": 83, "FP": 34, "FN": 35}}, "QDA": {"valid": {"ACC": 0.5321888412017167, "F1_Score": 0.6666666666666667, "Recall": 0.9316239316239316, "Precision": 0.5190476190476191, "Cohen_Kappa": 0.06114376548001921, "AUC": 0.530467138225759, "TP": 109, "TN": 15, "FP": 101, "FN": 8}, "test": {"ACC": 0.49572649572649574, "F1_Score": 0.6402439024390244, "Recall": 0.8974358974358975, "Precision": 0.4976303317535545, "Cohen_Kappa": -0.008547008547008517, "AUC": 0.49572649572649574, "TP": 105, "TN": 11, "FP": 106, "FN": 12}}, "SVC": {"valid": {"ACC": 0.7339055793991416, "F1_Score": 0.7350427350427351, "Recall": 0.7350427350427351, "Precision": 0.7350427350427351, "Cohen_Kappa": 0.46780135573239023, "AUC": 0.799255820807545, "TP": 86, "TN": 85, "FP": 31, "FN": 31}, "test": {"ACC": 0.7350427350427351, "F1_Score": 0.7350427350427351, "Recall": 0.7350427350427351, "Precision": 0.7350427350427351, "Cohen_Kappa": 0.4700854700854701, "AUC": 0.807619256337205, "TP": 86, "TN": 86, "FP": 31, "FN": 31}}}