{"OVR": {"valid": {"ACC": 0.6875, "F1_Score": 0.6865671641791045, "Recall": 0.6845238095238095, "Precision": 0.688622754491018, "Cohen_Kappa": 0.375, "AUC": 0.7532596371882087, "TP": 115, "TN": 116, "FP": 52, "FN": 53}, "test": {"ACC": 0.6913946587537092, "F1_Score": 0.695906432748538, "Recall": 0.7041420118343196, "Precision": 0.6878612716763006, "Cohen_Kappa": 0.38274040154984146, "AUC": 0.7290786136939983, "TP": 119, "TN": 114, "FP": 54, "FN": 50}}, "KNB": {"valid": {"ACC": 0.6339285714285714, "F1_Score": 0.5494505494505495, "Recall": 0.44642857142857145, "Precision": 0.7142857142857143, "Cohen_Kappa": 0.2678571428571429, "AUC": 0.7144097222222222, "TP": 75, "TN": 138, "FP": 30, "FN": 93}, "test": {"ACC": 0.6112759643916914, "F1_Score": 0.5166051660516605, "Recall": 0.41420118343195267, "Precision": 0.6862745098039216, "Cohen_Kappa": 0.2234613287365218, "AUC": 0.6968512256973796, "TP": 70, "TN": 136, "FP": 32, "FN": 99}}, "DT": {"valid": {"ACC": 0.6398809523809523, "F1_Score": 0.6430678466076696, "Recall": 0.6488095238095238, "Precision": 0.6374269005847953, "Cohen_Kappa": 0.27976190476190477, "AUC": 0.6398809523809523, "TP": 109, "TN": 106, "FP": 62, "FN": 59}, "test": {"ACC": 0.6409495548961425, "F1_Score": 0.6666666666666667, "Recall": 0.7159763313609467, "Precision": 0.6237113402061856, "Cohen_Kappa": 0.281576490072059, "AUC": 0.6407262609185687, "TP": 121, "TN": 95, "FP": 73, "FN": 48}}, "MNB": {"valid": {"ACC": 0.6726190476190477, "F1_Score": 0.6802325581395349, "Recall": 0.6964285714285714, "Precision": 0.6647727272727273, "Cohen_Kappa": 0.34523809523809523, "AUC": 0.7414611678004536, "TP": 117, "TN": 109, "FP": 59, "FN": 51}, "test": {"ACC": 0.6350148367952523, "F1_Score": 0.64756446991404, "Recall": 0.6686390532544378, "Precision": 0.6277777777777778, "Cohen_Kappa": 0.2698818100153242, "AUC": 0.7078402366863904, "TP": 113, "TN": 101, "FP": 67, "FN": 56}}, "RF": {"valid": {"ACC": 0.7261904761904762, "F1_Score": 0.727810650887574, "Recall": 0.7321428571428571, "Precision": 0.7235294117647059, "Cohen_Kappa": 0.45238095238095233, "AUC": 0.8142715419501133, "TP": 123, "TN": 121, "FP": 47, "FN": 45}, "test": {"ACC": 0.6824925816023739, "F1_Score": 0.6968838526912181, "Recall": 0.727810650887574, "Precision": 0.6684782608695652, "Cohen_Kappa": 0.36481178107770085, "AUC": 0.7747957171034093, "TP": 123, "TN": 107, "FP": 61, "FN": 46}}, "ADA": {"valid": {"ACC": 0.6309523809523809, "F1_Score": 0.6374269005847952, "Recall": 0.6488095238095238, "Precision": 0.6264367816091954, "Cohen_Kappa": 0.26190476190476186, "AUC": 0.6962514172335601, "TP": 109, "TN": 103, "FP": 65, "FN": 59}, "test": {"ACC": 0.6706231454005934, "F1_Score": 0.6646525679758308, "Recall": 0.650887573964497, "Precision": 0.6790123456790124, "Cohen_Kappa": 0.34132168829568066, "AUC": 0.7324422372499295, "TP": 110, "TN": 116, "FP": 52, "FN": 59}}, "XGB": {"valid": {"ACC": 0.7113095238095238, "F1_Score": 0.7051671732522796, "Recall": 0.6904761904761905, "Precision": 0.7204968944099379, "Cohen_Kappa": 0.42261904761904767, "AUC": 0.8037840136054422, "TP": 116, "TN": 123, "FP": 45, "FN": 52}, "test": {"ACC": 0.7091988130563798, "F1_Score": 0.72, "Recall": 0.7455621301775148, "Precision": 0.6961325966850829, "Cohen_Kappa": 0.4182695695060946, "AUC": 0.766342631727247, "TP": 126, "TN": 113, "FP": 55, "FN": 43}}, "MLP": {"valid": {"ACC": 0.6934523809523809, "F1_Score": 0.696165191740413, "Recall": 0.7023809523809523, "Precision": 0.6900584795321637, "Cohen_Kappa": 0.38690476190476186, "AUC": 0.767857142857143, "TP": 118, "TN": 115, "FP": 53, "FN": 50}, "test": {"ACC": 0.712166172106825, "F1_Score": 0.7282913165266107, "Recall": 0.7692307692307693, "Precision": 0.6914893617021277, "Cohen_Kappa": 0.4241345899762178, "AUC": 0.7605311355311355, "TP": 130, "TN": 110, "FP": 58, "FN": 39}}, "LR": {"valid": {"ACC": 0.6875, "F1_Score": 0.6865671641791045, "Recall": 0.6845238095238095, "Precision": 0.688622754491018, "Cohen_Kappa": 0.375, "AUC": 0.7532596371882087, "TP": 115, "TN": 116, "FP": 52, "FN": 53}, "test": {"ACC": 0.6913946587537092, "F1_Score": 0.695906432748538, "Recall": 0.7041420118343196, "Precision": 0.6878612716763006, "Cohen_Kappa": 0.38274040154984146, "AUC": 0.7290786136939983, "TP": 119, "TN": 114, "FP": 54, "FN": 50}}, "ETAs": {"valid": {"ACC": 0.7291666666666666, "F1_Score": 0.7299703264094956, "Recall": 0.7321428571428571, "Precision": 0.727810650887574, "Cohen_Kappa": 0.45833333333333337, "AUC": 0.8163796768707483, "TP": 123, "TN": 122, "FP": 46, "FN": 45}, "test": {"ACC": 0.685459940652819, "F1_Score": 0.6971428571428573, "Recall": 0.7218934911242604, "Precision": 0.6740331491712708, "Cohen_Kappa": 0.3707813710984288, "AUC": 0.7791103127641589, "TP": 122, "TN": 109, "FP": 59, "FN": 47}}, "CNB": {"valid": {"ACC": 0.6726190476190477, "F1_Score": 0.6802325581395349, "Recall": 0.6964285714285714, "Precision": 0.6647727272727273, "Cohen_Kappa": 0.34523809523809523, "AUC": 0.7414611678004536, "TP": 117, "TN": 109, "FP": 59, "FN": 51}, "test": {"ACC": 0.6350148367952523, "F1_Score": 0.64756446991404, "Recall": 0.6686390532544378, "Precision": 0.6277777777777778, "Cohen_Kappa": 0.2698818100153242, "AUC": 0.7078402366863904, "TP": 113, "TN": 101, "FP": 67, "FN": 56}}, "GB": {"valid": {"ACC": 0.6964285714285714, "F1_Score": 0.6946107784431137, "Recall": 0.6904761904761905, "Precision": 0.6987951807228916, "Cohen_Kappa": 0.3928571428571429, "AUC": 0.7656958616780045, "TP": 116, "TN": 118, "FP": 50, "FN": 52}, "test": {"ACC": 0.655786350148368, "F1_Score": 0.6463414634146342, "Recall": 0.6272189349112426, "Precision": 0.6666666666666666, "Cohen_Kappa": 0.3116878543508117, "AUC": 0.7282685263454495, "TP": 106, "TN": 115, "FP": 53, "FN": 63}}, "BAG": {"valid": {"ACC": 0.6666666666666666, "F1_Score": 0.6410256410256411, "Recall": 0.5952380952380952, "Precision": 0.6944444444444444, "Cohen_Kappa": 0.33333333333333337, "AUC": 0.7551729024943311, "TP": 100, "TN": 124, "FP": 44, "FN": 68}, "test": {"ACC": 0.6498516320474778, "F1_Score": 0.6445783132530121, "Recall": 0.6331360946745562, "Precision": 0.656441717791411, "Cohen_Kappa": 0.2997710864588836, "AUC": 0.7213299520991829, "TP": 107, "TN": 112, "FP": 56, "FN": 62}}, "QDA": {"valid": {"ACC": 0.5773809523809523, "F1_Score": 0.3364485981308411, "Recall": 0.21428571428571427, "Precision": 0.782608695652174, "Cohen_Kappa": 0.15476190476190477, "AUC": 0.5773809523809523, "TP": 36, "TN": 158, "FP": 10, "FN": 132}, "test": {"ACC": 0.5341246290801187, "F1_Score": 0.2895927601809955, "Recall": 0.1893491124260355, "Precision": 0.6153846153846154, "Cohen_Kappa": 0.07015693924535582, "AUC": 0.5351507466892083, "TP": 32, "TN": 148, "FP": 20, "FN": 137}}, "SVC": {"valid": {"ACC": 0.7321428571428571, "F1_Score": 0.7321428571428571, "Recall": 0.7321428571428571, "Precision": 0.7321428571428571, "Cohen_Kappa": 0.4642857142857143, "AUC": 0.8198341836734693, "TP": 123, "TN": 123, "FP": 45, "FN": 45}, "test": {"ACC": 0.7091988130563798, "F1_Score": 0.7151162790697675, "Recall": 0.727810650887574, "Precision": 0.7028571428571428, "Cohen_Kappa": 0.41833104371411467, "AUC": 0.7812940264863342, "TP": 123, "TN": 116, "FP": 52, "FN": 46}}}