{"OVR": {"valid": {"ACC": 0.6666666666666666, "F1_Score": 0.6666666666666666, "Recall": 0.6666666666666666, "Precision": 0.6666666666666666, "Cohen_Kappa": 0.33333333333333337, "AUC": 0.700960219478738, "TP": 18, "TN": 18, "FP": 9, "FN": 9}, "test": {"ACC": 0.7037037037037037, "F1_Score": 0.68, "Recall": 0.6296296296296297, "Precision": 0.7391304347826086, "Cohen_Kappa": 0.40740740740740744, "AUC": 0.7613168724279835, "TP": 17, "TN": 21, "FP": 6, "FN": 10}}, "KNB": {"valid": {"ACC": 0.6296296296296297, "F1_Score": 0.5652173913043478, "Recall": 0.48148148148148145, "Precision": 0.6842105263157895, "Cohen_Kappa": 0.2592592592592593, "AUC": 0.6467764060356653, "TP": 13, "TN": 21, "FP": 6, "FN": 14}, "test": {"ACC": 0.7222222222222222, "F1_Score": 0.7058823529411765, "Recall": 0.6666666666666666, "Precision": 0.75, "Cohen_Kappa": 0.4444444444444444, "AUC": 0.7551440329218106, "TP": 18, "TN": 21, "FP": 6, "FN": 9}}, "DT": {"valid": {"ACC": 0.6481481481481481, "F1_Score": 0.6122448979591836, "Recall": 0.5555555555555556, "Precision": 0.6818181818181818, "Cohen_Kappa": 0.2962962962962963, "AUC": 0.6481481481481481, "TP": 15, "TN": 20, "FP": 7, "FN": 12}, "test": {"ACC": 0.6481481481481481, "F1_Score": 0.6415094339622641, "Recall": 0.6296296296296297, "Precision": 0.6538461538461539, "Cohen_Kappa": 0.2962962962962963, "AUC": 0.6481481481481483, "TP": 17, "TN": 18, "FP": 9, "FN": 10}}, "MNB": {"valid": {"ACC": 0.6296296296296297, "F1_Score": 0.6428571428571429, "Recall": 0.6666666666666666, "Precision": 0.6206896551724138, "Cohen_Kappa": 0.2592592592592593, "AUC": 0.6790123456790124, "TP": 18, "TN": 16, "FP": 11, "FN": 9}, "test": {"ACC": 0.7407407407407407, "F1_Score": 0.75, "Recall": 0.7777777777777778, "Precision": 0.7241379310344828, "Cohen_Kappa": 0.4814814814814815, "AUC": 0.8134430727023318, "TP": 21, "TN": 19, "FP": 8, "FN": 6}}, "RF": {"valid": {"ACC": 0.6111111111111112, "F1_Score": 0.5333333333333333, "Recall": 0.4444444444444444, "Precision": 0.6666666666666666, "Cohen_Kappa": 0.2222222222222222, "AUC": 0.7489711934156378, "TP": 12, "TN": 21, "FP": 6, "FN": 15}, "test": {"ACC": 0.7407407407407407, "F1_Score": 0.72, "Recall": 0.6666666666666666, "Precision": 0.782608695652174, "Cohen_Kappa": 0.4814814814814815, "AUC": 0.7873799725651578, "TP": 18, "TN": 22, "FP": 5, "FN": 9}}, "ADA": {"valid": {"ACC": 0.6481481481481481, "F1_Score": 0.6122448979591836, "Recall": 0.5555555555555556, "Precision": 0.6818181818181818, "Cohen_Kappa": 0.2962962962962963, "AUC": 0.715363511659808, "TP": 15, "TN": 20, "FP": 7, "FN": 12}, "test": {"ACC": 0.6666666666666666, "F1_Score": 0.6538461538461539, "Recall": 0.6296296296296297, "Precision": 0.68, "Cohen_Kappa": 0.33333333333333337, "AUC": 0.700960219478738, "TP": 17, "TN": 19, "FP": 8, "FN": 10}}, "XGB": {"valid": {"ACC": 0.5925925925925926, "F1_Score": 0.576923076923077, "Recall": 0.5555555555555556, "Precision": 0.6, "Cohen_Kappa": 0.18518518518518523, "AUC": 0.6694101508916324, "TP": 15, "TN": 17, "FP": 10, "FN": 12}, "test": {"ACC": 0.7407407407407407, "F1_Score": 0.7083333333333334, "Recall": 0.6296296296296297, "Precision": 0.8095238095238095, "Cohen_Kappa": 0.4814814814814815, "AUC": 0.7832647462277093, "TP": 17, "TN": 23, "FP": 4, "FN": 10}}, "MLP": {"valid": {"ACC": 0.6666666666666666, "F1_Score": 0.6399999999999999, "Recall": 0.5925925925925926, "Precision": 0.6956521739130435, "Cohen_Kappa": 0.33333333333333337, "AUC": 0.7037037037037037, "TP": 16, "TN": 20, "FP": 7, "FN": 11}, "test": {"ACC": 0.7777777777777778, "F1_Score": 0.75, "Recall": 0.6666666666666666, "Precision": 0.8571428571428571, "Cohen_Kappa": 0.5555555555555556, "AUC": 0.7818930041152264, "TP": 18, "TN": 24, "FP": 3, "FN": 9}}, "LR": {"valid": {"ACC": 0.6666666666666666, "F1_Score": 0.6666666666666666, "Recall": 0.6666666666666666, "Precision": 0.6666666666666666, "Cohen_Kappa": 0.33333333333333337, "AUC": 0.700960219478738, "TP": 18, "TN": 18, "FP": 9, "FN": 9}, "test": {"ACC": 0.7037037037037037, "F1_Score": 0.68, "Recall": 0.6296296296296297, "Precision": 0.7391304347826086, "Cohen_Kappa": 0.40740740740740744, "AUC": 0.7613168724279835, "TP": 17, "TN": 21, "FP": 6, "FN": 10}}, "ETAs": {"valid": {"ACC": 0.5925925925925926, "F1_Score": 0.5599999999999999, "Recall": 0.5185185185185185, "Precision": 0.6086956521739131, "Cohen_Kappa": 0.18518518518518523, "AUC": 0.7187928669410151, "TP": 14, "TN": 18, "FP": 9, "FN": 13}, "test": {"ACC": 0.7962962962962963, "F1_Score": 0.7843137254901961, "Recall": 0.7407407407407407, "Precision": 0.8333333333333334, "Cohen_Kappa": 0.5925925925925926, "AUC": 0.7860082304526749, "TP": 20, "TN": 23, "FP": 4, "FN": 7}}, "CNB": {"valid": {"ACC": 0.6296296296296297, "F1_Score": 0.6428571428571429, "Recall": 0.6666666666666666, "Precision": 0.6206896551724138, "Cohen_Kappa": 0.2592592592592593, "AUC": 0.6790123456790124, "TP": 18, "TN": 16, "FP": 11, "FN": 9}, "test": {"ACC": 0.7407407407407407, "F1_Score": 0.75, "Recall": 0.7777777777777778, "Precision": 0.7241379310344828, "Cohen_Kappa": 0.4814814814814815, "AUC": 0.8134430727023318, "TP": 21, "TN": 19, "FP": 8, "FN": 6}}, "GB": {"valid": {"ACC": 0.6481481481481481, "F1_Score": 0.5957446808510639, "Recall": 0.5185185185185185, "Precision": 0.7, "Cohen_Kappa": 0.2962962962962963, "AUC": 0.6968449931412894, "TP": 14, "TN": 21, "FP": 6, "FN": 13}, "test": {"ACC": 0.7037037037037037, "F1_Score": 0.7037037037037037, "Recall": 0.7037037037037037, "Precision": 0.7037037037037037, "Cohen_Kappa": 0.40740740740740744, "AUC": 0.7736625514403292, "TP": 19, "TN": 19, "FP": 8, "FN": 8}}, "BAG": {"valid": {"ACC": 0.6111111111111112, "F1_Score": 0.5333333333333333, "Recall": 0.4444444444444444, "Precision": 0.6666666666666666, "Cohen_Kappa": 0.2222222222222222, "AUC": 0.7043895747599451, "TP": 12, "TN": 21, "FP": 6, "FN": 15}, "test": {"ACC": 0.6851851851851852, "F1_Score": 0.6382978723404256, "Recall": 0.5555555555555556, "Precision": 0.75, "Cohen_Kappa": 0.37037037037037035, "AUC": 0.7935528120713305, "TP": 15, "TN": 22, "FP": 5, "FN": 12}}, "QDA": {"valid": {"ACC": 0.5, "F1_Score": 0.0, "Recall": 0.0, "Precision": 0.0, "Cohen_Kappa": 0.0, "AUC": 0.5, "TP": 0, "TN": 27, "FP": 0, "FN": 27}, "test": {"ACC": 0.5, "F1_Score": 0.0, "Recall": 0.0, "Precision": 0.0, "Cohen_Kappa": 0.0, "AUC": 0.5, "TP": 0, "TN": 27, "FP": 0, "FN": 27}}, "SVC": {"valid": {"ACC": 0.6666666666666666, "F1_Score": 0.6538461538461539, "Recall": 0.6296296296296297, "Precision": 0.68, "Cohen_Kappa": 0.33333333333333337, "AUC": 0.7297668038408779, "TP": 17, "TN": 19, "FP": 8, "FN": 10}, "test": {"ACC": 0.7592592592592593, "F1_Score": 0.7450980392156864, "Recall": 0.7037037037037037, "Precision": 0.7916666666666666, "Cohen_Kappa": 0.5185185185185186, "AUC": 0.7956104252400549, "TP": 19, "TN": 22, "FP": 5, "FN": 8}}}