{"OVR": {"valid": {"ACC": 0.6296296296296297, "F1_Score": 0.6296296296296297, "Recall": 0.6296296296296297, "Precision": 0.6296296296296297, "Cohen_Kappa": 0.2592592592592593, "AUC": 0.6886145404663923, "TP": 17, "TN": 17, "FP": 10, "FN": 10}, "test": {"ACC": 0.7592592592592593, "F1_Score": 0.7450980392156864, "Recall": 0.7037037037037037, "Precision": 0.7916666666666666, "Cohen_Kappa": 0.5185185185185186, "AUC": 0.8106995884773662, "TP": 19, "TN": 22, "FP": 5, "FN": 8}}, "KNB": {"valid": {"ACC": 0.6296296296296297, "F1_Score": 0.6, "Recall": 0.5555555555555556, "Precision": 0.6521739130434783, "Cohen_Kappa": 0.2592592592592593, "AUC": 0.6906721536351166, "TP": 15, "TN": 19, "FP": 8, "FN": 12}, "test": {"ACC": 0.6851851851851852, "F1_Score": 0.6382978723404256, "Recall": 0.5555555555555556, "Precision": 0.75, "Cohen_Kappa": 0.37037037037037035, "AUC": 0.7373113854595337, "TP": 15, "TN": 22, "FP": 5, "FN": 12}}, "DT": {"valid": {"ACC": 0.5740740740740741, "F1_Score": 0.5490196078431373, "Recall": 0.5185185185185185, "Precision": 0.5833333333333334, "Cohen_Kappa": 0.14814814814814814, "AUC": 0.5740740740740741, "TP": 14, "TN": 17, "FP": 10, "FN": 13}, "test": {"ACC": 0.7222222222222222, "F1_Score": 0.7058823529411765, "Recall": 0.6666666666666666, "Precision": 0.75, "Cohen_Kappa": 0.4444444444444444, "AUC": 0.7222222222222222, "TP": 18, "TN": 21, "FP": 6, "FN": 9}}, "MNB": {"valid": {"ACC": 0.5555555555555556, "F1_Score": 0.5384615384615384, "Recall": 0.5185185185185185, "Precision": 0.56, "Cohen_Kappa": 0.11111111111111116, "AUC": 0.6831275720164609, "TP": 14, "TN": 16, "FP": 11, "FN": 13}, "test": {"ACC": 0.7592592592592593, "F1_Score": 0.7636363636363638, "Recall": 0.7777777777777778, "Precision": 0.75, "Cohen_Kappa": 0.5185185185185186, "AUC": 0.8422496570644717, "TP": 21, "TN": 20, "FP": 7, "FN": 6}}, "RF": {"valid": {"ACC": 0.5370370370370371, "F1_Score": 0.4897959183673469, "Recall": 0.4444444444444444, "Precision": 0.5454545454545454, "Cohen_Kappa": 0.07407407407407407, "AUC": 0.713991769547325, "TP": 12, "TN": 17, "FP": 10, "FN": 15}, "test": {"ACC": 0.7222222222222222, "F1_Score": 0.7058823529411765, "Recall": 0.6666666666666666, "Precision": 0.75, "Cohen_Kappa": 0.4444444444444444, "AUC": 0.7921810699588477, "TP": 18, "TN": 21, "FP": 6, "FN": 9}}, "ADA": {"valid": {"ACC": 0.6296296296296297, "F1_Score": 0.6428571428571429, "Recall": 0.6666666666666666, "Precision": 0.6206896551724138, "Cohen_Kappa": 0.2592592592592593, "AUC": 0.6817558299039781, "TP": 18, "TN": 16, "FP": 11, "FN": 9}, "test": {"ACC": 0.6481481481481481, "F1_Score": 0.6122448979591836, "Recall": 0.5555555555555556, "Precision": 0.6818181818181818, "Cohen_Kappa": 0.2962962962962963, "AUC": 0.7620027434842249, "TP": 15, "TN": 20, "FP": 7, "FN": 12}}, "XGB": {"valid": {"ACC": 0.5925925925925926, "F1_Score": 0.5925925925925926, "Recall": 0.5925925925925926, "Precision": 0.5925925925925926, "Cohen_Kappa": 0.18518518518518523, "AUC": 0.6803840877914952, "TP": 16, "TN": 16, "FP": 11, "FN": 11}, "test": {"ACC": 0.6851851851851852, "F1_Score": 0.6792452830188679, "Recall": 0.6666666666666666, "Precision": 0.6923076923076923, "Cohen_Kappa": 0.37037037037037035, "AUC": 0.7901234567901235, "TP": 18, "TN": 19, "FP": 8, "FN": 9}}, "MLP": {"valid": {"ACC": 0.5185185185185185, "F1_Score": 0.5185185185185185, "Recall": 0.5185185185185185, "Precision": 0.5185185185185185, "Cohen_Kappa": 0.03703703703703709, "AUC": 0.6406035665294924, "TP": 14, "TN": 14, "FP": 13, "FN": 13}, "test": {"ACC": 0.7407407407407407, "F1_Score": 0.7307692307692308, "Recall": 0.7037037037037037, "Precision": 0.76, "Cohen_Kappa": 0.4814814814814815, "AUC": 0.7956104252400549, "TP": 19, "TN": 21, "FP": 6, "FN": 8}}, "LR": {"valid": {"ACC": 0.6296296296296297, "F1_Score": 0.6296296296296297, "Recall": 0.6296296296296297, "Precision": 0.6296296296296297, "Cohen_Kappa": 0.2592592592592593, "AUC": 0.6886145404663923, "TP": 17, "TN": 17, "FP": 10, "FN": 10}, "test": {"ACC": 0.7592592592592593, "F1_Score": 0.7450980392156864, "Recall": 0.7037037037037037, "Precision": 0.7916666666666666, "Cohen_Kappa": 0.5185185185185186, "AUC": 0.8106995884773662, "TP": 19, "TN": 22, "FP": 5, "FN": 8}}, "ETAs": {"valid": {"ACC": 0.5925925925925926, "F1_Score": 0.5416666666666666, "Recall": 0.48148148148148145, "Precision": 0.6190476190476191, "Cohen_Kappa": 0.18518518518518523, "AUC": 0.7050754458161865, "TP": 13, "TN": 19, "FP": 8, "FN": 14}, "test": {"ACC": 0.7592592592592593, "F1_Score": 0.7450980392156864, "Recall": 0.7037037037037037, "Precision": 0.7916666666666666, "Cohen_Kappa": 0.5185185185185186, "AUC": 0.7818930041152263, "TP": 19, "TN": 22, "FP": 5, "FN": 8}}, "CNB": {"valid": {"ACC": 0.5555555555555556, "F1_Score": 0.5384615384615384, "Recall": 0.5185185185185185, "Precision": 0.56, "Cohen_Kappa": 0.11111111111111116, "AUC": 0.6831275720164609, "TP": 14, "TN": 16, "FP": 11, "FN": 13}, "test": {"ACC": 0.7592592592592593, "F1_Score": 0.7636363636363638, "Recall": 0.7777777777777778, "Precision": 0.75, "Cohen_Kappa": 0.5185185185185186, "AUC": 0.8422496570644717, "TP": 21, "TN": 20, "FP": 7, "FN": 6}}, "GB": {"valid": {"ACC": 0.6296296296296297, "F1_Score": 0.6428571428571429, "Recall": 0.6666666666666666, "Precision": 0.6206896551724138, "Cohen_Kappa": 0.2592592592592593, "AUC": 0.7544581618655692, "TP": 18, "TN": 16, "FP": 11, "FN": 9}, "test": {"ACC": 0.7222222222222222, "F1_Score": 0.7058823529411765, "Recall": 0.6666666666666666, "Precision": 0.75, "Cohen_Kappa": 0.4444444444444444, "AUC": 0.7983539094650205, "TP": 18, "TN": 21, "FP": 6, "FN": 9}}, "BAG": {"valid": {"ACC": 0.6666666666666666, "F1_Score": 0.5909090909090909, "Recall": 0.48148148148148145, "Precision": 0.7647058823529411, "Cohen_Kappa": 0.33333333333333337, "AUC": 0.7373113854595336, "TP": 13, "TN": 23, "FP": 4, "FN": 14}, "test": {"ACC": 0.6851851851851852, "F1_Score": 0.6222222222222222, "Recall": 0.5185185185185185, "Precision": 0.7777777777777778, "Cohen_Kappa": 0.37037037037037035, "AUC": 0.7626886145404663, "TP": 14, "TN": 23, "FP": 4, "FN": 13}}, "QDA": {"valid": {"ACC": 0.5, "F1_Score": 0.0, "Recall": 0.0, "Precision": 0.0, "Cohen_Kappa": 0.0, "AUC": 0.5, "TP": 0, "TN": 27, "FP": 0, "FN": 27}, "test": {"ACC": 0.5, "F1_Score": 0.0, "Recall": 0.0, "Precision": 0.0, "Cohen_Kappa": 0.0, "AUC": 0.5, "TP": 0, "TN": 27, "FP": 0, "FN": 27}}, "SVC": {"valid": {"ACC": 0.5925925925925926, "F1_Score": 0.5599999999999999, "Recall": 0.5185185185185185, "Precision": 0.6086956521739131, "Cohen_Kappa": 0.18518518518518523, "AUC": 0.7146776406035665, "TP": 14, "TN": 18, "FP": 9, "FN": 13}, "test": {"ACC": 0.7222222222222222, "F1_Score": 0.6938775510204083, "Recall": 0.6296296296296297, "Precision": 0.7727272727272727, "Cohen_Kappa": 0.4444444444444444, "AUC": 0.7997256515775034, "TP": 17, "TN": 22, "FP": 5, "FN": 10}}}