{"OVR": {"valid": {"ACC": 0.6296296296296297, "F1_Score": 0.6, "Recall": 0.5555555555555556, "Precision": 0.6521739130434783, "Cohen_Kappa": 0.2592592592592593, "AUC": 0.7023319615912208, "TP": 15, "TN": 19, "FP": 8, "FN": 12}, "test": {"ACC": 0.7222222222222222, "F1_Score": 0.6938775510204083, "Recall": 0.6296296296296297, "Precision": 0.7727272727272727, "Cohen_Kappa": 0.4444444444444444, "AUC": 0.803840877914952, "TP": 17, "TN": 22, "FP": 5, "FN": 10}}, "KNB": {"valid": {"ACC": 0.6111111111111112, "F1_Score": 0.4878048780487805, "Recall": 0.37037037037037035, "Precision": 0.7142857142857143, "Cohen_Kappa": 0.2222222222222222, "AUC": 0.6838134430727023, "TP": 10, "TN": 23, "FP": 4, "FN": 17}, "test": {"ACC": 0.5925925925925926, "F1_Score": 0.47619047619047616, "Recall": 0.37037037037037035, "Precision": 0.6666666666666666, "Cohen_Kappa": 0.18518518518518523, "AUC": 0.6728395061728395, "TP": 10, "TN": 22, "FP": 5, "FN": 17}}, "DT": {"valid": {"ACC": 0.5740740740740741, "F1_Score": 0.5818181818181818, "Recall": 0.5925925925925926, "Precision": 0.5714285714285714, "Cohen_Kappa": 0.14814814814814814, "AUC": 0.5740740740740741, "TP": 16, "TN": 15, "FP": 12, "FN": 11}, "test": {"ACC": 0.6851851851851852, "F1_Score": 0.6792452830188679, "Recall": 0.6666666666666666, "Precision": 0.6923076923076923, "Cohen_Kappa": 0.37037037037037035, "AUC": 0.6851851851851851, "TP": 18, "TN": 19, "FP": 8, "FN": 9}}, "MNB": {"valid": {"ACC": 0.5925925925925926, "F1_Score": 0.5416666666666666, "Recall": 0.48148148148148145, "Precision": 0.6190476190476191, "Cohen_Kappa": 0.18518518518518523, "AUC": 0.6831275720164609, "TP": 13, "TN": 19, "FP": 8, "FN": 14}, "test": {"ACC": 0.7222222222222222, "F1_Score": 0.7058823529411765, "Recall": 0.6666666666666666, "Precision": 0.75, "Cohen_Kappa": 0.4444444444444444, "AUC": 0.8052126200274349, "TP": 18, "TN": 21, "FP": 6, "FN": 9}}, "RF": {"valid": {"ACC": 0.5740740740740741, "F1_Score": 0.5106382978723405, "Recall": 0.4444444444444444, "Precision": 0.6, "Cohen_Kappa": 0.14814814814814814, "AUC": 0.7242798353909465, "TP": 12, "TN": 19, "FP": 8, "FN": 15}, "test": {"ACC": 0.7037037037037037, "F1_Score": 0.68, "Recall": 0.6296296296296297, "Precision": 0.7391304347826086, "Cohen_Kappa": 0.40740740740740744, "AUC": 0.7373113854595336, "TP": 17, "TN": 21, "FP": 6, "FN": 10}}, "ADA": {"valid": {"ACC": 0.6481481481481481, "F1_Score": 0.627450980392157, "Recall": 0.5925925925925926, "Precision": 0.6666666666666666, "Cohen_Kappa": 0.2962962962962963, "AUC": 0.6742112482853223, "TP": 16, "TN": 19, "FP": 8, "FN": 11}, "test": {"ACC": 0.6481481481481481, "F1_Score": 0.627450980392157, "Recall": 0.5925925925925926, "Precision": 0.6666666666666666, "Cohen_Kappa": 0.2962962962962963, "AUC": 0.7091906721536351, "TP": 16, "TN": 19, "FP": 8, "FN": 11}}, "XGB": {"valid": {"ACC": 0.5925925925925926, "F1_Score": 0.576923076923077, "Recall": 0.5555555555555556, "Precision": 0.6, "Cohen_Kappa": 0.18518518518518523, "AUC": 0.6831275720164609, "TP": 15, "TN": 17, "FP": 10, "FN": 12}, "test": {"ACC": 0.6481481481481481, "F1_Score": 0.627450980392157, "Recall": 0.5925925925925926, "Precision": 0.6666666666666666, "Cohen_Kappa": 0.2962962962962963, "AUC": 0.7640603566529492, "TP": 16, "TN": 19, "FP": 8, "FN": 11}}, "MLP": {"valid": {"ACC": 0.5925925925925926, "F1_Score": 0.576923076923077, "Recall": 0.5555555555555556, "Precision": 0.6, "Cohen_Kappa": 0.18518518518518523, "AUC": 0.6858710562414266, "TP": 15, "TN": 17, "FP": 10, "FN": 12}, "test": {"ACC": 0.7037037037037037, "F1_Score": 0.68, "Recall": 0.6296296296296297, "Precision": 0.7391304347826086, "Cohen_Kappa": 0.40740740740740744, "AUC": 0.7654320987654321, "TP": 17, "TN": 21, "FP": 6, "FN": 10}}, "LR": {"valid": {"ACC": 0.6296296296296297, "F1_Score": 0.6, "Recall": 0.5555555555555556, "Precision": 0.6521739130434783, "Cohen_Kappa": 0.2592592592592593, "AUC": 0.7023319615912208, "TP": 15, "TN": 19, "FP": 8, "FN": 12}, "test": {"ACC": 0.7222222222222222, "F1_Score": 0.6938775510204083, "Recall": 0.6296296296296297, "Precision": 0.7727272727272727, "Cohen_Kappa": 0.4444444444444444, "AUC": 0.803840877914952, "TP": 17, "TN": 22, "FP": 5, "FN": 10}}, "ETAs": {"valid": {"ACC": 0.6481481481481481, "F1_Score": 0.5957446808510639, "Recall": 0.5185185185185185, "Precision": 0.7, "Cohen_Kappa": 0.2962962962962963, "AUC": 0.7400548696844993, "TP": 14, "TN": 21, "FP": 6, "FN": 13}, "test": {"ACC": 0.7407407407407407, "F1_Score": 0.7083333333333334, "Recall": 0.6296296296296297, "Precision": 0.8095238095238095, "Cohen_Kappa": 0.4814814814814815, "AUC": 0.7544581618655692, "TP": 17, "TN": 23, "FP": 4, "FN": 10}}, "CNB": {"valid": {"ACC": 0.5925925925925926, "F1_Score": 0.5416666666666666, "Recall": 0.48148148148148145, "Precision": 0.6190476190476191, "Cohen_Kappa": 0.18518518518518523, "AUC": 0.6831275720164609, "TP": 13, "TN": 19, "FP": 8, "FN": 14}, "test": {"ACC": 0.7222222222222222, "F1_Score": 0.7058823529411765, "Recall": 0.6666666666666666, "Precision": 0.75, "Cohen_Kappa": 0.4444444444444444, "AUC": 0.8052126200274349, "TP": 18, "TN": 21, "FP": 6, "FN": 9}}, "GB": {"valid": {"ACC": 0.6666666666666666, "F1_Score": 0.6250000000000001, "Recall": 0.5555555555555556, "Precision": 0.7142857142857143, "Cohen_Kappa": 0.33333333333333337, "AUC": 0.7654320987654321, "TP": 15, "TN": 21, "FP": 6, "FN": 12}, "test": {"ACC": 0.7222222222222222, "F1_Score": 0.7058823529411765, "Recall": 0.6666666666666666, "Precision": 0.75, "Cohen_Kappa": 0.4444444444444444, "AUC": 0.7709190672153635, "TP": 18, "TN": 21, "FP": 6, "FN": 9}}, "BAG": {"valid": {"ACC": 0.6481481481481481, "F1_Score": 0.6122448979591836, "Recall": 0.5555555555555556, "Precision": 0.6818181818181818, "Cohen_Kappa": 0.2962962962962963, "AUC": 0.7139917695473251, "TP": 15, "TN": 20, "FP": 7, "FN": 12}, "test": {"ACC": 0.7592592592592593, "F1_Score": 0.711111111111111, "Recall": 0.5925925925925926, "Precision": 0.8888888888888888, "Cohen_Kappa": 0.5185185185185186, "AUC": 0.7517146776406035, "TP": 16, "TN": 25, "FP": 2, "FN": 11}}, "QDA": {"valid": {"ACC": 0.5, "F1_Score": 0.0, "Recall": 0.0, "Precision": 0.0, "Cohen_Kappa": 0.0, "AUC": 0.5, "TP": 0, "TN": 27, "FP": 0, "FN": 27}, "test": {"ACC": 0.5, "F1_Score": 0.0, "Recall": 0.0, "Precision": 0.0, "Cohen_Kappa": 0.0, "AUC": 0.5, "TP": 0, "TN": 27, "FP": 0, "FN": 27}}, "SVC": {"valid": {"ACC": 0.6111111111111112, "F1_Score": 0.5882352941176471, "Recall": 0.5555555555555556, "Precision": 0.625, "Cohen_Kappa": 0.2222222222222222, "AUC": 0.7379972565157751, "TP": 15, "TN": 18, "FP": 9, "FN": 12}, "test": {"ACC": 0.7222222222222222, "F1_Score": 0.7169811320754716, "Recall": 0.7037037037037037, "Precision": 0.7307692307692307, "Cohen_Kappa": 0.4444444444444444, "AUC": 0.7873799725651577, "TP": 19, "TN": 20, "FP": 7, "FN": 8}}}