{"OVR": {"valid": {"ACC": 0.7124463519313304, "F1_Score": 0.7099567099567099, "Recall": 0.7008547008547008, "Precision": 0.7192982456140351, "Cohen_Kappa": 0.4249456661877924, "AUC": 0.7590627763041555, "TP": 82, "TN": 84, "FP": 32, "FN": 35}, "test": {"ACC": 0.7094017094017094, "F1_Score": 0.7017543859649122, "Recall": 0.6837606837606838, "Precision": 0.7207207207207207, "Cohen_Kappa": 0.41880341880341876, "AUC": 0.7850829132880415, "TP": 80, "TN": 86, "FP": 31, "FN": 37}}, "KNB": {"valid": {"ACC": 0.6223175965665236, "F1_Score": 0.46341463414634143, "Recall": 0.3247863247863248, "Precision": 0.8085106382978723, "Cohen_Kappa": 0.2465642683912691, "AUC": 0.6906498673740054, "TP": 38, "TN": 107, "FP": 9, "FN": 79}, "test": {"ACC": 0.594017094017094, "F1_Score": 0.3870967741935484, "Recall": 0.2564102564102564, "Precision": 0.7894736842105263, "Cohen_Kappa": 0.18803418803418803, "AUC": 0.6333917744174156, "TP": 30, "TN": 109, "FP": 8, "FN": 87}}, "DT": {"valid": {"ACC": 0.6223175965665236, "F1_Score": 0.6106194690265486, "Recall": 0.5897435897435898, "Precision": 0.6330275229357798, "Cohen_Kappa": 0.2448438420742487, "AUC": 0.6224580017683465, "TP": 69, "TN": 76, "FP": 40, "FN": 48}, "test": {"ACC": 0.6538461538461539, "F1_Score": 0.6334841628959277, "Recall": 0.5982905982905983, "Precision": 0.6730769230769231, "Cohen_Kappa": 0.3076923076923077, "AUC": 0.6538461538461539, "TP": 70, "TN": 83, "FP": 34, "FN": 47}}, "MNB": {"valid": {"ACC": 0.6824034334763949, "F1_Score": 0.6864406779661016, "Recall": 0.6923076923076923, "Precision": 0.680672268907563, "Cohen_Kappa": 0.3647483604745413, "AUC": 0.7237695254936635, "TP": 81, "TN": 78, "FP": 38, "FN": 36}, "test": {"ACC": 0.6923076923076923, "F1_Score": 0.7024793388429752, "Recall": 0.7264957264957265, "Precision": 0.68, "Cohen_Kappa": 0.3846153846153846, "AUC": 0.7837679888961941, "TP": 85, "TN": 77, "FP": 40, "FN": 32}}, "RF": {"valid": {"ACC": 0.7253218884120172, "F1_Score": 0.7310924369747899, "Recall": 0.7435897435897436, "Precision": 0.71900826446281, "Cohen_Kappa": 0.4505526897568165, "AUC": 0.7795092838196287, "TP": 87, "TN": 82, "FP": 34, "FN": 30}, "test": {"ACC": 0.7521367521367521, "F1_Score": 0.7478260869565218, "Recall": 0.7350427350427351, "Precision": 0.7610619469026548, "Cohen_Kappa": 0.5042735042735043, "AUC": 0.8102125794433487, "TP": 86, "TN": 90, "FP": 27, "FN": 31}}, "ADA": {"valid": {"ACC": 0.6995708154506438, "F1_Score": 0.6902654867256638, "Recall": 0.6666666666666666, "Precision": 0.7155963302752294, "Cohen_Kappa": 0.3993076016499705, "AUC": 0.7601311523725317, "TP": 78, "TN": 85, "FP": 31, "FN": 39}, "test": {"ACC": 0.6837606837606838, "F1_Score": 0.6837606837606838, "Recall": 0.6837606837606838, "Precision": 0.6837606837606838, "Cohen_Kappa": 0.36752136752136755, "AUC": 0.7688289867777047, "TP": 80, "TN": 80, "FP": 37, "FN": 37}}, "XGB": {"valid": {"ACC": 0.7381974248927039, "F1_Score": 0.7381974248927039, "Recall": 0.7350427350427351, "Precision": 0.7413793103448276, "Cohen_Kappa": 0.4764044943820225, "AUC": 0.7768199233716474, "TP": 86, "TN": 86, "FP": 30, "FN": 31}, "test": {"ACC": 0.7222222222222222, "F1_Score": 0.7085201793721974, "Recall": 0.6752136752136753, "Precision": 0.7452830188679245, "Cohen_Kappa": 0.4444444444444444, "AUC": 0.8149609175250201, "TP": 79, "TN": 90, "FP": 27, "FN": 38}}, "MLP": {"valid": {"ACC": 0.6909871244635193, "F1_Score": 0.6974789915966387, "Recall": 0.7094017094017094, "Precision": 0.6859504132231405, "Cohen_Kappa": 0.38187177597641864, "AUC": 0.723990568818155, "TP": 83, "TN": 78, "FP": 38, "FN": 34}, "test": {"ACC": 0.7008547008547008, "F1_Score": 0.6929824561403508, "Recall": 0.6752136752136753, "Precision": 0.7117117117117117, "Cohen_Kappa": 0.4017094017094017, "AUC": 0.7628022499817372, "TP": 79, "TN": 85, "FP": 32, "FN": 38}}, "LR": {"valid": {"ACC": 0.7124463519313304, "F1_Score": 0.7099567099567099, "Recall": 0.7008547008547008, "Precision": 0.7192982456140351, "Cohen_Kappa": 0.4249456661877924, "AUC": 0.7590627763041555, "TP": 82, "TN": 84, "FP": 32, "FN": 35}, "test": {"ACC": 0.7094017094017094, "F1_Score": 0.7017543859649122, "Recall": 0.6837606837606838, "Precision": 0.7207207207207207, "Cohen_Kappa": 0.41880341880341876, "AUC": 0.7850829132880415, "TP": 80, "TN": 86, "FP": 31, "FN": 37}}, "ETAs": {"valid": {"ACC": 0.6952789699570815, "F1_Score": 0.70042194092827, "Recall": 0.7094017094017094, "Precision": 0.6916666666666667, "Cohen_Kappa": 0.3904793485870086, "AUC": 0.7731727085175363, "TP": 83, "TN": 79, "FP": 37, "FN": 34}, "test": {"ACC": 0.7777777777777778, "F1_Score": 0.7657657657657657, "Recall": 0.7264957264957265, "Precision": 0.8095238095238095, "Cohen_Kappa": 0.5555555555555556, "AUC": 0.8055738183943312, "TP": 85, "TN": 97, "FP": 20, "FN": 32}}, "CNB": {"valid": {"ACC": 0.6824034334763949, "F1_Score": 0.6864406779661016, "Recall": 0.6923076923076923, "Precision": 0.680672268907563, "Cohen_Kappa": 0.3647483604745413, "AUC": 0.7237695254936635, "TP": 81, "TN": 78, "FP": 38, "FN": 36}, "test": {"ACC": 0.6923076923076923, "F1_Score": 0.7024793388429752, "Recall": 0.7264957264957265, "Precision": 0.68, "Cohen_Kappa": 0.3846153846153846, "AUC": 0.7837679888961941, "TP": 85, "TN": 77, "FP": 40, "FN": 32}}, "GB": {"valid": {"ACC": 0.721030042918455, "F1_Score": 0.7111111111111111, "Recall": 0.6837606837606838, "Precision": 0.7407407407407407, "Cohen_Kappa": 0.44223474385887385, "AUC": 0.7957928087238432, "TP": 80, "TN": 88, "FP": 28, "FN": 37}, "test": {"ACC": 0.7521367521367521, "F1_Score": 0.7363636363636364, "Recall": 0.6923076923076923, "Precision": 0.7864077669902912, "Cohen_Kappa": 0.5042735042735043, "AUC": 0.8370954781211191, "TP": 81, "TN": 95, "FP": 22, "FN": 36}}, "BAG": {"valid": {"ACC": 0.6738197424892703, "F1_Score": 0.6481481481481481, "Recall": 0.5982905982905983, "Precision": 0.7070707070707071, "Cohen_Kappa": 0.34805978941167803, "AUC": 0.7493737105806072, "TP": 70, "TN": 87, "FP": 29, "FN": 47}, "test": {"ACC": 0.7051282051282052, "F1_Score": 0.6849315068493151, "Recall": 0.6410256410256411, "Precision": 0.7352941176470589, "Cohen_Kappa": 0.41025641025641024, "AUC": 0.7646650595368545, "TP": 75, "TN": 90, "FP": 27, "FN": 42}}, "QDA": {"valid": {"ACC": 0.4978540772532189, "F1_Score": 0.016806722689075633, "Recall": 0.008547008547008548, "Precision": 0.5, "Cohen_Kappa": -7.33702630324462e-05, "AUC": 0.49996315944591807, "TP": 1, "TN": 115, "FP": 1, "FN": 116}, "test": {"ACC": 0.5085470085470085, "F1_Score": 0.033613445378151266, "Recall": 0.017094017094017096, "Precision": 1.0, "Cohen_Kappa": 0.017094017094017144, "AUC": 0.5085470085470085, "TP": 2, "TN": 117, "FP": 0, "FN": 115}}, "SVC": {"valid": {"ACC": 0.7339055793991416, "F1_Score": 0.7327586206896552, "Recall": 0.7264957264957265, "Precision": 0.7391304347826086, "Cohen_Kappa": 0.46784056582921973, "AUC": 0.812481579722959, "TP": 85, "TN": 86, "FP": 30, "FN": 32}, "test": {"ACC": 0.7564102564102564, "F1_Score": 0.7510917030567688, "Recall": 0.7350427350427351, "Precision": 0.7678571428571429, "Cohen_Kappa": 0.5128205128205128, "AUC": 0.8383008254803126, "TP": 86, "TN": 91, "FP": 26, "FN": 31}}}