{"OVR": {"valid": {"ACC": 0.6486486486486487, "F1_Score": 0.6338028169014084, "Recall": 0.6081081081081081, "Precision": 0.6617647058823529, "Cohen_Kappa": 0.29729729729729726, "AUC": 0.6422571219868517, "TP": 45, "TN": 51, "FP": 23, "FN": 29}, "test": {"ACC": 0.6375838926174496, "F1_Score": 0.619718309859155, "Recall": 0.5866666666666667, "Precision": 0.6567164179104478, "Cohen_Kappa": 0.27565718401152317, "AUC": 0.6718918918918919, "TP": 44, "TN": 51, "FP": 23, "FN": 31}}, "KNB": {"valid": {"ACC": 0.6621621621621622, "F1_Score": 0.6031746031746031, "Recall": 0.5135135135135135, "Precision": 0.7307692307692307, "Cohen_Kappa": 0.32432432432432434, "AUC": 0.6918371073776479, "TP": 38, "TN": 60, "FP": 14, "FN": 36}, "test": {"ACC": 0.5704697986577181, "F1_Score": 0.5492957746478873, "Recall": 0.52, "Precision": 0.582089552238806, "Cohen_Kappa": 0.14151962549513863, "AUC": 0.6387387387387388, "TP": 39, "TN": 46, "FP": 28, "FN": 36}}, "DT": {"valid": {"ACC": 0.6148648648648649, "F1_Score": 0.6415094339622641, "Recall": 0.6891891891891891, "Precision": 0.6, "Cohen_Kappa": 0.22972972972972971, "AUC": 0.6148648648648648, "TP": 51, "TN": 40, "FP": 34, "FN": 23}, "test": {"ACC": 0.610738255033557, "F1_Score": 0.6375000000000001, "Recall": 0.68, "Precision": 0.6, "Cohen_Kappa": 0.2207394048692517, "AUC": 0.6081081081081081, "TP": 51, "TN": 40, "FP": 34, "FN": 24}}, "MNB": {"valid": {"ACC": 0.6486486486486487, "F1_Score": 0.6388888888888888, "Recall": 0.6216216216216216, "Precision": 0.6571428571428571, "Cohen_Kappa": 0.29729729729729726, "AUC": 0.6820672023374725, "TP": 46, "TN": 50, "FP": 24, "FN": 28}, "test": {"ACC": 0.6442953020134228, "F1_Score": 0.6442953020134228, "Recall": 0.64, "Precision": 0.6486486486486487, "Cohen_Kappa": 0.28862264660841364, "AUC": 0.673873873873874, "TP": 48, "TN": 48, "FP": 26, "FN": 27}}, "RF": {"valid": {"ACC": 0.6486486486486487, "F1_Score": 0.6438356164383562, "Recall": 0.6351351351351351, "Precision": 0.6527777777777778, "Cohen_Kappa": 0.29729729729729726, "AUC": 0.7048940832724615, "TP": 47, "TN": 49, "FP": 25, "FN": 27}, "test": {"ACC": 0.6778523489932886, "F1_Score": 0.6712328767123288, "Recall": 0.6533333333333333, "Precision": 0.6901408450704225, "Cohen_Kappa": 0.3559077809798271, "AUC": 0.719009009009009, "TP": 49, "TN": 52, "FP": 22, "FN": 26}}, "ADA": {"valid": {"ACC": 0.5405405405405406, "F1_Score": 0.5142857142857143, "Recall": 0.4864864864864865, "Precision": 0.5454545454545454, "Cohen_Kappa": 0.08108108108108103, "AUC": 0.5620891161431703, "TP": 36, "TN": 44, "FP": 30, "FN": 38}, "test": {"ACC": 0.6577181208053692, "F1_Score": 0.6382978723404256, "Recall": 0.6, "Precision": 0.6818181818181818, "Cohen_Kappa": 0.3159600324061572, "AUC": 0.6742342342342342, "TP": 45, "TN": 53, "FP": 21, "FN": 30}}, "XGB": {"valid": {"ACC": 0.6621621621621622, "F1_Score": 0.6376811594202898, "Recall": 0.5945945945945946, "Precision": 0.6875, "Cohen_Kappa": 0.32432432432432434, "AUC": 0.6869978086194302, "TP": 44, "TN": 54, "FP": 20, "FN": 30}, "test": {"ACC": 0.6308724832214765, "F1_Score": 0.6099290780141844, "Recall": 0.5733333333333334, "Precision": 0.6515151515151515, "Cohen_Kappa": 0.2623098388693852, "AUC": 0.6834234234234234, "TP": 43, "TN": 51, "FP": 23, "FN": 32}}, "MLP": {"valid": {"ACC": 0.6283783783783784, "F1_Score": 0.6153846153846154, "Recall": 0.5945945945945946, "Precision": 0.6376811594202898, "Cohen_Kappa": 0.2567567567567568, "AUC": 0.6274653031409787, "TP": 44, "TN": 49, "FP": 25, "FN": 30}, "test": {"ACC": 0.6241610738255033, "F1_Score": 0.6056338028169014, "Recall": 0.5733333333333334, "Precision": 0.6417910447761194, "Cohen_Kappa": 0.24882967230824626, "AUC": 0.6695495495495496, "TP": 43, "TN": 50, "FP": 24, "FN": 32}}, "LR": {"valid": {"ACC": 0.6486486486486487, "F1_Score": 0.6338028169014084, "Recall": 0.6081081081081081, "Precision": 0.6617647058823529, "Cohen_Kappa": 0.29729729729729726, "AUC": 0.6422571219868517, "TP": 45, "TN": 51, "FP": 23, "FN": 29}, "test": {"ACC": 0.6375838926174496, "F1_Score": 0.619718309859155, "Recall": 0.5866666666666667, "Precision": 0.6567164179104478, "Cohen_Kappa": 0.27565718401152317, "AUC": 0.6718918918918919, "TP": 44, "TN": 51, "FP": 23, "FN": 31}}, "ETAs": {"valid": {"ACC": 0.6081081081081081, "F1_Score": 0.5538461538461539, "Recall": 0.4864864864864865, "Precision": 0.6428571428571429, "Cohen_Kappa": 0.21621621621621623, "AUC": 0.6899196493791089, "TP": 36, "TN": 54, "FP": 20, "FN": 38}, "test": {"ACC": 0.6442953020134228, "F1_Score": 0.6344827586206896, "Recall": 0.6133333333333333, "Precision": 0.6571428571428571, "Cohen_Kappa": 0.2888788833858623, "AUC": 0.7078378378378379, "TP": 46, "TN": 50, "FP": 24, "FN": 29}}, "CNB": {"valid": {"ACC": 0.6486486486486487, "F1_Score": 0.6388888888888888, "Recall": 0.6216216216216216, "Precision": 0.6571428571428571, "Cohen_Kappa": 0.29729729729729726, "AUC": 0.6820672023374725, "TP": 46, "TN": 50, "FP": 24, "FN": 28}, "test": {"ACC": 0.6442953020134228, "F1_Score": 0.6442953020134228, "Recall": 0.64, "Precision": 0.6486486486486487, "Cohen_Kappa": 0.28862264660841364, "AUC": 0.673873873873874, "TP": 48, "TN": 48, "FP": 26, "FN": 27}}, "GB": {"valid": {"ACC": 0.6554054054054054, "F1_Score": 0.6330935251798562, "Recall": 0.5945945945945946, "Precision": 0.676923076923077, "Cohen_Kappa": 0.31081081081081086, "AUC": 0.6882761139517897, "TP": 44, "TN": 53, "FP": 21, "FN": 30}, "test": {"ACC": 0.6644295302013423, "F1_Score": 0.6621621621621622, "Recall": 0.6533333333333333, "Precision": 0.6712328767123288, "Cohen_Kappa": 0.32894973878580436, "AUC": 0.6927927927927928, "TP": 49, "TN": 50, "FP": 24, "FN": 26}}, "BAG": {"valid": {"ACC": 0.6891891891891891, "F1_Score": 0.6567164179104478, "Recall": 0.5945945945945946, "Precision": 0.7333333333333333, "Cohen_Kappa": 0.3783783783783784, "AUC": 0.6981373265157049, "TP": 44, "TN": 58, "FP": 16, "FN": 30}, "test": {"ACC": 0.6174496644295302, "F1_Score": 0.6174496644295302, "Recall": 0.6133333333333333, "Precision": 0.6216216216216216, "Cohen_Kappa": 0.23493378974867118, "AUC": 0.6434234234234234, "TP": 46, "TN": 46, "FP": 28, "FN": 29}}, "QDA": {"valid": {"ACC": 0.5, "F1_Score": 0.0, "Recall": 0.0, "Precision": 0.0, "Cohen_Kappa": 0.0, "AUC": 0.5, "TP": 0, "TN": 74, "FP": 0, "FN": 74}, "test": {"ACC": 0.4966442953020134, "F1_Score": 0.0, "Recall": 0.0, "Precision": 0.0, "Cohen_Kappa": 0.0, "AUC": 0.5, "TP": 0, "TN": 74, "FP": 0, "FN": 75}}, "SVC": {"valid": {"ACC": 0.6351351351351351, "F1_Score": 0.6029411764705883, "Recall": 0.5540540540540541, "Precision": 0.6612903225806451, "Cohen_Kappa": 0.2702702702702703, "AUC": 0.7089116143170198, "TP": 41, "TN": 53, "FP": 21, "FN": 33}, "test": {"ACC": 0.6442953020134228, "F1_Score": 0.6187050359712232, "Recall": 0.5733333333333334, "Precision": 0.671875, "Cohen_Kappa": 0.28926289262892624, "AUC": 0.7122522522522522, "TP": 43, "TN": 53, "FP": 21, "FN": 32}}}