{"OVR": {"valid": {"ACC": 0.6486486486486487, "F1_Score": 0.6285714285714286, "Recall": 0.5945945945945946, "Precision": 0.6666666666666666, "Cohen_Kappa": 0.29729729729729726, "AUC": 0.6743973703433163, "TP": 44, "TN": 52, "FP": 22, "FN": 30}, "test": {"ACC": 0.6040268456375839, "F1_Score": 0.5931034482758621, "Recall": 0.5733333333333334, "Precision": 0.6142857142857143, "Cohen_Kappa": 0.20837460603331837, "AUC": 0.6346846846846848, "TP": 43, "TN": 47, "FP": 27, "FN": 32}}, "KNB": {"valid": {"ACC": 0.6216216216216216, "F1_Score": 0.6266666666666667, "Recall": 0.6351351351351351, "Precision": 0.618421052631579, "Cohen_Kappa": 0.2432432432432432, "AUC": 0.6905588020452885, "TP": 47, "TN": 45, "FP": 29, "FN": 27}, "test": {"ACC": 0.6375838926174496, "F1_Score": 0.6301369863013698, "Recall": 0.6133333333333333, "Precision": 0.647887323943662, "Cohen_Kappa": 0.27539625360230546, "AUC": 0.6395495495495496, "TP": 46, "TN": 49, "FP": 25, "FN": 29}}, "DT": {"valid": {"ACC": 0.5405405405405406, "F1_Score": 0.5405405405405406, "Recall": 0.5405405405405406, "Precision": 0.5405405405405406, "Cohen_Kappa": 0.08108108108108103, "AUC": 0.5405405405405406, "TP": 40, "TN": 40, "FP": 34, "FN": 34}, "test": {"ACC": 0.5436241610738255, "F1_Score": 0.5526315789473685, "Recall": 0.56, "Precision": 0.5454545454545454, "Cohen_Kappa": 0.08704271039826994, "AUC": 0.5435135135135135, "TP": 42, "TN": 39, "FP": 35, "FN": 33}}, "MNB": {"valid": {"ACC": 0.6351351351351351, "F1_Score": 0.6301369863013699, "Recall": 0.6216216216216216, "Precision": 0.6388888888888888, "Cohen_Kappa": 0.2702702702702703, "AUC": 0.6842585829072315, "TP": 46, "TN": 48, "FP": 26, "FN": 28}, "test": {"ACC": 0.6375838926174496, "F1_Score": 0.64, "Recall": 0.64, "Precision": 0.64, "Cohen_Kappa": 0.2751351351351352, "AUC": 0.6568468468468469, "TP": 48, "TN": 47, "FP": 27, "FN": 27}}, "RF": {"valid": {"ACC": 0.6621621621621622, "F1_Score": 0.6376811594202898, "Recall": 0.5945945945945946, "Precision": 0.6875, "Cohen_Kappa": 0.32432432432432434, "AUC": 0.7151205259313368, "TP": 44, "TN": 54, "FP": 20, "FN": 30}, "test": {"ACC": 0.6375838926174496, "F1_Score": 0.619718309859155, "Recall": 0.5866666666666667, "Precision": 0.6567164179104478, "Cohen_Kappa": 0.27565718401152317, "AUC": 0.6763063063063063, "TP": 44, "TN": 51, "FP": 23, "FN": 31}}, "ADA": {"valid": {"ACC": 0.6013513513513513, "F1_Score": 0.5693430656934306, "Recall": 0.527027027027027, "Precision": 0.6190476190476191, "Cohen_Kappa": 0.20270270270270274, "AUC": 0.6178780131482834, "TP": 39, "TN": 50, "FP": 24, "FN": 35}, "test": {"ACC": 0.5570469798657718, "F1_Score": 0.5540540540540541, "Recall": 0.5466666666666666, "Precision": 0.5616438356164384, "Cohen_Kappa": 0.11421365519726168, "AUC": 0.569009009009009, "TP": 41, "TN": 42, "FP": 32, "FN": 34}}, "XGB": {"valid": {"ACC": 0.6418918918918919, "F1_Score": 0.618705035971223, "Recall": 0.581081081081081, "Precision": 0.6615384615384615, "Cohen_Kappa": 0.28378378378378377, "AUC": 0.6972242512783053, "TP": 43, "TN": 52, "FP": 22, "FN": 31}, "test": {"ACC": 0.6241610738255033, "F1_Score": 0.6164383561643835, "Recall": 0.6, "Precision": 0.6338028169014085, "Cohen_Kappa": 0.24855907780979825, "AUC": 0.6433333333333333, "TP": 45, "TN": 48, "FP": 26, "FN": 30}}, "MLP": {"valid": {"ACC": 0.6081081081081081, "F1_Score": 0.5972222222222221, "Recall": 0.581081081081081, "Precision": 0.6142857142857143, "Cohen_Kappa": 0.21621621621621623, "AUC": 0.6685536888239592, "TP": 43, "TN": 47, "FP": 27, "FN": 31}, "test": {"ACC": 0.5838926174496645, "F1_Score": 0.5810810810810811, "Recall": 0.5733333333333334, "Precision": 0.589041095890411, "Cohen_Kappa": 0.16789767609439732, "AUC": 0.6067567567567568, "TP": 43, "TN": 44, "FP": 30, "FN": 32}}, "LR": {"valid": {"ACC": 0.6486486486486487, "F1_Score": 0.6285714285714286, "Recall": 0.5945945945945946, "Precision": 0.6666666666666666, "Cohen_Kappa": 0.29729729729729726, "AUC": 0.6743973703433163, "TP": 44, "TN": 52, "FP": 22, "FN": 30}, "test": {"ACC": 0.6040268456375839, "F1_Score": 0.5931034482758621, "Recall": 0.5733333333333334, "Precision": 0.6142857142857143, "Cohen_Kappa": 0.20837460603331837, "AUC": 0.6346846846846848, "TP": 43, "TN": 47, "FP": 27, "FN": 32}}, "ETAs": {"valid": {"ACC": 0.6418918918918919, "F1_Score": 0.624113475177305, "Recall": 0.5945945945945946, "Precision": 0.6567164179104478, "Cohen_Kappa": 0.28378378378378377, "AUC": 0.7161249086924762, "TP": 44, "TN": 51, "FP": 23, "FN": 30}, "test": {"ACC": 0.6442953020134228, "F1_Score": 0.6344827586206896, "Recall": 0.6133333333333333, "Precision": 0.6571428571428571, "Cohen_Kappa": 0.2888788833858623, "AUC": 0.6826126126126126, "TP": 46, "TN": 50, "FP": 24, "FN": 29}}, "CNB": {"valid": {"ACC": 0.6351351351351351, "F1_Score": 0.6301369863013699, "Recall": 0.6216216216216216, "Precision": 0.6388888888888888, "Cohen_Kappa": 0.2702702702702703, "AUC": 0.6842585829072315, "TP": 46, "TN": 48, "FP": 26, "FN": 28}, "test": {"ACC": 0.6375838926174496, "F1_Score": 0.64, "Recall": 0.64, "Precision": 0.64, "Cohen_Kappa": 0.2751351351351352, "AUC": 0.6568468468468469, "TP": 48, "TN": 47, "FP": 27, "FN": 27}}, "GB": {"valid": {"ACC": 0.6418918918918919, "F1_Score": 0.6293706293706294, "Recall": 0.6081081081081081, "Precision": 0.6521739130434783, "Cohen_Kappa": 0.28378378378378377, "AUC": 0.6754017531044558, "TP": 45, "TN": 50, "FP": 24, "FN": 29}, "test": {"ACC": 0.5771812080536913, "F1_Score": 0.5531914893617023, "Recall": 0.52, "Precision": 0.5909090909090909, "Cohen_Kappa": 0.15500945179584125, "AUC": 0.607027027027027, "TP": 39, "TN": 47, "FP": 27, "FN": 36}}, "BAG": {"valid": {"ACC": 0.6418918918918919, "F1_Score": 0.5891472868217054, "Recall": 0.5135135135135135, "Precision": 0.6909090909090909, "Cohen_Kappa": 0.28378378378378377, "AUC": 0.6848977355734113, "TP": 38, "TN": 57, "FP": 17, "FN": 36}, "test": {"ACC": 0.6174496644295302, "F1_Score": 0.5957446808510639, "Recall": 0.56, "Precision": 0.6363636363636364, "Cohen_Kappa": 0.23548474210099923, "AUC": 0.6707207207207208, "TP": 42, "TN": 50, "FP": 24, "FN": 33}}, "QDA": {"valid": {"ACC": 0.5067567567567568, "F1_Score": 0.0759493670886076, "Recall": 0.04054054054054054, "Precision": 0.6, "Cohen_Kappa": 0.013513513513513487, "AUC": 0.5067567567567568, "TP": 3, "TN": 72, "FP": 2, "FN": 71}, "test": {"ACC": 0.5167785234899329, "F1_Score": 0.1627906976744186, "Recall": 0.09333333333333334, "Precision": 0.6363636363636364, "Cohen_Kappa": 0.03905410247223229, "AUC": 0.5196396396396396, "TP": 7, "TN": 70, "FP": 4, "FN": 68}}, "SVC": {"valid": {"ACC": 0.668918918918919, "F1_Score": 0.631578947368421, "Recall": 0.5675675675675675, "Precision": 0.711864406779661, "Cohen_Kappa": 0.33783783783783783, "AUC": 0.7289992695398102, "TP": 42, "TN": 57, "FP": 17, "FN": 32}, "test": {"ACC": 0.610738255033557, "F1_Score": 0.573529411764706, "Recall": 0.52, "Precision": 0.639344262295082, "Cohen_Kappa": 0.22242217023573874, "AUC": 0.6881981981981983, "TP": 39, "TN": 52, "FP": 22, "FN": 36}}}