{"OVR": {"valid": {"ACC": 0.7241379310344828, "F1_Score": 0.7368421052631577, "Recall": 0.7777777777777778, "Precision": 0.7, "Cohen_Kappa": 0.4486692015209125, "AUC": 0.812214611872146, "TP": 56, "TN": 49, "FP": 24, "FN": 16}, "test": {"ACC": 0.6413793103448275, "F1_Score": 0.6231884057971014, "Recall": 0.589041095890411, "Precision": 0.6615384615384615, "Cohen_Kappa": 0.28326996197718624, "AUC": 0.7441019786910198, "TP": 43, "TN": 50, "FP": 22, "FN": 30}}, "KNB": {"valid": {"ACC": 0.7241379310344828, "F1_Score": 0.6610169491525423, "Recall": 0.5416666666666666, "Precision": 0.8478260869565217, "Cohen_Kappa": 0.44688155636086213, "AUC": 0.7855783866057839, "TP": 39, "TN": 66, "FP": 7, "FN": 33}, "test": {"ACC": 0.6413793103448275, "F1_Score": 0.5517241379310345, "Recall": 0.4383561643835616, "Precision": 0.7441860465116279, "Cohen_Kappa": 0.2847656991083286, "AUC": 0.6660007610350076, "TP": 32, "TN": 61, "FP": 11, "FN": 41}}, "DT": {"valid": {"ACC": 0.6896551724137931, "F1_Score": 0.7133757961783439, "Recall": 0.7777777777777778, "Precision": 0.6588235294117647, "Cohen_Kappa": 0.3800475059382423, "AUC": 0.6902587519025875, "TP": 56, "TN": 44, "FP": 29, "FN": 16}, "test": {"ACC": 0.5586206896551724, "F1_Score": 0.5616438356164384, "Recall": 0.5616438356164384, "Precision": 0.5616438356164384, "Cohen_Kappa": 0.11719939117199385, "AUC": 0.558599695585997, "TP": 41, "TN": 40, "FP": 32, "FN": 32}}, "MNB": {"valid": {"ACC": 0.7310344827586207, "F1_Score": 0.7310344827586207, "Recall": 0.7361111111111112, "Precision": 0.726027397260274, "Cohen_Kappa": 0.46209454960525065, "AUC": 0.8261035007610351, "TP": 53, "TN": 53, "FP": 20, "FN": 19}, "test": {"ACC": 0.6137931034482759, "F1_Score": 0.6, "Recall": 0.5753424657534246, "Precision": 0.6268656716417911, "Cohen_Kappa": 0.22799011218862897, "AUC": 0.6704718417047184, "TP": 42, "TN": 47, "FP": 25, "FN": 31}}, "RF": {"valid": {"ACC": 0.7931034482758621, "F1_Score": 0.8, "Recall": 0.8333333333333334, "Precision": 0.7692307692307693, "Cohen_Kappa": 0.5864232743867654, "AUC": 0.8653919330289193, "TP": 60, "TN": 55, "FP": 18, "FN": 12}, "test": {"ACC": 0.7034482758620689, "F1_Score": 0.703448275862069, "Recall": 0.6986301369863014, "Precision": 0.7083333333333334, "Cohen_Kappa": 0.4069247598211738, "AUC": 0.7518074581430745, "TP": 51, "TN": 51, "FP": 21, "FN": 22}}, "ADA": {"valid": {"ACC": 0.7379310344827587, "F1_Score": 0.7466666666666666, "Recall": 0.7777777777777778, "Precision": 0.717948717948718, "Cohen_Kappa": 0.47613614755656963, "AUC": 0.784627092846271, "TP": 56, "TN": 51, "FP": 22, "FN": 16}, "test": {"ACC": 0.6413793103448275, "F1_Score": 0.6176470588235294, "Recall": 0.5753424657534246, "Precision": 0.6666666666666666, "Cohen_Kappa": 0.28340619654058163, "AUC": 0.6643835616438355, "TP": 42, "TN": 51, "FP": 21, "FN": 31}}, "XGB": {"valid": {"ACC": 0.7517241379310344, "F1_Score": 0.7721518987341772, "Recall": 0.8472222222222222, "Precision": 0.7093023255813954, "Cohen_Kappa": 0.5040851225536767, "AUC": 0.8388508371385084, "TP": 61, "TN": 48, "FP": 25, "FN": 11}, "test": {"ACC": 0.696551724137931, "F1_Score": 0.6986301369863014, "Recall": 0.6986301369863014, "Precision": 0.6986301369863014, "Cohen_Kappa": 0.3930745814307458, "AUC": 0.7420091324200914, "TP": 51, "TN": 50, "FP": 22, "FN": 22}}, "MLP": {"valid": {"ACC": 0.7448275862068966, "F1_Score": 0.7549668874172185, "Recall": 0.7916666666666666, "Precision": 0.7215189873417721, "Cohen_Kappa": 0.489970529518015, "AUC": 0.8175418569254185, "TP": 57, "TN": 51, "FP": 22, "FN": 15}, "test": {"ACC": 0.6689655172413793, "F1_Score": 0.6470588235294118, "Recall": 0.6027397260273972, "Precision": 0.6984126984126984, "Cohen_Kappa": 0.3385287968066908, "AUC": 0.7357305936073059, "TP": 44, "TN": 53, "FP": 19, "FN": 29}}, "LR": {"valid": {"ACC": 0.7241379310344828, "F1_Score": 0.7368421052631577, "Recall": 0.7777777777777778, "Precision": 0.7, "Cohen_Kappa": 0.4486692015209125, "AUC": 0.812214611872146, "TP": 56, "TN": 49, "FP": 24, "FN": 16}, "test": {"ACC": 0.6413793103448275, "F1_Score": 0.6231884057971014, "Recall": 0.589041095890411, "Precision": 0.6615384615384615, "Cohen_Kappa": 0.28326996197718624, "AUC": 0.7441019786910198, "TP": 43, "TN": 50, "FP": 22, "FN": 30}}, "ETAs": {"valid": {"ACC": 0.8, "F1_Score": 0.8079470198675496, "Recall": 0.8472222222222222, "Precision": 0.7721518987341772, "Cohen_Kappa": 0.6002471717843901, "AUC": 0.867199391171994, "TP": 61, "TN": 55, "FP": 18, "FN": 11}, "test": {"ACC": 0.7034482758620689, "F1_Score": 0.6993006993006993, "Recall": 0.684931506849315, "Precision": 0.7142857142857143, "Cohen_Kappa": 0.40703756538278657, "AUC": 0.7519025875190259, "TP": 50, "TN": 52, "FP": 20, "FN": 23}}, "CNB": {"valid": {"ACC": 0.7310344827586207, "F1_Score": 0.7310344827586207, "Recall": 0.7361111111111112, "Precision": 0.726027397260274, "Cohen_Kappa": 0.46209454960525065, "AUC": 0.8261035007610351, "TP": 53, "TN": 53, "FP": 20, "FN": 19}, "test": {"ACC": 0.6137931034482759, "F1_Score": 0.6, "Recall": 0.5753424657534246, "Precision": 0.6268656716417911, "Cohen_Kappa": 0.22799011218862897, "AUC": 0.6704718417047184, "TP": 42, "TN": 47, "FP": 25, "FN": 31}}, "GB": {"valid": {"ACC": 0.7655172413793103, "F1_Score": 0.7848101265822784, "Recall": 0.8611111111111112, "Precision": 0.7209302325581395, "Cohen_Kappa": 0.5316359490784723, "AUC": 0.8411339421613395, "TP": 62, "TN": 49, "FP": 24, "FN": 10}, "test": {"ACC": 0.6620689655172414, "F1_Score": 0.6474820143884891, "Recall": 0.6164383561643836, "Precision": 0.6818181818181818, "Cohen_Kappa": 0.32455556611845227, "AUC": 0.7126141552511415, "TP": 45, "TN": 51, "FP": 21, "FN": 28}}, "BAG": {"valid": {"ACC": 0.7862068965517242, "F1_Score": 0.7862068965517242, "Recall": 0.7916666666666666, "Precision": 0.7808219178082192, "Cohen_Kappa": 0.5724341291734043, "AUC": 0.8331430745814309, "TP": 57, "TN": 57, "FP": 16, "FN": 15}, "test": {"ACC": 0.6758620689655173, "F1_Score": 0.6666666666666666, "Recall": 0.6438356164383562, "Precision": 0.6911764705882353, "Cohen_Kappa": 0.3520015213463916, "AUC": 0.7181316590563165, "TP": 47, "TN": 51, "FP": 21, "FN": 26}}, "QDA": {"valid": {"ACC": 0.503448275862069, "F1_Score": 0.0, "Recall": 0.0, "Precision": 0.0, "Cohen_Kappa": 0.0, "AUC": 0.5, "TP": 0, "TN": 73, "FP": 0, "FN": 72}, "test": {"ACC": 0.496551724137931, "F1_Score": 0.0, "Recall": 0.0, "Precision": 0.0, "Cohen_Kappa": 0.0, "AUC": 0.5, "TP": 0, "TN": 72, "FP": 0, "FN": 73}}, "SVC": {"valid": {"ACC": 0.7862068965517242, "F1_Score": 0.7891156462585034, "Recall": 0.8055555555555556, "Precision": 0.7733333333333333, "Cohen_Kappa": 0.5725154541131716, "AUC": 0.862062404870624, "TP": 58, "TN": 56, "FP": 17, "FN": 14}, "test": {"ACC": 0.7103448275862069, "F1_Score": 0.6956521739130435, "Recall": 0.6575342465753424, "Precision": 0.7384615384615385, "Cohen_Kappa": 0.4211026615969582, "AUC": 0.7705479452054794, "TP": 48, "TN": 55, "FP": 17, "FN": 25}}}