{"OVR": {"valid": {"ACC": 0.7517241379310344, "F1_Score": 0.76, "Recall": 0.7916666666666666, "Precision": 0.7307692307692307, "Cohen_Kappa": 0.5037079292641187, "AUC": 0.8344748858447489, "TP": 57, "TN": 52, "FP": 21, "FN": 15}, "test": {"ACC": 0.6551724137931034, "F1_Score": 0.647887323943662, "Recall": 0.6301369863013698, "Precision": 0.6666666666666666, "Cohen_Kappa": 0.3105743628756181, "AUC": 0.7275494672754946, "TP": 46, "TN": 49, "FP": 23, "FN": 27}}, "KNB": {"valid": {"ACC": 0.7655172413793103, "F1_Score": 0.746268656716418, "Recall": 0.6944444444444444, "Precision": 0.8064516129032258, "Cohen_Kappa": 0.530565606551133, "AUC": 0.8307648401826484, "TP": 50, "TN": 61, "FP": 12, "FN": 22}, "test": {"ACC": 0.6206896551724138, "F1_Score": 0.5864661654135339, "Recall": 0.5342465753424658, "Precision": 0.65, "Cohen_Kappa": 0.24228028503562948, "AUC": 0.6756088280060883, "TP": 39, "TN": 51, "FP": 21, "FN": 34}}, "DT": {"valid": {"ACC": 0.7379310344827587, "F1_Score": 0.7432432432432431, "Recall": 0.7638888888888888, "Precision": 0.7236842105263158, "Cohen_Kappa": 0.4760365157854698, "AUC": 0.7381088280060881, "TP": 55, "TN": 52, "FP": 21, "FN": 17}, "test": {"ACC": 0.5724137931034483, "F1_Score": 0.5753424657534246, "Recall": 0.5753424657534246, "Precision": 0.5753424657534246, "Cohen_Kappa": 0.14478691019786905, "AUC": 0.5723934550989346, "TP": 42, "TN": 41, "FP": 31, "FN": 31}}, "MNB": {"valid": {"ACC": 0.7172413793103448, "F1_Score": 0.7248322147651006, "Recall": 0.75, "Precision": 0.7012987012987013, "Cohen_Kappa": 0.43472473138727774, "AUC": 0.819634703196347, "TP": 54, "TN": 50, "FP": 23, "FN": 18}, "test": {"ACC": 0.6413793103448275, "F1_Score": 0.6438356164383562, "Recall": 0.6438356164383562, "Precision": 0.6438356164383562, "Cohen_Kappa": 0.282724505327245, "AUC": 0.7007229832572297, "TP": 47, "TN": 46, "FP": 26, "FN": 26}}, "RF": {"valid": {"ACC": 0.7862068965517242, "F1_Score": 0.7919463087248323, "Recall": 0.8194444444444444, "Precision": 0.7662337662337663, "Cohen_Kappa": 0.5725967481220882, "AUC": 0.8508371385083714, "TP": 59, "TN": 55, "FP": 18, "FN": 13}, "test": {"ACC": 0.696551724137931, "F1_Score": 0.6901408450704226, "Recall": 0.6712328767123288, "Precision": 0.7101449275362319, "Cohen_Kappa": 0.39330543933054396, "AUC": 0.755517503805175, "TP": 49, "TN": 52, "FP": 20, "FN": 24}}, "ADA": {"valid": {"ACC": 0.7310344827586207, "F1_Score": 0.7272727272727272, "Recall": 0.7222222222222222, "Precision": 0.7323943661971831, "Cohen_Kappa": 0.4619921986490343, "AUC": 0.7773972602739726, "TP": 52, "TN": 54, "FP": 19, "FN": 20}, "test": {"ACC": 0.6482758620689655, "F1_Score": 0.6433566433566433, "Recall": 0.6301369863013698, "Precision": 0.6571428571428571, "Cohen_Kappa": 0.29671897289586313, "AUC": 0.7112823439878235, "TP": 46, "TN": 48, "FP": 24, "FN": 27}}, "XGB": {"valid": {"ACC": 0.7448275862068966, "F1_Score": 0.7549668874172185, "Recall": 0.7916666666666666, "Precision": 0.7215189873417721, "Cohen_Kappa": 0.489970529518015, "AUC": 0.8243911719939118, "TP": 57, "TN": 51, "FP": 22, "FN": 15}, "test": {"ACC": 0.7241379310344828, "F1_Score": 0.7222222222222221, "Recall": 0.7123287671232876, "Precision": 0.7323943661971831, "Cohen_Kappa": 0.44835457485257757, "AUC": 0.7549467275494671, "TP": 52, "TN": 53, "FP": 19, "FN": 21}}, "MLP": {"valid": {"ACC": 0.7379310344827587, "F1_Score": 0.75, "Recall": 0.7916666666666666, "Precision": 0.7125, "Cohen_Kappa": 0.4762357414448669, "AUC": 0.8230593607305936, "TP": 57, "TN": 50, "FP": 23, "FN": 15}, "test": {"ACC": 0.6551724137931034, "F1_Score": 0.6527777777777778, "Recall": 0.6438356164383562, "Precision": 0.6619718309859155, "Cohen_Kappa": 0.3104432185657219, "AUC": 0.7157534246575341, "TP": 47, "TN": 48, "FP": 24, "FN": 26}}, "LR": {"valid": {"ACC": 0.7517241379310344, "F1_Score": 0.76, "Recall": 0.7916666666666666, "Precision": 0.7307692307692307, "Cohen_Kappa": 0.5037079292641187, "AUC": 0.8344748858447489, "TP": 57, "TN": 52, "FP": 21, "FN": 15}, "test": {"ACC": 0.6551724137931034, "F1_Score": 0.647887323943662, "Recall": 0.6301369863013698, "Precision": 0.6666666666666666, "Cohen_Kappa": 0.3105743628756181, "AUC": 0.7275494672754946, "TP": 46, "TN": 49, "FP": 23, "FN": 27}}, "ETAs": {"valid": {"ACC": 0.7931034482758621, "F1_Score": 0.7972972972972973, "Recall": 0.8194444444444444, "Precision": 0.7763157894736842, "Cohen_Kappa": 0.5863446177253708, "AUC": 0.8635844748858448, "TP": 59, "TN": 56, "FP": 17, "FN": 13}, "test": {"ACC": 0.696551724137931, "F1_Score": 0.6944444444444443, "Recall": 0.684931506849315, "Precision": 0.704225352112676, "Cohen_Kappa": 0.39319003233783534, "AUC": 0.7524733637747336, "TP": 50, "TN": 51, "FP": 21, "FN": 23}}, "CNB": {"valid": {"ACC": 0.7172413793103448, "F1_Score": 0.7248322147651006, "Recall": 0.75, "Precision": 0.7012987012987013, "Cohen_Kappa": 0.43472473138727774, "AUC": 0.819634703196347, "TP": 54, "TN": 50, "FP": 23, "FN": 18}, "test": {"ACC": 0.6413793103448275, "F1_Score": 0.6438356164383562, "Recall": 0.6438356164383562, "Precision": 0.6438356164383562, "Cohen_Kappa": 0.282724505327245, "AUC": 0.7007229832572297, "TP": 47, "TN": 46, "FP": 26, "FN": 26}}, "GB": {"valid": {"ACC": 0.7724137931034483, "F1_Score": 0.7755102040816326, "Recall": 0.7916666666666666, "Precision": 0.76, "Cohen_Kappa": 0.5449358059914409, "AUC": 0.8126902587519025, "TP": 57, "TN": 55, "FP": 18, "FN": 15}, "test": {"ACC": 0.6620689655172414, "F1_Score": 0.652482269503546, "Recall": 0.6301369863013698, "Precision": 0.6764705882352942, "Cohen_Kappa": 0.3244271179994296, "AUC": 0.7089992389649923, "TP": 46, "TN": 50, "FP": 22, "FN": 27}}, "BAG": {"valid": {"ACC": 0.7655172413793103, "F1_Score": 0.7605633802816902, "Recall": 0.75, "Precision": 0.7714285714285715, "Cohen_Kappa": 0.5309229305423406, "AUC": 0.8457952815829528, "TP": 54, "TN": 57, "FP": 16, "FN": 18}, "test": {"ACC": 0.6413793103448275, "F1_Score": 0.638888888888889, "Recall": 0.6301369863013698, "Precision": 0.647887323943662, "Cohen_Kappa": 0.28286094730835076, "AUC": 0.7116628614916287, "TP": 46, "TN": 47, "FP": 25, "FN": 27}}, "QDA": {"valid": {"ACC": 0.503448275862069, "F1_Score": 0.0, "Recall": 0.0, "Precision": 0.0, "Cohen_Kappa": 0.0, "AUC": 0.5, "TP": 0, "TN": 73, "FP": 0, "FN": 72}, "test": {"ACC": 0.496551724137931, "F1_Score": 0.0, "Recall": 0.0, "Precision": 0.0, "Cohen_Kappa": 0.0, "AUC": 0.5, "TP": 0, "TN": 72, "FP": 0, "FN": 73}}, "SVC": {"valid": {"ACC": 0.7793103448275862, "F1_Score": 0.7808219178082192, "Recall": 0.7916666666666666, "Precision": 0.7702702702702703, "Cohen_Kappa": 0.558683659882062, "AUC": 0.8633942161339421, "TP": 57, "TN": 56, "FP": 17, "FN": 15}, "test": {"ACC": 0.7172413793103448, "F1_Score": 0.7132867132867133, "Recall": 0.6986301369863014, "Precision": 0.7285714285714285, "Cohen_Kappa": 0.43461721350451743, "AUC": 0.7690258751902587, "TP": 51, "TN": 53, "FP": 19, "FN": 22}}}