{"OVR": {"valid": {"ACC": 0.7659574468085106, "F1_Score": 0.7755102040816326, "Recall": 0.8260869565217391, "Precision": 0.7307692307692307, "Cohen_Kappa": 0.5329719963866305, "AUC": 0.8079710144927537, "TP": 19, "TN": 17, "FP": 7, "FN": 4}, "test": {"ACC": 0.6808510638297872, "F1_Score": 0.6938775510204083, "Recall": 0.7083333333333334, "Precision": 0.68, "Cohen_Kappa": 0.3608340888485948, "AUC": 0.6956521739130435, "TP": 17, "TN": 15, "FP": 8, "FN": 7}}, "KNB": {"valid": {"ACC": 0.7659574468085106, "F1_Score": 0.7659574468085107, "Recall": 0.782608695652174, "Precision": 0.75, "Cohen_Kappa": 0.5321266968325792, "AUC": 0.7608695652173914, "TP": 18, "TN": 18, "FP": 6, "FN": 5}, "test": {"ACC": 0.6595744680851063, "F1_Score": 0.6521739130434783, "Recall": 0.625, "Precision": 0.6818181818181818, "Cohen_Kappa": 0.32007233273056057, "AUC": 0.7273550724637681, "TP": 15, "TN": 16, "FP": 7, "FN": 9}}, "DT": {"valid": {"ACC": 0.5531914893617021, "F1_Score": 0.5882352941176471, "Recall": 0.6521739130434783, "Precision": 0.5357142857142857, "Cohen_Kappa": 0.11000901713255185, "AUC": 0.5552536231884058, "TP": 15, "TN": 11, "FP": 13, "FN": 8}, "test": {"ACC": 0.6808510638297872, "F1_Score": 0.7169811320754716, "Recall": 0.7916666666666666, "Precision": 0.6551724137931034, "Cohen_Kappa": 0.3585077343039127, "AUC": 0.6739130434782609, "TP": 19, "TN": 13, "FP": 10, "FN": 5}}, "MNB": {"valid": {"ACC": 0.7021276595744681, "F1_Score": 0.6956521739130435, "Recall": 0.6956521739130435, "Precision": 0.6956521739130435, "Cohen_Kappa": 0.40398550724637683, "AUC": 0.7644927536231884, "TP": 16, "TN": 17, "FP": 7, "FN": 7}, "test": {"ACC": 0.6170212765957447, "F1_Score": 0.625, "Recall": 0.625, "Precision": 0.625, "Cohen_Kappa": 0.23369565217391308, "AUC": 0.6884057971014492, "TP": 15, "TN": 14, "FP": 9, "FN": 9}}, "RF": {"valid": {"ACC": 0.723404255319149, "F1_Score": 0.6976744186046512, "Recall": 0.6521739130434783, "Precision": 0.75, "Cohen_Kappa": 0.44504995458673935, "AUC": 0.8043478260869565, "TP": 15, "TN": 19, "FP": 5, "FN": 8}, "test": {"ACC": 0.6595744680851063, "F1_Score": 0.6521739130434783, "Recall": 0.625, "Precision": 0.6818181818181818, "Cohen_Kappa": 0.32007233273056057, "AUC": 0.7490942028985508, "TP": 15, "TN": 16, "FP": 7, "FN": 9}}, "ADA": {"valid": {"ACC": 0.7446808510638298, "F1_Score": 0.7391304347826085, "Recall": 0.7391304347826086, "Precision": 0.7391304347826086, "Cohen_Kappa": 0.48913043478260865, "AUC": 0.7989130434782609, "TP": 17, "TN": 18, "FP": 6, "FN": 6}, "test": {"ACC": 0.6382978723404256, "F1_Score": 0.6666666666666667, "Recall": 0.7083333333333334, "Precision": 0.6296296296296297, "Cohen_Kappa": 0.27429609445958225, "AUC": 0.6865942028985508, "TP": 17, "TN": 13, "FP": 10, "FN": 7}}, "XGB": {"valid": {"ACC": 0.5957446808510638, "F1_Score": 0.5957446808510638, "Recall": 0.6086956521739131, "Precision": 0.5833333333333334, "Cohen_Kappa": 0.1918552036199095, "AUC": 0.7210144927536233, "TP": 14, "TN": 14, "FP": 10, "FN": 9}, "test": {"ACC": 0.6595744680851063, "F1_Score": 0.6521739130434783, "Recall": 0.625, "Precision": 0.6818181818181818, "Cohen_Kappa": 0.32007233273056057, "AUC": 0.7481884057971014, "TP": 15, "TN": 16, "FP": 7, "FN": 9}}, "MLP": {"valid": {"ACC": 0.6595744680851063, "F1_Score": 0.68, "Recall": 0.7391304347826086, "Precision": 0.6296296296296297, "Cohen_Kappa": 0.3212996389891697, "AUC": 0.8170289855072463, "TP": 17, "TN": 14, "FP": 10, "FN": 6}, "test": {"ACC": 0.6170212765957447, "F1_Score": 0.64, "Recall": 0.6666666666666666, "Precision": 0.6153846153846154, "Cohen_Kappa": 0.2323049001814882, "AUC": 0.6503623188405797, "TP": 16, "TN": 13, "FP": 10, "FN": 8}}, "LR": {"valid": {"ACC": 0.7659574468085106, "F1_Score": 0.7755102040816326, "Recall": 0.8260869565217391, "Precision": 0.7307692307692307, "Cohen_Kappa": 0.5329719963866305, "AUC": 0.8079710144927537, "TP": 19, "TN": 17, "FP": 7, "FN": 4}, "test": {"ACC": 0.6808510638297872, "F1_Score": 0.6938775510204083, "Recall": 0.7083333333333334, "Precision": 0.68, "Cohen_Kappa": 0.3608340888485948, "AUC": 0.6956521739130435, "TP": 17, "TN": 15, "FP": 8, "FN": 7}}, "ETAs": {"valid": {"ACC": 0.6595744680851063, "F1_Score": 0.6521739130434783, "Recall": 0.6521739130434783, "Precision": 0.6521739130434783, "Cohen_Kappa": 0.3188405797101449, "AUC": 0.7490942028985508, "TP": 15, "TN": 16, "FP": 8, "FN": 8}, "test": {"ACC": 0.6808510638297872, "F1_Score": 0.6808510638297872, "Recall": 0.6666666666666666, "Precision": 0.6956521739130435, "Cohen_Kappa": 0.3619909502262444, "AUC": 0.7490942028985508, "TP": 16, "TN": 16, "FP": 7, "FN": 8}}, "CNB": {"valid": {"ACC": 0.7021276595744681, "F1_Score": 0.6956521739130435, "Recall": 0.6956521739130435, "Precision": 0.6956521739130435, "Cohen_Kappa": 0.40398550724637683, "AUC": 0.7644927536231884, "TP": 16, "TN": 17, "FP": 7, "FN": 7}, "test": {"ACC": 0.6170212765957447, "F1_Score": 0.625, "Recall": 0.625, "Precision": 0.625, "Cohen_Kappa": 0.23369565217391308, "AUC": 0.6884057971014492, "TP": 15, "TN": 14, "FP": 9, "FN": 9}}, "GB": {"valid": {"ACC": 0.7446808510638298, "F1_Score": 0.7391304347826085, "Recall": 0.7391304347826086, "Precision": 0.7391304347826086, "Cohen_Kappa": 0.48913043478260865, "AUC": 0.8170289855072463, "TP": 17, "TN": 18, "FP": 6, "FN": 6}, "test": {"ACC": 0.6382978723404256, "F1_Score": 0.679245283018868, "Recall": 0.75, "Precision": 0.6206896551724138, "Cohen_Kappa": 0.2729754322111011, "AUC": 0.6775362318840579, "TP": 18, "TN": 12, "FP": 11, "FN": 6}}, "BAG": {"valid": {"ACC": 0.6808510638297872, "F1_Score": 0.6808510638297872, "Recall": 0.6956521739130435, "Precision": 0.6666666666666666, "Cohen_Kappa": 0.3619909502262444, "AUC": 0.7373188405797102, "TP": 16, "TN": 16, "FP": 8, "FN": 7}, "test": {"ACC": 0.6170212765957447, "F1_Score": 0.625, "Recall": 0.625, "Precision": 0.625, "Cohen_Kappa": 0.23369565217391308, "AUC": 0.7318840579710145, "TP": 15, "TN": 14, "FP": 9, "FN": 9}}, "QDA": {"valid": {"ACC": 0.44680851063829785, "F1_Score": 0.31578947368421056, "Recall": 0.2608695652173913, "Precision": 0.4, "Cohen_Kappa": -0.11496350364963503, "AUC": 0.4429347826086957, "TP": 6, "TN": 15, "FP": 9, "FN": 17}, "test": {"ACC": 0.5957446808510638, "F1_Score": 0.5365853658536585, "Recall": 0.4583333333333333, "Precision": 0.6470588235294118, "Cohen_Kappa": 0.19621962196219622, "AUC": 0.598731884057971, "TP": 11, "TN": 17, "FP": 6, "FN": 13}}, "SVC": {"valid": {"ACC": 0.723404255319149, "F1_Score": 0.711111111111111, "Recall": 0.6956521739130435, "Precision": 0.7272727272727273, "Cohen_Kappa": 0.44605621033544873, "AUC": 0.8152173913043478, "TP": 16, "TN": 18, "FP": 6, "FN": 7}, "test": {"ACC": 0.6595744680851063, "F1_Score": 0.6521739130434783, "Recall": 0.625, "Precision": 0.6818181818181818, "Cohen_Kappa": 0.32007233273056057, "AUC": 0.7192028985507246, "TP": 15, "TN": 16, "FP": 7, "FN": 9}}}