{"OVR": {"valid": {"ACC": 0.7126436781609196, "F1_Score": 0.7191011235955057, "Recall": 0.7441860465116279, "Precision": 0.6956521739130435, "Cohen_Kappa": 0.4256667546870875, "AUC": 0.7452431289640591, "TP": 32, "TN": 30, "FP": 14, "FN": 11}, "test": {"ACC": 0.6206896551724138, "F1_Score": 0.6206896551724139, "Recall": 0.6136363636363636, "Precision": 0.627906976744186, "Cohen_Kappa": 0.24147952443857335, "AUC": 0.6025369978858351, "TP": 27, "TN": 27, "FP": 16, "FN": 17}}, "KNB": {"valid": {"ACC": 0.6896551724137931, "F1_Score": 0.7216494845360826, "Recall": 0.813953488372093, "Precision": 0.6481481481481481, "Cohen_Kappa": 0.38102766798418974, "AUC": 0.7674418604651162, "TP": 35, "TN": 25, "FP": 19, "FN": 8}, "test": {"ACC": 0.5402298850574713, "F1_Score": 0.5454545454545454, "Recall": 0.5454545454545454, "Precision": 0.5454545454545454, "Cohen_Kappa": 0.08033826638477803, "AUC": 0.6318710359408033, "TP": 24, "TN": 23, "FP": 20, "FN": 20}}, "DT": {"valid": {"ACC": 0.6551724137931034, "F1_Score": 0.6808510638297872, "Recall": 0.7441860465116279, "Precision": 0.6274509803921569, "Cohen_Kappa": 0.31170886075949367, "AUC": 0.6561839323467229, "TP": 32, "TN": 25, "FP": 19, "FN": 11}, "test": {"ACC": 0.5862068965517241, "F1_Score": 0.6086956521739131, "Recall": 0.6363636363636364, "Precision": 0.5833333333333334, "Cohen_Kappa": 0.17142857142857149, "AUC": 0.5856236786469344, "TP": 28, "TN": 23, "FP": 20, "FN": 16}}, "MNB": {"valid": {"ACC": 0.7126436781609196, "F1_Score": 0.7252747252747254, "Recall": 0.7674418604651163, "Precision": 0.6875, "Cohen_Kappa": 0.4259699129057799, "AUC": 0.7235729386892177, "TP": 33, "TN": 29, "FP": 15, "FN": 10}, "test": {"ACC": 0.632183908045977, "F1_Score": 0.6279069767441862, "Recall": 0.6136363636363636, "Precision": 0.6428571428571429, "Cohen_Kappa": 0.26465927099841513, "AUC": 0.6876321353065539, "TP": 27, "TN": 28, "FP": 15, "FN": 17}}, "RF": {"valid": {"ACC": 0.735632183908046, "F1_Score": 0.7578947368421053, "Recall": 0.8372093023255814, "Precision": 0.6923076923076923, "Cohen_Kappa": 0.47244924861587134, "AUC": 0.7999471458773784, "TP": 36, "TN": 28, "FP": 16, "FN": 7}, "test": {"ACC": 0.5862068965517241, "F1_Score": 0.6086956521739131, "Recall": 0.6363636363636364, "Precision": 0.5833333333333334, "Cohen_Kappa": 0.17142857142857149, "AUC": 0.6958245243128964, "TP": 28, "TN": 23, "FP": 20, "FN": 16}}, "ADA": {"valid": {"ACC": 0.7126436781609196, "F1_Score": 0.7311827956989247, "Recall": 0.7906976744186046, "Precision": 0.68, "Cohen_Kappa": 0.4262727512529676, "AUC": 0.724894291754757, "TP": 34, "TN": 28, "FP": 16, "FN": 9}, "test": {"ACC": 0.5747126436781609, "F1_Score": 0.5747126436781609, "Recall": 0.5681818181818182, "Precision": 0.5813953488372093, "Cohen_Kappa": 0.14953764861294583, "AUC": 0.6368921775898521, "TP": 25, "TN": 25, "FP": 18, "FN": 19}}, "XGB": {"valid": {"ACC": 0.6206896551724138, "F1_Score": 0.6292134831460675, "Recall": 0.6511627906976745, "Precision": 0.6086956521739131, "Cohen_Kappa": 0.24188011618695537, "AUC": 0.7156448202959831, "TP": 28, "TN": 26, "FP": 18, "FN": 15}, "test": {"ACC": 0.6206896551724138, "F1_Score": 0.6292134831460675, "Recall": 0.6363636363636364, "Precision": 0.6222222222222222, "Cohen_Kappa": 0.24107850911974626, "AUC": 0.633720930232558, "TP": 28, "TN": 26, "FP": 17, "FN": 16}}, "MLP": {"valid": {"ACC": 0.6551724137931034, "F1_Score": 0.6739130434782609, "Recall": 0.7209302325581395, "Precision": 0.6326530612244898, "Cohen_Kappa": 0.3113456464379948, "AUC": 0.7478858350951374, "TP": 31, "TN": 26, "FP": 18, "FN": 12}, "test": {"ACC": 0.6091954022988506, "F1_Score": 0.6136363636363636, "Recall": 0.6136363636363636, "Precision": 0.6136363636363636, "Cohen_Kappa": 0.21828752642706128, "AUC": 0.6331923890063424, "TP": 27, "TN": 26, "FP": 17, "FN": 17}}, "LR": {"valid": {"ACC": 0.7126436781609196, "F1_Score": 0.7191011235955057, "Recall": 0.7441860465116279, "Precision": 0.6956521739130435, "Cohen_Kappa": 0.4256667546870875, "AUC": 0.7452431289640591, "TP": 32, "TN": 30, "FP": 14, "FN": 11}, "test": {"ACC": 0.6206896551724138, "F1_Score": 0.6206896551724139, "Recall": 0.6136363636363636, "Precision": 0.627906976744186, "Cohen_Kappa": 0.24147952443857335, "AUC": 0.6025369978858351, "TP": 27, "TN": 27, "FP": 16, "FN": 17}}, "ETAs": {"valid": {"ACC": 0.7701149425287356, "F1_Score": 0.7872340425531916, "Recall": 0.8604651162790697, "Precision": 0.7254901960784313, "Cohen_Kappa": 0.5411392405063291, "AUC": 0.8187103594080338, "TP": 37, "TN": 30, "FP": 14, "FN": 6}, "test": {"ACC": 0.5862068965517241, "F1_Score": 0.6, "Recall": 0.6136363636363636, "Precision": 0.5869565217391305, "Cohen_Kappa": 0.17186673717609724, "AUC": 0.6797040169133193, "TP": 27, "TN": 24, "FP": 19, "FN": 17}}, "CNB": {"valid": {"ACC": 0.7126436781609196, "F1_Score": 0.7252747252747254, "Recall": 0.7674418604651163, "Precision": 0.6875, "Cohen_Kappa": 0.4259699129057799, "AUC": 0.7235729386892177, "TP": 33, "TN": 29, "FP": 15, "FN": 10}, "test": {"ACC": 0.632183908045977, "F1_Score": 0.6279069767441862, "Recall": 0.6136363636363636, "Precision": 0.6428571428571429, "Cohen_Kappa": 0.26465927099841513, "AUC": 0.6876321353065539, "TP": 27, "TN": 28, "FP": 15, "FN": 17}}, "GB": {"valid": {"ACC": 0.6781609195402298, "F1_Score": 0.6956521739130435, "Recall": 0.7441860465116279, "Precision": 0.6530612244897959, "Cohen_Kappa": 0.35725593667546174, "AUC": 0.6971458773784355, "TP": 32, "TN": 27, "FP": 17, "FN": 11}, "test": {"ACC": 0.5977011494252874, "F1_Score": 0.6236559139784946, "Recall": 0.6590909090909091, "Precision": 0.5918367346938775, "Cohen_Kappa": 0.19423127811590368, "AUC": 0.677061310782241, "TP": 29, "TN": 23, "FP": 20, "FN": 15}}, "BAG": {"valid": {"ACC": 0.6781609195402298, "F1_Score": 0.6818181818181818, "Recall": 0.6976744186046512, "Precision": 0.6666666666666666, "Cohen_Kappa": 0.3565768621236133, "AUC": 0.7127378435517971, "TP": 30, "TN": 29, "FP": 15, "FN": 13}, "test": {"ACC": 0.5977011494252874, "F1_Score": 0.5977011494252873, "Recall": 0.5909090909090909, "Precision": 0.6046511627906976, "Cohen_Kappa": 0.19550858652575953, "AUC": 0.6543340380549683, "TP": 26, "TN": 26, "FP": 17, "FN": 18}}, "QDA": {"valid": {"ACC": 0.5862068965517241, "F1_Score": 0.41935483870967744, "Recall": 0.3023255813953488, "Precision": 0.6842105263157895, "Cohen_Kappa": 0.16702127659574473, "AUC": 0.5829809725158562, "TP": 13, "TN": 38, "FP": 6, "FN": 30}, "test": {"ACC": 0.5517241379310345, "F1_Score": 0.38095238095238093, "Recall": 0.2727272727272727, "Precision": 0.631578947368421, "Cohen_Kappa": 0.10921501706484638, "AUC": 0.554968287526427, "TP": 12, "TN": 36, "FP": 7, "FN": 32}}, "SVC": {"valid": {"ACC": 0.7471264367816092, "F1_Score": 0.7659574468085107, "Recall": 0.8372093023255814, "Precision": 0.7058823529411765, "Cohen_Kappa": 0.495253164556962, "AUC": 0.7642706131078224, "TP": 36, "TN": 29, "FP": 15, "FN": 7}, "test": {"ACC": 0.6436781609195402, "F1_Score": 0.6593406593406593, "Recall": 0.6818181818181818, "Precision": 0.6382978723404256, "Cohen_Kappa": 0.28669664110023807, "AUC": 0.6564482029598309, "TP": 30, "TN": 26, "FP": 17, "FN": 14}}}