{"OVR": {"valid": {"ACC": 0.7081545064377682, "F1_Score": 0.6909090909090909, "Recall": 0.6495726495726496, "Precision": 0.7378640776699029, "Cohen_Kappa": 0.4165991604683703, "AUC": 0.7782198644267609, "TP": 76, "TN": 89, "FP": 27, "FN": 41}, "test": {"ACC": 0.7350427350427351, "F1_Score": 0.7207207207207207, "Recall": 0.6837606837606838, "Precision": 0.7619047619047619, "Cohen_Kappa": 0.4700854700854701, "AUC": 0.7910000730513551, "TP": 80, "TN": 92, "FP": 25, "FN": 37}}, "KNB": {"valid": {"ACC": 0.630901287553648, "F1_Score": 0.5000000000000001, "Recall": 0.36752136752136755, "Precision": 0.7818181818181819, "Cohen_Kappa": 0.2634712930971109, "AUC": 0.7083333333333333, "TP": 43, "TN": 104, "FP": 12, "FN": 74}, "test": {"ACC": 0.6025641025641025, "F1_Score": 0.48044692737430167, "Recall": 0.36752136752136755, "Precision": 0.6935483870967742, "Cohen_Kappa": 0.20512820512820518, "AUC": 0.6867557893198919, "TP": 43, "TN": 98, "FP": 19, "FN": 74}}, "DT": {"valid": {"ACC": 0.6566523605150214, "F1_Score": 0.6428571428571428, "Recall": 0.6153846153846154, "Precision": 0.6728971962616822, "Cohen_Kappa": 0.3135449657509023, "AUC": 0.6568302387267905, "TP": 72, "TN": 81, "FP": 35, "FN": 45}, "test": {"ACC": 0.7008547008547008, "F1_Score": 0.6759259259259258, "Recall": 0.6239316239316239, "Precision": 0.7373737373737373, "Cohen_Kappa": 0.4017094017094017, "AUC": 0.7008547008547009, "TP": 73, "TN": 91, "FP": 26, "FN": 44}}, "MNB": {"valid": {"ACC": 0.703862660944206, "F1_Score": 0.7063829787234043, "Recall": 0.7094017094017094, "Precision": 0.7033898305084746, "Cohen_Kappa": 0.4076925910916258, "AUC": 0.733937518420277, "TP": 83, "TN": 81, "FP": 35, "FN": 34}, "test": {"ACC": 0.717948717948718, "F1_Score": 0.7295081967213114, "Recall": 0.7606837606837606, "Precision": 0.7007874015748031, "Cohen_Kappa": 0.4358974358974359, "AUC": 0.802688289867777, "TP": 89, "TN": 79, "FP": 38, "FN": 28}}, "RF": {"valid": {"ACC": 0.7253218884120172, "F1_Score": 0.7142857142857143, "Recall": 0.6837606837606838, "Precision": 0.7476635514018691, "Cohen_Kappa": 0.45083597260072183, "AUC": 0.794282346006484, "TP": 80, "TN": 89, "FP": 27, "FN": 37}, "test": {"ACC": 0.7393162393162394, "F1_Score": 0.7288888888888888, "Recall": 0.7008547008547008, "Precision": 0.7592592592592593, "Cohen_Kappa": 0.4786324786324786, "AUC": 0.8050989845861642, "TP": 82, "TN": 91, "FP": 26, "FN": 35}}, "ADA": {"valid": {"ACC": 0.703862660944206, "F1_Score": 0.6933333333333334, "Recall": 0.6666666666666666, "Precision": 0.7222222222222222, "Cohen_Kappa": 0.407910728096343, "AUC": 0.7686413203654583, "TP": 78, "TN": 86, "FP": 30, "FN": 39}, "test": {"ACC": 0.7264957264957265, "F1_Score": 0.7241379310344828, "Recall": 0.717948717948718, "Precision": 0.7304347826086957, "Cohen_Kappa": 0.45299145299145294, "AUC": 0.7686098327123967, "TP": 84, "TN": 86, "FP": 31, "FN": 33}}, "XGB": {"valid": {"ACC": 0.721030042918455, "F1_Score": 0.7058823529411765, "Recall": 0.6666666666666666, "Precision": 0.75, "Cohen_Kappa": 0.4423168980373384, "AUC": 0.7836722664308872, "TP": 78, "TN": 90, "FP": 26, "FN": 39}, "test": {"ACC": 0.7136752136752137, "F1_Score": 0.6995515695067265, "Recall": 0.6666666666666666, "Precision": 0.7358490566037735, "Cohen_Kappa": 0.4273504273504274, "AUC": 0.8039301629045219, "TP": 78, "TN": 89, "FP": 28, "FN": 39}}, "MLP": {"valid": {"ACC": 0.6952789699570815, "F1_Score": 0.6816143497757847, "Recall": 0.6495726495726496, "Precision": 0.7169811320754716, "Cohen_Kappa": 0.3907935923402689, "AUC": 0.7458001768346595, "TP": 76, "TN": 86, "FP": 30, "FN": 41}, "test": {"ACC": 0.6965811965811965, "F1_Score": 0.6844444444444444, "Recall": 0.6581196581196581, "Precision": 0.7129629629629629, "Cohen_Kappa": 0.3931623931623932, "AUC": 0.7682080502593324, "TP": 77, "TN": 86, "FP": 31, "FN": 40}}, "LR": {"valid": {"ACC": 0.7081545064377682, "F1_Score": 0.6909090909090909, "Recall": 0.6495726495726496, "Precision": 0.7378640776699029, "Cohen_Kappa": 0.4165991604683703, "AUC": 0.7782198644267609, "TP": 76, "TN": 89, "FP": 27, "FN": 41}, "test": {"ACC": 0.7350427350427351, "F1_Score": 0.7207207207207207, "Recall": 0.6837606837606838, "Precision": 0.7619047619047619, "Cohen_Kappa": 0.4700854700854701, "AUC": 0.7910000730513551, "TP": 80, "TN": 92, "FP": 25, "FN": 37}}, "ETAs": {"valid": {"ACC": 0.703862660944206, "F1_Score": 0.6933333333333334, "Recall": 0.6666666666666666, "Precision": 0.7222222222222222, "Cohen_Kappa": 0.407910728096343, "AUC": 0.7697096964338345, "TP": 78, "TN": 86, "FP": 30, "FN": 39}, "test": {"ACC": 0.7606837606837606, "F1_Score": 0.7565217391304347, "Recall": 0.7435897435897436, "Precision": 0.7699115044247787, "Cohen_Kappa": 0.5213675213675213, "AUC": 0.7970268098473228, "TP": 87, "TN": 91, "FP": 26, "FN": 30}}, "CNB": {"valid": {"ACC": 0.703862660944206, "F1_Score": 0.7063829787234043, "Recall": 0.7094017094017094, "Precision": 0.7033898305084746, "Cohen_Kappa": 0.4076925910916258, "AUC": 0.733937518420277, "TP": 83, "TN": 81, "FP": 35, "FN": 34}, "test": {"ACC": 0.717948717948718, "F1_Score": 0.7295081967213114, "Recall": 0.7606837606837606, "Precision": 0.7007874015748031, "Cohen_Kappa": 0.4358974358974359, "AUC": 0.802688289867777, "TP": 89, "TN": 79, "FP": 38, "FN": 28}}, "GB": {"valid": {"ACC": 0.7167381974248928, "F1_Score": 0.7053571428571429, "Recall": 0.6752136752136753, "Precision": 0.7383177570093458, "Cohen_Kappa": 0.4336745967444944, "AUC": 0.791556145004421, "TP": 79, "TN": 88, "FP": 28, "FN": 38}, "test": {"ACC": 0.7307692307692307, "F1_Score": 0.7123287671232877, "Recall": 0.6666666666666666, "Precision": 0.7647058823529411, "Cohen_Kappa": 0.46153846153846156, "AUC": 0.8103586821535539, "TP": 78, "TN": 93, "FP": 24, "FN": 39}}, "BAG": {"valid": {"ACC": 0.6781115879828327, "F1_Score": 0.6543778801843316, "Recall": 0.6068376068376068, "Precision": 0.71, "Cohen_Kappa": 0.35661426309782407, "AUC": 0.74333185971117, "TP": 71, "TN": 87, "FP": 29, "FN": 46}, "test": {"ACC": 0.7222222222222222, "F1_Score": 0.7111111111111111, "Recall": 0.6837606837606838, "Precision": 0.7407407407407407, "Cohen_Kappa": 0.4444444444444444, "AUC": 0.773102491051209, "TP": 80, "TN": 89, "FP": 28, "FN": 37}}, "QDA": {"valid": {"ACC": 0.5665236051502146, "F1_Score": 0.5738396624472575, "Recall": 0.5811965811965812, "Precision": 0.5666666666666667, "Cohen_Kappa": 0.13293541137025167, "AUC": 0.5664603595638079, "TP": 68, "TN": 64, "FP": 52, "FN": 49}, "test": {"ACC": 0.594017094017094, "F1_Score": 0.6090534979423867, "Recall": 0.6324786324786325, "Precision": 0.5873015873015873, "Cohen_Kappa": 0.18803418803418803, "AUC": 0.594017094017094, "TP": 74, "TN": 65, "FP": 52, "FN": 43}}, "SVC": {"valid": {"ACC": 0.7253218884120172, "F1_Score": 0.7192982456140351, "Recall": 0.7008547008547008, "Precision": 0.7387387387387387, "Cohen_Kappa": 0.45075506445672187, "AUC": 0.814728853521957, "TP": 82, "TN": 87, "FP": 29, "FN": 35}, "test": {"ACC": 0.7606837606837606, "F1_Score": 0.7522123893805308, "Recall": 0.7264957264957265, "Precision": 0.7798165137614679, "Cohen_Kappa": 0.5213675213675213, "AUC": 0.8336620644312953, "TP": 85, "TN": 93, "FP": 24, "FN": 32}}}