{"OVR": {"valid": {"ACC": 0.7346938775510204, "F1_Score": 0.7111111111111111, "Recall": 0.6666666666666666, "Precision": 0.7619047619047619, "Cohen_Kappa": 0.4678362573099415, "AUC": 0.7783333333333333, "TP": 16, "TN": 20, "FP": 5, "FN": 8}, "test": {"ACC": 0.5714285714285714, "F1_Score": 0.5882352941176471, "Recall": 0.6, "Precision": 0.5769230769230769, "Cohen_Kappa": 0.1417848206839033, "AUC": 0.6566666666666666, "TP": 15, "TN": 13, "FP": 11, "FN": 10}}, "KNB": {"valid": {"ACC": 0.7142857142857143, "F1_Score": 0.6666666666666666, "Recall": 0.5833333333333334, "Precision": 0.7777777777777778, "Cohen_Kappa": 0.4254606365159129, "AUC": 0.7833333333333333, "TP": 14, "TN": 21, "FP": 4, "FN": 10}, "test": {"ACC": 0.6530612244897959, "F1_Score": 0.6792452830188679, "Recall": 0.72, "Precision": 0.6428571428571429, "Cohen_Kappa": 0.30409356725146197, "AUC": 0.675, "TP": 18, "TN": 14, "FP": 10, "FN": 7}}, "DT": {"valid": {"ACC": 0.6530612244897959, "F1_Score": 0.6530612244897959, "Recall": 0.6666666666666666, "Precision": 0.64, "Cohen_Kappa": 0.30641132389675274, "AUC": 0.6533333333333333, "TP": 16, "TN": 16, "FP": 9, "FN": 8}, "test": {"ACC": 0.42857142857142855, "F1_Score": 0.5, "Recall": 0.56, "Precision": 0.45161290322580644, "Cohen_Kappa": -0.14907872696817415, "AUC": 0.42583333333333334, "TP": 14, "TN": 7, "FP": 17, "FN": 11}}, "MNB": {"valid": {"ACC": 0.6938775510204082, "F1_Score": 0.7058823529411765, "Recall": 0.75, "Precision": 0.6666666666666666, "Cohen_Kappa": 0.38902743142144636, "AUC": 0.8033333333333333, "TP": 18, "TN": 16, "FP": 9, "FN": 6}, "test": {"ACC": 0.6326530612244898, "F1_Score": 0.6785714285714285, "Recall": 0.76, "Precision": 0.6129032258064516, "Cohen_Kappa": 0.2613065326633166, "AUC": 0.6633333333333334, "TP": 19, "TN": 12, "FP": 12, "FN": 6}}, "RF": {"valid": {"ACC": 0.8163265306122449, "F1_Score": 0.816326530612245, "Recall": 0.8333333333333334, "Precision": 0.8, "Cohen_Kappa": 0.6328059950041632, "AUC": 0.87, "TP": 20, "TN": 20, "FP": 5, "FN": 4}, "test": {"ACC": 0.6530612244897959, "F1_Score": 0.6909090909090909, "Recall": 0.76, "Precision": 0.6333333333333333, "Cohen_Kappa": 0.30292887029288706, "AUC": 0.7408333333333333, "TP": 19, "TN": 13, "FP": 11, "FN": 6}}, "ADA": {"valid": {"ACC": 0.7346938775510204, "F1_Score": 0.7111111111111111, "Recall": 0.6666666666666666, "Precision": 0.7619047619047619, "Cohen_Kappa": 0.4678362573099415, "AUC": 0.7533333333333332, "TP": 16, "TN": 20, "FP": 5, "FN": 8}, "test": {"ACC": 0.673469387755102, "F1_Score": 0.6363636363636364, "Recall": 0.56, "Precision": 0.7368421052631579, "Cohen_Kappa": 0.3499170812603648, "AUC": 0.685, "TP": 14, "TN": 19, "FP": 5, "FN": 11}}, "XGB": {"valid": {"ACC": 0.6938775510204082, "F1_Score": 0.6808510638297872, "Recall": 0.6666666666666666, "Precision": 0.6956521739130435, "Cohen_Kappa": 0.38698915763135944, "AUC": 0.7966666666666666, "TP": 16, "TN": 18, "FP": 7, "FN": 8}, "test": {"ACC": 0.5918367346938775, "F1_Score": 0.6428571428571428, "Recall": 0.72, "Precision": 0.5806451612903226, "Cohen_Kappa": 0.1792294807370185, "AUC": 0.6816666666666666, "TP": 18, "TN": 11, "FP": 13, "FN": 7}}, "MLP": {"valid": {"ACC": 0.7346938775510204, "F1_Score": 0.7346938775510204, "Recall": 0.75, "Precision": 0.72, "Cohen_Kappa": 0.46960865945045793, "AUC": 0.7866666666666666, "TP": 18, "TN": 18, "FP": 7, "FN": 6}, "test": {"ACC": 0.5918367346938775, "F1_Score": 0.6296296296296295, "Recall": 0.68, "Precision": 0.5862068965517241, "Cohen_Kappa": 0.1806020066889632, "AUC": 0.63, "TP": 17, "TN": 12, "FP": 12, "FN": 8}}, "LR": {"valid": {"ACC": 0.7346938775510204, "F1_Score": 0.7111111111111111, "Recall": 0.6666666666666666, "Precision": 0.7619047619047619, "Cohen_Kappa": 0.4678362573099415, "AUC": 0.7783333333333333, "TP": 16, "TN": 20, "FP": 5, "FN": 8}, "test": {"ACC": 0.5714285714285714, "F1_Score": 0.5882352941176471, "Recall": 0.6, "Precision": 0.5769230769230769, "Cohen_Kappa": 0.1417848206839033, "AUC": 0.6566666666666666, "TP": 15, "TN": 13, "FP": 11, "FN": 10}}, "ETAs": {"valid": {"ACC": 0.8163265306122449, "F1_Score": 0.816326530612245, "Recall": 0.8333333333333334, "Precision": 0.8, "Cohen_Kappa": 0.6328059950041632, "AUC": 0.8691666666666668, "TP": 20, "TN": 20, "FP": 5, "FN": 4}, "test": {"ACC": 0.6530612244897959, "F1_Score": 0.7017543859649122, "Recall": 0.8, "Precision": 0.625, "Cohen_Kappa": 0.3017602682313495, "AUC": 0.7083333333333334, "TP": 20, "TN": 12, "FP": 12, "FN": 5}}, "CNB": {"valid": {"ACC": 0.6938775510204082, "F1_Score": 0.7058823529411765, "Recall": 0.75, "Precision": 0.6666666666666666, "Cohen_Kappa": 0.38902743142144636, "AUC": 0.8033333333333333, "TP": 18, "TN": 16, "FP": 9, "FN": 6}, "test": {"ACC": 0.6326530612244898, "F1_Score": 0.6785714285714285, "Recall": 0.76, "Precision": 0.6129032258064516, "Cohen_Kappa": 0.2613065326633166, "AUC": 0.6633333333333334, "TP": 19, "TN": 12, "FP": 12, "FN": 6}}, "GB": {"valid": {"ACC": 0.7346938775510204, "F1_Score": 0.723404255319149, "Recall": 0.7083333333333334, "Precision": 0.7391304347826086, "Cohen_Kappa": 0.4687239366138448, "AUC": 0.8183333333333334, "TP": 17, "TN": 19, "FP": 6, "FN": 7}, "test": {"ACC": 0.6326530612244898, "F1_Score": 0.6250000000000001, "Recall": 0.6, "Precision": 0.6521739130434783, "Cohen_Kappa": 0.26622296173044924, "AUC": 0.7, "TP": 15, "TN": 16, "FP": 8, "FN": 10}}, "BAG": {"valid": {"ACC": 0.7551020408163265, "F1_Score": 0.75, "Recall": 0.75, "Precision": 0.75, "Cohen_Kappa": 0.51, "AUC": 0.8400000000000001, "TP": 18, "TN": 19, "FP": 6, "FN": 6}, "test": {"ACC": 0.7346938775510204, "F1_Score": 0.7450980392156863, "Recall": 0.76, "Precision": 0.7307692307692307, "Cohen_Kappa": 0.4687239366138448, "AUC": 0.7508333333333334, "TP": 19, "TN": 17, "FP": 7, "FN": 6}}, "QDA": {"valid": {"ACC": 0.5306122448979592, "F1_Score": 0.5818181818181819, "Recall": 0.6666666666666666, "Precision": 0.5161290322580645, "Cohen_Kappa": 0.06628003314001651, "AUC": 0.5333333333333333, "TP": 16, "TN": 10, "FP": 15, "FN": 8}, "test": {"ACC": 0.5102040816326531, "F1_Score": 0.5555555555555556, "Recall": 0.6, "Precision": 0.5172413793103449, "Cohen_Kappa": 0.01672240802675584, "AUC": 0.5083333333333333, "TP": 15, "TN": 10, "FP": 14, "FN": 10}}, "SVC": {"valid": {"ACC": 0.7346938775510204, "F1_Score": 0.723404255319149, "Recall": 0.7083333333333334, "Precision": 0.7391304347826086, "Cohen_Kappa": 0.4687239366138448, "AUC": 0.8083333333333335, "TP": 17, "TN": 19, "FP": 6, "FN": 7}, "test": {"ACC": 0.6122448979591837, "F1_Score": 0.6545454545454547, "Recall": 0.72, "Precision": 0.6, "Cohen_Kappa": 0.22092050209205027, "AUC": 0.7233333333333334, "TP": 18, "TN": 12, "FP": 12, "FN": 7}}}