{"OVR": {"valid": {"ACC": 0.7290836653386454, "F1_Score": 0.7258064516129032, "Recall": 0.7142857142857143, "Precision": 0.7377049180327869, "Cohen_Kappa": 0.4582275266632808, "AUC": 0.7917460317460318, "TP": 90, "TN": 93, "FP": 32, "FN": 36}, "test": {"ACC": 0.623015873015873, "F1_Score": 0.6184738955823293, "Recall": 0.6111111111111112, "Precision": 0.6260162601626016, "Cohen_Kappa": 0.24603174603174605, "AUC": 0.713970773494583, "TP": 77, "TN": 80, "FP": 46, "FN": 49}}, "KNB": {"valid": {"ACC": 0.6972111553784861, "F1_Score": 0.6415094339622641, "Recall": 0.5396825396825397, "Precision": 0.7906976744186046, "Cohen_Kappa": 0.39518072289156625, "AUC": 0.7844761904761904, "TP": 68, "TN": 107, "FP": 18, "FN": 58}, "test": {"ACC": 0.6507936507936508, "F1_Score": 0.56, "Recall": 0.4444444444444444, "Precision": 0.7567567567567568, "Cohen_Kappa": 0.3015873015873016, "AUC": 0.7367094986142605, "TP": 56, "TN": 108, "FP": 18, "FN": 70}}, "DT": {"valid": {"ACC": 0.6653386454183267, "F1_Score": 0.6692913385826772, "Recall": 0.6746031746031746, "Precision": 0.6640625, "Cohen_Kappa": 0.33062416661375327, "AUC": 0.6653015873015874, "TP": 85, "TN": 82, "FP": 43, "FN": 41}, "test": {"ACC": 0.6507936507936508, "F1_Score": 0.65625, "Recall": 0.6666666666666666, "Precision": 0.6461538461538462, "Cohen_Kappa": 0.3015873015873016, "AUC": 0.6507936507936507, "TP": 84, "TN": 80, "FP": 46, "FN": 42}}, "MNB": {"valid": {"ACC": 0.6972111553784861, "F1_Score": 0.7076923076923077, "Recall": 0.7301587301587301, "Precision": 0.6865671641791045, "Cohen_Kappa": 0.39425885939286176, "AUC": 0.7657142857142857, "TP": 92, "TN": 83, "FP": 42, "FN": 34}, "test": {"ACC": 0.6388888888888888, "F1_Score": 0.6539923954372623, "Recall": 0.6825396825396826, "Precision": 0.6277372262773723, "Cohen_Kappa": 0.2777777777777778, "AUC": 0.7019400352733687, "TP": 86, "TN": 75, "FP": 51, "FN": 40}}, "RF": {"valid": {"ACC": 0.7649402390438247, "F1_Score": 0.7739463601532566, "Recall": 0.8015873015873016, "Precision": 0.7481481481481481, "Cohen_Kappa": 0.5297386554888699, "AUC": 0.842952380952381, "TP": 101, "TN": 91, "FP": 34, "FN": 25}, "test": {"ACC": 0.6984126984126984, "F1_Score": 0.7054263565891473, "Recall": 0.7222222222222222, "Precision": 0.6893939393939394, "Cohen_Kappa": 0.39682539682539686, "AUC": 0.7860922146636431, "TP": 91, "TN": 85, "FP": 41, "FN": 35}}, "ADA": {"valid": {"ACC": 0.6972111553784861, "F1_Score": 0.696, "Recall": 0.6904761904761905, "Precision": 0.7016129032258065, "Cohen_Kappa": 0.39445114595898667, "AUC": 0.7792380952380953, "TP": 87, "TN": 88, "FP": 37, "FN": 39}, "test": {"ACC": 0.6825396825396826, "F1_Score": 0.6825396825396826, "Recall": 0.6825396825396826, "Precision": 0.6825396825396826, "Cohen_Kappa": 0.3650793650793651, "AUC": 0.7522675736961452, "TP": 86, "TN": 86, "FP": 40, "FN": 40}}, "XGB": {"valid": {"ACC": 0.7529880478087649, "F1_Score": 0.7596899224806201, "Recall": 0.7777777777777778, "Precision": 0.7424242424242424, "Cohen_Kappa": 0.5058741347558264, "AUC": 0.8278095238095238, "TP": 98, "TN": 91, "FP": 34, "FN": 28}, "test": {"ACC": 0.7063492063492064, "F1_Score": 0.7131782945736433, "Recall": 0.7301587301587301, "Precision": 0.696969696969697, "Cohen_Kappa": 0.4126984126984127, "AUC": 0.77286470143613, "TP": 92, "TN": 86, "FP": 40, "FN": 34}}, "MLP": {"valid": {"ACC": 0.7171314741035857, "F1_Score": 0.7148594377510041, "Recall": 0.7063492063492064, "Precision": 0.7235772357723578, "Cohen_Kappa": 0.4343078436974256, "AUC": 0.7752380952380952, "TP": 89, "TN": 91, "FP": 34, "FN": 37}, "test": {"ACC": 0.6428571428571429, "F1_Score": 0.6341463414634146, "Recall": 0.6190476190476191, "Precision": 0.65, "Cohen_Kappa": 0.2857142857142857, "AUC": 0.7215923406399597, "TP": 78, "TN": 84, "FP": 42, "FN": 48}}, "LR": {"valid": {"ACC": 0.7290836653386454, "F1_Score": 0.7258064516129032, "Recall": 0.7142857142857143, "Precision": 0.7377049180327869, "Cohen_Kappa": 0.4582275266632808, "AUC": 0.7917460317460318, "TP": 90, "TN": 93, "FP": 32, "FN": 36}, "test": {"ACC": 0.623015873015873, "F1_Score": 0.6184738955823293, "Recall": 0.6111111111111112, "Precision": 0.6260162601626016, "Cohen_Kappa": 0.24603174603174605, "AUC": 0.713970773494583, "TP": 77, "TN": 80, "FP": 46, "FN": 49}}, "ETAs": {"valid": {"ACC": 0.7609561752988048, "F1_Score": 0.7637795275590552, "Recall": 0.7698412698412699, "Precision": 0.7578125, "Cohen_Kappa": 0.5218744047241095, "AUC": 0.8368571428571429, "TP": 97, "TN": 94, "FP": 31, "FN": 29}, "test": {"ACC": 0.7142857142857143, "F1_Score": 0.7142857142857143, "Recall": 0.7142857142857143, "Precision": 0.7142857142857143, "Cohen_Kappa": 0.4285714285714286, "AUC": 0.7987213403880071, "TP": 90, "TN": 90, "FP": 36, "FN": 36}}, "CNB": {"valid": {"ACC": 0.6972111553784861, "F1_Score": 0.7076923076923077, "Recall": 0.7301587301587301, "Precision": 0.6865671641791045, "Cohen_Kappa": 0.39425885939286176, "AUC": 0.7657142857142857, "TP": 92, "TN": 83, "FP": 42, "FN": 34}, "test": {"ACC": 0.6388888888888888, "F1_Score": 0.6539923954372623, "Recall": 0.6825396825396826, "Precision": 0.6277372262773723, "Cohen_Kappa": 0.2777777777777778, "AUC": 0.7019400352733687, "TP": 86, "TN": 75, "FP": 51, "FN": 40}}, "GB": {"valid": {"ACC": 0.749003984063745, "F1_Score": 0.7509881422924901, "Recall": 0.753968253968254, "Precision": 0.7480314960629921, "Cohen_Kappa": 0.4979840629861265, "AUC": 0.8141587301587302, "TP": 95, "TN": 93, "FP": 32, "FN": 31}, "test": {"ACC": 0.7142857142857143, "F1_Score": 0.7230769230769232, "Recall": 0.746031746031746, "Precision": 0.7014925373134329, "Cohen_Kappa": 0.4285714285714286, "AUC": 0.7766754850088183, "TP": 94, "TN": 86, "FP": 40, "FN": 32}}, "BAG": {"valid": {"ACC": 0.8007968127490039, "F1_Score": 0.8091603053435115, "Recall": 0.8412698412698413, "Precision": 0.7794117647058824, "Cohen_Kappa": 0.6014607812003812, "AUC": 0.8171111111111111, "TP": 106, "TN": 95, "FP": 30, "FN": 20}, "test": {"ACC": 0.6984126984126984, "F1_Score": 0.6984126984126984, "Recall": 0.6984126984126984, "Precision": 0.6984126984126984, "Cohen_Kappa": 0.39682539682539686, "AUC": 0.7668808264046361, "TP": 88, "TN": 88, "FP": 38, "FN": 38}}, "QDA": {"valid": {"ACC": 0.6095617529880478, "F1_Score": 0.5663716814159292, "Recall": 0.5079365079365079, "Precision": 0.64, "Cohen_Kappa": 0.21975512275582054, "AUC": 0.6099682539682539, "TP": 64, "TN": 89, "FP": 36, "FN": 62}, "test": {"ACC": 0.6031746031746031, "F1_Score": 0.5614035087719298, "Recall": 0.5079365079365079, "Precision": 0.6274509803921569, "Cohen_Kappa": 0.2063492063492064, "AUC": 0.6031746031746031, "TP": 64, "TN": 88, "FP": 38, "FN": 62}}, "SVC": {"valid": {"ACC": 0.7529880478087649, "F1_Score": 0.7615384615384615, "Recall": 0.7857142857142857, "Precision": 0.7388059701492538, "Cohen_Kappa": 0.5058427537152292, "AUC": 0.8438730158730159, "TP": 99, "TN": 90, "FP": 35, "FN": 27}, "test": {"ACC": 0.7142857142857143, "F1_Score": 0.7230769230769232, "Recall": 0.746031746031746, "Precision": 0.7014925373134329, "Cohen_Kappa": 0.4285714285714286, "AUC": 0.792989417989418, "TP": 94, "TN": 86, "FP": 40, "FN": 32}}}