{"OVR": {"valid": {"ACC": 0.7011494252873564, "F1_Score": 0.7173913043478259, "Recall": 0.7674418604651163, "Precision": 0.673469387755102, "Cohen_Kappa": 0.4031662269129288, "AUC": 0.7986257928118393, "TP": 33, "TN": 28, "FP": 16, "FN": 10}, "test": {"ACC": 0.5517241379310345, "F1_Score": 0.5411764705882354, "Recall": 0.5227272727272727, "Precision": 0.5609756097560976, "Cohen_Kappa": 0.10404013731185635, "AUC": 0.6123150105708246, "TP": 23, "TN": 25, "FP": 18, "FN": 21}}, "KNB": {"valid": {"ACC": 0.7011494252873564, "F1_Score": 0.7346938775510204, "Recall": 0.8372093023255814, "Precision": 0.6545454545454545, "Cohen_Kappa": 0.40410958904109584, "AUC": 0.7243657505285412, "TP": 36, "TN": 25, "FP": 19, "FN": 7}, "test": {"ACC": 0.632183908045977, "F1_Score": 0.68, "Recall": 0.7727272727272727, "Precision": 0.6071428571428571, "Cohen_Kappa": 0.26193001060445387, "AUC": 0.6717758985200846, "TP": 34, "TN": 21, "FP": 22, "FN": 10}}, "DT": {"valid": {"ACC": 0.6666666666666666, "F1_Score": 0.6813186813186812, "Recall": 0.7209302325581395, "Precision": 0.6458333333333334, "Cohen_Kappa": 0.33412509897070464, "AUC": 0.6672832980972516, "TP": 31, "TN": 27, "FP": 17, "FN": 12}, "test": {"ACC": 0.5862068965517241, "F1_Score": 0.6086956521739131, "Recall": 0.6363636363636364, "Precision": 0.5833333333333334, "Cohen_Kappa": 0.17142857142857149, "AUC": 0.5856236786469344, "TP": 28, "TN": 23, "FP": 20, "FN": 16}}, "MNB": {"valid": {"ACC": 0.6896551724137931, "F1_Score": 0.7096774193548386, "Recall": 0.7674418604651163, "Precision": 0.66, "Cohen_Kappa": 0.38037457135320496, "AUC": 0.7706131078224101, "TP": 33, "TN": 27, "FP": 17, "FN": 10}, "test": {"ACC": 0.5862068965517241, "F1_Score": 0.5909090909090909, "Recall": 0.5909090909090909, "Precision": 0.5909090909090909, "Cohen_Kappa": 0.17230443974630028, "AUC": 0.6789112050739958, "TP": 26, "TN": 25, "FP": 18, "FN": 18}}, "RF": {"valid": {"ACC": 0.735632183908046, "F1_Score": 0.7578947368421053, "Recall": 0.8372093023255814, "Precision": 0.6923076923076923, "Cohen_Kappa": 0.47244924861587134, "AUC": 0.7912262156448203, "TP": 36, "TN": 28, "FP": 16, "FN": 7}, "test": {"ACC": 0.6091954022988506, "F1_Score": 0.6222222222222223, "Recall": 0.6363636363636364, "Precision": 0.6086956521739131, "Cohen_Kappa": 0.21787414066631405, "AUC": 0.6543340380549683, "TP": 28, "TN": 25, "FP": 18, "FN": 16}}, "ADA": {"valid": {"ACC": 0.6436781609195402, "F1_Score": 0.6593406593406593, "Recall": 0.6976744186046512, "Precision": 0.625, "Cohen_Kappa": 0.28820269200316706, "AUC": 0.6720401691331924, "TP": 30, "TN": 26, "FP": 18, "FN": 13}, "test": {"ACC": 0.5632183908045977, "F1_Score": 0.6041666666666667, "Recall": 0.6590909090909091, "Precision": 0.5576923076923077, "Cohen_Kappa": 0.12447033898305082, "AUC": 0.6255285412262156, "TP": 29, "TN": 20, "FP": 23, "FN": 15}}, "XGB": {"valid": {"ACC": 0.735632183908046, "F1_Score": 0.735632183908046, "Recall": 0.7441860465116279, "Precision": 0.7272727272727273, "Cohen_Kappa": 0.47133421400264197, "AUC": 0.8017970401691333, "TP": 32, "TN": 32, "FP": 12, "FN": 11}, "test": {"ACC": 0.632183908045977, "F1_Score": 0.6444444444444444, "Recall": 0.6590909090909091, "Precision": 0.6304347826086957, "Cohen_Kappa": 0.26388154415653087, "AUC": 0.6292283298097251, "TP": 29, "TN": 26, "FP": 17, "FN": 15}}, "MLP": {"valid": {"ACC": 0.6781609195402298, "F1_Score": 0.7021276595744682, "Recall": 0.7674418604651163, "Precision": 0.6470588235294118, "Cohen_Kappa": 0.3575949367088608, "AUC": 0.7653276955602537, "TP": 33, "TN": 26, "FP": 18, "FN": 10}, "test": {"ACC": 0.5977011494252874, "F1_Score": 0.5783132530120482, "Recall": 0.5454545454545454, "Precision": 0.6153846153846154, "Cohen_Kappa": 0.1963578780680918, "AUC": 0.6572410147991543, "TP": 24, "TN": 28, "FP": 15, "FN": 20}}, "LR": {"valid": {"ACC": 0.7011494252873564, "F1_Score": 0.7173913043478259, "Recall": 0.7674418604651163, "Precision": 0.673469387755102, "Cohen_Kappa": 0.4031662269129288, "AUC": 0.7986257928118393, "TP": 33, "TN": 28, "FP": 16, "FN": 10}, "test": {"ACC": 0.5517241379310345, "F1_Score": 0.5411764705882354, "Recall": 0.5227272727272727, "Precision": 0.5609756097560976, "Cohen_Kappa": 0.10404013731185635, "AUC": 0.6123150105708246, "TP": 23, "TN": 25, "FP": 18, "FN": 21}}, "ETAs": {"valid": {"ACC": 0.7701149425287356, "F1_Score": 0.782608695652174, "Recall": 0.8372093023255814, "Precision": 0.7346938775510204, "Cohen_Kappa": 0.5408970976253298, "AUC": 0.8004756871035941, "TP": 36, "TN": 31, "FP": 13, "FN": 7}, "test": {"ACC": 0.632183908045977, "F1_Score": 0.6444444444444444, "Recall": 0.6590909090909091, "Precision": 0.6304347826086957, "Cohen_Kappa": 0.26388154415653087, "AUC": 0.6686046511627908, "TP": 29, "TN": 26, "FP": 17, "FN": 15}}, "CNB": {"valid": {"ACC": 0.6896551724137931, "F1_Score": 0.7096774193548386, "Recall": 0.7674418604651163, "Precision": 0.66, "Cohen_Kappa": 0.38037457135320496, "AUC": 0.7706131078224101, "TP": 33, "TN": 27, "FP": 17, "FN": 10}, "test": {"ACC": 0.5862068965517241, "F1_Score": 0.5909090909090909, "Recall": 0.5909090909090909, "Precision": 0.5909090909090909, "Cohen_Kappa": 0.17230443974630028, "AUC": 0.6789112050739958, "TP": 26, "TN": 25, "FP": 18, "FN": 18}}, "GB": {"valid": {"ACC": 0.7586206896551724, "F1_Score": 0.7789473684210527, "Recall": 0.8604651162790697, "Precision": 0.7115384615384616, "Cohen_Kappa": 0.5183232269971, "AUC": 0.7943974630021142, "TP": 37, "TN": 29, "FP": 15, "FN": 6}, "test": {"ACC": 0.6206896551724138, "F1_Score": 0.6526315789473683, "Recall": 0.7045454545454546, "Precision": 0.6078431372549019, "Cohen_Kappa": 0.2398729150119142, "AUC": 0.6905391120507399, "TP": 31, "TN": 23, "FP": 20, "FN": 13}}, "BAG": {"valid": {"ACC": 0.735632183908046, "F1_Score": 0.7294117647058824, "Recall": 0.7209302325581395, "Precision": 0.7380952380952381, "Cohen_Kappa": 0.4710547184773989, "AUC": 0.735200845665962, "TP": 31, "TN": 33, "FP": 11, "FN": 12}, "test": {"ACC": 0.5517241379310345, "F1_Score": 0.5301204819277109, "Recall": 0.5, "Precision": 0.5641025641025641, "Cohen_Kappa": 0.10451306413301653, "AUC": 0.5998942917547568, "TP": 22, "TN": 26, "FP": 17, "FN": 22}}, "QDA": {"valid": {"ACC": 0.5057471264367817, "F1_Score": 0.0, "Recall": 0.0, "Precision": 0.0, "Cohen_Kappa": 0.0, "AUC": 0.5, "TP": 0, "TN": 44, "FP": 0, "FN": 43}, "test": {"ACC": 0.4942528735632184, "F1_Score": 0.0, "Recall": 0.0, "Precision": 0.0, "Cohen_Kappa": 0.0, "AUC": 0.5, "TP": 0, "TN": 43, "FP": 0, "FN": 44}}, "SVC": {"valid": {"ACC": 0.7816091954022989, "F1_Score": 0.7956989247311828, "Recall": 0.8604651162790697, "Precision": 0.74, "Cohen_Kappa": 0.5639672909522553, "AUC": 0.7906976744186046, "TP": 37, "TN": 31, "FP": 13, "FN": 6}, "test": {"ACC": 0.6436781609195402, "F1_Score": 0.6593406593406593, "Recall": 0.6818181818181818, "Precision": 0.6382978723404256, "Cohen_Kappa": 0.28669664110023807, "AUC": 0.6662262156448202, "TP": 30, "TN": 26, "FP": 17, "FN": 14}}}