{"OVR": {"valid": {"ACC": 0.6938775510204082, "F1_Score": 0.6808510638297872, "Recall": 0.6666666666666666, "Precision": 0.6956521739130435, "Cohen_Kappa": 0.38698915763135944, "AUC": 0.8166666666666667, "TP": 16, "TN": 18, "FP": 7, "FN": 8}, "test": {"ACC": 0.5714285714285714, "F1_Score": 0.631578947368421, "Recall": 0.72, "Precision": 0.5625, "Cohen_Kappa": 0.13746856663872586, "AUC": 0.7000000000000001, "TP": 18, "TN": 10, "FP": 14, "FN": 7}}, "KNB": {"valid": {"ACC": 0.673469387755102, "F1_Score": 0.5789473684210527, "Recall": 0.4583333333333333, "Precision": 0.7857142857142857, "Cohen_Kappa": 0.3411764705882353, "AUC": 0.7325, "TP": 11, "TN": 22, "FP": 3, "FN": 13}, "test": {"ACC": 0.6122448979591837, "F1_Score": 0.5581395348837209, "Recall": 0.48, "Precision": 0.6666666666666666, "Cohen_Kappa": 0.22866611433305706, "AUC": 0.6258333333333332, "TP": 12, "TN": 18, "FP": 6, "FN": 13}}, "DT": {"valid": {"ACC": 0.5306122448979592, "F1_Score": 0.4888888888888889, "Recall": 0.4583333333333333, "Precision": 0.5238095238095238, "Cohen_Kappa": 0.05847953216374269, "AUC": 0.5291666666666666, "TP": 11, "TN": 15, "FP": 10, "FN": 13}, "test": {"ACC": 0.6326530612244898, "F1_Score": 0.6250000000000001, "Recall": 0.6, "Precision": 0.6521739130434783, "Cohen_Kappa": 0.26622296173044924, "AUC": 0.6333333333333334, "TP": 15, "TN": 16, "FP": 8, "FN": 10}}, "MNB": {"valid": {"ACC": 0.7346938775510204, "F1_Score": 0.7346938775510204, "Recall": 0.75, "Precision": 0.72, "Cohen_Kappa": 0.46960865945045793, "AUC": 0.8016666666666667, "TP": 18, "TN": 18, "FP": 7, "FN": 6}, "test": {"ACC": 0.6938775510204082, "F1_Score": 0.7457627118644068, "Recall": 0.88, "Precision": 0.6470588235294118, "Cohen_Kappa": 0.38287153652392947, "AUC": 0.7316666666666667, "TP": 22, "TN": 12, "FP": 12, "FN": 3}}, "RF": {"valid": {"ACC": 0.7551020408163265, "F1_Score": 0.75, "Recall": 0.75, "Precision": 0.75, "Cohen_Kappa": 0.51, "AUC": 0.8150000000000001, "TP": 18, "TN": 19, "FP": 6, "FN": 6}, "test": {"ACC": 0.6530612244897959, "F1_Score": 0.6909090909090909, "Recall": 0.76, "Precision": 0.6333333333333333, "Cohen_Kappa": 0.30292887029288706, "AUC": 0.7375, "TP": 19, "TN": 13, "FP": 11, "FN": 6}}, "ADA": {"valid": {"ACC": 0.6938775510204082, "F1_Score": 0.7058823529411765, "Recall": 0.75, "Precision": 0.6666666666666666, "Cohen_Kappa": 0.38902743142144636, "AUC": 0.7033333333333334, "TP": 18, "TN": 16, "FP": 9, "FN": 6}, "test": {"ACC": 0.5714285714285714, "F1_Score": 0.5714285714285714, "Recall": 0.56, "Precision": 0.5833333333333334, "Cohen_Kappa": 0.14321398834304755, "AUC": 0.55, "TP": 14, "TN": 14, "FP": 10, "FN": 11}}, "XGB": {"valid": {"ACC": 0.6938775510204082, "F1_Score": 0.6666666666666666, "Recall": 0.625, "Precision": 0.7142857142857143, "Cohen_Kappa": 0.38596491228070173, "AUC": 0.7866666666666666, "TP": 15, "TN": 19, "FP": 6, "FN": 9}, "test": {"ACC": 0.6530612244897959, "F1_Score": 0.6909090909090909, "Recall": 0.76, "Precision": 0.6333333333333333, "Cohen_Kappa": 0.30292887029288706, "AUC": 0.7066666666666667, "TP": 19, "TN": 13, "FP": 11, "FN": 6}}, "MLP": {"valid": {"ACC": 0.7142857142857143, "F1_Score": 0.7199999999999999, "Recall": 0.75, "Precision": 0.6923076923076923, "Cohen_Kappa": 0.42928452579034937, "AUC": 0.8033333333333333, "TP": 18, "TN": 17, "FP": 8, "FN": 6}, "test": {"ACC": 0.6122448979591837, "F1_Score": 0.6885245901639344, "Recall": 0.84, "Precision": 0.5833333333333334, "Cohen_Kappa": 0.21698906644238847, "AUC": 0.7083333333333334, "TP": 21, "TN": 9, "FP": 15, "FN": 4}}, "LR": {"valid": {"ACC": 0.6938775510204082, "F1_Score": 0.6808510638297872, "Recall": 0.6666666666666666, "Precision": 0.6956521739130435, "Cohen_Kappa": 0.38698915763135944, "AUC": 0.8166666666666667, "TP": 16, "TN": 18, "FP": 7, "FN": 8}, "test": {"ACC": 0.5714285714285714, "F1_Score": 0.631578947368421, "Recall": 0.72, "Precision": 0.5625, "Cohen_Kappa": 0.13746856663872586, "AUC": 0.7000000000000001, "TP": 18, "TN": 10, "FP": 14, "FN": 7}}, "ETAs": {"valid": {"ACC": 0.7551020408163265, "F1_Score": 0.7391304347826088, "Recall": 0.7083333333333334, "Precision": 0.7727272727272727, "Cohen_Kappa": 0.5091819699499165, "AUC": 0.8266666666666667, "TP": 17, "TN": 20, "FP": 5, "FN": 7}, "test": {"ACC": 0.6938775510204082, "F1_Score": 0.7272727272727272, "Recall": 0.8, "Precision": 0.6666666666666666, "Cohen_Kappa": 0.38493723849372385, "AUC": 0.7725, "TP": 20, "TN": 14, "FP": 10, "FN": 5}}, "CNB": {"valid": {"ACC": 0.7346938775510204, "F1_Score": 0.7346938775510204, "Recall": 0.75, "Precision": 0.72, "Cohen_Kappa": 0.46960865945045793, "AUC": 0.8016666666666667, "TP": 18, "TN": 18, "FP": 7, "FN": 6}, "test": {"ACC": 0.6938775510204082, "F1_Score": 0.7457627118644068, "Recall": 0.88, "Precision": 0.6470588235294118, "Cohen_Kappa": 0.38287153652392947, "AUC": 0.7316666666666667, "TP": 22, "TN": 12, "FP": 12, "FN": 3}}, "GB": {"valid": {"ACC": 0.6326530612244898, "F1_Score": 0.64, "Recall": 0.6666666666666666, "Precision": 0.6153846153846154, "Cohen_Kappa": 0.26622296173044924, "AUC": 0.6733333333333333, "TP": 16, "TN": 15, "FP": 10, "FN": 8}, "test": {"ACC": 0.7142857142857143, "F1_Score": 0.7407407407407408, "Recall": 0.8, "Precision": 0.6896551724137931, "Cohen_Kappa": 0.4264214046822742, "AUC": 0.7533333333333335, "TP": 20, "TN": 15, "FP": 9, "FN": 5}}, "BAG": {"valid": {"ACC": 0.6122448979591837, "F1_Score": 0.5581395348837209, "Recall": 0.5, "Precision": 0.631578947368421, "Cohen_Kappa": 0.22092050209205027, "AUC": 0.7191666666666666, "TP": 12, "TN": 18, "FP": 7, "FN": 12}, "test": {"ACC": 0.7142857142857143, "F1_Score": 0.7083333333333334, "Recall": 0.68, "Precision": 0.7391304347826086, "Cohen_Kappa": 0.42928452579034937, "AUC": 0.7475, "TP": 17, "TN": 18, "FP": 6, "FN": 8}}, "QDA": {"valid": {"ACC": 0.5102040816326531, "F1_Score": 0.0, "Recall": 0.0, "Precision": 0.0, "Cohen_Kappa": 0.0, "AUC": 0.5, "TP": 0, "TN": 25, "FP": 0, "FN": 24}, "test": {"ACC": 0.4897959183673469, "F1_Score": 0.0, "Recall": 0.0, "Precision": 0.0, "Cohen_Kappa": 0.0, "AUC": 0.5, "TP": 0, "TN": 24, "FP": 0, "FN": 25}}, "SVC": {"valid": {"ACC": 0.7346938775510204, "F1_Score": 0.7111111111111111, "Recall": 0.6666666666666666, "Precision": 0.7619047619047619, "Cohen_Kappa": 0.4678362573099415, "AUC": 0.835, "TP": 16, "TN": 20, "FP": 5, "FN": 8}, "test": {"ACC": 0.673469387755102, "F1_Score": 0.6923076923076923, "Recall": 0.72, "Precision": 0.6666666666666666, "Cohen_Kappa": 0.3455759599332221, "AUC": 0.7550000000000001, "TP": 18, "TN": 15, "FP": 9, "FN": 7}}}