{"OVR": {"valid": {"ACC": 0.7529880478087649, "F1_Score": 0.7633587786259542, "Recall": 0.7936507936507936, "Precision": 0.7352941176470589, "Cohen_Kappa": 0.5058113686884725, "AUC": 0.8083809523809524, "TP": 100, "TN": 89, "FP": 36, "FN": 26}, "test": {"ACC": 0.6746031746031746, "F1_Score": 0.6796874999999999, "Recall": 0.6904761904761905, "Precision": 0.6692307692307692, "Cohen_Kappa": 0.3492063492063492, "AUC": 0.7541257243638195, "TP": 87, "TN": 83, "FP": 43, "FN": 39}}, "KNB": {"valid": {"ACC": 0.6812749003984063, "F1_Score": 0.6694214876033058, "Recall": 0.6428571428571429, "Precision": 0.6982758620689655, "Cohen_Kappa": 0.3627419866708982, "AUC": 0.7680634920634921, "TP": 81, "TN": 90, "FP": 35, "FN": 45}, "test": {"ACC": 0.6587301587301587, "F1_Score": 0.6293103448275861, "Recall": 0.5793650793650794, "Precision": 0.6886792452830188, "Cohen_Kappa": 0.31746031746031744, "AUC": 0.7197026958931722, "TP": 73, "TN": 93, "FP": 33, "FN": 53}}, "DT": {"valid": {"ACC": 0.6693227091633466, "F1_Score": 0.6795366795366795, "Recall": 0.6984126984126984, "Precision": 0.6616541353383458, "Cohen_Kappa": 0.33848791795002064, "AUC": 0.6732698412698414, "TP": 88, "TN": 80, "FP": 45, "FN": 38}, "test": {"ACC": 0.6111111111111112, "F1_Score": 0.6048387096774194, "Recall": 0.5952380952380952, "Precision": 0.6147540983606558, "Cohen_Kappa": 0.2222222222222222, "AUC": 0.6152683295540439, "TP": 75, "TN": 79, "FP": 47, "FN": 51}}, "MNB": {"valid": {"ACC": 0.701195219123506, "F1_Score": 0.7349823321554769, "Recall": 0.8253968253968254, "Precision": 0.6624203821656051, "Cohen_Kappa": 0.4017922399822047, "AUC": 0.7664761904761904, "TP": 104, "TN": 72, "FP": 53, "FN": 22}, "test": {"ACC": 0.6547619047619048, "F1_Score": 0.6903914590747331, "Recall": 0.7698412698412699, "Precision": 0.6258064516129033, "Cohen_Kappa": 0.30952380952380953, "AUC": 0.706254724111867, "TP": 97, "TN": 68, "FP": 58, "FN": 29}}, "RF": {"valid": {"ACC": 0.7330677290836654, "F1_Score": 0.7452471482889734, "Recall": 0.7777777777777778, "Precision": 0.7153284671532847, "Cohen_Kappa": 0.4659404871542443, "AUC": 0.8078412698412698, "TP": 98, "TN": 86, "FP": 39, "FN": 28}, "test": {"ACC": 0.7103174603174603, "F1_Score": 0.7137254901960784, "Recall": 0.7222222222222222, "Precision": 0.7054263565891473, "Cohen_Kappa": 0.4206349206349206, "AUC": 0.7629440665154951, "TP": 91, "TN": 88, "FP": 38, "FN": 35}}, "ADA": {"valid": {"ACC": 0.6653386454183267, "F1_Score": 0.6793893129770993, "Recall": 0.7063492063492064, "Precision": 0.6544117647058824, "Cohen_Kappa": 0.33045411241664024, "AUC": 0.7632380952380953, "TP": 89, "TN": 78, "FP": 47, "FN": 37}, "test": {"ACC": 0.6904761904761905, "F1_Score": 0.6953125000000001, "Recall": 0.7063492063492064, "Precision": 0.6846153846153846, "Cohen_Kappa": 0.38095238095238093, "AUC": 0.7350403124212647, "TP": 89, "TN": 85, "FP": 41, "FN": 37}}, "XGB": {"valid": {"ACC": 0.749003984063745, "F1_Score": 0.7640449438202246, "Recall": 0.8095238095238095, "Precision": 0.723404255319149, "Cohen_Kappa": 0.49776083849452124, "AUC": 0.8445714285714285, "TP": 102, "TN": 86, "FP": 39, "FN": 24}, "test": {"ACC": 0.6904761904761905, "F1_Score": 0.706766917293233, "Recall": 0.746031746031746, "Precision": 0.6714285714285714, "Cohen_Kappa": 0.38095238095238093, "AUC": 0.7710065507684556, "TP": 94, "TN": 80, "FP": 46, "FN": 32}}, "MLP": {"valid": {"ACC": 0.7211155378486056, "F1_Score": 0.7426470588235294, "Recall": 0.8015873015873016, "Precision": 0.6917808219178082, "Cohen_Kappa": 0.4418678526048285, "AUC": 0.8055873015873016, "TP": 101, "TN": 80, "FP": 45, "FN": 25}, "test": {"ACC": 0.6706349206349206, "F1_Score": 0.6745098039215686, "Recall": 0.6825396825396826, "Precision": 0.6666666666666666, "Cohen_Kappa": 0.3412698412698413, "AUC": 0.746756109851348, "TP": 86, "TN": 83, "FP": 43, "FN": 40}}, "LR": {"valid": {"ACC": 0.7529880478087649, "F1_Score": 0.7633587786259542, "Recall": 0.7936507936507936, "Precision": 0.7352941176470589, "Cohen_Kappa": 0.5058113686884725, "AUC": 0.8083809523809524, "TP": 100, "TN": 89, "FP": 36, "FN": 26}, "test": {"ACC": 0.6746031746031746, "F1_Score": 0.6796874999999999, "Recall": 0.6904761904761905, "Precision": 0.6692307692307692, "Cohen_Kappa": 0.3492063492063492, "AUC": 0.7541257243638195, "TP": 87, "TN": 83, "FP": 43, "FN": 39}}, "ETAs": {"valid": {"ACC": 0.7450199203187251, "F1_Score": 0.751937984496124, "Recall": 0.7698412698412699, "Precision": 0.7348484848484849, "Cohen_Kappa": 0.4899345907156918, "AUC": 0.7959365079365079, "TP": 97, "TN": 90, "FP": 35, "FN": 29}, "test": {"ACC": 0.6944444444444444, "F1_Score": 0.6932270916334661, "Recall": 0.6904761904761905, "Precision": 0.696, "Cohen_Kappa": 0.38888888888888884, "AUC": 0.7468190980095742, "TP": 87, "TN": 88, "FP": 38, "FN": 39}}, "CNB": {"valid": {"ACC": 0.701195219123506, "F1_Score": 0.7349823321554769, "Recall": 0.8253968253968254, "Precision": 0.6624203821656051, "Cohen_Kappa": 0.4017922399822047, "AUC": 0.7664761904761904, "TP": 104, "TN": 72, "FP": 53, "FN": 22}, "test": {"ACC": 0.6547619047619048, "F1_Score": 0.6903914590747331, "Recall": 0.7698412698412699, "Precision": 0.6258064516129033, "Cohen_Kappa": 0.30952380952380953, "AUC": 0.706254724111867, "TP": 97, "TN": 68, "FP": 58, "FN": 29}}, "GB": {"valid": {"ACC": 0.7569721115537849, "F1_Score": 0.7715355805243446, "Recall": 0.8174603174603174, "Precision": 0.7304964539007093, "Cohen_Kappa": 0.5137049388597745, "AUC": 0.811047619047619, "TP": 103, "TN": 87, "FP": 38, "FN": 23}, "test": {"ACC": 0.7142857142857143, "F1_Score": 0.7251908396946564, "Recall": 0.753968253968254, "Precision": 0.6985294117647058, "Cohen_Kappa": 0.4285714285714286, "AUC": 0.7868165784832452, "TP": 95, "TN": 85, "FP": 41, "FN": 31}}, "BAG": {"valid": {"ACC": 0.7450199203187251, "F1_Score": 0.751937984496124, "Recall": 0.7698412698412699, "Precision": 0.7348484848484849, "Cohen_Kappa": 0.4899345907156918, "AUC": 0.7918095238095237, "TP": 97, "TN": 90, "FP": 35, "FN": 29}, "test": {"ACC": 0.6785714285714286, "F1_Score": 0.6823529411764705, "Recall": 0.6904761904761905, "Precision": 0.6744186046511628, "Cohen_Kappa": 0.3571428571428571, "AUC": 0.7382212144116906, "TP": 87, "TN": 84, "FP": 42, "FN": 39}}, "QDA": {"valid": {"ACC": 0.4900398406374502, "F1_Score": 0.36, "Recall": 0.2857142857142857, "Precision": 0.4864864864864865, "Cohen_Kappa": -0.018255578093306246, "AUC": 0.49085714285714277, "TP": 36, "TN": 87, "FP": 38, "FN": 90}, "test": {"ACC": 0.44047619047619047, "F1_Score": 0.3188405797101449, "Recall": 0.2619047619047619, "Precision": 0.4074074074074074, "Cohen_Kappa": -0.11904761904761907, "AUC": 0.44047619047619047, "TP": 33, "TN": 78, "FP": 48, "FN": 93}}, "SVC": {"valid": {"ACC": 0.7609561752988048, "F1_Score": 0.781021897810219, "Recall": 0.8492063492063492, "Precision": 0.722972972972973, "Cohen_Kappa": 0.5215706207510007, "AUC": 0.811047619047619, "TP": 107, "TN": 84, "FP": 41, "FN": 19}, "test": {"ACC": 0.6944444444444444, "F1_Score": 0.7116104868913857, "Recall": 0.753968253968254, "Precision": 0.6737588652482269, "Cohen_Kappa": 0.38888888888888884, "AUC": 0.7639518770471151, "TP": 95, "TN": 80, "FP": 46, "FN": 31}}}