{"OVR": {"valid": {"ACC": 0.7346938775510204, "F1_Score": 0.723404255319149, "Recall": 0.7083333333333334, "Precision": 0.7391304347826086, "Cohen_Kappa": 0.4687239366138448, "AUC": 0.8266666666666667, "TP": 17, "TN": 19, "FP": 6, "FN": 7}, "test": {"ACC": 0.6938775510204082, "F1_Score": 0.7169811320754718, "Recall": 0.76, "Precision": 0.6785714285714286, "Cohen_Kappa": 0.38596491228070173, "AUC": 0.7516666666666666, "TP": 19, "TN": 15, "FP": 9, "FN": 6}}, "KNB": {"valid": {"ACC": 0.6326530612244898, "F1_Score": 0.5714285714285715, "Recall": 0.5, "Precision": 0.6666666666666666, "Cohen_Kappa": 0.2613065326633166, "AUC": 0.7766666666666666, "TP": 12, "TN": 19, "FP": 6, "FN": 12}, "test": {"ACC": 0.5306122448979592, "F1_Score": 0.5490196078431373, "Recall": 0.56, "Precision": 0.5384615384615384, "Cohen_Kappa": 0.06005004170141781, "AUC": 0.5758333333333334, "TP": 14, "TN": 12, "FP": 12, "FN": 11}}, "DT": {"valid": {"ACC": 0.7346938775510204, "F1_Score": 0.723404255319149, "Recall": 0.7083333333333334, "Precision": 0.7391304347826086, "Cohen_Kappa": 0.4687239366138448, "AUC": 0.7341666666666667, "TP": 17, "TN": 19, "FP": 6, "FN": 7}, "test": {"ACC": 0.6122448979591837, "F1_Score": 0.6122448979591836, "Recall": 0.6, "Precision": 0.625, "Cohen_Kappa": 0.2248126561199001, "AUC": 0.6125, "TP": 15, "TN": 15, "FP": 9, "FN": 10}}, "MNB": {"valid": {"ACC": 0.673469387755102, "F1_Score": 0.6923076923076924, "Recall": 0.75, "Precision": 0.6428571428571429, "Cohen_Kappa": 0.34883720930232565, "AUC": 0.8083333333333333, "TP": 18, "TN": 15, "FP": 10, "FN": 6}, "test": {"ACC": 0.5918367346938775, "F1_Score": 0.6551724137931034, "Recall": 0.76, "Precision": 0.5757575757575758, "Cohen_Kappa": 0.1778523489932885, "AUC": 0.7083333333333334, "TP": 19, "TN": 10, "FP": 14, "FN": 6}}, "RF": {"valid": {"ACC": 0.7142857142857143, "F1_Score": 0.6956521739130435, "Recall": 0.6666666666666666, "Precision": 0.7272727272727273, "Cohen_Kappa": 0.42737896494156935, "AUC": 0.835, "TP": 16, "TN": 19, "FP": 6, "FN": 8}, "test": {"ACC": 0.6326530612244898, "F1_Score": 0.6666666666666666, "Recall": 0.72, "Precision": 0.6206896551724138, "Cohen_Kappa": 0.2625418060200668, "AUC": 0.7133333333333334, "TP": 18, "TN": 13, "FP": 11, "FN": 7}}, "ADA": {"valid": {"ACC": 0.5306122448979592, "F1_Score": 0.5306122448979592, "Recall": 0.5416666666666666, "Precision": 0.52, "Cohen_Kappa": 0.0616153205661949, "AUC": 0.5858333333333333, "TP": 13, "TN": 13, "FP": 12, "FN": 11}, "test": {"ACC": 0.7142857142857143, "F1_Score": 0.7307692307692308, "Recall": 0.76, "Precision": 0.7037037037037037, "Cohen_Kappa": 0.42737896494156935, "AUC": 0.7333333333333333, "TP": 19, "TN": 16, "FP": 8, "FN": 6}}, "XGB": {"valid": {"ACC": 0.6326530612244898, "F1_Score": 0.5909090909090908, "Recall": 0.5416666666666666, "Precision": 0.65, "Cohen_Kappa": 0.2625418060200668, "AUC": 0.8066666666666666, "TP": 13, "TN": 18, "FP": 7, "FN": 11}, "test": {"ACC": 0.7142857142857143, "F1_Score": 0.7407407407407408, "Recall": 0.8, "Precision": 0.6896551724137931, "Cohen_Kappa": 0.4264214046822742, "AUC": 0.7683333333333333, "TP": 20, "TN": 15, "FP": 9, "FN": 5}}, "MLP": {"valid": {"ACC": 0.7142857142857143, "F1_Score": 0.7083333333333334, "Recall": 0.7083333333333334, "Precision": 0.7083333333333334, "Cohen_Kappa": 0.42833333333333334, "AUC": 0.8066666666666666, "TP": 17, "TN": 18, "FP": 7, "FN": 7}, "test": {"ACC": 0.6326530612244898, "F1_Score": 0.689655172413793, "Recall": 0.8, "Precision": 0.6060606060606061, "Cohen_Kappa": 0.26006711409395966, "AUC": 0.76, "TP": 20, "TN": 11, "FP": 13, "FN": 5}}, "LR": {"valid": {"ACC": 0.7346938775510204, "F1_Score": 0.723404255319149, "Recall": 0.7083333333333334, "Precision": 0.7391304347826086, "Cohen_Kappa": 0.4687239366138448, "AUC": 0.8266666666666667, "TP": 17, "TN": 19, "FP": 6, "FN": 7}, "test": {"ACC": 0.6938775510204082, "F1_Score": 0.7169811320754718, "Recall": 0.76, "Precision": 0.6785714285714286, "Cohen_Kappa": 0.38596491228070173, "AUC": 0.7516666666666666, "TP": 19, "TN": 15, "FP": 9, "FN": 6}}, "ETAs": {"valid": {"ACC": 0.7551020408163265, "F1_Score": 0.75, "Recall": 0.75, "Precision": 0.75, "Cohen_Kappa": 0.51, "AUC": 0.8441666666666666, "TP": 18, "TN": 19, "FP": 6, "FN": 6}, "test": {"ACC": 0.6530612244897959, "F1_Score": 0.6909090909090909, "Recall": 0.76, "Precision": 0.6333333333333333, "Cohen_Kappa": 0.30292887029288706, "AUC": 0.7149999999999999, "TP": 19, "TN": 13, "FP": 11, "FN": 6}}, "CNB": {"valid": {"ACC": 0.673469387755102, "F1_Score": 0.6923076923076924, "Recall": 0.75, "Precision": 0.6428571428571429, "Cohen_Kappa": 0.34883720930232565, "AUC": 0.8083333333333333, "TP": 18, "TN": 15, "FP": 10, "FN": 6}, "test": {"ACC": 0.5918367346938775, "F1_Score": 0.6551724137931034, "Recall": 0.76, "Precision": 0.5757575757575758, "Cohen_Kappa": 0.1778523489932885, "AUC": 0.7083333333333334, "TP": 19, "TN": 10, "FP": 14, "FN": 6}}, "GB": {"valid": {"ACC": 0.7346938775510204, "F1_Score": 0.723404255319149, "Recall": 0.7083333333333334, "Precision": 0.7391304347826086, "Cohen_Kappa": 0.4687239366138448, "AUC": 0.7716666666666666, "TP": 17, "TN": 19, "FP": 6, "FN": 7}, "test": {"ACC": 0.7142857142857143, "F1_Score": 0.75, "Recall": 0.84, "Precision": 0.6774193548387096, "Cohen_Kappa": 0.4254606365159129, "AUC": 0.725, "TP": 21, "TN": 14, "FP": 10, "FN": 4}}, "BAG": {"valid": {"ACC": 0.7346938775510204, "F1_Score": 0.7111111111111111, "Recall": 0.6666666666666666, "Precision": 0.7619047619047619, "Cohen_Kappa": 0.4678362573099415, "AUC": 0.8483333333333333, "TP": 16, "TN": 20, "FP": 5, "FN": 8}, "test": {"ACC": 0.7755102040816326, "F1_Score": 0.7555555555555556, "Recall": 0.68, "Precision": 0.85, "Cohen_Kappa": 0.5526970954356847, "AUC": 0.7583333333333334, "TP": 17, "TN": 21, "FP": 3, "FN": 8}}, "QDA": {"valid": {"ACC": 0.5306122448979592, "F1_Score": 0.07999999999999999, "Recall": 0.041666666666666664, "Precision": 1.0, "Cohen_Kappa": 0.042480883602379005, "AUC": 0.5208333333333334, "TP": 1, "TN": 25, "FP": 0, "FN": 23}, "test": {"ACC": 0.4897959183673469, "F1_Score": 0.0, "Recall": 0.0, "Precision": 0.0, "Cohen_Kappa": 0.0, "AUC": 0.5, "TP": 0, "TN": 24, "FP": 0, "FN": 25}}, "SVC": {"valid": {"ACC": 0.7551020408163265, "F1_Score": 0.7272727272727272, "Recall": 0.6666666666666666, "Precision": 0.8, "Cohen_Kappa": 0.5083612040133779, "AUC": 0.8416666666666667, "TP": 16, "TN": 21, "FP": 4, "FN": 8}, "test": {"ACC": 0.6326530612244898, "F1_Score": 0.6666666666666666, "Recall": 0.72, "Precision": 0.6206896551724138, "Cohen_Kappa": 0.2625418060200668, "AUC": 0.7566666666666667, "TP": 18, "TN": 13, "FP": 11, "FN": 7}}}