{"OVR": {"valid": {"ACC": 0.6896551724137931, "F1_Score": 0.6823529411764705, "Recall": 0.6744186046511628, "Precision": 0.6904761904761905, "Cohen_Kappa": 0.3790642347343379, "AUC": 0.7526427061310782, "TP": 29, "TN": 31, "FP": 13, "FN": 14}, "test": {"ACC": 0.5402298850574713, "F1_Score": 0.5238095238095238, "Recall": 0.5, "Precision": 0.55, "Cohen_Kappa": 0.08130939809926085, "AUC": 0.6604122621564482, "TP": 22, "TN": 25, "FP": 18, "FN": 22}}, "KNB": {"valid": {"ACC": 0.632183908045977, "F1_Score": 0.7037037037037038, "Recall": 0.8837209302325582, "Precision": 0.5846153846153846, "Cohen_Kappa": 0.2685233841303206, "AUC": 0.7174947145877378, "TP": 38, "TN": 17, "FP": 27, "FN": 5}, "test": {"ACC": 0.5517241379310345, "F1_Score": 0.6776859504132231, "Recall": 0.9318181818181818, "Precision": 0.5324675324675324, "Cohen_Kappa": 0.09544121567581965, "AUC": 0.6144291754756871, "TP": 41, "TN": 7, "FP": 36, "FN": 3}}, "DT": {"valid": {"ACC": 0.5517241379310345, "F1_Score": 0.5714285714285714, "Recall": 0.6046511627906976, "Precision": 0.5416666666666666, "Cohen_Kappa": 0.10451306413301653, "AUC": 0.5523255813953488, "TP": 26, "TN": 22, "FP": 22, "FN": 17}, "test": {"ACC": 0.5402298850574713, "F1_Score": 0.5454545454545454, "Recall": 0.5454545454545454, "Precision": 0.5454545454545454, "Cohen_Kappa": 0.08033826638477803, "AUC": 0.540169133192389, "TP": 24, "TN": 23, "FP": 20, "FN": 20}}, "MNB": {"valid": {"ACC": 0.6436781609195402, "F1_Score": 0.6666666666666666, "Recall": 0.7209302325581395, "Precision": 0.62, "Cohen_Kappa": 0.2885782115536798, "AUC": 0.7399577167019028, "TP": 31, "TN": 25, "FP": 19, "FN": 12}, "test": {"ACC": 0.6091954022988506, "F1_Score": 0.6222222222222223, "Recall": 0.6363636363636364, "Precision": 0.6086956521739131, "Cohen_Kappa": 0.21787414066631405, "AUC": 0.6968816067653276, "TP": 28, "TN": 25, "FP": 18, "FN": 16}}, "RF": {"valid": {"ACC": 0.735632183908046, "F1_Score": 0.7294117647058824, "Recall": 0.7209302325581395, "Precision": 0.7380952380952381, "Cohen_Kappa": 0.4710547184773989, "AUC": 0.7703488372093024, "TP": 31, "TN": 33, "FP": 11, "FN": 12}, "test": {"ACC": 0.6436781609195402, "F1_Score": 0.651685393258427, "Recall": 0.6590909090909091, "Precision": 0.6444444444444445, "Cohen_Kappa": 0.28707375099127685, "AUC": 0.7003171247357295, "TP": 29, "TN": 27, "FP": 16, "FN": 15}}, "ADA": {"valid": {"ACC": 0.6551724137931034, "F1_Score": 0.6739130434782609, "Recall": 0.7209302325581395, "Precision": 0.6326530612244898, "Cohen_Kappa": 0.3113456464379948, "AUC": 0.6667547568710359, "TP": 31, "TN": 26, "FP": 18, "FN": 12}, "test": {"ACC": 0.5632183908045977, "F1_Score": 0.5365853658536586, "Recall": 0.5, "Precision": 0.5789473684210527, "Cohen_Kappa": 0.12770448548812674, "AUC": 0.5887949260042284, "TP": 22, "TN": 27, "FP": 16, "FN": 22}}, "XGB": {"valid": {"ACC": 0.6551724137931034, "F1_Score": 0.6739130434782609, "Recall": 0.7209302325581395, "Precision": 0.6326530612244898, "Cohen_Kappa": 0.3113456464379948, "AUC": 0.7283298097251586, "TP": 31, "TN": 26, "FP": 18, "FN": 12}, "test": {"ACC": 0.5517241379310345, "F1_Score": 0.5517241379310344, "Recall": 0.5454545454545454, "Precision": 0.5581395348837209, "Cohen_Kappa": 0.10356671070013213, "AUC": 0.6308139534883721, "TP": 24, "TN": 24, "FP": 19, "FN": 20}}, "MLP": {"valid": {"ACC": 0.6666666666666666, "F1_Score": 0.6741573033707865, "Recall": 0.6976744186046512, "Precision": 0.6521739130434783, "Cohen_Kappa": 0.3337734354370214, "AUC": 0.7288583509513742, "TP": 30, "TN": 28, "FP": 16, "FN": 13}, "test": {"ACC": 0.5747126436781609, "F1_Score": 0.5747126436781609, "Recall": 0.5681818181818182, "Precision": 0.5813953488372093, "Cohen_Kappa": 0.14953764861294583, "AUC": 0.6847251585623678, "TP": 25, "TN": 25, "FP": 18, "FN": 19}}, "LR": {"valid": {"ACC": 0.6896551724137931, "F1_Score": 0.6823529411764705, "Recall": 0.6744186046511628, "Precision": 0.6904761904761905, "Cohen_Kappa": 0.3790642347343379, "AUC": 0.7526427061310782, "TP": 29, "TN": 31, "FP": 13, "FN": 14}, "test": {"ACC": 0.5402298850574713, "F1_Score": 0.5238095238095238, "Recall": 0.5, "Precision": 0.55, "Cohen_Kappa": 0.08130939809926085, "AUC": 0.6604122621564482, "TP": 22, "TN": 25, "FP": 18, "FN": 22}}, "ETAs": {"valid": {"ACC": 0.7241379310344828, "F1_Score": 0.7391304347826086, "Recall": 0.7906976744186046, "Precision": 0.6938775510204082, "Cohen_Kappa": 0.44907651715039576, "AUC": 0.7719344608879493, "TP": 34, "TN": 29, "FP": 15, "FN": 9}, "test": {"ACC": 0.6091954022988506, "F1_Score": 0.5952380952380952, "Recall": 0.5681818181818182, "Precision": 0.625, "Cohen_Kappa": 0.21911298838437165, "AUC": 0.6625264270613108, "TP": 25, "TN": 28, "FP": 15, "FN": 19}}, "CNB": {"valid": {"ACC": 0.6436781609195402, "F1_Score": 0.6666666666666666, "Recall": 0.7209302325581395, "Precision": 0.62, "Cohen_Kappa": 0.2885782115536798, "AUC": 0.7399577167019028, "TP": 31, "TN": 25, "FP": 19, "FN": 12}, "test": {"ACC": 0.6091954022988506, "F1_Score": 0.6222222222222223, "Recall": 0.6363636363636364, "Precision": 0.6086956521739131, "Cohen_Kappa": 0.21787414066631405, "AUC": 0.6968816067653276, "TP": 28, "TN": 25, "FP": 18, "FN": 16}}, "GB": {"valid": {"ACC": 0.632183908045977, "F1_Score": 0.6595744680851063, "Recall": 0.7209302325581395, "Precision": 0.6078431372549019, "Cohen_Kappa": 0.26582278481012656, "AUC": 0.6971458773784355, "TP": 31, "TN": 24, "FP": 20, "FN": 12}, "test": {"ACC": 0.5862068965517241, "F1_Score": 0.5909090909090909, "Recall": 0.5909090909090909, "Precision": 0.5909090909090909, "Cohen_Kappa": 0.17230443974630028, "AUC": 0.6582980972515856, "TP": 26, "TN": 25, "FP": 18, "FN": 18}}, "BAG": {"valid": {"ACC": 0.6781609195402298, "F1_Score": 0.6666666666666667, "Recall": 0.6511627906976745, "Precision": 0.6829268292682927, "Cohen_Kappa": 0.3558963511369645, "AUC": 0.7050739957716703, "TP": 28, "TN": 31, "FP": 13, "FN": 15}, "test": {"ACC": 0.5632183908045977, "F1_Score": 0.4864864864864865, "Recall": 0.4090909090909091, "Precision": 0.6, "Cohen_Kappa": 0.12954186413902058, "AUC": 0.5605179704016914, "TP": 18, "TN": 31, "FP": 12, "FN": 26}}, "QDA": {"valid": {"ACC": 0.5057471264367817, "F1_Score": 0.0, "Recall": 0.0, "Precision": 0.0, "Cohen_Kappa": 0.0, "AUC": 0.5, "TP": 0, "TN": 44, "FP": 0, "FN": 43}, "test": {"ACC": 0.4942528735632184, "F1_Score": 0.0, "Recall": 0.0, "Precision": 0.0, "Cohen_Kappa": 0.0, "AUC": 0.5, "TP": 0, "TN": 43, "FP": 0, "FN": 44}}, "SVC": {"valid": {"ACC": 0.7241379310344828, "F1_Score": 0.7272727272727273, "Recall": 0.7441860465116279, "Precision": 0.7111111111111111, "Cohen_Kappa": 0.4484944532488113, "AUC": 0.7875264270613107, "TP": 32, "TN": 31, "FP": 13, "FN": 11}, "test": {"ACC": 0.6206896551724138, "F1_Score": 0.6292134831460675, "Recall": 0.6363636363636364, "Precision": 0.6222222222222222, "Cohen_Kappa": 0.24107850911974626, "AUC": 0.6778541226215644, "TP": 28, "TN": 26, "FP": 17, "FN": 16}}}