{"OVR": {"valid": {"ACC": 0.6311787072243346, "F1_Score": 0.6311787072243346, "Recall": 0.6335877862595419, "Precision": 0.6287878787878788, "Cohen_Kappa": 0.26236807864681233, "AUC": 0.6678811010872079, "TP": 83, "TN": 83, "FP": 49, "FN": 48}, "test": {"ACC": 0.6349809885931559, "F1_Score": 0.6390977443609023, "Recall": 0.6439393939393939, "Precision": 0.6343283582089553, "Cohen_Kappa": 0.26990920131860496, "AUC": 0.6586860976173954, "TP": 85, "TN": 82, "FP": 49, "FN": 47}}, "KNB": {"valid": {"ACC": 0.5931558935361216, "F1_Score": 0.4976525821596244, "Recall": 0.40458015267175573, "Precision": 0.6463414634146342, "Cohen_Kappa": 0.18514550456059065, "AUC": 0.6456453851492019, "TP": 53, "TN": 103, "FP": 29, "FN": 78}, "test": {"ACC": 0.55893536121673, "F1_Score": 0.41414141414141414, "Recall": 0.3106060606060606, "Precision": 0.6212121212121212, "Cohen_Kappa": 0.1195382395382395, "AUC": 0.5936271108026834, "TP": 41, "TN": 106, "FP": 25, "FN": 91}}, "DT": {"valid": {"ACC": 0.5703422053231939, "F1_Score": 0.5670498084291188, "Recall": 0.5648854961832062, "Precision": 0.5692307692307692, "Cohen_Kappa": 0.1406471387676025, "AUC": 0.5703215359703909, "TP": 74, "TN": 76, "FP": 56, "FN": 57}, "test": {"ACC": 0.5893536121673004, "F1_Score": 0.6058394160583942, "Recall": 0.6287878787878788, "Precision": 0.5845070422535211, "Cohen_Kappa": 0.17845780065945505, "AUC": 0.5863694193846866, "TP": 83, "TN": 72, "FP": 59, "FN": 49}}, "MNB": {"valid": {"ACC": 0.6806083650190115, "F1_Score": 0.6639999999999999, "Recall": 0.6335877862595419, "Precision": 0.6974789915966386, "Cohen_Kappa": 0.36098576883026723, "AUC": 0.7194078186444598, "TP": 83, "TN": 96, "FP": 36, "FN": 48}, "test": {"ACC": 0.623574144486692, "F1_Score": 0.6264150943396226, "Recall": 0.6287878787878788, "Precision": 0.6240601503759399, "Cohen_Kappa": 0.2471156348494925, "AUC": 0.6876590330788804, "TP": 83, "TN": 81, "FP": 50, "FN": 49}}, "RF": {"valid": {"ACC": 0.6653992395437263, "F1_Score": 0.6666666666666666, "Recall": 0.6717557251908397, "Precision": 0.6616541353383458, "Cohen_Kappa": 0.3308275024576419, "AUC": 0.7321882951653944, "TP": 88, "TN": 87, "FP": 45, "FN": 43}, "test": {"ACC": 0.6615969581749049, "F1_Score": 0.673992673992674, "Recall": 0.696969696969697, "Precision": 0.6524822695035462, "Cohen_Kappa": 0.3230079537237889, "AUC": 0.6975190839694656, "TP": 92, "TN": 82, "FP": 49, "FN": 40}}, "ADA": {"valid": {"ACC": 0.6615969581749049, "F1_Score": 0.6509803921568628, "Recall": 0.6335877862595419, "Precision": 0.6693548387096774, "Cohen_Kappa": 0.3230471122422419, "AUC": 0.7147524866990516, "TP": 83, "TN": 91, "FP": 41, "FN": 48}, "test": {"ACC": 0.6197718631178707, "F1_Score": 0.6062992125984252, "Recall": 0.5833333333333334, "Precision": 0.6311475409836066, "Cohen_Kappa": 0.23975255824709485, "AUC": 0.6860108720795743, "TP": 77, "TN": 86, "FP": 45, "FN": 55}}, "XGB": {"valid": {"ACC": 0.6615969581749049, "F1_Score": 0.6615969581749049, "Recall": 0.6641221374045801, "Precision": 0.6590909090909091, "Cohen_Kappa": 0.3232037010264567, "AUC": 0.7063960212815175, "TP": 87, "TN": 87, "FP": 45, "FN": 44}, "test": {"ACC": 0.6311787072243346, "F1_Score": 0.6394052044609665, "Recall": 0.6515151515151515, "Precision": 0.6277372262773723, "Cohen_Kappa": 0.26224008791463027, "AUC": 0.7039093222299329, "TP": 86, "TN": 80, "FP": 51, "FN": 46}}, "MLP": {"valid": {"ACC": 0.6425855513307985, "F1_Score": 0.6466165413533835, "Recall": 0.6564885496183206, "Precision": 0.6370370370370371, "Cohen_Kappa": 0.28524343703018396, "AUC": 0.6670714781401804, "TP": 86, "TN": 83, "FP": 49, "FN": 45}, "test": {"ACC": 0.6539923954372624, "F1_Score": 0.6617100371747211, "Recall": 0.6742424242424242, "Precision": 0.6496350364963503, "Cohen_Kappa": 0.3078747216518696, "AUC": 0.6744737450844321, "TP": 89, "TN": 83, "FP": 48, "FN": 43}}, "LR": {"valid": {"ACC": 0.6311787072243346, "F1_Score": 0.6311787072243346, "Recall": 0.6335877862595419, "Precision": 0.6287878787878788, "Cohen_Kappa": 0.26236807864681233, "AUC": 0.6678811010872079, "TP": 83, "TN": 83, "FP": 49, "FN": 48}, "test": {"ACC": 0.6349809885931559, "F1_Score": 0.6390977443609023, "Recall": 0.6439393939393939, "Precision": 0.6343283582089553, "Cohen_Kappa": 0.26990920131860496, "AUC": 0.6586860976173954, "TP": 85, "TN": 82, "FP": 49, "FN": 47}}, "ETAs": {"valid": {"ACC": 0.6692015209125475, "F1_Score": 0.6692015209125475, "Recall": 0.6717557251908397, "Precision": 0.6666666666666666, "Cohen_Kappa": 0.33841260662136774, "AUC": 0.7281690955355077, "TP": 88, "TN": 88, "FP": 44, "FN": 43}, "test": {"ACC": 0.6349809885931559, "F1_Score": 0.6470588235294118, "Recall": 0.6666666666666666, "Precision": 0.6285714285714286, "Cohen_Kappa": 0.26978250809810267, "AUC": 0.6940492713393477, "TP": 88, "TN": 79, "FP": 52, "FN": 44}}, "CNB": {"valid": {"ACC": 0.6806083650190115, "F1_Score": 0.6639999999999999, "Recall": 0.6335877862595419, "Precision": 0.6974789915966386, "Cohen_Kappa": 0.36098576883026723, "AUC": 0.7194078186444598, "TP": 83, "TN": 96, "FP": 36, "FN": 48}, "test": {"ACC": 0.623574144486692, "F1_Score": 0.6264150943396226, "Recall": 0.6287878787878788, "Precision": 0.6240601503759399, "Cohen_Kappa": 0.2471156348494925, "AUC": 0.6876590330788804, "TP": 83, "TN": 81, "FP": 50, "FN": 49}}, "GB": {"valid": {"ACC": 0.6615969581749049, "F1_Score": 0.6454183266932271, "Recall": 0.6183206106870229, "Precision": 0.675, "Cohen_Kappa": 0.322968790674804, "AUC": 0.7347617395327318, "TP": 81, "TN": 93, "FP": 39, "FN": 50}, "test": {"ACC": 0.6387832699619772, "F1_Score": 0.6153846153846153, "Recall": 0.5757575757575758, "Precision": 0.6608695652173913, "Cohen_Kappa": 0.2779110430334383, "AUC": 0.7071478140180429, "TP": 76, "TN": 92, "FP": 39, "FN": 56}}, "BAG": {"valid": {"ACC": 0.6615969581749049, "F1_Score": 0.6454183266932271, "Recall": 0.6183206106870229, "Precision": 0.675, "Cohen_Kappa": 0.322968790674804, "AUC": 0.6918806384455238, "TP": 81, "TN": 93, "FP": 39, "FN": 50}, "test": {"ACC": 0.6045627376425855, "F1_Score": 0.6030534351145038, "Recall": 0.5984848484848485, "Precision": 0.6076923076923076, "Cohen_Kappa": 0.20915977563175858, "AUC": 0.6297131621559101, "TP": 79, "TN": 80, "FP": 51, "FN": 53}}, "QDA": {"valid": {"ACC": 0.5247148288973384, "F1_Score": 0.24242424242424243, "Recall": 0.15267175572519084, "Precision": 0.5882352941176471, "Cohen_Kappa": 0.0467422507031634, "AUC": 0.5233055748322923, "TP": 20, "TN": 118, "FP": 14, "FN": 111}, "test": {"ACC": 0.5437262357414449, "F1_Score": 0.3181818181818182, "Recall": 0.21212121212121213, "Precision": 0.6363636363636364, "Cohen_Kappa": 0.08975542224273181, "AUC": 0.5449919037705298, "TP": 28, "TN": 115, "FP": 16, "FN": 104}}, "SVC": {"valid": {"ACC": 0.6730038022813688, "F1_Score": 0.6504065040650405, "Recall": 0.6106870229007634, "Precision": 0.6956521739130435, "Cohen_Kappa": 0.345695440870169, "AUC": 0.741383298635207, "TP": 80, "TN": 97, "FP": 35, "FN": 51}, "test": {"ACC": 0.6692015209125475, "F1_Score": 0.6588235294117647, "Recall": 0.6363636363636364, "Precision": 0.6829268292682927, "Cohen_Kappa": 0.33856560575839045, "AUC": 0.7290076335877863, "TP": 84, "TN": 92, "FP": 39, "FN": 48}}}