{"OVR": {"valid": {"ACC": 0.6554054054054054, "F1_Score": 0.653061224489796, "Recall": 0.6486486486486487, "Precision": 0.6575342465753424, "Cohen_Kappa": 0.31081081081081086, "AUC": 0.673119065010957, "TP": 48, "TN": 49, "FP": 25, "FN": 26}, "test": {"ACC": 0.5704697986577181, "F1_Score": 0.5675675675675674, "Recall": 0.56, "Precision": 0.5753424657534246, "Cohen_Kappa": 0.1410556656458295, "AUC": 0.6153153153153154, "TP": 42, "TN": 43, "FP": 31, "FN": 33}}, "KNB": {"valid": {"ACC": 0.6081081081081081, "F1_Score": 0.5972222222222221, "Recall": 0.581081081081081, "Precision": 0.6142857142857143, "Cohen_Kappa": 0.21621621621621623, "AUC": 0.6617969320672022, "TP": 43, "TN": 47, "FP": 27, "FN": 31}, "test": {"ACC": 0.610738255033557, "F1_Score": 0.6081081081081081, "Recall": 0.6, "Precision": 0.6164383561643836, "Cohen_Kappa": 0.22158169699153307, "AUC": 0.6388288288288289, "TP": 45, "TN": 46, "FP": 28, "FN": 30}}, "DT": {"valid": {"ACC": 0.6554054054054054, "F1_Score": 0.6482758620689655, "Recall": 0.6351351351351351, "Precision": 0.6619718309859155, "Cohen_Kappa": 0.31081081081081086, "AUC": 0.6554054054054054, "TP": 47, "TN": 50, "FP": 24, "FN": 27}, "test": {"ACC": 0.6375838926174496, "F1_Score": 0.5970149253731344, "Recall": 0.5333333333333333, "Precision": 0.6779661016949152, "Cohen_Kappa": 0.27617848146815394, "AUC": 0.6382882882882882, "TP": 40, "TN": 55, "FP": 19, "FN": 35}}, "MNB": {"valid": {"ACC": 0.6351351351351351, "F1_Score": 0.6301369863013699, "Recall": 0.6216216216216216, "Precision": 0.6388888888888888, "Cohen_Kappa": 0.2702702702702703, "AUC": 0.7003287070854638, "TP": 46, "TN": 48, "FP": 26, "FN": 28}, "test": {"ACC": 0.6308724832214765, "F1_Score": 0.6405228758169934, "Recall": 0.6533333333333333, "Precision": 0.6282051282051282, "Cohen_Kappa": 0.26151212039289895, "AUC": 0.630990990990991, "TP": 49, "TN": 45, "FP": 29, "FN": 26}}, "RF": {"valid": {"ACC": 0.6621621621621622, "F1_Score": 0.6323529411764707, "Recall": 0.581081081081081, "Precision": 0.6935483870967742, "Cohen_Kappa": 0.32432432432432434, "AUC": 0.7300036523009495, "TP": 43, "TN": 55, "FP": 19, "FN": 31}, "test": {"ACC": 0.697986577181208, "F1_Score": 0.6979865771812082, "Recall": 0.6933333333333334, "Precision": 0.7027027027027027, "Cohen_Kappa": 0.3960003603278983, "AUC": 0.7283783783783784, "TP": 52, "TN": 52, "FP": 22, "FN": 23}}, "ADA": {"valid": {"ACC": 0.6756756756756757, "F1_Score": 0.6363636363636365, "Recall": 0.5675675675675675, "Precision": 0.7241379310344828, "Cohen_Kappa": 0.3513513513513513, "AUC": 0.6846238130021912, "TP": 42, "TN": 58, "FP": 16, "FN": 32}, "test": {"ACC": 0.5906040268456376, "F1_Score": 0.5906040268456377, "Recall": 0.5866666666666667, "Precision": 0.5945945945945946, "Cohen_Kappa": 0.18124493288892884, "AUC": 0.5882882882882883, "TP": 44, "TN": 44, "FP": 30, "FN": 31}}, "XGB": {"valid": {"ACC": 0.6418918918918919, "F1_Score": 0.618705035971223, "Recall": 0.581081081081081, "Precision": 0.6615384615384615, "Cohen_Kappa": 0.28378378378378377, "AUC": 0.7138422205989774, "TP": 43, "TN": 52, "FP": 22, "FN": 31}, "test": {"ACC": 0.6442953020134228, "F1_Score": 0.6535947712418301, "Recall": 0.6666666666666666, "Precision": 0.6410256410256411, "Cohen_Kappa": 0.2883662251058845, "AUC": 0.6684684684684685, "TP": 50, "TN": 46, "FP": 28, "FN": 25}}, "MLP": {"valid": {"ACC": 0.6216216216216216, "F1_Score": 0.6164383561643835, "Recall": 0.6081081081081081, "Precision": 0.625, "Cohen_Kappa": 0.2432432432432432, "AUC": 0.6649013878743608, "TP": 45, "TN": 47, "FP": 27, "FN": 29}, "test": {"ACC": 0.5302013422818792, "F1_Score": 0.5, "Recall": 0.4666666666666667, "Precision": 0.5384615384615384, "Cohen_Kappa": 0.06120612061206132, "AUC": 0.5855855855855855, "TP": 35, "TN": 44, "FP": 30, "FN": 40}}, "LR": {"valid": {"ACC": 0.6554054054054054, "F1_Score": 0.653061224489796, "Recall": 0.6486486486486487, "Precision": 0.6575342465753424, "Cohen_Kappa": 0.31081081081081086, "AUC": 0.673119065010957, "TP": 48, "TN": 49, "FP": 25, "FN": 26}, "test": {"ACC": 0.5704697986577181, "F1_Score": 0.5675675675675674, "Recall": 0.56, "Precision": 0.5753424657534246, "Cohen_Kappa": 0.1410556656458295, "AUC": 0.6153153153153154, "TP": 42, "TN": 43, "FP": 31, "FN": 33}}, "ETAs": {"valid": {"ACC": 0.6486486486486487, "F1_Score": 0.6231884057971013, "Recall": 0.581081081081081, "Precision": 0.671875, "Cohen_Kappa": 0.29729729729729726, "AUC": 0.7342951059167275, "TP": 43, "TN": 53, "FP": 21, "FN": 31}, "test": {"ACC": 0.6577181208053692, "F1_Score": 0.6433566433566433, "Recall": 0.6133333333333333, "Precision": 0.6764705882352942, "Cohen_Kappa": 0.31583685963806607, "AUC": 0.720990990990991, "TP": 46, "TN": 52, "FP": 22, "FN": 29}}, "CNB": {"valid": {"ACC": 0.6351351351351351, "F1_Score": 0.6301369863013699, "Recall": 0.6216216216216216, "Precision": 0.6388888888888888, "Cohen_Kappa": 0.2702702702702703, "AUC": 0.7003287070854638, "TP": 46, "TN": 48, "FP": 26, "FN": 28}, "test": {"ACC": 0.6308724832214765, "F1_Score": 0.6405228758169934, "Recall": 0.6533333333333333, "Precision": 0.6282051282051282, "Cohen_Kappa": 0.26151212039289895, "AUC": 0.630990990990991, "TP": 49, "TN": 45, "FP": 29, "FN": 26}}, "GB": {"valid": {"ACC": 0.6486486486486487, "F1_Score": 0.6231884057971013, "Recall": 0.581081081081081, "Precision": 0.671875, "Cohen_Kappa": 0.29729729729729726, "AUC": 0.7280861943024105, "TP": 43, "TN": 53, "FP": 21, "FN": 31}, "test": {"ACC": 0.6174496644295302, "F1_Score": 0.6122448979591836, "Recall": 0.6, "Precision": 0.625, "Cohen_Kappa": 0.23507160226965684, "AUC": 0.6618018018018018, "TP": 45, "TN": 47, "FP": 27, "FN": 30}}, "BAG": {"valid": {"ACC": 0.6081081081081081, "F1_Score": 0.5671641791044775, "Recall": 0.5135135135135135, "Precision": 0.6333333333333333, "Cohen_Kappa": 0.21621621621621623, "AUC": 0.6503834915997077, "TP": 38, "TN": 52, "FP": 22, "FN": 36}, "test": {"ACC": 0.5704697986577181, "F1_Score": 0.5555555555555555, "Recall": 0.5333333333333333, "Precision": 0.5797101449275363, "Cohen_Kappa": 0.1413650279128399, "AUC": 0.632882882882883, "TP": 40, "TN": 45, "FP": 29, "FN": 35}}, "QDA": {"valid": {"ACC": 0.5, "F1_Score": 0.0, "Recall": 0.0, "Precision": 0.0, "Cohen_Kappa": 0.0, "AUC": 0.5, "TP": 0, "TN": 74, "FP": 0, "FN": 74}, "test": {"ACC": 0.4966442953020134, "F1_Score": 0.0, "Recall": 0.0, "Precision": 0.0, "Cohen_Kappa": 0.0, "AUC": 0.5, "TP": 0, "TN": 74, "FP": 0, "FN": 75}}, "SVC": {"valid": {"ACC": 0.668918918918919, "F1_Score": 0.637037037037037, "Recall": 0.581081081081081, "Precision": 0.7049180327868853, "Cohen_Kappa": 0.33783783783783783, "AUC": 0.7268991964937911, "TP": 43, "TN": 56, "FP": 18, "FN": 31}, "test": {"ACC": 0.6375838926174496, "F1_Score": 0.619718309859155, "Recall": 0.5866666666666667, "Precision": 0.6567164179104478, "Cohen_Kappa": 0.27565718401152317, "AUC": 0.7, "TP": 44, "TN": 51, "FP": 23, "FN": 31}}}