{"OVR": {"valid": {"ACC": 0.7113095238095238, "F1_Score": 0.6959247648902821, "Recall": 0.6607142857142857, "Precision": 0.7350993377483444, "Cohen_Kappa": 0.42261904761904767, "AUC": 0.781391723356009, "TP": 111, "TN": 128, "FP": 40, "FN": 57}, "test": {"ACC": 0.6765578635014837, "F1_Score": 0.6726726726726727, "Recall": 0.6627218934911243, "Precision": 0.6829268292682927, "Cohen_Kappa": 0.35316698656429946, "AUC": 0.6991758241758241, "TP": 112, "TN": 116, "FP": 52, "FN": 57}}, "KNB": {"valid": {"ACC": 0.6666666666666666, "F1_Score": 0.6477987421383649, "Recall": 0.6130952380952381, "Precision": 0.6866666666666666, "Cohen_Kappa": 0.33333333333333337, "AUC": 0.7205038265306123, "TP": 103, "TN": 121, "FP": 47, "FN": 65}, "test": {"ACC": 0.6468842729970327, "F1_Score": 0.6338461538461538, "Recall": 0.6094674556213018, "Precision": 0.6602564102564102, "Cohen_Kappa": 0.29392397485782695, "AUC": 0.6733763031839956, "TP": 103, "TN": 115, "FP": 53, "FN": 66}}, "DT": {"valid": {"ACC": 0.6666666666666666, "F1_Score": 0.6606060606060606, "Recall": 0.6488095238095238, "Precision": 0.6728395061728395, "Cohen_Kappa": 0.33333333333333337, "AUC": 0.6593501984126984, "TP": 109, "TN": 115, "FP": 53, "FN": 59}, "test": {"ACC": 0.6379821958456974, "F1_Score": 0.6473988439306358, "Recall": 0.6627218934911243, "Precision": 0.632768361581921, "Cohen_Kappa": 0.27585599549105255, "AUC": 0.6365877712031558, "TP": 112, "TN": 103, "FP": 65, "FN": 57}}, "MNB": {"valid": {"ACC": 0.6517857142857143, "F1_Score": 0.6666666666666667, "Recall": 0.6964285714285714, "Precision": 0.639344262295082, "Cohen_Kappa": 0.3035714285714286, "AUC": 0.7247023809523809, "TP": 117, "TN": 102, "FP": 66, "FN": 51}, "test": {"ACC": 0.6083086053412463, "F1_Score": 0.6333333333333333, "Recall": 0.6745562130177515, "Precision": 0.5968586387434555, "Cohen_Kappa": 0.21630668404918774, "AUC": 0.6788884192730347, "TP": 114, "TN": 91, "FP": 77, "FN": 55}}, "RF": {"valid": {"ACC": 0.6994047619047619, "F1_Score": 0.6985074626865673, "Recall": 0.6964285714285714, "Precision": 0.7005988023952096, "Cohen_Kappa": 0.39880952380952384, "AUC": 0.7889030612244898, "TP": 117, "TN": 118, "FP": 50, "FN": 51}, "test": {"ACC": 0.6676557863501483, "F1_Score": 0.6781609195402298, "Recall": 0.6982248520710059, "Precision": 0.659217877094972, "Cohen_Kappa": 0.33518864268855464, "AUC": 0.7442413355874894, "TP": 118, "TN": 107, "FP": 61, "FN": 51}}, "ADA": {"valid": {"ACC": 0.6964285714285714, "F1_Score": 0.6982248520710058, "Recall": 0.7023809523809523, "Precision": 0.6941176470588235, "Cohen_Kappa": 0.3928571428571429, "AUC": 0.7712053571428571, "TP": 118, "TN": 116, "FP": 52, "FN": 50}, "test": {"ACC": 0.6053412462908012, "F1_Score": 0.5981873111782477, "Recall": 0.5857988165680473, "Precision": 0.6111111111111112, "Cohen_Kappa": 0.2107728337236534, "AUC": 0.6804205409974641, "TP": 99, "TN": 105, "FP": 63, "FN": 70}}, "XGB": {"valid": {"ACC": 0.7053571428571429, "F1_Score": 0.6953846153846155, "Recall": 0.6726190476190477, "Precision": 0.7197452229299363, "Cohen_Kappa": 0.4107142857142857, "AUC": 0.7719671201814059, "TP": 113, "TN": 124, "FP": 44, "FN": 55}, "test": {"ACC": 0.6706231454005934, "F1_Score": 0.6782608695652174, "Recall": 0.6923076923076923, "Precision": 0.6647727272727273, "Cohen_Kappa": 0.3411592722405199, "AUC": 0.7396801916032686, "TP": 117, "TN": 109, "FP": 59, "FN": 52}}, "MLP": {"valid": {"ACC": 0.7202380952380952, "F1_Score": 0.7080745341614907, "Recall": 0.6785714285714286, "Precision": 0.7402597402597403, "Cohen_Kappa": 0.44047619047619047, "AUC": 0.7670068027210885, "TP": 114, "TN": 128, "FP": 40, "FN": 54}, "test": {"ACC": 0.6528189910979229, "F1_Score": 0.6528189910979227, "Recall": 0.650887573964497, "Precision": 0.6547619047619048, "Cohen_Kappa": 0.3056440961521528, "AUC": 0.7096012961397576, "TP": 110, "TN": 110, "FP": 58, "FN": 59}}, "LR": {"valid": {"ACC": 0.7113095238095238, "F1_Score": 0.6959247648902821, "Recall": 0.6607142857142857, "Precision": 0.7350993377483444, "Cohen_Kappa": 0.42261904761904767, "AUC": 0.781391723356009, "TP": 111, "TN": 128, "FP": 40, "FN": 57}, "test": {"ACC": 0.6765578635014837, "F1_Score": 0.6726726726726727, "Recall": 0.6627218934911243, "Precision": 0.6829268292682927, "Cohen_Kappa": 0.35316698656429946, "AUC": 0.6991758241758241, "TP": 112, "TN": 116, "FP": 52, "FN": 57}}, "ETAs": {"valid": {"ACC": 0.7142857142857143, "F1_Score": 0.7090909090909091, "Recall": 0.6964285714285714, "Precision": 0.7222222222222222, "Cohen_Kappa": 0.4285714285714286, "AUC": 0.7912946428571429, "TP": 117, "TN": 123, "FP": 45, "FN": 51}, "test": {"ACC": 0.6706231454005934, "F1_Score": 0.6801152737752161, "Recall": 0.6982248520710059, "Precision": 0.6629213483146067, "Cohen_Kappa": 0.34113606340819025, "AUC": 0.7483974358974358, "TP": 118, "TN": 108, "FP": 60, "FN": 51}}, "CNB": {"valid": {"ACC": 0.6517857142857143, "F1_Score": 0.6666666666666667, "Recall": 0.6964285714285714, "Precision": 0.639344262295082, "Cohen_Kappa": 0.3035714285714286, "AUC": 0.7247023809523809, "TP": 117, "TN": 102, "FP": 66, "FN": 51}, "test": {"ACC": 0.6083086053412463, "F1_Score": 0.6333333333333333, "Recall": 0.6745562130177515, "Precision": 0.5968586387434555, "Cohen_Kappa": 0.21630668404918774, "AUC": 0.6788884192730347, "TP": 114, "TN": 91, "FP": 77, "FN": 55}}, "GB": {"valid": {"ACC": 0.6547619047619048, "F1_Score": 0.6282051282051283, "Recall": 0.5833333333333334, "Precision": 0.6805555555555556, "Cohen_Kappa": 0.30952380952380953, "AUC": 0.7507971938775511, "TP": 98, "TN": 122, "FP": 46, "FN": 70}, "test": {"ACC": 0.629080118694362, "F1_Score": 0.617737003058104, "Recall": 0.5976331360946746, "Precision": 0.6392405063291139, "Cohen_Kappa": 0.2582973853332159, "AUC": 0.69479078613694, "TP": 101, "TN": 111, "FP": 57, "FN": 68}}, "BAG": {"valid": {"ACC": 0.6696428571428571, "F1_Score": 0.6336633663366337, "Recall": 0.5714285714285714, "Precision": 0.7111111111111111, "Cohen_Kappa": 0.3392857142857143, "AUC": 0.734233276643991, "TP": 96, "TN": 129, "FP": 39, "FN": 72}, "test": {"ACC": 0.6735905044510386, "F1_Score": 0.6686746987951807, "Recall": 0.6568047337278107, "Precision": 0.6809815950920245, "Cohen_Kappa": 0.34724423313963726, "AUC": 0.721858269935193, "TP": 111, "TN": 116, "FP": 52, "FN": 58}}, "QDA": {"valid": {"ACC": 0.5684523809523809, "F1_Score": 0.6741573033707866, "Recall": 0.8928571428571429, "Precision": 0.5415162454873647, "Cohen_Kappa": 0.13690476190476186, "AUC": 0.5684523809523809, "TP": 150, "TN": 41, "FP": 127, "FN": 18}, "test": {"ACC": 0.5489614243323442, "F1_Score": 0.6561085972850679, "Recall": 0.8579881656804734, "Precision": 0.5311355311355311, "Cohen_Kappa": 0.09625970359915326, "AUC": 0.5480417018878558, "TP": 145, "TN": 40, "FP": 128, "FN": 24}}, "SVC": {"valid": {"ACC": 0.6875, "F1_Score": 0.6601941747572816, "Recall": 0.6071428571428571, "Precision": 0.723404255319149, "Cohen_Kappa": 0.375, "AUC": 0.7862988945578232, "TP": 102, "TN": 129, "FP": 39, "FN": 66}, "test": {"ACC": 0.658753709198813, "F1_Score": 0.6439628482972136, "Recall": 0.6153846153846154, "Precision": 0.6753246753246753, "Cohen_Kappa": 0.317681649324812, "AUC": 0.7226683572837419, "TP": 104, "TN": 118, "FP": 50, "FN": 65}}}