{"OVR": {"valid": {"ACC": 0.6904761904761905, "F1_Score": 0.6770186335403726, "Recall": 0.6488095238095238, "Precision": 0.7077922077922078, "Cohen_Kappa": 0.38095238095238093, "AUC": 0.7596726190476191, "TP": 109, "TN": 123, "FP": 45, "FN": 59}, "test": {"ACC": 0.6320474777448071, "F1_Score": 0.6309523809523809, "Recall": 0.6272189349112426, "Precision": 0.6347305389221557, "Cohen_Kappa": 0.26411439439298423, "AUC": 0.6697309101155255, "TP": 106, "TN": 107, "FP": 61, "FN": 63}}, "KNB": {"valid": {"ACC": 0.6994047619047619, "F1_Score": 0.6731391585760518, "Recall": 0.6190476190476191, "Precision": 0.7375886524822695, "Cohen_Kappa": 0.39880952380952384, "AUC": 0.7649518140589568, "TP": 104, "TN": 131, "FP": 37, "FN": 64}, "test": {"ACC": 0.6409495548961425, "F1_Score": 0.6253869969040248, "Recall": 0.5976331360946746, "Precision": 0.6558441558441559, "Cohen_Kappa": 0.2820824310287152, "AUC": 0.7034551986475064, "TP": 101, "TN": 115, "FP": 53, "FN": 68}}, "DT": {"valid": {"ACC": 0.6309523809523809, "F1_Score": 0.6265060240963854, "Recall": 0.6190476190476191, "Precision": 0.6341463414634146, "Cohen_Kappa": 0.26190476190476186, "AUC": 0.6309523809523809, "TP": 104, "TN": 108, "FP": 60, "FN": 64}, "test": {"ACC": 0.599406528189911, "F1_Score": 0.5970149253731343, "Recall": 0.591715976331361, "Precision": 0.6024096385542169, "Cohen_Kappa": 0.19884832796238572, "AUC": 0.599429416737109, "TP": 100, "TN": 102, "FP": 66, "FN": 69}}, "MNB": {"valid": {"ACC": 0.6785714285714286, "F1_Score": 0.7244897959183674, "Recall": 0.8452380952380952, "Precision": 0.6339285714285714, "Cohen_Kappa": 0.3571428571428571, "AUC": 0.7410359977324263, "TP": 142, "TN": 86, "FP": 82, "FN": 26}, "test": {"ACC": 0.6053412462908012, "F1_Score": 0.6472148541114059, "Recall": 0.7218934911242604, "Precision": 0.5865384615384616, "Cohen_Kappa": 0.2101330513701648, "AUC": 0.6532826148210764, "TP": 122, "TN": 82, "FP": 86, "FN": 47}}, "RF": {"valid": {"ACC": 0.7261904761904762, "F1_Score": 0.7245508982035929, "Recall": 0.7202380952380952, "Precision": 0.7289156626506024, "Cohen_Kappa": 0.45238095238095233, "AUC": 0.7920918367346939, "TP": 121, "TN": 123, "FP": 45, "FN": 47}, "test": {"ACC": 0.6765578635014837, "F1_Score": 0.6894586894586894, "Recall": 0.7159763313609467, "Precision": 0.6648351648351648, "Cohen_Kappa": 0.3529618995613958, "AUC": 0.7551775147928995, "TP": 121, "TN": 107, "FP": 61, "FN": 48}}, "ADA": {"valid": {"ACC": 0.6785714285714286, "F1_Score": 0.6766467065868265, "Recall": 0.6726190476190477, "Precision": 0.6807228915662651, "Cohen_Kappa": 0.3571428571428571, "AUC": 0.7541276927437641, "TP": 113, "TN": 115, "FP": 53, "FN": 55}, "test": {"ACC": 0.6350148367952523, "F1_Score": 0.6350148367952523, "Recall": 0.6331360946745562, "Precision": 0.6369047619047619, "Cohen_Kappa": 0.27003610108303244, "AUC": 0.6701359537898, "TP": 107, "TN": 107, "FP": 61, "FN": 62}}, "XGB": {"valid": {"ACC": 0.7261904761904762, "F1_Score": 0.7261904761904762, "Recall": 0.7261904761904762, "Precision": 0.7261904761904762, "Cohen_Kappa": 0.45238095238095233, "AUC": 0.806547619047619, "TP": 122, "TN": 122, "FP": 46, "FN": 46}, "test": {"ACC": 0.6795252225519288, "F1_Score": 0.6785714285714286, "Recall": 0.6745562130177515, "Precision": 0.6826347305389222, "Cohen_Kappa": 0.3590673757616314, "AUC": 0.7293956043956042, "TP": 114, "TN": 115, "FP": 53, "FN": 55}}, "MLP": {"valid": {"ACC": 0.7202380952380952, "F1_Score": 0.7151515151515152, "Recall": 0.7023809523809523, "Precision": 0.7283950617283951, "Cohen_Kappa": 0.44047619047619047, "AUC": 0.7880527210884353, "TP": 118, "TN": 124, "FP": 44, "FN": 50}, "test": {"ACC": 0.6617210682492581, "F1_Score": 0.6705202312138728, "Recall": 0.6863905325443787, "Precision": 0.655367231638418, "Cohen_Kappa": 0.3233408482457376, "AUC": 0.7001972386587773, "TP": 116, "TN": 107, "FP": 61, "FN": 53}}, "LR": {"valid": {"ACC": 0.6904761904761905, "F1_Score": 0.6770186335403726, "Recall": 0.6488095238095238, "Precision": 0.7077922077922078, "Cohen_Kappa": 0.38095238095238093, "AUC": 0.7596726190476191, "TP": 109, "TN": 123, "FP": 45, "FN": 59}, "test": {"ACC": 0.6320474777448071, "F1_Score": 0.6309523809523809, "Recall": 0.6272189349112426, "Precision": 0.6347305389221557, "Cohen_Kappa": 0.26411439439298423, "AUC": 0.6697309101155255, "TP": 106, "TN": 107, "FP": 61, "FN": 63}}, "ETAs": {"valid": {"ACC": 0.7291666666666666, "F1_Score": 0.7250755287009064, "Recall": 0.7142857142857143, "Precision": 0.7361963190184049, "Cohen_Kappa": 0.45833333333333337, "AUC": 0.797406462585034, "TP": 120, "TN": 125, "FP": 43, "FN": 48}, "test": {"ACC": 0.7032640949554896, "F1_Score": 0.7126436781609194, "Recall": 0.7337278106508875, "Precision": 0.6927374301675978, "Cohen_Kappa": 0.40641843097192376, "AUC": 0.7766272189349113, "TP": 124, "TN": 113, "FP": 55, "FN": 45}}, "CNB": {"valid": {"ACC": 0.6815476190476191, "F1_Score": 0.7277353689567431, "Recall": 0.8511904761904762, "Precision": 0.6355555555555555, "Cohen_Kappa": 0.36309523809523814, "AUC": 0.7410359977324263, "TP": 143, "TN": 86, "FP": 82, "FN": 25}, "test": {"ACC": 0.6053412462908012, "F1_Score": 0.6472148541114059, "Recall": 0.7218934911242604, "Precision": 0.5865384615384616, "Cohen_Kappa": 0.2101330513701648, "AUC": 0.6532826148210764, "TP": 122, "TN": 82, "FP": 86, "FN": 47}}, "GB": {"valid": {"ACC": 0.7023809523809523, "F1_Score": 0.6987951807228916, "Recall": 0.6904761904761905, "Precision": 0.7073170731707317, "Cohen_Kappa": 0.40476190476190477, "AUC": 0.7796201814058956, "TP": 116, "TN": 120, "FP": 48, "FN": 52}, "test": {"ACC": 0.629080118694362, "F1_Score": 0.6246246246246245, "Recall": 0.6153846153846154, "Precision": 0.6341463414634146, "Cohen_Kappa": 0.25821902128933416, "AUC": 0.6968864468864469, "TP": 104, "TN": 108, "FP": 60, "FN": 65}}, "BAG": {"valid": {"ACC": 0.6845238095238095, "F1_Score": 0.6666666666666667, "Recall": 0.6309523809523809, "Precision": 0.7066666666666667, "Cohen_Kappa": 0.36904761904761907, "AUC": 0.7365185657596373, "TP": 106, "TN": 124, "FP": 44, "FN": 62}, "test": {"ACC": 0.6706231454005934, "F1_Score": 0.6584615384615384, "Recall": 0.6331360946745562, "Precision": 0.6858974358974359, "Cohen_Kappa": 0.3413912706657042, "AUC": 0.7254332206255284, "TP": 107, "TN": 119, "FP": 49, "FN": 62}}, "QDA": {"valid": {"ACC": 0.5267857142857143, "F1_Score": 0.670807453416149, "Recall": 0.9642857142857143, "Precision": 0.5142857142857142, "Cohen_Kappa": 0.0535714285714286, "AUC": 0.5267857142857143, "TP": 162, "TN": 15, "FP": 153, "FN": 6}, "test": {"ACC": 0.4896142433234421, "F1_Score": 0.6340425531914893, "Recall": 0.8816568047337278, "Precision": 0.4950166112956811, "Cohen_Kappa": -0.023158935253830615, "AUC": 0.4884474499859115, "TP": 149, "TN": 16, "FP": 152, "FN": 20}}, "SVC": {"valid": {"ACC": 0.7232142857142857, "F1_Score": 0.7256637168141592, "Recall": 0.7321428571428571, "Precision": 0.7192982456140351, "Cohen_Kappa": 0.4464285714285714, "AUC": 0.8016227324263038, "TP": 123, "TN": 120, "FP": 48, "FN": 45}, "test": {"ACC": 0.6706231454005934, "F1_Score": 0.6837606837606838, "Recall": 0.7100591715976331, "Precision": 0.6593406593406593, "Cohen_Kappa": 0.34108964083775173, "AUC": 0.7381656804733727, "TP": 120, "TN": 106, "FP": 62, "FN": 49}}}