{"OVR": {"valid": {"ACC": 0.6382978723404256, "F1_Score": 0.6530612244897959, "Recall": 0.6956521739130435, "Precision": 0.6153846153846154, "Cohen_Kappa": 0.2782294489611562, "AUC": 0.6304347826086956, "TP": 16, "TN": 14, "FP": 10, "FN": 7}, "test": {"ACC": 0.7021276595744681, "F1_Score": 0.7083333333333334, "Recall": 0.7083333333333334, "Precision": 0.7083333333333334, "Cohen_Kappa": 0.40398550724637683, "AUC": 0.7137681159420289, "TP": 17, "TN": 16, "FP": 7, "FN": 7}}, "KNB": {"valid": {"ACC": 0.6808510638297872, "F1_Score": 0.6511627906976744, "Recall": 0.6086956521739131, "Precision": 0.7, "Cohen_Kappa": 0.35967302452316074, "AUC": 0.6539855072463768, "TP": 14, "TN": 18, "FP": 6, "FN": 9}, "test": {"ACC": 0.7021276595744681, "F1_Score": 0.6666666666666666, "Recall": 0.5833333333333334, "Precision": 0.7777777777777778, "Cohen_Kappa": 0.40720720720720716, "AUC": 0.7391304347826086, "TP": 14, "TN": 19, "FP": 4, "FN": 10}}, "DT": {"valid": {"ACC": 0.48936170212765956, "F1_Score": 0.5384615384615384, "Recall": 0.6086956521739131, "Precision": 0.4827586206896552, "Cohen_Kappa": -0.016216216216216273, "AUC": 0.49184782608695654, "TP": 14, "TN": 9, "FP": 15, "FN": 9}, "test": {"ACC": 0.6595744680851063, "F1_Score": 0.6923076923076924, "Recall": 0.75, "Precision": 0.6428571428571429, "Cohen_Kappa": 0.3163636363636364, "AUC": 0.6576086956521741, "TP": 18, "TN": 13, "FP": 10, "FN": 6}}, "MNB": {"valid": {"ACC": 0.6170212765957447, "F1_Score": 0.6250000000000001, "Recall": 0.6521739130434783, "Precision": 0.6, "Cohen_Kappa": 0.2350813743218806, "AUC": 0.6721014492753623, "TP": 15, "TN": 14, "FP": 10, "FN": 8}, "test": {"ACC": 0.7021276595744681, "F1_Score": 0.6956521739130435, "Recall": 0.6666666666666666, "Precision": 0.7272727272727273, "Cohen_Kappa": 0.40506329113924044, "AUC": 0.7481884057971014, "TP": 16, "TN": 17, "FP": 6, "FN": 8}}, "RF": {"valid": {"ACC": 0.574468085106383, "F1_Score": 0.5454545454545454, "Recall": 0.5217391304347826, "Precision": 0.5714285714285714, "Cohen_Kappa": 0.147005444646098, "AUC": 0.667572463768116, "TP": 12, "TN": 15, "FP": 9, "FN": 11}, "test": {"ACC": 0.723404255319149, "F1_Score": 0.6976744186046512, "Recall": 0.625, "Precision": 0.7894736842105263, "Cohen_Kappa": 0.4490532010820558, "AUC": 0.8179347826086957, "TP": 15, "TN": 19, "FP": 4, "FN": 9}}, "ADA": {"valid": {"ACC": 0.5957446808510638, "F1_Score": 0.6274509803921569, "Recall": 0.6956521739130435, "Precision": 0.5714285714285714, "Cohen_Kappa": 0.19477006311992784, "AUC": 0.6177536231884058, "TP": 16, "TN": 12, "FP": 12, "FN": 7}, "test": {"ACC": 0.6595744680851063, "F1_Score": 0.6666666666666666, "Recall": 0.6666666666666666, "Precision": 0.6666666666666666, "Cohen_Kappa": 0.3188405797101449, "AUC": 0.7264492753623188, "TP": 16, "TN": 15, "FP": 8, "FN": 8}}, "XGB": {"valid": {"ACC": 0.7021276595744681, "F1_Score": 0.7083333333333334, "Recall": 0.7391304347826086, "Precision": 0.68, "Cohen_Kappa": 0.40506329113924044, "AUC": 0.7681159420289855, "TP": 17, "TN": 16, "FP": 8, "FN": 6}, "test": {"ACC": 0.6595744680851063, "F1_Score": 0.6666666666666666, "Recall": 0.6666666666666666, "Precision": 0.6666666666666666, "Cohen_Kappa": 0.3188405797101449, "AUC": 0.6884057971014492, "TP": 16, "TN": 15, "FP": 8, "FN": 8}}, "MLP": {"valid": {"ACC": 0.6382978723404256, "F1_Score": 0.6382978723404256, "Recall": 0.6521739130434783, "Precision": 0.625, "Cohen_Kappa": 0.27692307692307694, "AUC": 0.6394927536231884, "TP": 15, "TN": 15, "FP": 9, "FN": 8}, "test": {"ACC": 0.7021276595744681, "F1_Score": 0.6956521739130435, "Recall": 0.6666666666666666, "Precision": 0.7272727272727273, "Cohen_Kappa": 0.40506329113924044, "AUC": 0.7409420289855073, "TP": 16, "TN": 17, "FP": 6, "FN": 8}}, "LR": {"valid": {"ACC": 0.6382978723404256, "F1_Score": 0.6530612244897959, "Recall": 0.6956521739130435, "Precision": 0.6153846153846154, "Cohen_Kappa": 0.2782294489611562, "AUC": 0.6304347826086956, "TP": 16, "TN": 14, "FP": 10, "FN": 7}, "test": {"ACC": 0.7021276595744681, "F1_Score": 0.7083333333333334, "Recall": 0.7083333333333334, "Precision": 0.7083333333333334, "Cohen_Kappa": 0.40398550724637683, "AUC": 0.7137681159420289, "TP": 17, "TN": 16, "FP": 7, "FN": 7}}, "ETAs": {"valid": {"ACC": 0.5531914893617021, "F1_Score": 0.5333333333333332, "Recall": 0.5217391304347826, "Precision": 0.5454545454545454, "Cohen_Kappa": 0.10516772438803268, "AUC": 0.6159420289855072, "TP": 12, "TN": 14, "FP": 10, "FN": 11}, "test": {"ACC": 0.723404255319149, "F1_Score": 0.723404255319149, "Recall": 0.7083333333333334, "Precision": 0.7391304347826086, "Cohen_Kappa": 0.44705882352941173, "AUC": 0.7481884057971014, "TP": 17, "TN": 17, "FP": 6, "FN": 7}}, "CNB": {"valid": {"ACC": 0.6170212765957447, "F1_Score": 0.6250000000000001, "Recall": 0.6521739130434783, "Precision": 0.6, "Cohen_Kappa": 0.2350813743218806, "AUC": 0.6721014492753623, "TP": 15, "TN": 14, "FP": 10, "FN": 8}, "test": {"ACC": 0.7021276595744681, "F1_Score": 0.6956521739130435, "Recall": 0.6666666666666666, "Precision": 0.7272727272727273, "Cohen_Kappa": 0.40506329113924044, "AUC": 0.7481884057971014, "TP": 16, "TN": 17, "FP": 6, "FN": 8}}, "GB": {"valid": {"ACC": 0.6382978723404256, "F1_Score": 0.6382978723404256, "Recall": 0.6521739130434783, "Precision": 0.625, "Cohen_Kappa": 0.27692307692307694, "AUC": 0.6413043478260869, "TP": 15, "TN": 15, "FP": 9, "FN": 8}, "test": {"ACC": 0.723404255319149, "F1_Score": 0.7111111111111111, "Recall": 0.6666666666666666, "Precision": 0.7619047619047619, "Cohen_Kappa": 0.4480578139114725, "AUC": 0.7952898550724637, "TP": 16, "TN": 18, "FP": 5, "FN": 8}}, "BAG": {"valid": {"ACC": 0.574468085106383, "F1_Score": 0.5454545454545454, "Recall": 0.5217391304347826, "Precision": 0.5714285714285714, "Cohen_Kappa": 0.147005444646098, "AUC": 0.6757246376811595, "TP": 12, "TN": 15, "FP": 9, "FN": 11}, "test": {"ACC": 0.6595744680851063, "F1_Score": 0.6521739130434783, "Recall": 0.625, "Precision": 0.6818181818181818, "Cohen_Kappa": 0.32007233273056057, "AUC": 0.7309782608695652, "TP": 15, "TN": 16, "FP": 7, "FN": 9}}, "QDA": {"valid": {"ACC": 0.5106382978723404, "F1_Score": 0.0, "Recall": 0.0, "Precision": 0.0, "Cohen_Kappa": 0.0, "AUC": 0.5, "TP": 0, "TN": 24, "FP": 0, "FN": 23}, "test": {"ACC": 0.48936170212765956, "F1_Score": 0.0, "Recall": 0.0, "Precision": 0.0, "Cohen_Kappa": 0.0, "AUC": 0.5, "TP": 0, "TN": 23, "FP": 0, "FN": 24}}, "SVC": {"valid": {"ACC": 0.6382978723404256, "F1_Score": 0.5853658536585366, "Recall": 0.5217391304347826, "Precision": 0.6666666666666666, "Cohen_Kappa": 0.2729754322111011, "AUC": 0.6956521739130435, "TP": 12, "TN": 18, "FP": 6, "FN": 11}, "test": {"ACC": 0.6808510638297872, "F1_Score": 0.6666666666666666, "Recall": 0.625, "Precision": 0.7142857142857143, "Cohen_Kappa": 0.36314363143631434, "AUC": 0.7445652173913044, "TP": 15, "TN": 17, "FP": 6, "FN": 9}}}