{"OVR": {"valid": {"ACC": 0.6754385964912281, "F1_Score": 0.6782608695652174, "Recall": 0.6842105263157895, "Precision": 0.6724137931034483, "Cohen_Kappa": 0.3508771929824561, "AUC": 0.7488457987072946, "TP": 39, "TN": 38, "FP": 19, "FN": 18}, "test": {"ACC": 0.6842105263157895, "F1_Score": 0.6666666666666667, "Recall": 0.631578947368421, "Precision": 0.7058823529411765, "Cohen_Kappa": 0.368421052631579, "AUC": 0.7122191443521083, "TP": 36, "TN": 42, "FP": 15, "FN": 21}}, "KNB": {"valid": {"ACC": 0.7105263157894737, "F1_Score": 0.6972477064220183, "Recall": 0.6666666666666666, "Precision": 0.7307692307692307, "Cohen_Kappa": 0.42105263157894735, "AUC": 0.776084949215143, "TP": 38, "TN": 43, "FP": 14, "FN": 19}, "test": {"ACC": 0.6929824561403509, "F1_Score": 0.6601941747572816, "Recall": 0.5964912280701754, "Precision": 0.7391304347826086, "Cohen_Kappa": 0.38596491228070173, "AUC": 0.7508464142813174, "TP": 34, "TN": 45, "FP": 12, "FN": 23}}, "DT": {"valid": {"ACC": 0.7105263157894737, "F1_Score": 0.6857142857142857, "Recall": 0.631578947368421, "Precision": 0.75, "Cohen_Kappa": 0.42105263157894735, "AUC": 0.7105263157894737, "TP": 36, "TN": 45, "FP": 12, "FN": 21}, "test": {"ACC": 0.5877192982456141, "F1_Score": 0.5523809523809524, "Recall": 0.5087719298245614, "Precision": 0.6041666666666666, "Cohen_Kappa": 0.17543859649122806, "AUC": 0.5877192982456141, "TP": 29, "TN": 38, "FP": 19, "FN": 28}}, "MNB": {"valid": {"ACC": 0.6403508771929824, "F1_Score": 0.5494505494505495, "Recall": 0.43859649122807015, "Precision": 0.7352941176470589, "Cohen_Kappa": 0.2807017543859649, "AUC": 0.6799015081563557, "TP": 25, "TN": 48, "FP": 9, "FN": 32}, "test": {"ACC": 0.6491228070175439, "F1_Score": 0.5744680851063829, "Recall": 0.47368421052631576, "Precision": 0.7297297297297297, "Cohen_Kappa": 0.29824561403508776, "AUC": 0.734687596183441, "TP": 27, "TN": 47, "FP": 10, "FN": 30}}, "RF": {"valid": {"ACC": 0.7105263157894737, "F1_Score": 0.6857142857142857, "Recall": 0.631578947368421, "Precision": 0.75, "Cohen_Kappa": 0.42105263157894735, "AUC": 0.7939365958756541, "TP": 36, "TN": 45, "FP": 12, "FN": 21}, "test": {"ACC": 0.7280701754385965, "F1_Score": 0.7207207207207207, "Recall": 0.7017543859649122, "Precision": 0.7407407407407407, "Cohen_Kappa": 0.45614035087719296, "AUC": 0.7590027700831025, "TP": 40, "TN": 43, "FP": 14, "FN": 17}}, "ADA": {"valid": {"ACC": 0.5701754385964912, "F1_Score": 0.505050505050505, "Recall": 0.43859649122807015, "Precision": 0.5952380952380952, "Cohen_Kappa": 0.14035087719298245, "AUC": 0.6315789473684211, "TP": 25, "TN": 40, "FP": 17, "FN": 32}, "test": {"ACC": 0.6578947368421053, "F1_Score": 0.6486486486486486, "Recall": 0.631578947368421, "Precision": 0.6666666666666666, "Cohen_Kappa": 0.3157894736842105, "AUC": 0.739458294859957, "TP": 36, "TN": 39, "FP": 18, "FN": 21}}, "XGB": {"valid": {"ACC": 0.6403508771929824, "F1_Score": 0.6238532110091742, "Recall": 0.5964912280701754, "Precision": 0.6538461538461539, "Cohen_Kappa": 0.2807017543859649, "AUC": 0.7389966143428747, "TP": 34, "TN": 39, "FP": 18, "FN": 23}, "test": {"ACC": 0.6929824561403509, "F1_Score": 0.6728971962616822, "Recall": 0.631578947368421, "Precision": 0.72, "Cohen_Kappa": 0.38596491228070173, "AUC": 0.734687596183441, "TP": 36, "TN": 43, "FP": 14, "FN": 21}}, "MLP": {"valid": {"ACC": 0.7368421052631579, "F1_Score": 0.7272727272727273, "Recall": 0.7017543859649122, "Precision": 0.7547169811320755, "Cohen_Kappa": 0.4736842105263158, "AUC": 0.75777162203755, "TP": 40, "TN": 44, "FP": 13, "FN": 17}, "test": {"ACC": 0.6754385964912281, "F1_Score": 0.6476190476190476, "Recall": 0.5964912280701754, "Precision": 0.7083333333333334, "Cohen_Kappa": 0.3508771929824561, "AUC": 0.7159125884887658, "TP": 34, "TN": 43, "FP": 14, "FN": 23}}, "LR": {"valid": {"ACC": 0.6754385964912281, "F1_Score": 0.6782608695652174, "Recall": 0.6842105263157895, "Precision": 0.6724137931034483, "Cohen_Kappa": 0.3508771929824561, "AUC": 0.7488457987072946, "TP": 39, "TN": 38, "FP": 19, "FN": 18}, "test": {"ACC": 0.6842105263157895, "F1_Score": 0.6666666666666667, "Recall": 0.631578947368421, "Precision": 0.7058823529411765, "Cohen_Kappa": 0.368421052631579, "AUC": 0.7122191443521083, "TP": 36, "TN": 42, "FP": 15, "FN": 21}}, "ETAs": {"valid": {"ACC": 0.7368421052631579, "F1_Score": 0.7321428571428571, "Recall": 0.7192982456140351, "Precision": 0.7454545454545455, "Cohen_Kappa": 0.4736842105263158, "AUC": 0.7828562634656817, "TP": 41, "TN": 43, "FP": 14, "FN": 16}, "test": {"ACC": 0.6929824561403509, "F1_Score": 0.6902654867256636, "Recall": 0.6842105263157895, "Precision": 0.6964285714285714, "Cohen_Kappa": 0.38596491228070173, "AUC": 0.7548476454293629, "TP": 39, "TN": 40, "FP": 17, "FN": 18}}, "CNB": {"valid": {"ACC": 0.6403508771929824, "F1_Score": 0.5494505494505495, "Recall": 0.43859649122807015, "Precision": 0.7352941176470589, "Cohen_Kappa": 0.2807017543859649, "AUC": 0.6799015081563557, "TP": 25, "TN": 48, "FP": 9, "FN": 32}, "test": {"ACC": 0.6491228070175439, "F1_Score": 0.5744680851063829, "Recall": 0.47368421052631576, "Precision": 0.7297297297297297, "Cohen_Kappa": 0.29824561403508776, "AUC": 0.734687596183441, "TP": 27, "TN": 47, "FP": 10, "FN": 30}}, "GB": {"valid": {"ACC": 0.7192982456140351, "F1_Score": 0.7037037037037038, "Recall": 0.6666666666666666, "Precision": 0.7450980392156863, "Cohen_Kappa": 0.4385964912280702, "AUC": 0.7799322868574946, "TP": 38, "TN": 44, "FP": 13, "FN": 19}, "test": {"ACC": 0.6754385964912281, "F1_Score": 0.6407766990291262, "Recall": 0.5789473684210527, "Precision": 0.717391304347826, "Cohen_Kappa": 0.3508771929824561, "AUC": 0.7349953831948293, "TP": 33, "TN": 44, "FP": 13, "FN": 24}}, "BAG": {"valid": {"ACC": 0.6666666666666666, "F1_Score": 0.6481481481481481, "Recall": 0.6140350877192983, "Precision": 0.6862745098039216, "Cohen_Kappa": 0.33333333333333337, "AUC": 0.7463835026161896, "TP": 35, "TN": 41, "FP": 16, "FN": 22}, "test": {"ACC": 0.631578947368421, "F1_Score": 0.6181818181818182, "Recall": 0.5964912280701754, "Precision": 0.6415094339622641, "Cohen_Kappa": 0.26315789473684215, "AUC": 0.7203755001538935, "TP": 34, "TN": 38, "FP": 19, "FN": 23}}, "QDA": {"valid": {"ACC": 0.5, "F1_Score": 0.0, "Recall": 0.0, "Precision": 0.0, "Cohen_Kappa": 0.0, "AUC": 0.5, "TP": 0, "TN": 57, "FP": 0, "FN": 57}, "test": {"ACC": 0.5, "F1_Score": 0.0, "Recall": 0.0, "Precision": 0.0, "Cohen_Kappa": 0.0, "AUC": 0.5, "TP": 0, "TN": 57, "FP": 0, "FN": 57}}, "SVC": {"valid": {"ACC": 0.7105263157894737, "F1_Score": 0.6915887850467289, "Recall": 0.6491228070175439, "Precision": 0.74, "Cohen_Kappa": 0.42105263157894735, "AUC": 0.7799322868574946, "TP": 37, "TN": 44, "FP": 13, "FN": 20}, "test": {"ACC": 0.7631578947368421, "F1_Score": 0.7610619469026548, "Recall": 0.7543859649122807, "Precision": 0.7678571428571429, "Cohen_Kappa": 0.5263157894736843, "AUC": 0.7737765466297322, "TP": 43, "TN": 44, "FP": 13, "FN": 14}}}