{"OVR": {"valid": {"ACC": 0.7381974248927039, "F1_Score": 0.7489711934156379, "Recall": 0.7777777777777778, "Precision": 0.7222222222222222, "Cohen_Kappa": 0.4762115349180026, "AUC": 0.7883141762452107, "TP": 91, "TN": 81, "FP": 35, "FN": 26}, "test": {"ACC": 0.7307692307692307, "F1_Score": 0.7341772151898733, "Recall": 0.7435897435897436, "Precision": 0.725, "Cohen_Kappa": 0.46153846153846156, "AUC": 0.8161297392066623, "TP": 87, "TN": 84, "FP": 33, "FN": 30}}, "KNB": {"valid": {"ACC": 0.6223175965665236, "F1_Score": 0.5164835164835165, "Recall": 0.4017094017094017, "Precision": 0.7230769230769231, "Cohen_Kappa": 0.2460655978820414, "AUC": 0.754936634246979, "TP": 47, "TN": 98, "FP": 18, "FN": 70}, "test": {"ACC": 0.6153846153846154, "F1_Score": 0.49438202247191015, "Recall": 0.37606837606837606, "Precision": 0.7213114754098361, "Cohen_Kappa": 0.23076923076923073, "AUC": 0.7137482650303164, "TP": 44, "TN": 100, "FP": 17, "FN": 73}}, "DT": {"valid": {"ACC": 0.630901287553648, "F1_Score": 0.6386554621848739, "Recall": 0.6495726495726496, "Precision": 0.628099173553719, "Cohen_Kappa": 0.2616801768607222, "AUC": 0.6308208075449454, "TP": 76, "TN": 71, "FP": 45, "FN": 41}, "test": {"ACC": 0.6068376068376068, "F1_Score": 0.6166666666666667, "Recall": 0.6324786324786325, "Precision": 0.6016260162601627, "Cohen_Kappa": 0.2136752136752137, "AUC": 0.6068376068376068, "TP": 74, "TN": 68, "FP": 49, "FN": 43}}, "MNB": {"valid": {"ACC": 0.6223175965665236, "F1_Score": 0.6562500000000001, "Recall": 0.717948717948718, "Precision": 0.60431654676259, "Cohen_Kappa": 0.2440085539414497, "AUC": 0.693118184497495, "TP": 84, "TN": 61, "FP": 55, "FN": 33}, "test": {"ACC": 0.6452991452991453, "F1_Score": 0.6770428015564203, "Recall": 0.7435897435897436, "Precision": 0.6214285714285714, "Cohen_Kappa": 0.29059829059829057, "AUC": 0.7141500474833808, "TP": 87, "TN": 64, "FP": 53, "FN": 30}}, "RF": {"valid": {"ACC": 0.776824034334764, "F1_Score": 0.7758620689655172, "Recall": 0.7692307692307693, "Precision": 0.782608695652174, "Cohen_Kappa": 0.5536727326309585, "AUC": 0.8138078396699087, "TP": 90, "TN": 91, "FP": 25, "FN": 27}, "test": {"ACC": 0.7649572649572649, "F1_Score": 0.761904761904762, "Recall": 0.7521367521367521, "Precision": 0.7719298245614035, "Cohen_Kappa": 0.5299145299145299, "AUC": 0.8094820658923223, "TP": 88, "TN": 91, "FP": 26, "FN": 29}}, "ADA": {"valid": {"ACC": 0.7167381974248928, "F1_Score": 0.7226890756302521, "Recall": 0.7350427350427351, "Precision": 0.7107438016528925, "Cohen_Kappa": 0.4333824613117171, "AUC": 0.7825670498084291, "TP": 86, "TN": 81, "FP": 35, "FN": 31}, "test": {"ACC": 0.7264957264957265, "F1_Score": 0.7192982456140351, "Recall": 0.7008547008547008, "Precision": 0.7387387387387387, "Cohen_Kappa": 0.45299145299145294, "AUC": 0.7758419168675578, "TP": 82, "TN": 88, "FP": 29, "FN": 35}}, "XGB": {"valid": {"ACC": 0.7510729613733905, "F1_Score": 0.7583333333333334, "Recall": 0.7777777777777778, "Precision": 0.7398373983739838, "Cohen_Kappa": 0.5020266784582503, "AUC": 0.814176245210728, "TP": 91, "TN": 84, "FP": 32, "FN": 26}, "test": {"ACC": 0.7051282051282052, "F1_Score": 0.7038626609442059, "Recall": 0.7008547008547008, "Precision": 0.7068965517241379, "Cohen_Kappa": 0.41025641025641024, "AUC": 0.8064139089780116, "TP": 82, "TN": 83, "FP": 34, "FN": 35}}, "MLP": {"valid": {"ACC": 0.7296137339055794, "F1_Score": 0.7296137339055794, "Recall": 0.7264957264957265, "Precision": 0.7327586206896551, "Cohen_Kappa": 0.45923742862405603, "AUC": 0.7908930150309461, "TP": 85, "TN": 85, "FP": 31, "FN": 32}, "test": {"ACC": 0.6923076923076923, "F1_Score": 0.6949152542372881, "Recall": 0.7008547008547008, "Precision": 0.6890756302521008, "Cohen_Kappa": 0.3846153846153846, "AUC": 0.7887354810431734, "TP": 82, "TN": 80, "FP": 37, "FN": 35}}, "LR": {"valid": {"ACC": 0.7381974248927039, "F1_Score": 0.7489711934156379, "Recall": 0.7777777777777778, "Precision": 0.7222222222222222, "Cohen_Kappa": 0.4762115349180026, "AUC": 0.7883141762452107, "TP": 91, "TN": 81, "FP": 35, "FN": 26}, "test": {"ACC": 0.7307692307692307, "F1_Score": 0.7341772151898733, "Recall": 0.7435897435897436, "Precision": 0.725, "Cohen_Kappa": 0.46153846153846156, "AUC": 0.8161297392066623, "TP": 87, "TN": 84, "FP": 33, "FN": 30}}, "ETAs": {"valid": {"ACC": 0.776824034334764, "F1_Score": 0.7777777777777778, "Recall": 0.7777777777777778, "Precision": 0.7777777777777778, "Cohen_Kappa": 0.553639846743295, "AUC": 0.799182139699381, "TP": 91, "TN": 90, "FP": 26, "FN": 26}, "test": {"ACC": 0.7350427350427351, "F1_Score": 0.7256637168141592, "Recall": 0.7008547008547008, "Precision": 0.7522935779816514, "Cohen_Kappa": 0.4700854700854701, "AUC": 0.7866900431002996, "TP": 82, "TN": 90, "FP": 27, "FN": 35}}, "CNB": {"valid": {"ACC": 0.6223175965665236, "F1_Score": 0.6562500000000001, "Recall": 0.717948717948718, "Precision": 0.60431654676259, "Cohen_Kappa": 0.2440085539414497, "AUC": 0.693118184497495, "TP": 84, "TN": 61, "FP": 55, "FN": 33}, "test": {"ACC": 0.6452991452991453, "F1_Score": 0.6770428015564203, "Recall": 0.7435897435897436, "Precision": 0.6214285714285714, "Cohen_Kappa": 0.29059829059829057, "AUC": 0.7141500474833808, "TP": 87, "TN": 64, "FP": 53, "FN": 30}}, "GB": {"valid": {"ACC": 0.7296137339055794, "F1_Score": 0.7341772151898733, "Recall": 0.7435897435897436, "Precision": 0.725, "Cohen_Kappa": 0.45915773184481046, "AUC": 0.8051871500147362, "TP": 87, "TN": 83, "FP": 33, "FN": 30}, "test": {"ACC": 0.7264957264957265, "F1_Score": 0.7192982456140351, "Recall": 0.7008547008547008, "Precision": 0.7387387387387387, "Cohen_Kappa": 0.45299145299145294, "AUC": 0.8035649061290088, "TP": 82, "TN": 88, "FP": 29, "FN": 35}}, "BAG": {"valid": {"ACC": 0.6738197424892703, "F1_Score": 0.6695652173913044, "Recall": 0.6581196581196581, "Precision": 0.6814159292035398, "Cohen_Kappa": 0.34772358921467517, "AUC": 0.7137857353374594, "TP": 77, "TN": 80, "FP": 36, "FN": 40}, "test": {"ACC": 0.6837606837606838, "F1_Score": 0.6754385964912282, "Recall": 0.6581196581196581, "Precision": 0.6936936936936937, "Cohen_Kappa": 0.36752136752136755, "AUC": 0.7577251808021039, "TP": 77, "TN": 83, "FP": 34, "FN": 40}}, "QDA": {"valid": {"ACC": 0.5450643776824035, "F1_Score": 0.22058823529411764, "Recall": 0.1282051282051282, "Precision": 0.7894736842105263, "Cohen_Kappa": 0.0933852140077821, "AUC": 0.5468611847922192, "TP": 15, "TN": 112, "FP": 4, "FN": 102}, "test": {"ACC": 0.5341880341880342, "F1_Score": 0.2482758620689655, "Recall": 0.15384615384615385, "Precision": 0.6428571428571429, "Cohen_Kappa": 0.06837606837606836, "AUC": 0.5341880341880341, "TP": 18, "TN": 107, "FP": 10, "FN": 99}}, "SVC": {"valid": {"ACC": 0.7553648068669528, "F1_Score": 0.7553648068669527, "Recall": 0.7521367521367521, "Precision": 0.7586206896551724, "Cohen_Kappa": 0.5107386258979554, "AUC": 0.8180813439434128, "TP": 88, "TN": 88, "FP": 28, "FN": 29}, "test": {"ACC": 0.7393162393162394, "F1_Score": 0.7336244541484715, "Recall": 0.717948717948718, "Precision": 0.75, "Cohen_Kappa": 0.4786324786324786, "AUC": 0.8291328804149317, "TP": 84, "TN": 89, "FP": 28, "FN": 33}}}