{"OVR": {"valid": {"ACC": 0.6754385964912281, "F1_Score": 0.6336633663366337, "Recall": 0.5614035087719298, "Precision": 0.7272727272727273, "Cohen_Kappa": 0.3508771929824561, "AUC": 0.7125269313634964, "TP": 32, "TN": 45, "FP": 12, "FN": 25}, "test": {"ACC": 0.6842105263157895, "F1_Score": 0.689655172413793, "Recall": 0.7017543859649122, "Precision": 0.6779661016949152, "Cohen_Kappa": 0.368421052631579, "AUC": 0.716528162511542, "TP": 40, "TN": 38, "FP": 19, "FN": 17}}, "KNB": {"valid": {"ACC": 0.6052631578947368, "F1_Score": 0.41558441558441556, "Recall": 0.2807017543859649, "Precision": 0.8, "Cohen_Kappa": 0.21052631578947367, "AUC": 0.6172668513388735, "TP": 16, "TN": 53, "FP": 4, "FN": 41}, "test": {"ACC": 0.6228070175438597, "F1_Score": 0.48192771084337344, "Recall": 0.3508771929824561, "Precision": 0.7692307692307693, "Cohen_Kappa": 0.24561403508771928, "AUC": 0.678054786088027, "TP": 20, "TN": 51, "FP": 6, "FN": 37}}, "DT": {"valid": {"ACC": 0.5964912280701754, "F1_Score": 0.5892857142857143, "Recall": 0.5789473684210527, "Precision": 0.6, "Cohen_Kappa": 0.19298245614035092, "AUC": 0.5964912280701755, "TP": 33, "TN": 35, "FP": 22, "FN": 24}, "test": {"ACC": 0.6666666666666666, "F1_Score": 0.6779661016949152, "Recall": 0.7017543859649122, "Precision": 0.6557377049180327, "Cohen_Kappa": 0.33333333333333337, "AUC": 0.6666666666666666, "TP": 40, "TN": 36, "FP": 21, "FN": 17}}, "MNB": {"valid": {"ACC": 0.6228070175438597, "F1_Score": 0.6126126126126126, "Recall": 0.5964912280701754, "Precision": 0.6296296296296297, "Cohen_Kappa": 0.24561403508771928, "AUC": 0.6731301939058172, "TP": 34, "TN": 37, "FP": 20, "FN": 23}, "test": {"ACC": 0.6666666666666666, "F1_Score": 0.6984126984126984, "Recall": 0.7719298245614035, "Precision": 0.6376811594202898, "Cohen_Kappa": 0.33333333333333337, "AUC": 0.7202216066481995, "TP": 44, "TN": 32, "FP": 25, "FN": 13}}, "RF": {"valid": {"ACC": 0.6666666666666666, "F1_Score": 0.6346153846153846, "Recall": 0.5789473684210527, "Precision": 0.7021276595744681, "Cohen_Kappa": 0.33333333333333337, "AUC": 0.7480763311788243, "TP": 33, "TN": 43, "FP": 14, "FN": 24}, "test": {"ACC": 0.7017543859649122, "F1_Score": 0.7017543859649122, "Recall": 0.7017543859649122, "Precision": 0.7017543859649122, "Cohen_Kappa": 0.4035087719298246, "AUC": 0.7510003077870114, "TP": 40, "TN": 40, "FP": 17, "FN": 17}}, "ADA": {"valid": {"ACC": 0.6491228070175439, "F1_Score": 0.6363636363636364, "Recall": 0.6140350877192983, "Precision": 0.660377358490566, "Cohen_Kappa": 0.29824561403508776, "AUC": 0.6872883964296707, "TP": 35, "TN": 39, "FP": 18, "FN": 22}, "test": {"ACC": 0.6491228070175439, "F1_Score": 0.6363636363636364, "Recall": 0.6140350877192983, "Precision": 0.660377358490566, "Cohen_Kappa": 0.29824561403508776, "AUC": 0.7085257002154509, "TP": 35, "TN": 39, "FP": 18, "FN": 22}}, "XGB": {"valid": {"ACC": 0.631578947368421, "F1_Score": 0.58, "Recall": 0.5087719298245614, "Precision": 0.6744186046511628, "Cohen_Kappa": 0.26315789473684215, "AUC": 0.7251461988304093, "TP": 29, "TN": 43, "FP": 14, "FN": 28}, "test": {"ACC": 0.6754385964912281, "F1_Score": 0.689075630252101, "Recall": 0.7192982456140351, "Precision": 0.6612903225806451, "Cohen_Kappa": 0.3508771929824561, "AUC": 0.7057556171129579, "TP": 41, "TN": 36, "FP": 21, "FN": 16}}, "MLP": {"valid": {"ACC": 0.6842105263157895, "F1_Score": 0.6470588235294117, "Recall": 0.5789473684210527, "Precision": 0.7333333333333333, "Cohen_Kappa": 0.368421052631579, "AUC": 0.6789781471221915, "TP": 33, "TN": 45, "FP": 12, "FN": 24}, "test": {"ACC": 0.7280701754385965, "F1_Score": 0.735042735042735, "Recall": 0.7543859649122807, "Precision": 0.7166666666666667, "Cohen_Kappa": 0.45614035087719296, "AUC": 0.7168359495229302, "TP": 43, "TN": 40, "FP": 17, "FN": 14}}, "LR": {"valid": {"ACC": 0.6754385964912281, "F1_Score": 0.6336633663366337, "Recall": 0.5614035087719298, "Precision": 0.7272727272727273, "Cohen_Kappa": 0.3508771929824561, "AUC": 0.7125269313634964, "TP": 32, "TN": 45, "FP": 12, "FN": 25}, "test": {"ACC": 0.6842105263157895, "F1_Score": 0.689655172413793, "Recall": 0.7017543859649122, "Precision": 0.6779661016949152, "Cohen_Kappa": 0.368421052631579, "AUC": 0.716528162511542, "TP": 40, "TN": 38, "FP": 19, "FN": 17}}, "ETAs": {"valid": {"ACC": 0.6666666666666666, "F1_Score": 0.6274509803921567, "Recall": 0.5614035087719298, "Precision": 0.7111111111111111, "Cohen_Kappa": 0.33333333333333337, "AUC": 0.7226839027393045, "TP": 32, "TN": 44, "FP": 13, "FN": 25}, "test": {"ACC": 0.7105263157894737, "F1_Score": 0.7079646017699114, "Recall": 0.7017543859649122, "Precision": 0.7142857142857143, "Cohen_Kappa": 0.42105263157894735, "AUC": 0.7462296091104955, "TP": 40, "TN": 41, "FP": 16, "FN": 17}}, "CNB": {"valid": {"ACC": 0.6228070175438597, "F1_Score": 0.6126126126126126, "Recall": 0.5964912280701754, "Precision": 0.6296296296296297, "Cohen_Kappa": 0.24561403508771928, "AUC": 0.6731301939058172, "TP": 34, "TN": 37, "FP": 20, "FN": 23}, "test": {"ACC": 0.6666666666666666, "F1_Score": 0.6984126984126984, "Recall": 0.7719298245614035, "Precision": 0.6376811594202898, "Cohen_Kappa": 0.33333333333333337, "AUC": 0.7202216066481995, "TP": 44, "TN": 32, "FP": 25, "FN": 13}}, "GB": {"valid": {"ACC": 0.6666666666666666, "F1_Score": 0.6200000000000001, "Recall": 0.543859649122807, "Precision": 0.7209302325581395, "Cohen_Kappa": 0.33333333333333337, "AUC": 0.72176054170514, "TP": 31, "TN": 45, "FP": 12, "FN": 26}, "test": {"ACC": 0.7017543859649122, "F1_Score": 0.6964285714285715, "Recall": 0.6842105263157895, "Precision": 0.7090909090909091, "Cohen_Kappa": 0.4035087719298246, "AUC": 0.72176054170514, "TP": 39, "TN": 41, "FP": 16, "FN": 18}}, "BAG": {"valid": {"ACC": 0.6578947368421053, "F1_Score": 0.5979381443298969, "Recall": 0.5087719298245614, "Precision": 0.725, "Cohen_Kappa": 0.3157894736842105, "AUC": 0.7200677131425054, "TP": 29, "TN": 46, "FP": 11, "FN": 28}, "test": {"ACC": 0.6491228070175439, "F1_Score": 0.6363636363636364, "Recall": 0.6140350877192983, "Precision": 0.660377358490566, "Cohen_Kappa": 0.29824561403508776, "AUC": 0.7097568482610035, "TP": 35, "TN": 39, "FP": 18, "FN": 22}}, "QDA": {"valid": {"ACC": 0.5, "F1_Score": 0.0, "Recall": 0.0, "Precision": 0.0, "Cohen_Kappa": 0.0, "AUC": 0.5, "TP": 0, "TN": 57, "FP": 0, "FN": 57}, "test": {"ACC": 0.5, "F1_Score": 0.0, "Recall": 0.0, "Precision": 0.0, "Cohen_Kappa": 0.0, "AUC": 0.5, "TP": 0, "TN": 57, "FP": 0, "FN": 57}}, "SVC": {"valid": {"ACC": 0.7017543859649122, "F1_Score": 0.673076923076923, "Recall": 0.6140350877192983, "Precision": 0.7446808510638298, "Cohen_Kappa": 0.4035087719298246, "AUC": 0.765312403816559, "TP": 35, "TN": 45, "FP": 12, "FN": 22}, "test": {"ACC": 0.7631578947368421, "F1_Score": 0.7610619469026548, "Recall": 0.7543859649122807, "Precision": 0.7678571428571429, "Cohen_Kappa": 0.5263157894736843, "AUC": 0.7791628193290244, "TP": 43, "TN": 44, "FP": 13, "FN": 14}}}