{"OVR": {"valid": {"ACC": 0.6296296296296297, "F1_Score": 0.5833333333333334, "Recall": 0.5185185185185185, "Precision": 0.6666666666666666, "Cohen_Kappa": 0.2592592592592593, "AUC": 0.6598079561042524, "TP": 14, "TN": 20, "FP": 7, "FN": 13}, "test": {"ACC": 0.6481481481481481, "F1_Score": 0.5957446808510639, "Recall": 0.5185185185185185, "Precision": 0.7, "Cohen_Kappa": 0.2962962962962963, "AUC": 0.692729766803841, "TP": 14, "TN": 21, "FP": 6, "FN": 13}}, "KNB": {"valid": {"ACC": 0.6111111111111112, "F1_Score": 0.5333333333333333, "Recall": 0.4444444444444444, "Precision": 0.6666666666666666, "Cohen_Kappa": 0.2222222222222222, "AUC": 0.686556927297668, "TP": 12, "TN": 21, "FP": 6, "FN": 15}, "test": {"ACC": 0.6111111111111112, "F1_Score": 0.5116279069767441, "Recall": 0.4074074074074074, "Precision": 0.6875, "Cohen_Kappa": 0.2222222222222222, "AUC": 0.6872427983539096, "TP": 11, "TN": 22, "FP": 5, "FN": 16}}, "DT": {"valid": {"ACC": 0.6111111111111112, "F1_Score": 0.6557377049180328, "Recall": 0.7407407407407407, "Precision": 0.5882352941176471, "Cohen_Kappa": 0.2222222222222222, "AUC": 0.611111111111111, "TP": 20, "TN": 13, "FP": 14, "FN": 7}, "test": {"ACC": 0.5925925925925926, "F1_Score": 0.5, "Recall": 0.4074074074074074, "Precision": 0.6470588235294118, "Cohen_Kappa": 0.18518518518518523, "AUC": 0.5925925925925927, "TP": 11, "TN": 21, "FP": 6, "FN": 16}}, "MNB": {"valid": {"ACC": 0.7037037037037037, "F1_Score": 0.7037037037037037, "Recall": 0.7037037037037037, "Precision": 0.7037037037037037, "Cohen_Kappa": 0.40740740740740744, "AUC": 0.7311385459533607, "TP": 19, "TN": 19, "FP": 8, "FN": 8}, "test": {"ACC": 0.7592592592592593, "F1_Score": 0.7450980392156864, "Recall": 0.7037037037037037, "Precision": 0.7916666666666666, "Cohen_Kappa": 0.5185185185185186, "AUC": 0.7873799725651577, "TP": 19, "TN": 22, "FP": 5, "FN": 8}}, "RF": {"valid": {"ACC": 0.6666666666666666, "F1_Score": 0.6250000000000001, "Recall": 0.5555555555555556, "Precision": 0.7142857142857143, "Cohen_Kappa": 0.33333333333333337, "AUC": 0.757201646090535, "TP": 15, "TN": 21, "FP": 6, "FN": 12}, "test": {"ACC": 0.6666666666666666, "F1_Score": 0.6250000000000001, "Recall": 0.5555555555555556, "Precision": 0.7142857142857143, "Cohen_Kappa": 0.33333333333333337, "AUC": 0.7318244170096023, "TP": 15, "TN": 21, "FP": 6, "FN": 12}}, "ADA": {"valid": {"ACC": 0.5740740740740741, "F1_Score": 0.5818181818181818, "Recall": 0.5925925925925926, "Precision": 0.5714285714285714, "Cohen_Kappa": 0.14814814814814814, "AUC": 0.6460905349794238, "TP": 16, "TN": 15, "FP": 12, "FN": 11}, "test": {"ACC": 0.5370370370370371, "F1_Score": 0.46808510638297873, "Recall": 0.4074074074074074, "Precision": 0.55, "Cohen_Kappa": 0.07407407407407407, "AUC": 0.53360768175583, "TP": 11, "TN": 18, "FP": 9, "FN": 16}}, "XGB": {"valid": {"ACC": 0.5925925925925926, "F1_Score": 0.5416666666666666, "Recall": 0.48148148148148145, "Precision": 0.6190476190476191, "Cohen_Kappa": 0.18518518518518523, "AUC": 0.6652949245541837, "TP": 13, "TN": 19, "FP": 8, "FN": 14}, "test": {"ACC": 0.6666666666666666, "F1_Score": 0.6399999999999999, "Recall": 0.5925925925925926, "Precision": 0.6956521739130435, "Cohen_Kappa": 0.33333333333333337, "AUC": 0.6872427983539096, "TP": 16, "TN": 20, "FP": 7, "FN": 11}}, "MLP": {"valid": {"ACC": 0.5370370370370371, "F1_Score": 0.4897959183673469, "Recall": 0.4444444444444444, "Precision": 0.5454545454545454, "Cohen_Kappa": 0.07407407407407407, "AUC": 0.635116598079561, "TP": 12, "TN": 17, "FP": 10, "FN": 15}, "test": {"ACC": 0.6851851851851852, "F1_Score": 0.6530612244897959, "Recall": 0.5925925925925926, "Precision": 0.7272727272727273, "Cohen_Kappa": 0.37037037037037035, "AUC": 0.7201646090534979, "TP": 16, "TN": 21, "FP": 6, "FN": 11}}, "LR": {"valid": {"ACC": 0.6296296296296297, "F1_Score": 0.5833333333333334, "Recall": 0.5185185185185185, "Precision": 0.6666666666666666, "Cohen_Kappa": 0.2592592592592593, "AUC": 0.6598079561042524, "TP": 14, "TN": 20, "FP": 7, "FN": 13}, "test": {"ACC": 0.6481481481481481, "F1_Score": 0.5957446808510639, "Recall": 0.5185185185185185, "Precision": 0.7, "Cohen_Kappa": 0.2962962962962963, "AUC": 0.692729766803841, "TP": 14, "TN": 21, "FP": 6, "FN": 13}}, "ETAs": {"valid": {"ACC": 0.6666666666666666, "F1_Score": 0.6538461538461539, "Recall": 0.6296296296296297, "Precision": 0.68, "Cohen_Kappa": 0.33333333333333337, "AUC": 0.7942386831275721, "TP": 17, "TN": 19, "FP": 8, "FN": 10}, "test": {"ACC": 0.6851851851851852, "F1_Score": 0.6530612244897959, "Recall": 0.5925925925925926, "Precision": 0.7272727272727273, "Cohen_Kappa": 0.37037037037037035, "AUC": 0.7517146776406036, "TP": 16, "TN": 21, "FP": 6, "FN": 11}}, "CNB": {"valid": {"ACC": 0.7037037037037037, "F1_Score": 0.7037037037037037, "Recall": 0.7037037037037037, "Precision": 0.7037037037037037, "Cohen_Kappa": 0.40740740740740744, "AUC": 0.7311385459533607, "TP": 19, "TN": 19, "FP": 8, "FN": 8}, "test": {"ACC": 0.7592592592592593, "F1_Score": 0.7450980392156864, "Recall": 0.7037037037037037, "Precision": 0.7916666666666666, "Cohen_Kappa": 0.5185185185185186, "AUC": 0.7873799725651577, "TP": 19, "TN": 22, "FP": 5, "FN": 8}}, "GB": {"valid": {"ACC": 0.6296296296296297, "F1_Score": 0.6, "Recall": 0.5555555555555556, "Precision": 0.6521739130434783, "Cohen_Kappa": 0.2592592592592593, "AUC": 0.7023319615912208, "TP": 15, "TN": 19, "FP": 8, "FN": 12}, "test": {"ACC": 0.6111111111111112, "F1_Score": 0.553191489361702, "Recall": 0.48148148148148145, "Precision": 0.65, "Cohen_Kappa": 0.2222222222222222, "AUC": 0.6872427983539094, "TP": 13, "TN": 20, "FP": 7, "FN": 14}}, "BAG": {"valid": {"ACC": 0.5555555555555556, "F1_Score": 0.52, "Recall": 0.48148148148148145, "Precision": 0.5652173913043478, "Cohen_Kappa": 0.11111111111111116, "AUC": 0.6556927297668038, "TP": 13, "TN": 17, "FP": 10, "FN": 14}, "test": {"ACC": 0.6666666666666666, "F1_Score": 0.5909090909090909, "Recall": 0.48148148148148145, "Precision": 0.7647058823529411, "Cohen_Kappa": 0.33333333333333337, "AUC": 0.654320987654321, "TP": 13, "TN": 23, "FP": 4, "FN": 14}}, "QDA": {"valid": {"ACC": 0.5185185185185185, "F1_Score": 0.5806451612903226, "Recall": 0.6666666666666666, "Precision": 0.5142857142857142, "Cohen_Kappa": 0.03703703703703709, "AUC": 0.5185185185185185, "TP": 18, "TN": 10, "FP": 17, "FN": 9}, "test": {"ACC": 0.5185185185185185, "F1_Score": 0.5666666666666667, "Recall": 0.6296296296296297, "Precision": 0.5151515151515151, "Cohen_Kappa": 0.03703703703703709, "AUC": 0.5185185185185186, "TP": 17, "TN": 11, "FP": 16, "FN": 10}}, "SVC": {"valid": {"ACC": 0.6851851851851852, "F1_Score": 0.6666666666666667, "Recall": 0.6296296296296297, "Precision": 0.7083333333333334, "Cohen_Kappa": 0.37037037037037035, "AUC": 0.7969821673525377, "TP": 17, "TN": 20, "FP": 7, "FN": 10}, "test": {"ACC": 0.6666666666666666, "F1_Score": 0.6399999999999999, "Recall": 0.5925925925925926, "Precision": 0.6956521739130435, "Cohen_Kappa": 0.33333333333333337, "AUC": 0.7174211248285323, "TP": 16, "TN": 20, "FP": 7, "FN": 11}}}