{"OVR": {"valid": {"ACC": 0.723404255319149, "F1_Score": 0.7450980392156864, "Recall": 0.8260869565217391, "Precision": 0.6785714285714286, "Cohen_Kappa": 0.4490532010820558, "AUC": 0.7264492753623188, "TP": 19, "TN": 15, "FP": 9, "FN": 4}, "test": {"ACC": 0.7446808510638298, "F1_Score": 0.7391304347826088, "Recall": 0.7083333333333334, "Precision": 0.7727272727272727, "Cohen_Kappa": 0.49005424954792043, "AUC": 0.8369565217391304, "TP": 17, "TN": 18, "FP": 5, "FN": 7}}, "KNB": {"valid": {"ACC": 0.6808510638297872, "F1_Score": 0.6666666666666666, "Recall": 0.6521739130434783, "Precision": 0.6818181818181818, "Cohen_Kappa": 0.3608340888485948, "AUC": 0.707427536231884, "TP": 15, "TN": 17, "FP": 7, "FN": 8}, "test": {"ACC": 0.8936170212765957, "F1_Score": 0.8936170212765957, "Recall": 0.875, "Precision": 0.9130434782608695, "Cohen_Kappa": 0.7873303167420814, "AUC": 0.9030797101449275, "TP": 21, "TN": 21, "FP": 2, "FN": 3}}, "DT": {"valid": {"ACC": 0.425531914893617, "F1_Score": 0.4, "Recall": 0.391304347826087, "Precision": 0.4090909090909091, "Cohen_Kappa": -0.15049864007252944, "AUC": 0.4248188405797102, "TP": 9, "TN": 11, "FP": 13, "FN": 14}, "test": {"ACC": 0.6595744680851063, "F1_Score": 0.619047619047619, "Recall": 0.5416666666666666, "Precision": 0.7222222222222222, "Cohen_Kappa": 0.32252252252252245, "AUC": 0.6621376811594203, "TP": 13, "TN": 18, "FP": 5, "FN": 11}}, "MNB": {"valid": {"ACC": 0.6595744680851063, "F1_Score": 0.6, "Recall": 0.5217391304347826, "Precision": 0.7058823529411765, "Cohen_Kappa": 0.3151183970856102, "AUC": 0.7445652173913043, "TP": 12, "TN": 19, "FP": 5, "FN": 11}, "test": {"ACC": 0.6595744680851063, "F1_Score": 0.6521739130434783, "Recall": 0.625, "Precision": 0.6818181818181818, "Cohen_Kappa": 0.32007233273056057, "AUC": 0.7264492753623188, "TP": 15, "TN": 16, "FP": 7, "FN": 9}}, "RF": {"valid": {"ACC": 0.7446808510638298, "F1_Score": 0.7272727272727272, "Recall": 0.6956521739130435, "Precision": 0.7619047619047619, "Cohen_Kappa": 0.4882032667876588, "AUC": 0.7862318840579711, "TP": 16, "TN": 19, "FP": 5, "FN": 7}, "test": {"ACC": 0.851063829787234, "F1_Score": 0.8444444444444444, "Recall": 0.7916666666666666, "Precision": 0.9047619047619048, "Cohen_Kappa": 0.7028003613369467, "AUC": 0.881340579710145, "TP": 19, "TN": 21, "FP": 2, "FN": 5}}, "ADA": {"valid": {"ACC": 0.6382978723404256, "F1_Score": 0.6382978723404256, "Recall": 0.6521739130434783, "Precision": 0.625, "Cohen_Kappa": 0.27692307692307694, "AUC": 0.6376811594202898, "TP": 15, "TN": 15, "FP": 9, "FN": 8}, "test": {"ACC": 0.6808510638297872, "F1_Score": 0.6938775510204083, "Recall": 0.7083333333333334, "Precision": 0.68, "Cohen_Kappa": 0.3608340888485948, "AUC": 0.769927536231884, "TP": 17, "TN": 15, "FP": 8, "FN": 7}}, "XGB": {"valid": {"ACC": 0.5531914893617021, "F1_Score": 0.5116279069767442, "Recall": 0.4782608695652174, "Precision": 0.55, "Cohen_Kappa": 0.10354223433242515, "AUC": 0.6594202898550724, "TP": 11, "TN": 15, "FP": 9, "FN": 12}, "test": {"ACC": 0.7446808510638298, "F1_Score": 0.75, "Recall": 0.75, "Precision": 0.75, "Cohen_Kappa": 0.48913043478260865, "AUC": 0.8079710144927535, "TP": 18, "TN": 17, "FP": 6, "FN": 6}}, "MLP": {"valid": {"ACC": 0.7021276595744681, "F1_Score": 0.72, "Recall": 0.782608695652174, "Precision": 0.6666666666666666, "Cohen_Kappa": 0.40613718411552346, "AUC": 0.7282608695652173, "TP": 18, "TN": 15, "FP": 9, "FN": 5}, "test": {"ACC": 0.7446808510638298, "F1_Score": 0.7272727272727272, "Recall": 0.6666666666666666, "Precision": 0.8, "Cohen_Kappa": 0.49097472924187724, "AUC": 0.8532608695652174, "TP": 16, "TN": 19, "FP": 4, "FN": 8}}, "LR": {"valid": {"ACC": 0.723404255319149, "F1_Score": 0.7450980392156864, "Recall": 0.8260869565217391, "Precision": 0.6785714285714286, "Cohen_Kappa": 0.4490532010820558, "AUC": 0.7264492753623188, "TP": 19, "TN": 15, "FP": 9, "FN": 4}, "test": {"ACC": 0.7446808510638298, "F1_Score": 0.7391304347826088, "Recall": 0.7083333333333334, "Precision": 0.7727272727272727, "Cohen_Kappa": 0.49005424954792043, "AUC": 0.8369565217391304, "TP": 17, "TN": 18, "FP": 5, "FN": 7}}, "ETAs": {"valid": {"ACC": 0.723404255319149, "F1_Score": 0.6976744186046512, "Recall": 0.6521739130434783, "Precision": 0.75, "Cohen_Kappa": 0.44504995458673935, "AUC": 0.7509057971014492, "TP": 15, "TN": 19, "FP": 5, "FN": 8}, "test": {"ACC": 0.7872340425531915, "F1_Score": 0.7727272727272727, "Recall": 0.7083333333333334, "Precision": 0.85, "Cohen_Kappa": 0.575812274368231, "AUC": 0.8378623188405798, "TP": 17, "TN": 20, "FP": 3, "FN": 7}}, "CNB": {"valid": {"ACC": 0.6595744680851063, "F1_Score": 0.6, "Recall": 0.5217391304347826, "Precision": 0.7058823529411765, "Cohen_Kappa": 0.3151183970856102, "AUC": 0.7445652173913043, "TP": 12, "TN": 19, "FP": 5, "FN": 11}, "test": {"ACC": 0.6595744680851063, "F1_Score": 0.6521739130434783, "Recall": 0.625, "Precision": 0.6818181818181818, "Cohen_Kappa": 0.32007233273056057, "AUC": 0.7264492753623188, "TP": 15, "TN": 16, "FP": 7, "FN": 9}}, "GB": {"valid": {"ACC": 0.6382978723404256, "F1_Score": 0.6222222222222223, "Recall": 0.6086956521739131, "Precision": 0.6363636363636364, "Cohen_Kappa": 0.27561196736174076, "AUC": 0.6358695652173914, "TP": 14, "TN": 16, "FP": 8, "FN": 9}, "test": {"ACC": 0.7446808510638298, "F1_Score": 0.7391304347826088, "Recall": 0.7083333333333334, "Precision": 0.7727272727272727, "Cohen_Kappa": 0.49005424954792043, "AUC": 0.842391304347826, "TP": 17, "TN": 18, "FP": 5, "FN": 7}}, "BAG": {"valid": {"ACC": 0.5957446808510638, "F1_Score": 0.5128205128205128, "Recall": 0.43478260869565216, "Precision": 0.625, "Cohen_Kappa": 0.18596171376481307, "AUC": 0.6938405797101449, "TP": 10, "TN": 18, "FP": 6, "FN": 13}, "test": {"ACC": 0.7021276595744681, "F1_Score": 0.631578947368421, "Recall": 0.5, "Precision": 0.8571428571428571, "Cohen_Kappa": 0.40933572710951516, "AUC": 0.7789855072463768, "TP": 12, "TN": 21, "FP": 2, "FN": 12}}, "QDA": {"valid": {"ACC": 0.48936170212765956, "F1_Score": 0.39999999999999997, "Recall": 0.34782608695652173, "Precision": 0.47058823529411764, "Cohen_Kappa": -0.02732240437158473, "AUC": 0.48641304347826086, "TP": 8, "TN": 15, "FP": 9, "FN": 15}, "test": {"ACC": 0.425531914893617, "F1_Score": 0.425531914893617, "Recall": 0.4166666666666667, "Precision": 0.43478260869565216, "Cohen_Kappa": -0.1484162895927601, "AUC": 0.4257246376811594, "TP": 10, "TN": 10, "FP": 13, "FN": 14}}, "SVC": {"valid": {"ACC": 0.6595744680851063, "F1_Score": 0.6363636363636365, "Recall": 0.6086956521739131, "Precision": 0.6666666666666666, "Cohen_Kappa": 0.3176043557168784, "AUC": 0.7844202898550724, "TP": 14, "TN": 17, "FP": 7, "FN": 9}, "test": {"ACC": 0.723404255319149, "F1_Score": 0.7346938775510204, "Recall": 0.75, "Precision": 0.72, "Cohen_Kappa": 0.44605621033544873, "AUC": 0.8478260869565217, "TP": 18, "TN": 16, "FP": 7, "FN": 6}}}