{"OVR": {"valid": {"ACC": 0.668918918918919, "F1_Score": 0.6754966887417219, "Recall": 0.6891891891891891, "Precision": 0.6623376623376623, "Cohen_Kappa": 0.33783783783783783, "AUC": 0.6523009495982469, "TP": 51, "TN": 48, "FP": 26, "FN": 23}, "test": {"ACC": 0.5838926174496645, "F1_Score": 0.5694444444444444, "Recall": 0.5466666666666666, "Precision": 0.5942028985507246, "Cohen_Kappa": 0.16819737079056363, "AUC": 0.6059459459459459, "TP": 41, "TN": 46, "FP": 28, "FN": 34}}, "KNB": {"valid": {"ACC": 0.6081081081081081, "F1_Score": 0.5797101449275363, "Recall": 0.5405405405405406, "Precision": 0.625, "Cohen_Kappa": 0.21621621621621623, "AUC": 0.633582907231556, "TP": 40, "TN": 50, "FP": 24, "FN": 34}, "test": {"ACC": 0.5906040268456376, "F1_Score": 0.5793103448275861, "Recall": 0.56, "Precision": 0.6, "Cohen_Kappa": 0.18153984691580372, "AUC": 0.6732432432432434, "TP": 42, "TN": 46, "FP": 28, "FN": 33}}, "DT": {"valid": {"ACC": 0.581081081081081, "F1_Score": 0.5866666666666667, "Recall": 0.5945945945945946, "Precision": 0.5789473684210527, "Cohen_Kappa": 0.16216216216216217, "AUC": 0.5810810810810811, "TP": 44, "TN": 42, "FP": 32, "FN": 30}, "test": {"ACC": 0.5436241610738255, "F1_Score": 0.5526315789473685, "Recall": 0.56, "Precision": 0.5454545454545454, "Cohen_Kappa": 0.08704271039826994, "AUC": 0.5435135135135135, "TP": 42, "TN": 39, "FP": 35, "FN": 33}}, "MNB": {"valid": {"ACC": 0.6891891891891891, "F1_Score": 0.7012987012987014, "Recall": 0.7297297297297297, "Precision": 0.675, "Cohen_Kappa": 0.3783783783783784, "AUC": 0.7275383491599707, "TP": 54, "TN": 48, "FP": 26, "FN": 20}, "test": {"ACC": 0.6510067114093959, "F1_Score": 0.6790123456790123, "Recall": 0.7333333333333333, "Precision": 0.632183908045977, "Cohen_Kappa": 0.3012265512265513, "AUC": 0.6760360360360361, "TP": 55, "TN": 42, "FP": 32, "FN": 20}}, "RF": {"valid": {"ACC": 0.6621621621621622, "F1_Score": 0.6323529411764707, "Recall": 0.581081081081081, "Precision": 0.6935483870967742, "Cohen_Kappa": 0.32432432432432434, "AUC": 0.7070854638422206, "TP": 43, "TN": 55, "FP": 19, "FN": 31}, "test": {"ACC": 0.6577181208053692, "F1_Score": 0.6106870229007633, "Recall": 0.5333333333333333, "Precision": 0.7142857142857143, "Cohen_Kappa": 0.3165752315855742, "AUC": 0.7243243243243243, "TP": 40, "TN": 58, "FP": 16, "FN": 35}}, "ADA": {"valid": {"ACC": 0.6216216216216216, "F1_Score": 0.611111111111111, "Recall": 0.5945945945945946, "Precision": 0.6285714285714286, "Cohen_Kappa": 0.2432432432432432, "AUC": 0.673119065010957, "TP": 44, "TN": 48, "FP": 26, "FN": 30}, "test": {"ACC": 0.610738255033557, "F1_Score": 0.6027397260273973, "Recall": 0.5866666666666667, "Precision": 0.6197183098591549, "Cohen_Kappa": 0.22172190201729114, "AUC": 0.6693693693693694, "TP": 44, "TN": 47, "FP": 27, "FN": 31}}, "XGB": {"valid": {"ACC": 0.7162162162162162, "F1_Score": 0.6956521739130435, "Recall": 0.6486486486486487, "Precision": 0.75, "Cohen_Kappa": 0.43243243243243246, "AUC": 0.7293644996347698, "TP": 48, "TN": 58, "FP": 16, "FN": 26}, "test": {"ACC": 0.6442953020134228, "F1_Score": 0.6241134751773049, "Recall": 0.5866666666666667, "Precision": 0.6666666666666666, "Cohen_Kappa": 0.28913493563777115, "AUC": 0.6733333333333332, "TP": 44, "TN": 52, "FP": 22, "FN": 31}}, "MLP": {"valid": {"ACC": 0.6554054054054054, "F1_Score": 0.6433566433566433, "Recall": 0.6216216216216216, "Precision": 0.6666666666666666, "Cohen_Kappa": 0.31081081081081086, "AUC": 0.6842585829072315, "TP": 46, "TN": 51, "FP": 23, "FN": 28}, "test": {"ACC": 0.5973154362416108, "F1_Score": 0.5714285714285715, "Recall": 0.5333333333333333, "Precision": 0.6153846153846154, "Cohen_Kappa": 0.1953195319531954, "AUC": 0.6322522522522522, "TP": 40, "TN": 49, "FP": 25, "FN": 35}}, "LR": {"valid": {"ACC": 0.668918918918919, "F1_Score": 0.6754966887417219, "Recall": 0.6891891891891891, "Precision": 0.6623376623376623, "Cohen_Kappa": 0.33783783783783783, "AUC": 0.6523009495982469, "TP": 51, "TN": 48, "FP": 26, "FN": 23}, "test": {"ACC": 0.5838926174496645, "F1_Score": 0.5694444444444444, "Recall": 0.5466666666666666, "Precision": 0.5942028985507246, "Cohen_Kappa": 0.16819737079056363, "AUC": 0.6059459459459459, "TP": 41, "TN": 46, "FP": 28, "FN": 34}}, "ETAs": {"valid": {"ACC": 0.6959459459459459, "F1_Score": 0.6715328467153284, "Recall": 0.6216216216216216, "Precision": 0.7301587301587301, "Cohen_Kappa": 0.3918918918918919, "AUC": 0.7722790357925493, "TP": 46, "TN": 57, "FP": 17, "FN": 28}, "test": {"ACC": 0.6375838926174496, "F1_Score": 0.6029411764705882, "Recall": 0.5466666666666666, "Precision": 0.6721311475409836, "Cohen_Kappa": 0.2760482274608602, "AUC": 0.7171171171171172, "TP": 41, "TN": 54, "FP": 20, "FN": 34}}, "CNB": {"valid": {"ACC": 0.6891891891891891, "F1_Score": 0.7012987012987014, "Recall": 0.7297297297297297, "Precision": 0.675, "Cohen_Kappa": 0.3783783783783784, "AUC": 0.7275383491599707, "TP": 54, "TN": 48, "FP": 26, "FN": 20}, "test": {"ACC": 0.6510067114093959, "F1_Score": 0.6790123456790123, "Recall": 0.7333333333333333, "Precision": 0.632183908045977, "Cohen_Kappa": 0.3012265512265513, "AUC": 0.6760360360360361, "TP": 55, "TN": 42, "FP": 32, "FN": 20}}, "GB": {"valid": {"ACC": 0.6554054054054054, "F1_Score": 0.653061224489796, "Recall": 0.6486486486486487, "Precision": 0.6575342465753424, "Cohen_Kappa": 0.31081081081081086, "AUC": 0.7153031409788168, "TP": 48, "TN": 49, "FP": 25, "FN": 26}, "test": {"ACC": 0.6442953020134228, "F1_Score": 0.613138686131387, "Recall": 0.56, "Precision": 0.6774193548387096, "Cohen_Kappa": 0.2893908035633942, "AUC": 0.6681081081081082, "TP": 42, "TN": 54, "FP": 20, "FN": 33}}, "BAG": {"valid": {"ACC": 0.6756756756756757, "F1_Score": 0.6307692307692307, "Recall": 0.5540540540540541, "Precision": 0.7321428571428571, "Cohen_Kappa": 0.3513513513513513, "AUC": 0.7002373995617238, "TP": 41, "TN": 59, "FP": 15, "FN": 33}, "test": {"ACC": 0.5906040268456376, "F1_Score": 0.5413533834586466, "Recall": 0.48, "Precision": 0.6206896551724138, "Cohen_Kappa": 0.1824233156427093, "AUC": 0.6630630630630631, "TP": 36, "TN": 52, "FP": 22, "FN": 39}}, "QDA": {"valid": {"ACC": 0.5, "F1_Score": 0.0, "Recall": 0.0, "Precision": 0.0, "Cohen_Kappa": 0.0, "AUC": 0.5, "TP": 0, "TN": 74, "FP": 0, "FN": 74}, "test": {"ACC": 0.4966442953020134, "F1_Score": 0.0, "Recall": 0.0, "Precision": 0.0, "Cohen_Kappa": 0.0, "AUC": 0.5, "TP": 0, "TN": 74, "FP": 0, "FN": 75}}, "SVC": {"valid": {"ACC": 0.6891891891891891, "F1_Score": 0.6461538461538462, "Recall": 0.5675675675675675, "Precision": 0.75, "Cohen_Kappa": 0.3783783783783784, "AUC": 0.7342951059167275, "TP": 42, "TN": 60, "FP": 14, "FN": 32}, "test": {"ACC": 0.6845637583892618, "F1_Score": 0.6569343065693432, "Recall": 0.6, "Precision": 0.7258064516129032, "Cohen_Kappa": 0.369837127688293, "AUC": 0.7200000000000001, "TP": 45, "TN": 57, "FP": 17, "FN": 30}}}