{"OVR": {"valid": {"ACC": 0.623574144486692, "F1_Score": 0.608695652173913, "Recall": 0.5877862595419847, "Precision": 0.6311475409836066, "Cohen_Kappa": 0.24694143167028193, "AUC": 0.691591487393014, "TP": 77, "TN": 87, "FP": 45, "FN": 54}, "test": {"ACC": 0.6197718631178707, "F1_Score": 0.6296296296296297, "Recall": 0.6439393939393939, "Precision": 0.6159420289855072, "Cohen_Kappa": 0.23940077505928625, "AUC": 0.6443442054129076, "TP": 85, "TN": 78, "FP": 53, "FN": 47}}, "KNB": {"valid": {"ACC": 0.6692015209125475, "F1_Score": 0.6419753086419753, "Recall": 0.5954198473282443, "Precision": 0.6964285714285714, "Cohen_Kappa": 0.3380297989295531, "AUC": 0.7087670599120981, "TP": 78, "TN": 98, "FP": 34, "FN": 53}, "test": {"ACC": 0.6577946768060836, "F1_Score": 0.64, "Recall": 0.6060606060606061, "Precision": 0.6779661016949152, "Cohen_Kappa": 0.3158564078848488, "AUC": 0.7194656488549619, "TP": 80, "TN": 93, "FP": 38, "FN": 52}}, "DT": {"valid": {"ACC": 0.5665399239543726, "F1_Score": 0.5928571428571429, "Recall": 0.6335877862595419, "Precision": 0.5570469798657718, "Cohen_Kappa": 0.13351829374024615, "AUC": 0.5667938931297709, "TP": 83, "TN": 66, "FP": 66, "FN": 48}, "test": {"ACC": 0.5703422053231939, "F1_Score": 0.592057761732852, "Recall": 0.6212121212121212, "Precision": 0.5655172413793104, "Cohen_Kappa": 0.14034884729975994, "AUC": 0.570148045338885, "TP": 82, "TN": 68, "FP": 63, "FN": 50}}, "MNB": {"valid": {"ACC": 0.6806083650190115, "F1_Score": 0.6315789473684211, "Recall": 0.549618320610687, "Precision": 0.7422680412371134, "Cohen_Kappa": 0.3605788712011577, "AUC": 0.7050659264399722, "TP": 72, "TN": 107, "FP": 25, "FN": 59}, "test": {"ACC": 0.6349809885931559, "F1_Score": 0.6065573770491803, "Recall": 0.5606060606060606, "Precision": 0.6607142857142857, "Cohen_Kappa": 0.2703733672407813, "AUC": 0.6263300948415452, "TP": 74, "TN": 93, "FP": 38, "FN": 58}}, "RF": {"valid": {"ACC": 0.688212927756654, "F1_Score": 0.6940298507462686, "Recall": 0.7099236641221374, "Precision": 0.6788321167883211, "Cohen_Kappa": 0.37652500722752247, "AUC": 0.7779319916724496, "TP": 93, "TN": 88, "FP": 44, "FN": 38}, "test": {"ACC": 0.6311787072243346, "F1_Score": 0.6498194945848376, "Recall": 0.6818181818181818, "Precision": 0.6206896551724138, "Cohen_Kappa": 0.26206936449625406, "AUC": 0.7128440897524867, "TP": 90, "TN": 76, "FP": 55, "FN": 42}}, "ADA": {"valid": {"ACC": 0.6577946768060836, "F1_Score": 0.6484375, "Recall": 0.6335877862595419, "Precision": 0.664, "Cohen_Kappa": 0.3154606975533576, "AUC": 0.7224439046958131, "TP": 83, "TN": 90, "FP": 42, "FN": 48}, "test": {"ACC": 0.5893536121673004, "F1_Score": 0.5748031496062993, "Recall": 0.553030303030303, "Precision": 0.5983606557377049, "Cohen_Kappa": 0.17893276290686244, "AUC": 0.6270240573675687, "TP": 73, "TN": 82, "FP": 49, "FN": 59}}, "XGB": {"valid": {"ACC": 0.6539923954372624, "F1_Score": 0.6566037735849057, "Recall": 0.6641221374045801, "Precision": 0.6492537313432836, "Cohen_Kappa": 0.3080348107670513, "AUC": 0.7160536664353458, "TP": 87, "TN": 85, "FP": 47, "FN": 44}, "test": {"ACC": 0.6806083650190115, "F1_Score": 0.697841726618705, "Recall": 0.7348484848484849, "Precision": 0.6643835616438356, "Cohen_Kappa": 0.36094879953717096, "AUC": 0.7107911172796668, "TP": 97, "TN": 82, "FP": 49, "FN": 35}}, "MLP": {"valid": {"ACC": 0.6539923954372624, "F1_Score": 0.6431372549019607, "Recall": 0.6259541984732825, "Precision": 0.6612903225806451, "Cohen_Kappa": 0.3078346877982474, "AUC": 0.7167476289613693, "TP": 82, "TN": 90, "FP": 42, "FN": 49}, "test": {"ACC": 0.6121673003802282, "F1_Score": 0.6304347826086956, "Recall": 0.6590909090909091, "Precision": 0.6041666666666666, "Cohen_Kappa": 0.22405414786532452, "AUC": 0.6636594957205644, "TP": 87, "TN": 74, "FP": 57, "FN": 45}}, "LR": {"valid": {"ACC": 0.623574144486692, "F1_Score": 0.608695652173913, "Recall": 0.5877862595419847, "Precision": 0.6311475409836066, "Cohen_Kappa": 0.24694143167028193, "AUC": 0.691591487393014, "TP": 77, "TN": 87, "FP": 45, "FN": 54}, "test": {"ACC": 0.6197718631178707, "F1_Score": 0.6296296296296297, "Recall": 0.6439393939393939, "Precision": 0.6159420289855072, "Cohen_Kappa": 0.23940077505928625, "AUC": 0.6443442054129076, "TP": 85, "TN": 78, "FP": 53, "FN": 47}}, "ETAs": {"valid": {"ACC": 0.6806083650190115, "F1_Score": 0.6769230769230768, "Recall": 0.6717557251908397, "Precision": 0.6821705426356589, "Cohen_Kappa": 0.3611705511537794, "AUC": 0.7661924589405505, "TP": 88, "TN": 91, "FP": 41, "FN": 43}, "test": {"ACC": 0.6159695817490495, "F1_Score": 0.6130268199233716, "Recall": 0.6060606060606061, "Precision": 0.6201550387596899, "Cohen_Kappa": 0.23199468008211188, "AUC": 0.7165741383298636, "TP": 80, "TN": 82, "FP": 49, "FN": 52}}, "CNB": {"valid": {"ACC": 0.6806083650190115, "F1_Score": 0.6315789473684211, "Recall": 0.549618320610687, "Precision": 0.7422680412371134, "Cohen_Kappa": 0.3605788712011577, "AUC": 0.7050659264399722, "TP": 72, "TN": 107, "FP": 25, "FN": 59}, "test": {"ACC": 0.6349809885931559, "F1_Score": 0.6065573770491803, "Recall": 0.5606060606060606, "Precision": 0.6607142857142857, "Cohen_Kappa": 0.2703733672407813, "AUC": 0.6263300948415452, "TP": 74, "TN": 93, "FP": 38, "FN": 58}}, "GB": {"valid": {"ACC": 0.6577946768060836, "F1_Score": 0.6456692913385826, "Recall": 0.6259541984732825, "Precision": 0.6666666666666666, "Cohen_Kappa": 0.3154211013419713, "AUC": 0.7327087670599122, "TP": 82, "TN": 91, "FP": 41, "FN": 49}, "test": {"ACC": 0.6121673003802282, "F1_Score": 0.6165413533834586, "Recall": 0.6212121212121212, "Precision": 0.6119402985074627, "Cohen_Kappa": 0.22427852640101775, "AUC": 0.6817603516076799, "TP": 82, "TN": 79, "FP": 52, "FN": 50}}, "BAG": {"valid": {"ACC": 0.6996197718631179, "F1_Score": 0.6775510204081632, "Recall": 0.6335877862595419, "Precision": 0.7280701754385965, "Cohen_Kappa": 0.39893540081580703, "AUC": 0.7397929678464029, "TP": 83, "TN": 101, "FP": 31, "FN": 48}, "test": {"ACC": 0.6425855513307985, "F1_Score": 0.6147540983606558, "Recall": 0.5681818181818182, "Precision": 0.6696428571428571, "Cohen_Kappa": 0.2855739220899317, "AUC": 0.678001387925052, "TP": 75, "TN": 94, "FP": 37, "FN": 57}}, "QDA": {"valid": {"ACC": 0.5133079847908745, "F1_Score": 0.539568345323741, "Recall": 0.5725190839694656, "Precision": 0.5102040816326531, "Cohen_Kappa": 0.027052023121387214, "AUC": 0.5135322692574601, "TP": 75, "TN": 60, "FP": 72, "FN": 56}, "test": {"ACC": 0.45627376425855515, "F1_Score": 0.5085910652920963, "Recall": 0.5606060606060606, "Precision": 0.46540880503144655, "Cohen_Kappa": -0.08831785166536466, "AUC": 0.45587554938699976, "TP": 74, "TN": 46, "FP": 85, "FN": 58}}, "SVC": {"valid": {"ACC": 0.7034220532319392, "F1_Score": 0.6953125000000001, "Recall": 0.6793893129770993, "Precision": 0.712, "Cohen_Kappa": 0.40673260454624327, "AUC": 0.7798403886190146, "TP": 89, "TN": 96, "FP": 36, "FN": 42}, "test": {"ACC": 0.6311787072243346, "F1_Score": 0.616600790513834, "Recall": 0.5909090909090909, "Precision": 0.6446280991735537, "Cohen_Kappa": 0.2625812978754155, "AUC": 0.7027527180198936, "TP": 78, "TN": 88, "FP": 43, "FN": 54}}}