{"OVR": {"valid": {"ACC": 0.6530612244897959, "F1_Score": 0.6222222222222222, "Recall": 0.5833333333333334, "Precision": 0.6666666666666666, "Cohen_Kappa": 0.30409356725146197, "AUC": 0.7216666666666667, "TP": 14, "TN": 18, "FP": 7, "FN": 10}, "test": {"ACC": 0.6530612244897959, "F1_Score": 0.6792452830188679, "Recall": 0.72, "Precision": 0.6428571428571429, "Cohen_Kappa": 0.30409356725146197, "AUC": 0.6766666666666667, "TP": 18, "TN": 14, "FP": 10, "FN": 7}}, "KNB": {"valid": {"ACC": 0.6122448979591837, "F1_Score": 0.5777777777777778, "Recall": 0.5416666666666666, "Precision": 0.6190476190476191, "Cohen_Kappa": 0.2222222222222222, "AUC": 0.6591666666666667, "TP": 13, "TN": 17, "FP": 8, "FN": 11}, "test": {"ACC": 0.6326530612244898, "F1_Score": 0.6086956521739131, "Recall": 0.56, "Precision": 0.6666666666666666, "Cohen_Kappa": 0.2674418604651163, "AUC": 0.6483333333333334, "TP": 14, "TN": 17, "FP": 7, "FN": 11}}, "DT": {"valid": {"ACC": 0.6326530612244898, "F1_Score": 0.625, "Recall": 0.625, "Precision": 0.625, "Cohen_Kappa": 0.265, "AUC": 0.6325000000000001, "TP": 15, "TN": 16, "FP": 9, "FN": 9}, "test": {"ACC": 0.6122448979591837, "F1_Score": 0.6274509803921569, "Recall": 0.64, "Precision": 0.6153846153846154, "Cohen_Kappa": 0.22351959966638868, "AUC": 0.6116666666666667, "TP": 16, "TN": 14, "FP": 10, "FN": 9}}, "MNB": {"valid": {"ACC": 0.7551020408163265, "F1_Score": 0.7777777777777777, "Recall": 0.875, "Precision": 0.7, "Cohen_Kappa": 0.5124378109452736, "AUC": 0.7883333333333333, "TP": 21, "TN": 16, "FP": 9, "FN": 3}, "test": {"ACC": 0.5918367346938775, "F1_Score": 0.6774193548387097, "Recall": 0.84, "Precision": 0.5675675675675675, "Cohen_Kappa": 0.17508417508417518, "AUC": 0.6166666666666667, "TP": 21, "TN": 8, "FP": 16, "FN": 4}}, "RF": {"valid": {"ACC": 0.6530612244897959, "F1_Score": 0.5853658536585366, "Recall": 0.5, "Precision": 0.7058823529411765, "Cohen_Kappa": 0.3017602682313495, "AUC": 0.7766666666666666, "TP": 12, "TN": 20, "FP": 5, "FN": 12}, "test": {"ACC": 0.6326530612244898, "F1_Score": 0.6666666666666666, "Recall": 0.72, "Precision": 0.6206896551724138, "Cohen_Kappa": 0.2625418060200668, "AUC": 0.7325, "TP": 18, "TN": 13, "FP": 11, "FN": 7}}, "ADA": {"valid": {"ACC": 0.5714285714285714, "F1_Score": 0.5882352941176471, "Recall": 0.625, "Precision": 0.5555555555555556, "Cohen_Kappa": 0.14463840399002492, "AUC": 0.5875, "TP": 15, "TN": 13, "FP": 12, "FN": 9}, "test": {"ACC": 0.5918367346938775, "F1_Score": 0.6296296296296295, "Recall": 0.68, "Precision": 0.5862068965517241, "Cohen_Kappa": 0.1806020066889632, "AUC": 0.5216666666666666, "TP": 17, "TN": 12, "FP": 12, "FN": 8}}, "XGB": {"valid": {"ACC": 0.6530612244897959, "F1_Score": 0.6530612244897959, "Recall": 0.6666666666666666, "Precision": 0.64, "Cohen_Kappa": 0.30641132389675274, "AUC": 0.7833333333333334, "TP": 16, "TN": 16, "FP": 9, "FN": 8}, "test": {"ACC": 0.5714285714285714, "F1_Score": 0.5882352941176471, "Recall": 0.6, "Precision": 0.5769230769230769, "Cohen_Kappa": 0.1417848206839033, "AUC": 0.6950000000000001, "TP": 15, "TN": 13, "FP": 11, "FN": 10}}, "MLP": {"valid": {"ACC": 0.673469387755102, "F1_Score": 0.6521739130434783, "Recall": 0.625, "Precision": 0.6818181818181818, "Cohen_Kappa": 0.3455759599332221, "AUC": 0.7400000000000001, "TP": 15, "TN": 18, "FP": 7, "FN": 9}, "test": {"ACC": 0.6122448979591837, "F1_Score": 0.6666666666666666, "Recall": 0.76, "Precision": 0.59375, "Cohen_Kappa": 0.21961441743503773, "AUC": 0.7050000000000001, "TP": 19, "TN": 11, "FP": 13, "FN": 6}}, "LR": {"valid": {"ACC": 0.6530612244897959, "F1_Score": 0.6222222222222222, "Recall": 0.5833333333333334, "Precision": 0.6666666666666666, "Cohen_Kappa": 0.30409356725146197, "AUC": 0.7216666666666667, "TP": 14, "TN": 18, "FP": 7, "FN": 10}, "test": {"ACC": 0.6530612244897959, "F1_Score": 0.6792452830188679, "Recall": 0.72, "Precision": 0.6428571428571429, "Cohen_Kappa": 0.30409356725146197, "AUC": 0.6766666666666667, "TP": 18, "TN": 14, "FP": 10, "FN": 7}}, "ETAs": {"valid": {"ACC": 0.673469387755102, "F1_Score": 0.6521739130434783, "Recall": 0.625, "Precision": 0.6818181818181818, "Cohen_Kappa": 0.3455759599332221, "AUC": 0.7933333333333332, "TP": 15, "TN": 18, "FP": 7, "FN": 9}, "test": {"ACC": 0.6530612244897959, "F1_Score": 0.7017543859649122, "Recall": 0.8, "Precision": 0.625, "Cohen_Kappa": 0.3017602682313495, "AUC": 0.7116666666666667, "TP": 20, "TN": 12, "FP": 12, "FN": 5}}, "CNB": {"valid": {"ACC": 0.7551020408163265, "F1_Score": 0.7777777777777777, "Recall": 0.875, "Precision": 0.7, "Cohen_Kappa": 0.5124378109452736, "AUC": 0.7883333333333333, "TP": 21, "TN": 16, "FP": 9, "FN": 3}, "test": {"ACC": 0.5918367346938775, "F1_Score": 0.6774193548387097, "Recall": 0.84, "Precision": 0.5675675675675675, "Cohen_Kappa": 0.17508417508417518, "AUC": 0.6166666666666667, "TP": 21, "TN": 8, "FP": 16, "FN": 4}}, "GB": {"valid": {"ACC": 0.6326530612244898, "F1_Score": 0.6086956521739131, "Recall": 0.5833333333333334, "Precision": 0.6363636363636364, "Cohen_Kappa": 0.26377295492487485, "AUC": 0.73, "TP": 14, "TN": 17, "FP": 8, "FN": 10}, "test": {"ACC": 0.6530612244897959, "F1_Score": 0.6792452830188679, "Recall": 0.72, "Precision": 0.6428571428571429, "Cohen_Kappa": 0.30409356725146197, "AUC": 0.7283333333333333, "TP": 18, "TN": 14, "FP": 10, "FN": 7}}, "BAG": {"valid": {"ACC": 0.6938775510204082, "F1_Score": 0.6666666666666666, "Recall": 0.625, "Precision": 0.7142857142857143, "Cohen_Kappa": 0.38596491228070173, "AUC": 0.7866666666666666, "TP": 15, "TN": 19, "FP": 6, "FN": 9}, "test": {"ACC": 0.6938775510204082, "F1_Score": 0.7058823529411765, "Recall": 0.72, "Precision": 0.6923076923076923, "Cohen_Kappa": 0.38698915763135944, "AUC": 0.7541666666666668, "TP": 18, "TN": 16, "FP": 8, "FN": 7}}, "QDA": {"valid": {"ACC": 0.6530612244897959, "F1_Score": 0.711864406779661, "Recall": 0.875, "Precision": 0.6, "Cohen_Kappa": 0.3121387283236995, "AUC": 0.6575, "TP": 21, "TN": 11, "FP": 14, "FN": 3}, "test": {"ACC": 0.5714285714285714, "F1_Score": 0.631578947368421, "Recall": 0.72, "Precision": 0.5625, "Cohen_Kappa": 0.13746856663872586, "AUC": 0.5683333333333332, "TP": 18, "TN": 10, "FP": 14, "FN": 7}}, "SVC": {"valid": {"ACC": 0.6326530612244898, "F1_Score": 0.5714285714285715, "Recall": 0.5, "Precision": 0.6666666666666666, "Cohen_Kappa": 0.2613065326633166, "AUC": 0.7616666666666666, "TP": 12, "TN": 19, "FP": 6, "FN": 12}, "test": {"ACC": 0.7142857142857143, "F1_Score": 0.7307692307692308, "Recall": 0.76, "Precision": 0.7037037037037037, "Cohen_Kappa": 0.42737896494156935, "AUC": 0.7416666666666667, "TP": 19, "TN": 16, "FP": 8, "FN": 6}}}