{"OVR": {"valid": {"ACC": 0.7211155378486056, "F1_Score": 0.7200000000000001, "Recall": 0.7142857142857143, "Precision": 0.7258064516129032, "Cohen_Kappa": 0.4422576344359088, "AUC": 0.7927619047619048, "TP": 90, "TN": 91, "FP": 34, "FN": 36}, "test": {"ACC": 0.6865079365079365, "F1_Score": 0.6901960784313725, "Recall": 0.6984126984126984, "Precision": 0.6821705426356589, "Cohen_Kappa": 0.373015873015873, "AUC": 0.751259763164525, "TP": 88, "TN": 85, "FP": 41, "FN": 38}}, "KNB": {"valid": {"ACC": 0.7330677290836654, "F1_Score": 0.6824644549763034, "Recall": 0.5714285714285714, "Precision": 0.8470588235294118, "Cohen_Kappa": 0.4668209631907675, "AUC": 0.8114285714285714, "TP": 72, "TN": 112, "FP": 13, "FN": 54}, "test": {"ACC": 0.6428571428571429, "F1_Score": 0.5631067961165048, "Recall": 0.4603174603174603, "Precision": 0.725, "Cohen_Kappa": 0.2857142857142857, "AUC": 0.7309775762156714, "TP": 58, "TN": 104, "FP": 22, "FN": 68}}, "DT": {"valid": {"ACC": 0.6892430278884463, "F1_Score": 0.6854838709677419, "Recall": 0.6746031746031746, "Precision": 0.6967213114754098, "Cohen_Kappa": 0.37855510411376325, "AUC": 0.6893015873015873, "TP": 85, "TN": 88, "FP": 37, "FN": 41}, "test": {"ACC": 0.6825396825396826, "F1_Score": 0.6721311475409837, "Recall": 0.6507936507936508, "Precision": 0.6949152542372882, "Cohen_Kappa": 0.3650793650793651, "AUC": 0.6825396825396824, "TP": 82, "TN": 90, "FP": 36, "FN": 44}}, "MNB": {"valid": {"ACC": 0.6772908366533864, "F1_Score": 0.7117437722419929, "Recall": 0.7936507936507936, "Precision": 0.6451612903225806, "Cohen_Kappa": 0.3539766769406756, "AUC": 0.7537777777777777, "TP": 100, "TN": 70, "FP": 55, "FN": 26}, "test": {"ACC": 0.6507936507936508, "F1_Score": 0.6834532374100719, "Recall": 0.753968253968254, "Precision": 0.625, "Cohen_Kappa": 0.3015873015873016, "AUC": 0.721403376165281, "TP": 95, "TN": 69, "FP": 57, "FN": 31}}, "RF": {"valid": {"ACC": 0.7768924302788844, "F1_Score": 0.7846153846153846, "Recall": 0.8095238095238095, "Precision": 0.7611940298507462, "Cohen_Kappa": 0.5536644227105296, "AUC": 0.8473650793650793, "TP": 102, "TN": 93, "FP": 32, "FN": 24}, "test": {"ACC": 0.746031746031746, "F1_Score": 0.7575757575757576, "Recall": 0.7936507936507936, "Precision": 0.7246376811594203, "Cohen_Kappa": 0.4920634920634921, "AUC": 0.8132401108591585, "TP": 100, "TN": 88, "FP": 38, "FN": 26}}, "ADA": {"valid": {"ACC": 0.7131474103585658, "F1_Score": 0.7187500000000001, "Recall": 0.7301587301587301, "Precision": 0.7076923076923077, "Cohen_Kappa": 0.42621285242570484, "AUC": 0.7943492063492064, "TP": 92, "TN": 87, "FP": 38, "FN": 34}, "test": {"ACC": 0.6388888888888888, "F1_Score": 0.6285714285714287, "Recall": 0.6111111111111112, "Precision": 0.6470588235294118, "Cohen_Kappa": 0.2777777777777778, "AUC": 0.7243323255228017, "TP": 77, "TN": 84, "FP": 42, "FN": 49}}, "XGB": {"valid": {"ACC": 0.7529880478087649, "F1_Score": 0.7559055118110236, "Recall": 0.7619047619047619, "Precision": 0.75, "Cohen_Kappa": 0.5059368848815797, "AUC": 0.8410793650793652, "TP": 96, "TN": 93, "FP": 32, "FN": 30}, "test": {"ACC": 0.6984126984126984, "F1_Score": 0.6984126984126984, "Recall": 0.6984126984126984, "Precision": 0.6984126984126984, "Cohen_Kappa": 0.39682539682539686, "AUC": 0.7792894935752078, "TP": 88, "TN": 88, "FP": 38, "FN": 38}}, "MLP": {"valid": {"ACC": 0.7330677290836654, "F1_Score": 0.7265306122448979, "Recall": 0.7063492063492064, "Precision": 0.7478991596638656, "Cohen_Kappa": 0.4662455962167138, "AUC": 0.7966984126984126, "TP": 89, "TN": 95, "FP": 30, "FN": 37}, "test": {"ACC": 0.7063492063492064, "F1_Score": 0.7109375000000001, "Recall": 0.7222222222222222, "Precision": 0.7, "Cohen_Kappa": 0.4126984126984127, "AUC": 0.7779667422524565, "TP": 91, "TN": 87, "FP": 39, "FN": 35}}, "LR": {"valid": {"ACC": 0.7211155378486056, "F1_Score": 0.7200000000000001, "Recall": 0.7142857142857143, "Precision": 0.7258064516129032, "Cohen_Kappa": 0.4422576344359088, "AUC": 0.7927619047619048, "TP": 90, "TN": 91, "FP": 34, "FN": 36}, "test": {"ACC": 0.6865079365079365, "F1_Score": 0.6901960784313725, "Recall": 0.6984126984126984, "Precision": 0.6821705426356589, "Cohen_Kappa": 0.373015873015873, "AUC": 0.751259763164525, "TP": 88, "TN": 85, "FP": 41, "FN": 38}}, "ETAs": {"valid": {"ACC": 0.7649402390438247, "F1_Score": 0.7686274509803923, "Recall": 0.7777777777777778, "Precision": 0.7596899224806202, "Cohen_Kappa": 0.5298282376099311, "AUC": 0.8359682539682538, "TP": 98, "TN": 94, "FP": 31, "FN": 28}, "test": {"ACC": 0.7420634920634921, "F1_Score": 0.7547169811320755, "Recall": 0.7936507936507936, "Precision": 0.7194244604316546, "Cohen_Kappa": 0.4841269841269841, "AUC": 0.8140904509952129, "TP": 100, "TN": 87, "FP": 39, "FN": 26}}, "CNB": {"valid": {"ACC": 0.6772908366533864, "F1_Score": 0.7117437722419929, "Recall": 0.7936507936507936, "Precision": 0.6451612903225806, "Cohen_Kappa": 0.3539766769406756, "AUC": 0.7537777777777777, "TP": 100, "TN": 70, "FP": 55, "FN": 26}, "test": {"ACC": 0.6507936507936508, "F1_Score": 0.6834532374100719, "Recall": 0.753968253968254, "Precision": 0.625, "Cohen_Kappa": 0.3015873015873016, "AUC": 0.721403376165281, "TP": 95, "TN": 69, "FP": 57, "FN": 31}}, "GB": {"valid": {"ACC": 0.7569721115537849, "F1_Score": 0.7626459143968871, "Recall": 0.7777777777777778, "Precision": 0.7480916030534351, "Cohen_Kappa": 0.513859342752818, "AUC": 0.8375555555555556, "TP": 98, "TN": 92, "FP": 33, "FN": 28}, "test": {"ACC": 0.6785714285714286, "F1_Score": 0.674698795180723, "Recall": 0.6666666666666666, "Precision": 0.6829268292682927, "Cohen_Kappa": 0.3571428571428571, "AUC": 0.7775258251448728, "TP": 84, "TN": 87, "FP": 39, "FN": 42}}, "BAG": {"valid": {"ACC": 0.7250996015936255, "F1_Score": 0.7206477732793521, "Recall": 0.7063492063492064, "Precision": 0.7355371900826446, "Cohen_Kappa": 0.45027773369306456, "AUC": 0.7940317460317461, "TP": 89, "TN": 93, "FP": 32, "FN": 37}, "test": {"ACC": 0.7103174603174603, "F1_Score": 0.6970954356846473, "Recall": 0.6666666666666666, "Precision": 0.7304347826086957, "Cohen_Kappa": 0.4206349206349206, "AUC": 0.7894305870496346, "TP": 84, "TN": 95, "FP": 31, "FN": 42}}, "QDA": {"valid": {"ACC": 0.5657370517928287, "F1_Score": 0.540084388185654, "Recall": 0.5079365079365079, "Precision": 0.5765765765765766, "Cohen_Kappa": 0.13187371093130262, "AUC": 0.565968253968254, "TP": 64, "TN": 78, "FP": 47, "FN": 62}, "test": {"ACC": 0.5873015873015873, "F1_Score": 0.5398230088495576, "Recall": 0.48412698412698413, "Precision": 0.61, "Cohen_Kappa": 0.17460317460317465, "AUC": 0.5873015873015873, "TP": 61, "TN": 87, "FP": 39, "FN": 65}}, "SVC": {"valid": {"ACC": 0.7689243027888446, "F1_Score": 0.7803030303030303, "Recall": 0.8174603174603174, "Precision": 0.7463768115942029, "Cohen_Kappa": 0.5376651422764227, "AUC": 0.8412063492063492, "TP": 103, "TN": 90, "FP": 35, "FN": 23}, "test": {"ACC": 0.746031746031746, "F1_Score": 0.7538461538461538, "Recall": 0.7777777777777778, "Precision": 0.7313432835820896, "Cohen_Kappa": 0.4920634920634921, "AUC": 0.8117283950617284, "TP": 98, "TN": 90, "FP": 36, "FN": 28}}}