{"OVR": {"valid": {"ACC": 0.7126436781609196, "F1_Score": 0.7252747252747254, "Recall": 0.7674418604651163, "Precision": 0.6875, "Cohen_Kappa": 0.4259699129057799, "AUC": 0.7061310782241014, "TP": 33, "TN": 29, "FP": 15, "FN": 10}, "test": {"ACC": 0.6666666666666666, "F1_Score": 0.6419753086419754, "Recall": 0.5909090909090909, "Precision": 0.7027027027027027, "Cohen_Kappa": 0.3344763914534423, "AUC": 0.6958245243128964, "TP": 26, "TN": 32, "FP": 11, "FN": 18}}, "KNB": {"valid": {"ACC": 0.7011494252873564, "F1_Score": 0.7234042553191489, "Recall": 0.7906976744186046, "Precision": 0.6666666666666666, "Cohen_Kappa": 0.4034810126582278, "AUC": 0.7595137420718816, "TP": 34, "TN": 27, "FP": 17, "FN": 9}, "test": {"ACC": 0.6206896551724138, "F1_Score": 0.6526315789473683, "Recall": 0.7045454545454546, "Precision": 0.6078431372549019, "Cohen_Kappa": 0.2398729150119142, "AUC": 0.6918604651162791, "TP": 31, "TN": 23, "FP": 20, "FN": 13}}, "DT": {"valid": {"ACC": 0.5517241379310345, "F1_Score": 0.5411764705882354, "Recall": 0.5348837209302325, "Precision": 0.5476190476190477, "Cohen_Kappa": 0.10309278350515472, "AUC": 0.5515327695560254, "TP": 23, "TN": 25, "FP": 19, "FN": 20}, "test": {"ACC": 0.632183908045977, "F1_Score": 0.6521739130434783, "Recall": 0.6818181818181818, "Precision": 0.625, "Cohen_Kappa": 0.26349206349206356, "AUC": 0.6316067653276954, "TP": 30, "TN": 25, "FP": 18, "FN": 14}}, "MNB": {"valid": {"ACC": 0.6206896551724138, "F1_Score": 0.5714285714285715, "Recall": 0.5116279069767442, "Precision": 0.6470588235294118, "Cohen_Kappa": 0.23947019867549668, "AUC": 0.71723044397463, "TP": 22, "TN": 32, "FP": 12, "FN": 21}, "test": {"ACC": 0.632183908045977, "F1_Score": 0.5428571428571428, "Recall": 0.4318181818181818, "Precision": 0.7307692307692307, "Cohen_Kappa": 0.26775381378221985, "AUC": 0.6836680761099365, "TP": 19, "TN": 36, "FP": 7, "FN": 25}}, "RF": {"valid": {"ACC": 0.7471264367816092, "F1_Score": 0.7441860465116278, "Recall": 0.7441860465116279, "Precision": 0.7441860465116279, "Cohen_Kappa": 0.4941860465116279, "AUC": 0.8023255813953488, "TP": 32, "TN": 33, "FP": 11, "FN": 11}, "test": {"ACC": 0.6896551724137931, "F1_Score": 0.6823529411764706, "Recall": 0.6590909090909091, "Precision": 0.7073170731707317, "Cohen_Kappa": 0.3797200950620544, "AUC": 0.7206659619450317, "TP": 29, "TN": 31, "FP": 12, "FN": 15}}, "ADA": {"valid": {"ACC": 0.6551724137931034, "F1_Score": 0.6590909090909091, "Recall": 0.6744186046511628, "Precision": 0.6444444444444445, "Cohen_Kappa": 0.3106180665610142, "AUC": 0.6728329809725159, "TP": 29, "TN": 28, "FP": 16, "FN": 14}, "test": {"ACC": 0.6666666666666666, "F1_Score": 0.6741573033707865, "Recall": 0.6818181818181818, "Precision": 0.6666666666666666, "Cohen_Kappa": 0.33306899286280733, "AUC": 0.7407505285412261, "TP": 30, "TN": 28, "FP": 15, "FN": 14}}, "XGB": {"valid": {"ACC": 0.6666666666666666, "F1_Score": 0.6813186813186812, "Recall": 0.7209302325581395, "Precision": 0.6458333333333334, "Cohen_Kappa": 0.33412509897070464, "AUC": 0.7383720930232558, "TP": 31, "TN": 27, "FP": 17, "FN": 12}, "test": {"ACC": 0.6551724137931034, "F1_Score": 0.6428571428571429, "Recall": 0.6136363636363636, "Precision": 0.675, "Cohen_Kappa": 0.31098204857444556, "AUC": 0.7243657505285412, "TP": 27, "TN": 30, "FP": 13, "FN": 17}}, "MLP": {"valid": {"ACC": 0.6896551724137931, "F1_Score": 0.7096774193548386, "Recall": 0.7674418604651163, "Precision": 0.66, "Cohen_Kappa": 0.38037457135320496, "AUC": 0.7626849894291755, "TP": 33, "TN": 27, "FP": 17, "FN": 10}, "test": {"ACC": 0.6551724137931034, "F1_Score": 0.6341463414634148, "Recall": 0.5909090909090909, "Precision": 0.6842105263157895, "Cohen_Kappa": 0.3113456464379948, "AUC": 0.7370507399577166, "TP": 26, "TN": 31, "FP": 12, "FN": 18}}, "LR": {"valid": {"ACC": 0.7126436781609196, "F1_Score": 0.7252747252747254, "Recall": 0.7674418604651163, "Precision": 0.6875, "Cohen_Kappa": 0.4259699129057799, "AUC": 0.7061310782241014, "TP": 33, "TN": 29, "FP": 15, "FN": 10}, "test": {"ACC": 0.6666666666666666, "F1_Score": 0.6419753086419754, "Recall": 0.5909090909090909, "Precision": 0.7027027027027027, "Cohen_Kappa": 0.3344763914534423, "AUC": 0.6958245243128964, "TP": 26, "TN": 32, "FP": 11, "FN": 18}}, "ETAs": {"valid": {"ACC": 0.7586206896551724, "F1_Score": 0.7586206896551724, "Recall": 0.7674418604651163, "Precision": 0.75, "Cohen_Kappa": 0.5173051519154557, "AUC": 0.7885835095137421, "TP": 33, "TN": 33, "FP": 11, "FN": 10}, "test": {"ACC": 0.6666666666666666, "F1_Score": 0.6506024096385543, "Recall": 0.6136363636363636, "Precision": 0.6923076923076923, "Cohen_Kappa": 0.33412509897070464, "AUC": 0.7132663847780126, "TP": 27, "TN": 31, "FP": 12, "FN": 17}}, "CNB": {"valid": {"ACC": 0.6206896551724138, "F1_Score": 0.5714285714285715, "Recall": 0.5116279069767442, "Precision": 0.6470588235294118, "Cohen_Kappa": 0.23947019867549668, "AUC": 0.71723044397463, "TP": 22, "TN": 32, "FP": 12, "FN": 21}, "test": {"ACC": 0.632183908045977, "F1_Score": 0.5428571428571428, "Recall": 0.4318181818181818, "Precision": 0.7307692307692307, "Cohen_Kappa": 0.26775381378221985, "AUC": 0.6836680761099365, "TP": 19, "TN": 36, "FP": 7, "FN": 25}}, "GB": {"valid": {"ACC": 0.6781609195402298, "F1_Score": 0.6744186046511628, "Recall": 0.6744186046511628, "Precision": 0.6744186046511628, "Cohen_Kappa": 0.35623678646934465, "AUC": 0.7706131078224101, "TP": 29, "TN": 30, "FP": 14, "FN": 14}, "test": {"ACC": 0.6896551724137931, "F1_Score": 0.6823529411764706, "Recall": 0.6590909090909091, "Precision": 0.7073170731707317, "Cohen_Kappa": 0.3797200950620544, "AUC": 0.6974101479915433, "TP": 29, "TN": 31, "FP": 12, "FN": 15}}, "BAG": {"valid": {"ACC": 0.6666666666666666, "F1_Score": 0.6419753086419753, "Recall": 0.6046511627906976, "Precision": 0.6842105263157895, "Cohen_Kappa": 0.33236305901032015, "AUC": 0.7494714587737844, "TP": 26, "TN": 32, "FP": 12, "FN": 17}, "test": {"ACC": 0.5747126436781609, "F1_Score": 0.463768115942029, "Recall": 0.36363636363636365, "Precision": 0.64, "Cohen_Kappa": 0.15356297659742313, "AUC": 0.6617336152219873, "TP": 16, "TN": 34, "FP": 9, "FN": 28}}, "QDA": {"valid": {"ACC": 0.5057471264367817, "F1_Score": 0.0, "Recall": 0.0, "Precision": 0.0, "Cohen_Kappa": 0.0, "AUC": 0.5, "TP": 0, "TN": 44, "FP": 0, "FN": 43}, "test": {"ACC": 0.4942528735632184, "F1_Score": 0.0, "Recall": 0.0, "Precision": 0.0, "Cohen_Kappa": 0.0, "AUC": 0.5, "TP": 0, "TN": 43, "FP": 0, "FN": 44}}, "SVC": {"valid": {"ACC": 0.7586206896551724, "F1_Score": 0.7640449438202247, "Recall": 0.7906976744186046, "Precision": 0.7391304347826086, "Cohen_Kappa": 0.5175600739371534, "AUC": 0.7891120507399577, "TP": 34, "TN": 32, "FP": 12, "FN": 9}, "test": {"ACC": 0.6781609195402298, "F1_Score": 0.641025641025641, "Recall": 0.5681818181818182, "Precision": 0.7352941176470589, "Cohen_Kappa": 0.3579335793357934, "AUC": 0.7254228329809725, "TP": 25, "TN": 34, "FP": 9, "FN": 19}}}