{"OVR": {"valid": {"ACC": 0.7142857142857143, "F1_Score": 0.7083333333333334, "Recall": 0.7083333333333334, "Precision": 0.7083333333333334, "Cohen_Kappa": 0.42833333333333334, "AUC": 0.8083333333333332, "TP": 17, "TN": 18, "FP": 7, "FN": 7}, "test": {"ACC": 0.7346938775510204, "F1_Score": 0.7547169811320756, "Recall": 0.8, "Precision": 0.7142857142857143, "Cohen_Kappa": 0.4678362573099415, "AUC": 0.7716666666666667, "TP": 20, "TN": 16, "FP": 8, "FN": 5}}, "KNB": {"valid": {"ACC": 0.7346938775510204, "F1_Score": 0.6829268292682927, "Recall": 0.5833333333333334, "Precision": 0.8235294117647058, "Cohen_Kappa": 0.4660519698239731, "AUC": 0.8041666666666667, "TP": 14, "TN": 22, "FP": 3, "FN": 10}, "test": {"ACC": 0.5714285714285714, "F1_Score": 0.5531914893617023, "Recall": 0.52, "Precision": 0.5909090909090909, "Cohen_Kappa": 0.14463840399002492, "AUC": 0.625, "TP": 13, "TN": 15, "FP": 9, "FN": 12}}, "DT": {"valid": {"ACC": 0.7551020408163265, "F1_Score": 0.7692307692307692, "Recall": 0.8333333333333334, "Precision": 0.7142857142857143, "Cohen_Kappa": 0.5116279069767442, "AUC": 0.7566666666666666, "TP": 20, "TN": 17, "FP": 8, "FN": 4}, "test": {"ACC": 0.6530612244897959, "F1_Score": 0.6909090909090909, "Recall": 0.76, "Precision": 0.6333333333333333, "Cohen_Kappa": 0.30292887029288706, "AUC": 0.6508333333333334, "TP": 19, "TN": 13, "FP": 11, "FN": 6}}, "MNB": {"valid": {"ACC": 0.5918367346938775, "F1_Score": 0.4117647058823529, "Recall": 0.2916666666666667, "Precision": 0.7, "Cohen_Kappa": 0.17369308600337274, "AUC": 0.6266666666666667, "TP": 7, "TN": 22, "FP": 3, "FN": 17}, "test": {"ACC": 0.673469387755102, "F1_Score": 0.5789473684210525, "Recall": 0.44, "Precision": 0.8461538461538461, "Cohen_Kappa": 0.3531353135313532, "AUC": 0.7566666666666667, "TP": 11, "TN": 22, "FP": 2, "FN": 14}}, "RF": {"valid": {"ACC": 0.5918367346938775, "F1_Score": 0.5454545454545454, "Recall": 0.5, "Precision": 0.6, "Cohen_Kappa": 0.1806020066889632, "AUC": 0.7616666666666667, "TP": 12, "TN": 17, "FP": 8, "FN": 12}, "test": {"ACC": 0.6326530612244898, "F1_Score": 0.64, "Recall": 0.64, "Precision": 0.64, "Cohen_Kappa": 0.265, "AUC": 0.7216666666666668, "TP": 16, "TN": 15, "FP": 9, "FN": 9}}, "ADA": {"valid": {"ACC": 0.7142857142857143, "F1_Score": 0.7307692307692307, "Recall": 0.7916666666666666, "Precision": 0.6785714285714286, "Cohen_Kappa": 0.43023255813953487, "AUC": 0.7416666666666667, "TP": 19, "TN": 16, "FP": 9, "FN": 5}, "test": {"ACC": 0.6530612244897959, "F1_Score": 0.6666666666666666, "Recall": 0.68, "Precision": 0.6538461538461539, "Cohen_Kappa": 0.30525437864887406, "AUC": 0.6933333333333334, "TP": 17, "TN": 15, "FP": 9, "FN": 8}}, "XGB": {"valid": {"ACC": 0.7755102040816326, "F1_Score": 0.7755102040816326, "Recall": 0.7916666666666666, "Precision": 0.76, "Cohen_Kappa": 0.5512073272273106, "AUC": 0.7833333333333334, "TP": 19, "TN": 19, "FP": 6, "FN": 5}, "test": {"ACC": 0.5714285714285714, "F1_Score": 0.631578947368421, "Recall": 0.72, "Precision": 0.5625, "Cohen_Kappa": 0.13746856663872586, "AUC": 0.715, "TP": 18, "TN": 10, "FP": 14, "FN": 7}}, "MLP": {"valid": {"ACC": 0.6938775510204082, "F1_Score": 0.6808510638297872, "Recall": 0.6666666666666666, "Precision": 0.6956521739130435, "Cohen_Kappa": 0.38698915763135944, "AUC": 0.7716666666666666, "TP": 16, "TN": 18, "FP": 7, "FN": 8}, "test": {"ACC": 0.7346938775510204, "F1_Score": 0.7346938775510204, "Recall": 0.72, "Precision": 0.75, "Cohen_Kappa": 0.46960865945045793, "AUC": 0.7849999999999999, "TP": 18, "TN": 18, "FP": 6, "FN": 7}}, "LR": {"valid": {"ACC": 0.7142857142857143, "F1_Score": 0.7083333333333334, "Recall": 0.7083333333333334, "Precision": 0.7083333333333334, "Cohen_Kappa": 0.42833333333333334, "AUC": 0.8083333333333332, "TP": 17, "TN": 18, "FP": 7, "FN": 7}, "test": {"ACC": 0.7346938775510204, "F1_Score": 0.7547169811320756, "Recall": 0.8, "Precision": 0.7142857142857143, "Cohen_Kappa": 0.4678362573099415, "AUC": 0.7716666666666667, "TP": 20, "TN": 16, "FP": 8, "FN": 5}}, "ETAs": {"valid": {"ACC": 0.673469387755102, "F1_Score": 0.6363636363636365, "Recall": 0.5833333333333334, "Precision": 0.7, "Cohen_Kappa": 0.34448160535117056, "AUC": 0.8374999999999999, "TP": 14, "TN": 19, "FP": 6, "FN": 10}, "test": {"ACC": 0.6530612244897959, "F1_Score": 0.6792452830188679, "Recall": 0.72, "Precision": 0.6428571428571429, "Cohen_Kappa": 0.30409356725146197, "AUC": 0.6933333333333334, "TP": 18, "TN": 14, "FP": 10, "FN": 7}}, "CNB": {"valid": {"ACC": 0.5918367346938775, "F1_Score": 0.4117647058823529, "Recall": 0.2916666666666667, "Precision": 0.7, "Cohen_Kappa": 0.17369308600337274, "AUC": 0.6266666666666667, "TP": 7, "TN": 22, "FP": 3, "FN": 17}, "test": {"ACC": 0.673469387755102, "F1_Score": 0.5789473684210525, "Recall": 0.44, "Precision": 0.8461538461538461, "Cohen_Kappa": 0.3531353135313532, "AUC": 0.7566666666666667, "TP": 11, "TN": 22, "FP": 2, "FN": 14}}, "GB": {"valid": {"ACC": 0.6938775510204082, "F1_Score": 0.6808510638297872, "Recall": 0.6666666666666666, "Precision": 0.6956521739130435, "Cohen_Kappa": 0.38698915763135944, "AUC": 0.7316666666666667, "TP": 16, "TN": 18, "FP": 7, "FN": 8}, "test": {"ACC": 0.5510204081632653, "F1_Score": 0.5925925925925927, "Recall": 0.64, "Precision": 0.5517241379310345, "Cohen_Kappa": 0.09866220735785947, "AUC": 0.6733333333333333, "TP": 16, "TN": 11, "FP": 13, "FN": 9}}, "BAG": {"valid": {"ACC": 0.6938775510204082, "F1_Score": 0.6666666666666666, "Recall": 0.625, "Precision": 0.7142857142857143, "Cohen_Kappa": 0.38596491228070173, "AUC": 0.7866666666666667, "TP": 15, "TN": 19, "FP": 6, "FN": 9}, "test": {"ACC": 0.5510204081632653, "F1_Score": 0.5217391304347826, "Recall": 0.48, "Precision": 0.5714285714285714, "Cohen_Kappa": 0.10465116279069775, "AUC": 0.6566666666666666, "TP": 12, "TN": 15, "FP": 9, "FN": 13}}, "QDA": {"valid": {"ACC": 0.5918367346938775, "F1_Score": 0.6428571428571429, "Recall": 0.75, "Precision": 0.5625, "Cohen_Kappa": 0.1887417218543047, "AUC": 0.595, "TP": 18, "TN": 11, "FP": 14, "FN": 6}, "test": {"ACC": 0.46938775510204084, "F1_Score": 0.48, "Recall": 0.48, "Precision": 0.48, "Cohen_Kappa": -0.06166666666666676, "AUC": 0.4691666666666666, "TP": 12, "TN": 11, "FP": 13, "FN": 13}}, "SVC": {"valid": {"ACC": 0.6122448979591837, "F1_Score": 0.5957446808510638, "Recall": 0.5833333333333334, "Precision": 0.6086956521739131, "Cohen_Kappa": 0.22351959966638868, "AUC": 0.7866666666666667, "TP": 14, "TN": 16, "FP": 9, "FN": 10}, "test": {"ACC": 0.6326530612244898, "F1_Score": 0.6538461538461539, "Recall": 0.68, "Precision": 0.6296296296296297, "Cohen_Kappa": 0.26377295492487485, "AUC": 0.76, "TP": 17, "TN": 14, "FP": 10, "FN": 8}}}