{"OVR": {"valid": {"ACC": 0.6896551724137931, "F1_Score": 0.6979865771812082, "Recall": 0.7222222222222222, "Precision": 0.6753246753246753, "Cohen_Kappa": 0.37957592469335366, "AUC": 0.7391552511415526, "TP": 52, "TN": 48, "FP": 25, "FN": 20}, "test": {"ACC": 0.696551724137931, "F1_Score": 0.7105263157894737, "Recall": 0.7397260273972602, "Precision": 0.6835443037974683, "Cohen_Kappa": 0.3927279649723968, "AUC": 0.7427701674277016, "TP": 54, "TN": 47, "FP": 25, "FN": 19}}, "KNB": {"valid": {"ACC": 0.7379310344827587, "F1_Score": 0.7164179104477612, "Recall": 0.6666666666666666, "Precision": 0.7741935483870968, "Cohen_Kappa": 0.47533803085126636, "AUC": 0.786910197869102, "TP": 48, "TN": 59, "FP": 14, "FN": 24}, "test": {"ACC": 0.6551724137931034, "F1_Score": 0.5901639344262294, "Recall": 0.4931506849315068, "Precision": 0.7346938775510204, "Cohen_Kappa": 0.31188306757782835, "AUC": 0.7536149162861491, "TP": 36, "TN": 59, "FP": 13, "FN": 37}}, "DT": {"valid": {"ACC": 0.6275862068965518, "F1_Score": 0.625, "Recall": 0.625, "Precision": 0.625, "Cohen_Kappa": 0.25513698630136983, "AUC": 0.6275684931506851, "TP": 45, "TN": 46, "FP": 27, "FN": 27}, "test": {"ACC": 0.593103448275862, "F1_Score": 0.5426356589147286, "Recall": 0.4794520547945205, "Precision": 0.625, "Cohen_Kappa": 0.18748219204102956, "AUC": 0.5938926940639269, "TP": 35, "TN": 51, "FP": 21, "FN": 38}}, "MNB": {"valid": {"ACC": 0.696551724137931, "F1_Score": 0.7027027027027027, "Recall": 0.7222222222222222, "Precision": 0.6842105263157895, "Cohen_Kappa": 0.39330543933054396, "AUC": 0.7688356164383562, "TP": 52, "TN": 49, "FP": 24, "FN": 20}, "test": {"ACC": 0.696551724137931, "F1_Score": 0.7215189873417721, "Recall": 0.7808219178082192, "Precision": 0.6705882352941176, "Cohen_Kappa": 0.3923809523809524, "AUC": 0.7591324200913242, "TP": 57, "TN": 44, "FP": 28, "FN": 16}}, "RF": {"valid": {"ACC": 0.7862068965517242, "F1_Score": 0.7973856209150327, "Recall": 0.8472222222222222, "Precision": 0.7530864197530864, "Cohen_Kappa": 0.5727592434179261, "AUC": 0.81544901065449, "TP": 61, "TN": 53, "FP": 20, "FN": 11}, "test": {"ACC": 0.7586206896551724, "F1_Score": 0.7586206896551725, "Recall": 0.7534246575342466, "Precision": 0.7638888888888888, "Cohen_Kappa": 0.5172643393893275, "AUC": 0.8270547945205479, "TP": 55, "TN": 55, "FP": 17, "FN": 18}}, "ADA": {"valid": {"ACC": 0.6827586206896552, "F1_Score": 0.6933333333333334, "Recall": 0.7222222222222222, "Precision": 0.6666666666666666, "Cohen_Kappa": 0.3658490207263738, "AUC": 0.7598934550989347, "TP": 52, "TN": 47, "FP": 26, "FN": 20}, "test": {"ACC": 0.7034482758620689, "F1_Score": 0.703448275862069, "Recall": 0.6986301369863014, "Precision": 0.7083333333333334, "Cohen_Kappa": 0.4069247598211738, "AUC": 0.7520928462709284, "TP": 51, "TN": 51, "FP": 21, "FN": 22}}, "XGB": {"valid": {"ACC": 0.7103448275862069, "F1_Score": 0.7272727272727273, "Recall": 0.7777777777777778, "Precision": 0.6829268292682927, "Cohen_Kappa": 0.4212126972058544, "AUC": 0.7600837138508372, "TP": 56, "TN": 47, "FP": 26, "FN": 16}, "test": {"ACC": 0.7172413793103448, "F1_Score": 0.728476821192053, "Recall": 0.7534246575342466, "Precision": 0.7051282051282052, "Cohen_Kappa": 0.43418673265442087, "AUC": 0.7760654490106546, "TP": 55, "TN": 49, "FP": 23, "FN": 18}}, "MLP": {"valid": {"ACC": 0.6689655172413793, "F1_Score": 0.68, "Recall": 0.7083333333333334, "Precision": 0.6538461538461539, "Cohen_Kappa": 0.3382772390188248, "AUC": 0.753234398782344, "TP": 51, "TN": 46, "FP": 27, "FN": 21}, "test": {"ACC": 0.6896551724137931, "F1_Score": 0.6979865771812079, "Recall": 0.7123287671232876, "Precision": 0.6842105263157895, "Cohen_Kappa": 0.3791036254638881, "AUC": 0.7614155251141552, "TP": 52, "TN": 48, "FP": 24, "FN": 21}}, "LR": {"valid": {"ACC": 0.6896551724137931, "F1_Score": 0.6979865771812082, "Recall": 0.7222222222222222, "Precision": 0.6753246753246753, "Cohen_Kappa": 0.37957592469335366, "AUC": 0.7391552511415526, "TP": 52, "TN": 48, "FP": 25, "FN": 20}, "test": {"ACC": 0.696551724137931, "F1_Score": 0.7105263157894737, "Recall": 0.7397260273972602, "Precision": 0.6835443037974683, "Cohen_Kappa": 0.3927279649723968, "AUC": 0.7427701674277016, "TP": 54, "TN": 47, "FP": 25, "FN": 19}}, "ETAs": {"valid": {"ACC": 0.7793103448275862, "F1_Score": 0.7922077922077924, "Recall": 0.8472222222222222, "Precision": 0.7439024390243902, "Cohen_Kappa": 0.5590191978711272, "AUC": 0.8053652968036529, "TP": 61, "TN": 52, "FP": 21, "FN": 11}, "test": {"ACC": 0.7310344827586207, "F1_Score": 0.7346938775510203, "Recall": 0.7397260273972602, "Precision": 0.7297297297297297, "Cohen_Kappa": 0.4619921986490343, "AUC": 0.7957572298325722, "TP": 54, "TN": 52, "FP": 20, "FN": 19}}, "CNB": {"valid": {"ACC": 0.696551724137931, "F1_Score": 0.7027027027027027, "Recall": 0.7222222222222222, "Precision": 0.6842105263157895, "Cohen_Kappa": 0.39330543933054396, "AUC": 0.7688356164383562, "TP": 52, "TN": 49, "FP": 24, "FN": 20}, "test": {"ACC": 0.696551724137931, "F1_Score": 0.7215189873417721, "Recall": 0.7808219178082192, "Precision": 0.6705882352941176, "Cohen_Kappa": 0.3923809523809524, "AUC": 0.7591324200913242, "TP": 57, "TN": 44, "FP": 28, "FN": 16}}, "GB": {"valid": {"ACC": 0.7310344827586207, "F1_Score": 0.7346938775510204, "Recall": 0.75, "Precision": 0.72, "Cohen_Kappa": 0.4621968616262483, "AUC": 0.7720700152207001, "TP": 54, "TN": 52, "FP": 21, "FN": 18}, "test": {"ACC": 0.7103448275862069, "F1_Score": 0.7083333333333335, "Recall": 0.6986301369863014, "Precision": 0.7183098591549296, "Cohen_Kappa": 0.42077230359520645, "AUC": 0.7842465753424658, "TP": 51, "TN": 52, "FP": 20, "FN": 22}}, "BAG": {"valid": {"ACC": 0.7103448275862069, "F1_Score": 0.7123287671232876, "Recall": 0.7222222222222222, "Precision": 0.7027027027027027, "Cohen_Kappa": 0.42077230359520645, "AUC": 0.7378234398782344, "TP": 52, "TN": 51, "FP": 22, "FN": 20}, "test": {"ACC": 0.6896551724137931, "F1_Score": 0.6762589928057554, "Recall": 0.6438356164383562, "Precision": 0.7121212121212122, "Cohen_Kappa": 0.3796938872516399, "AUC": 0.724124809741248, "TP": 47, "TN": 53, "FP": 19, "FN": 26}}, "QDA": {"valid": {"ACC": 0.503448275862069, "F1_Score": 0.0, "Recall": 0.0, "Precision": 0.0, "Cohen_Kappa": 0.0, "AUC": 0.5, "TP": 0, "TN": 73, "FP": 0, "FN": 72}, "test": {"ACC": 0.496551724137931, "F1_Score": 0.0, "Recall": 0.0, "Precision": 0.0, "Cohen_Kappa": 0.0, "AUC": 0.5, "TP": 0, "TN": 72, "FP": 0, "FN": 73}}, "SVC": {"valid": {"ACC": 0.7379310344827587, "F1_Score": 0.7532467532467532, "Recall": 0.8055555555555556, "Precision": 0.7073170731707317, "Cohen_Kappa": 0.47633529747196346, "AUC": 0.8013698630136987, "TP": 58, "TN": 49, "FP": 24, "FN": 14}, "test": {"ACC": 0.7586206896551724, "F1_Score": 0.7682119205298013, "Recall": 0.7945205479452054, "Precision": 0.7435897435897436, "Cohen_Kappa": 0.5169886742171885, "AUC": 0.8112633181126331, "TP": 58, "TN": 52, "FP": 20, "FN": 15}}}