{"OVR": {"valid": {"ACC": 0.6296296296296297, "F1_Score": 0.6296296296296297, "Recall": 0.6296296296296297, "Precision": 0.6296296296296297, "Cohen_Kappa": 0.2592592592592593, "AUC": 0.7229080932784637, "TP": 17, "TN": 17, "FP": 10, "FN": 10}, "test": {"ACC": 0.7222222222222222, "F1_Score": 0.6938775510204083, "Recall": 0.6296296296296297, "Precision": 0.7727272727272727, "Cohen_Kappa": 0.4444444444444444, "AUC": 0.7517146776406036, "TP": 17, "TN": 22, "FP": 5, "FN": 10}}, "KNB": {"valid": {"ACC": 0.7407407407407407, "F1_Score": 0.7307692307692308, "Recall": 0.7037037037037037, "Precision": 0.76, "Cohen_Kappa": 0.4814814814814815, "AUC": 0.7921810699588476, "TP": 19, "TN": 21, "FP": 6, "FN": 8}, "test": {"ACC": 0.7592592592592593, "F1_Score": 0.7450980392156864, "Recall": 0.7037037037037037, "Precision": 0.7916666666666666, "Cohen_Kappa": 0.5185185185185186, "AUC": 0.8045267489711934, "TP": 19, "TN": 22, "FP": 5, "FN": 8}}, "DT": {"valid": {"ACC": 0.6111111111111112, "F1_Score": 0.5882352941176471, "Recall": 0.5555555555555556, "Precision": 0.625, "Cohen_Kappa": 0.2222222222222222, "AUC": 0.6111111111111112, "TP": 15, "TN": 18, "FP": 9, "FN": 12}, "test": {"ACC": 0.5925925925925926, "F1_Score": 0.5217391304347826, "Recall": 0.4444444444444444, "Precision": 0.631578947368421, "Cohen_Kappa": 0.18518518518518523, "AUC": 0.5925925925925926, "TP": 12, "TN": 20, "FP": 7, "FN": 15}}, "MNB": {"valid": {"ACC": 0.5925925925925926, "F1_Score": 0.5599999999999999, "Recall": 0.5185185185185185, "Precision": 0.6086956521739131, "Cohen_Kappa": 0.18518518518518523, "AUC": 0.6995884773662552, "TP": 14, "TN": 18, "FP": 9, "FN": 13}, "test": {"ACC": 0.7037037037037037, "F1_Score": 0.68, "Recall": 0.6296296296296297, "Precision": 0.7391304347826086, "Cohen_Kappa": 0.40740740740740744, "AUC": 0.7832647462277093, "TP": 17, "TN": 21, "FP": 6, "FN": 10}}, "RF": {"valid": {"ACC": 0.7222222222222222, "F1_Score": 0.7058823529411765, "Recall": 0.6666666666666666, "Precision": 0.75, "Cohen_Kappa": 0.4444444444444444, "AUC": 0.7654320987654321, "TP": 18, "TN": 21, "FP": 6, "FN": 9}, "test": {"ACC": 0.7407407407407407, "F1_Score": 0.7083333333333334, "Recall": 0.6296296296296297, "Precision": 0.8095238095238095, "Cohen_Kappa": 0.4814814814814815, "AUC": 0.7366255144032922, "TP": 17, "TN": 23, "FP": 4, "FN": 10}}, "ADA": {"valid": {"ACC": 0.6481481481481481, "F1_Score": 0.627450980392157, "Recall": 0.5925925925925926, "Precision": 0.6666666666666666, "Cohen_Kappa": 0.2962962962962963, "AUC": 0.7393689986282579, "TP": 16, "TN": 19, "FP": 8, "FN": 11}, "test": {"ACC": 0.6296296296296297, "F1_Score": 0.6153846153846153, "Recall": 0.5925925925925926, "Precision": 0.64, "Cohen_Kappa": 0.2592592592592593, "AUC": 0.6721536351165981, "TP": 16, "TN": 18, "FP": 9, "FN": 11}}, "XGB": {"valid": {"ACC": 0.6111111111111112, "F1_Score": 0.5714285714285714, "Recall": 0.5185185185185185, "Precision": 0.6363636363636364, "Cohen_Kappa": 0.2222222222222222, "AUC": 0.710562414266118, "TP": 14, "TN": 19, "FP": 8, "FN": 13}, "test": {"ACC": 0.7222222222222222, "F1_Score": 0.7058823529411765, "Recall": 0.6666666666666666, "Precision": 0.75, "Cohen_Kappa": 0.4444444444444444, "AUC": 0.7750342935528121, "TP": 18, "TN": 21, "FP": 6, "FN": 9}}, "MLP": {"valid": {"ACC": 0.6296296296296297, "F1_Score": 0.6153846153846153, "Recall": 0.5925925925925926, "Precision": 0.64, "Cohen_Kappa": 0.2592592592592593, "AUC": 0.7256515775034293, "TP": 16, "TN": 18, "FP": 9, "FN": 11}, "test": {"ACC": 0.7037037037037037, "F1_Score": 0.6666666666666666, "Recall": 0.5925925925925926, "Precision": 0.7619047619047619, "Cohen_Kappa": 0.40740740740740744, "AUC": 0.7873799725651578, "TP": 16, "TN": 22, "FP": 5, "FN": 11}}, "LR": {"valid": {"ACC": 0.6296296296296297, "F1_Score": 0.6296296296296297, "Recall": 0.6296296296296297, "Precision": 0.6296296296296297, "Cohen_Kappa": 0.2592592592592593, "AUC": 0.7229080932784637, "TP": 17, "TN": 17, "FP": 10, "FN": 10}, "test": {"ACC": 0.7222222222222222, "F1_Score": 0.6938775510204083, "Recall": 0.6296296296296297, "Precision": 0.7727272727272727, "Cohen_Kappa": 0.4444444444444444, "AUC": 0.7517146776406036, "TP": 17, "TN": 22, "FP": 5, "FN": 10}}, "ETAs": {"valid": {"ACC": 0.6481481481481481, "F1_Score": 0.6122448979591836, "Recall": 0.5555555555555556, "Precision": 0.6818181818181818, "Cohen_Kappa": 0.2962962962962963, "AUC": 0.7578875171467765, "TP": 15, "TN": 20, "FP": 7, "FN": 12}, "test": {"ACC": 0.6851851851851852, "F1_Score": 0.6530612244897959, "Recall": 0.5925925925925926, "Precision": 0.7272727272727273, "Cohen_Kappa": 0.37037037037037035, "AUC": 0.7743484224965707, "TP": 16, "TN": 21, "FP": 6, "FN": 11}}, "CNB": {"valid": {"ACC": 0.5925925925925926, "F1_Score": 0.5599999999999999, "Recall": 0.5185185185185185, "Precision": 0.6086956521739131, "Cohen_Kappa": 0.18518518518518523, "AUC": 0.6995884773662552, "TP": 14, "TN": 18, "FP": 9, "FN": 13}, "test": {"ACC": 0.7037037037037037, "F1_Score": 0.68, "Recall": 0.6296296296296297, "Precision": 0.7391304347826086, "Cohen_Kappa": 0.40740740740740744, "AUC": 0.7832647462277093, "TP": 17, "TN": 21, "FP": 6, "FN": 10}}, "GB": {"valid": {"ACC": 0.7037037037037037, "F1_Score": 0.6923076923076923, "Recall": 0.6666666666666666, "Precision": 0.72, "Cohen_Kappa": 0.40740740740740744, "AUC": 0.7091906721536351, "TP": 18, "TN": 20, "FP": 7, "FN": 9}, "test": {"ACC": 0.6851851851851852, "F1_Score": 0.6530612244897959, "Recall": 0.5925925925925926, "Precision": 0.7272727272727273, "Cohen_Kappa": 0.37037037037037035, "AUC": 0.7818930041152263, "TP": 16, "TN": 21, "FP": 6, "FN": 11}}, "BAG": {"valid": {"ACC": 0.6481481481481481, "F1_Score": 0.6122448979591836, "Recall": 0.5555555555555556, "Precision": 0.6818181818181818, "Cohen_Kappa": 0.2962962962962963, "AUC": 0.7043895747599451, "TP": 15, "TN": 20, "FP": 7, "FN": 12}, "test": {"ACC": 0.7037037037037037, "F1_Score": 0.6666666666666666, "Recall": 0.5925925925925926, "Precision": 0.7619047619047619, "Cohen_Kappa": 0.40740740740740744, "AUC": 0.7325102880658436, "TP": 16, "TN": 22, "FP": 5, "FN": 11}}, "QDA": {"valid": {"ACC": 0.5925925925925926, "F1_Score": 0.6206896551724138, "Recall": 0.6666666666666666, "Precision": 0.5806451612903226, "Cohen_Kappa": 0.18518518518518523, "AUC": 0.5925925925925926, "TP": 18, "TN": 14, "FP": 13, "FN": 9}, "test": {"ACC": 0.5370370370370371, "F1_Score": 0.5614035087719299, "Recall": 0.5925925925925926, "Precision": 0.5333333333333333, "Cohen_Kappa": 0.07407407407407407, "AUC": 0.537037037037037, "TP": 16, "TN": 13, "FP": 14, "FN": 11}}, "SVC": {"valid": {"ACC": 0.6481481481481481, "F1_Score": 0.627450980392157, "Recall": 0.5925925925925926, "Precision": 0.6666666666666666, "Cohen_Kappa": 0.2962962962962963, "AUC": 0.7407407407407407, "TP": 16, "TN": 19, "FP": 8, "FN": 11}, "test": {"ACC": 0.6481481481481481, "F1_Score": 0.627450980392157, "Recall": 0.5925925925925926, "Precision": 0.6666666666666666, "Cohen_Kappa": 0.2962962962962963, "AUC": 0.7585733882030178, "TP": 16, "TN": 19, "FP": 8, "FN": 11}}}