{"OVR": {"valid": {"ACC": 0.6666666666666666, "F1_Score": 0.6779661016949152, "Recall": 0.7017543859649122, "Precision": 0.6557377049180327, "Cohen_Kappa": 0.33333333333333337, "AUC": 0.7460757156048016, "TP": 40, "TN": 36, "FP": 21, "FN": 17}, "test": {"ACC": 0.631578947368421, "F1_Score": 0.625, "Recall": 0.6140350877192983, "Precision": 0.6363636363636364, "Cohen_Kappa": 0.26315789473684215, "AUC": 0.682671591258849, "TP": 35, "TN": 37, "FP": 20, "FN": 22}}, "KNB": {"valid": {"ACC": 0.6491228070175439, "F1_Score": 0.5652173913043478, "Recall": 0.45614035087719296, "Precision": 0.7428571428571429, "Cohen_Kappa": 0.29824561403508776, "AUC": 0.7453062480763311, "TP": 26, "TN": 48, "FP": 9, "FN": 31}, "test": {"ACC": 0.6666666666666666, "F1_Score": 0.6200000000000001, "Recall": 0.543859649122807, "Precision": 0.7209302325581395, "Cohen_Kappa": 0.33333333333333337, "AUC": 0.6962142197599261, "TP": 31, "TN": 45, "FP": 12, "FN": 26}}, "DT": {"valid": {"ACC": 0.5614035087719298, "F1_Score": 0.5370370370370371, "Recall": 0.5087719298245614, "Precision": 0.5686274509803921, "Cohen_Kappa": 0.1228070175438597, "AUC": 0.5614035087719298, "TP": 29, "TN": 35, "FP": 22, "FN": 28}, "test": {"ACC": 0.5701754385964912, "F1_Score": 0.5420560747663552, "Recall": 0.5087719298245614, "Precision": 0.58, "Cohen_Kappa": 0.14035087719298245, "AUC": 0.5701754385964912, "TP": 29, "TN": 36, "FP": 21, "FN": 28}}, "MNB": {"valid": {"ACC": 0.6491228070175439, "F1_Score": 0.6610169491525425, "Recall": 0.6842105263157895, "Precision": 0.639344262295082, "Cohen_Kappa": 0.29824561403508776, "AUC": 0.6805170821791321, "TP": 39, "TN": 35, "FP": 22, "FN": 18}, "test": {"ACC": 0.6491228070175439, "F1_Score": 0.6721311475409837, "Recall": 0.7192982456140351, "Precision": 0.6307692307692307, "Cohen_Kappa": 0.29824561403508776, "AUC": 0.7333025546321945, "TP": 41, "TN": 33, "FP": 24, "FN": 16}}, "RF": {"valid": {"ACC": 0.6842105263157895, "F1_Score": 0.6538461538461539, "Recall": 0.5964912280701754, "Precision": 0.723404255319149, "Cohen_Kappa": 0.368421052631579, "AUC": 0.7516158818097877, "TP": 34, "TN": 44, "FP": 13, "FN": 23}, "test": {"ACC": 0.6842105263157895, "F1_Score": 0.6842105263157895, "Recall": 0.6842105263157895, "Precision": 0.6842105263157895, "Cohen_Kappa": 0.368421052631579, "AUC": 0.7222222222222222, "TP": 39, "TN": 39, "FP": 18, "FN": 18}}, "ADA": {"valid": {"ACC": 0.6491228070175439, "F1_Score": 0.6491228070175439, "Recall": 0.6491228070175439, "Precision": 0.6491228070175439, "Cohen_Kappa": 0.29824561403508776, "AUC": 0.7249923053247154, "TP": 37, "TN": 37, "FP": 20, "FN": 20}, "test": {"ACC": 0.6666666666666666, "F1_Score": 0.6666666666666666, "Recall": 0.6666666666666666, "Precision": 0.6666666666666666, "Cohen_Kappa": 0.33333333333333337, "AUC": 0.6695906432748537, "TP": 38, "TN": 38, "FP": 19, "FN": 19}}, "XGB": {"valid": {"ACC": 0.6052631578947368, "F1_Score": 0.5945945945945946, "Recall": 0.5789473684210527, "Precision": 0.6111111111111112, "Cohen_Kappa": 0.21052631578947367, "AUC": 0.7211449676823638, "TP": 33, "TN": 36, "FP": 21, "FN": 24}, "test": {"ACC": 0.6754385964912281, "F1_Score": 0.6782608695652174, "Recall": 0.6842105263157895, "Precision": 0.6724137931034483, "Cohen_Kappa": 0.3508771929824561, "AUC": 0.7220683287165282, "TP": 39, "TN": 38, "FP": 19, "FN": 18}}, "MLP": {"valid": {"ACC": 0.6666666666666666, "F1_Score": 0.6607142857142858, "Recall": 0.6491228070175439, "Precision": 0.6727272727272727, "Cohen_Kappa": 0.33333333333333337, "AUC": 0.7091412742382271, "TP": 37, "TN": 39, "FP": 18, "FN": 20}, "test": {"ACC": 0.6140350877192983, "F1_Score": 0.6, "Recall": 0.5789473684210527, "Precision": 0.6226415094339622, "Cohen_Kappa": 0.22807017543859653, "AUC": 0.6666666666666667, "TP": 33, "TN": 37, "FP": 20, "FN": 24}}, "LR": {"valid": {"ACC": 0.6666666666666666, "F1_Score": 0.6779661016949152, "Recall": 0.7017543859649122, "Precision": 0.6557377049180327, "Cohen_Kappa": 0.33333333333333337, "AUC": 0.7460757156048016, "TP": 40, "TN": 36, "FP": 21, "FN": 17}, "test": {"ACC": 0.631578947368421, "F1_Score": 0.625, "Recall": 0.6140350877192983, "Precision": 0.6363636363636364, "Cohen_Kappa": 0.26315789473684215, "AUC": 0.682671591258849, "TP": 35, "TN": 37, "FP": 20, "FN": 22}}, "ETAs": {"valid": {"ACC": 0.7017543859649122, "F1_Score": 0.6851851851851852, "Recall": 0.6491228070175439, "Precision": 0.7254901960784313, "Cohen_Kappa": 0.4035087719298246, "AUC": 0.7799322868574945, "TP": 37, "TN": 43, "FP": 14, "FN": 20}, "test": {"ACC": 0.6754385964912281, "F1_Score": 0.6725663716814159, "Recall": 0.6666666666666666, "Precision": 0.6785714285714286, "Cohen_Kappa": 0.3508771929824561, "AUC": 0.7165281625115419, "TP": 38, "TN": 39, "FP": 18, "FN": 19}}, "CNB": {"valid": {"ACC": 0.6491228070175439, "F1_Score": 0.6610169491525425, "Recall": 0.6842105263157895, "Precision": 0.639344262295082, "Cohen_Kappa": 0.29824561403508776, "AUC": 0.6805170821791321, "TP": 39, "TN": 35, "FP": 22, "FN": 18}, "test": {"ACC": 0.6491228070175439, "F1_Score": 0.6721311475409837, "Recall": 0.7192982456140351, "Precision": 0.6307692307692307, "Cohen_Kappa": 0.29824561403508776, "AUC": 0.7333025546321945, "TP": 41, "TN": 33, "FP": 24, "FN": 16}}, "GB": {"valid": {"ACC": 0.7105263157894737, "F1_Score": 0.6972477064220183, "Recall": 0.6666666666666666, "Precision": 0.7307692307692307, "Cohen_Kappa": 0.42105263157894735, "AUC": 0.7873191751308095, "TP": 38, "TN": 43, "FP": 14, "FN": 19}, "test": {"ACC": 0.6842105263157895, "F1_Score": 0.6666666666666667, "Recall": 0.631578947368421, "Precision": 0.7058823529411765, "Cohen_Kappa": 0.368421052631579, "AUC": 0.7172976300400122, "TP": 36, "TN": 42, "FP": 15, "FN": 21}}, "BAG": {"valid": {"ACC": 0.6754385964912281, "F1_Score": 0.6185567010309279, "Recall": 0.5263157894736842, "Precision": 0.75, "Cohen_Kappa": 0.3508771929824561, "AUC": 0.7022160664819945, "TP": 30, "TN": 47, "FP": 10, "FN": 27}, "test": {"ACC": 0.7456140350877193, "F1_Score": 0.712871287128713, "Recall": 0.631578947368421, "Precision": 0.8181818181818182, "Cohen_Kappa": 0.49122807017543857, "AUC": 0.7454601415820252, "TP": 36, "TN": 49, "FP": 8, "FN": 21}}, "QDA": {"valid": {"ACC": 0.5, "F1_Score": 0.0, "Recall": 0.0, "Precision": 0.0, "Cohen_Kappa": 0.0, "AUC": 0.5, "TP": 0, "TN": 57, "FP": 0, "FN": 57}, "test": {"ACC": 0.5, "F1_Score": 0.0, "Recall": 0.0, "Precision": 0.0, "Cohen_Kappa": 0.0, "AUC": 0.5, "TP": 0, "TN": 57, "FP": 0, "FN": 57}}, "SVC": {"valid": {"ACC": 0.6754385964912281, "F1_Score": 0.6666666666666666, "Recall": 0.6491228070175439, "Precision": 0.6851851851851852, "Cohen_Kappa": 0.3508771929824561, "AUC": 0.7519236688211758, "TP": 37, "TN": 40, "FP": 17, "FN": 20}, "test": {"ACC": 0.7280701754385965, "F1_Score": 0.7155963302752295, "Recall": 0.6842105263157895, "Precision": 0.75, "Cohen_Kappa": 0.45614035087719296, "AUC": 0.7588488765774084, "TP": 39, "TN": 44, "FP": 13, "FN": 18}}}