{"OVR": {"valid": {"ACC": 0.7689243027888446, "F1_Score": 0.7698412698412699, "Recall": 0.7698412698412699, "Precision": 0.7698412698412699, "Cohen_Kappa": 0.5378412698412698, "AUC": 0.827047619047619, "TP": 97, "TN": 96, "FP": 29, "FN": 29}, "test": {"ACC": 0.7341269841269841, "F1_Score": 0.7413127413127414, "Recall": 0.7619047619047619, "Precision": 0.7218045112781954, "Cohen_Kappa": 0.46825396825396826, "AUC": 0.8059334845049131, "TP": 96, "TN": 89, "FP": 37, "FN": 30}}, "KNB": {"valid": {"ACC": 0.701195219123506, "F1_Score": 0.6887966804979253, "Recall": 0.6587301587301587, "Precision": 0.7217391304347827, "Cohen_Kappa": 0.40258957189552846, "AUC": 0.7884126984126985, "TP": 83, "TN": 93, "FP": 32, "FN": 43}, "test": {"ACC": 0.6587301587301587, "F1_Score": 0.6160714285714286, "Recall": 0.5476190476190477, "Precision": 0.7040816326530612, "Cohen_Kappa": 0.31746031746031744, "AUC": 0.7254976064499874, "TP": 69, "TN": 97, "FP": 29, "FN": 57}}, "DT": {"valid": {"ACC": 0.7051792828685259, "F1_Score": 0.7086614173228346, "Recall": 0.7142857142857143, "Precision": 0.703125, "Cohen_Kappa": 0.4103117658264017, "AUC": 0.7079047619047618, "TP": 90, "TN": 87, "FP": 38, "FN": 36}, "test": {"ACC": 0.6706349206349206, "F1_Score": 0.6693227091633466, "Recall": 0.6666666666666666, "Precision": 0.672, "Cohen_Kappa": 0.3412698412698413, "AUC": 0.6733119173595364, "TP": 84, "TN": 85, "FP": 41, "FN": 42}}, "MNB": {"valid": {"ACC": 0.6972111553784861, "F1_Score": 0.7304964539007092, "Recall": 0.8174603174603174, "Precision": 0.6602564102564102, "Cohen_Kappa": 0.39383539879250085, "AUC": 0.7545714285714286, "TP": 103, "TN": 72, "FP": 53, "FN": 23}, "test": {"ACC": 0.6904761904761905, "F1_Score": 0.7111111111111111, "Recall": 0.7619047619047619, "Precision": 0.6666666666666666, "Cohen_Kappa": 0.38095238095238093, "AUC": 0.7258755353993449, "TP": 96, "TN": 78, "FP": 48, "FN": 30}}, "RF": {"valid": {"ACC": 0.7768924302788844, "F1_Score": 0.7829457364341086, "Recall": 0.8015873015873016, "Precision": 0.7651515151515151, "Cohen_Kappa": 0.5536927668762304, "AUC": 0.8550793650793651, "TP": 101, "TN": 94, "FP": 31, "FN": 25}, "test": {"ACC": 0.7182539682539683, "F1_Score": 0.7237354085603113, "Recall": 0.7380952380952381, "Precision": 0.7099236641221374, "Cohen_Kappa": 0.4365079365079365, "AUC": 0.8020597127739985, "TP": 93, "TN": 88, "FP": 38, "FN": 33}}, "ADA": {"valid": {"ACC": 0.7609561752988048, "F1_Score": 0.7656250000000001, "Recall": 0.7777777777777778, "Precision": 0.7538461538461538, "Cohen_Kappa": 0.5218440436880873, "AUC": 0.811904761904762, "TP": 98, "TN": 93, "FP": 32, "FN": 28}, "test": {"ACC": 0.7261904761904762, "F1_Score": 0.7206477732793521, "Recall": 0.7063492063492064, "Precision": 0.7355371900826446, "Cohen_Kappa": 0.45238095238095233, "AUC": 0.7923280423280423, "TP": 89, "TN": 94, "FP": 32, "FN": 37}}, "XGB": {"valid": {"ACC": 0.796812749003984, "F1_Score": 0.8060836501901141, "Recall": 0.8412698412698413, "Precision": 0.7737226277372263, "Cohen_Kappa": 0.5934770872368128, "AUC": 0.8646349206349206, "TP": 106, "TN": 94, "FP": 31, "FN": 20}, "test": {"ACC": 0.7777777777777778, "F1_Score": 0.7812500000000001, "Recall": 0.7936507936507936, "Precision": 0.7692307692307693, "Cohen_Kappa": 0.5555555555555556, "AUC": 0.8420571932476695, "TP": 100, "TN": 96, "FP": 30, "FN": 26}}, "MLP": {"valid": {"ACC": 0.7450199203187251, "F1_Score": 0.7480314960629921, "Recall": 0.753968253968254, "Precision": 0.7421875, "Cohen_Kappa": 0.48999936503905006, "AUC": 0.8087619047619048, "TP": 95, "TN": 92, "FP": 33, "FN": 31}, "test": {"ACC": 0.7063492063492064, "F1_Score": 0.7153846153846155, "Recall": 0.7380952380952381, "Precision": 0.6940298507462687, "Cohen_Kappa": 0.4126984126984127, "AUC": 0.7811791383219956, "TP": 93, "TN": 85, "FP": 41, "FN": 33}}, "LR": {"valid": {"ACC": 0.7689243027888446, "F1_Score": 0.7698412698412699, "Recall": 0.7698412698412699, "Precision": 0.7698412698412699, "Cohen_Kappa": 0.5378412698412698, "AUC": 0.827047619047619, "TP": 97, "TN": 96, "FP": 29, "FN": 29}, "test": {"ACC": 0.7341269841269841, "F1_Score": 0.7413127413127414, "Recall": 0.7619047619047619, "Precision": 0.7218045112781954, "Cohen_Kappa": 0.46825396825396826, "AUC": 0.8059334845049131, "TP": 96, "TN": 89, "FP": 37, "FN": 30}}, "ETAs": {"valid": {"ACC": 0.7529880478087649, "F1_Score": 0.7578125000000001, "Recall": 0.7698412698412699, "Precision": 0.7461538461538462, "Cohen_Kappa": 0.5059055118110236, "AUC": 0.8511746031746031, "TP": 97, "TN": 92, "FP": 33, "FN": 29}, "test": {"ACC": 0.7380952380952381, "F1_Score": 0.7401574803149606, "Recall": 0.746031746031746, "Precision": 0.734375, "Cohen_Kappa": 0.47619047619047616, "AUC": 0.8093348450491308, "TP": 94, "TN": 92, "FP": 34, "FN": 32}}, "CNB": {"valid": {"ACC": 0.6972111553784861, "F1_Score": 0.7304964539007092, "Recall": 0.8174603174603174, "Precision": 0.6602564102564102, "Cohen_Kappa": 0.39383539879250085, "AUC": 0.7545714285714286, "TP": 103, "TN": 72, "FP": 53, "FN": 23}, "test": {"ACC": 0.6904761904761905, "F1_Score": 0.7111111111111111, "Recall": 0.7619047619047619, "Precision": 0.6666666666666666, "Cohen_Kappa": 0.38095238095238093, "AUC": 0.7258755353993449, "TP": 96, "TN": 78, "FP": 48, "FN": 30}}, "GB": {"valid": {"ACC": 0.7649402390438247, "F1_Score": 0.7773584905660376, "Recall": 0.8174603174603174, "Precision": 0.7410071942446043, "Cohen_Kappa": 0.5296789151078223, "AUC": 0.8511746031746031, "TP": 103, "TN": 89, "FP": 36, "FN": 23}, "test": {"ACC": 0.7182539682539683, "F1_Score": 0.7237354085603113, "Recall": 0.7380952380952381, "Precision": 0.7099236641221374, "Cohen_Kappa": 0.4365079365079365, "AUC": 0.8098072562358276, "TP": 93, "TN": 88, "FP": 38, "FN": 33}}, "BAG": {"valid": {"ACC": 0.796812749003984, "F1_Score": 0.7935222672064778, "Recall": 0.7777777777777778, "Precision": 0.8099173553719008, "Cohen_Kappa": 0.5936835422948739, "AUC": 0.8595555555555555, "TP": 98, "TN": 102, "FP": 23, "FN": 28}, "test": {"ACC": 0.7341269841269841, "F1_Score": 0.7148936170212766, "Recall": 0.6666666666666666, "Precision": 0.7706422018348624, "Cohen_Kappa": 0.46825396825396826, "AUC": 0.8125472411186697, "TP": 84, "TN": 101, "FP": 25, "FN": 42}}, "QDA": {"valid": {"ACC": 0.5936254980079682, "F1_Score": 0.5785123966942148, "Recall": 0.5555555555555556, "Precision": 0.603448275862069, "Cohen_Kappa": 0.1874960330053952, "AUC": 0.5937777777777778, "TP": 70, "TN": 79, "FP": 46, "FN": 56}, "test": {"ACC": 0.5396825396825397, "F1_Score": 0.5245901639344263, "Recall": 0.5079365079365079, "Precision": 0.5423728813559322, "Cohen_Kappa": 0.07936507936507942, "AUC": 0.5396825396825397, "TP": 64, "TN": 72, "FP": 54, "FN": 62}}, "SVC": {"valid": {"ACC": 0.7649402390438247, "F1_Score": 0.7739463601532566, "Recall": 0.8015873015873016, "Precision": 0.7481481481481481, "Cohen_Kappa": 0.5297386554888699, "AUC": 0.8521269841269841, "TP": 101, "TN": 91, "FP": 34, "FN": 25}, "test": {"ACC": 0.7380952380952381, "F1_Score": 0.7461538461538462, "Recall": 0.7698412698412699, "Precision": 0.7238805970149254, "Cohen_Kappa": 0.47619047619047616, "AUC": 0.8167674477198287, "TP": 97, "TN": 89, "FP": 37, "FN": 29}}}