{"OVR": {"valid": {"ACC": 0.7103448275862069, "F1_Score": 0.7236842105263157, "Recall": 0.7638888888888888, "Precision": 0.6875, "Cohen_Kappa": 0.4211026615969582, "AUC": 0.7890030441400304, "TP": 55, "TN": 48, "FP": 25, "FN": 17}, "test": {"ACC": 0.696551724137931, "F1_Score": 0.6986301369863014, "Recall": 0.6986301369863014, "Precision": 0.6986301369863014, "Cohen_Kappa": 0.3930745814307458, "AUC": 0.7633181126331812, "TP": 51, "TN": 50, "FP": 22, "FN": 22}}, "KNB": {"valid": {"ACC": 0.7379310344827587, "F1_Score": 0.7432432432432431, "Recall": 0.7638888888888888, "Precision": 0.7236842105263158, "Cohen_Kappa": 0.4760365157854698, "AUC": 0.8001331811263319, "TP": 55, "TN": 52, "FP": 21, "FN": 17}, "test": {"ACC": 0.6413793103448275, "F1_Score": 0.675, "Recall": 0.7397260273972602, "Precision": 0.6206896551724138, "Cohen_Kappa": 0.28176795580110503, "AUC": 0.7162290715372908, "TP": 54, "TN": 39, "FP": 33, "FN": 19}}, "DT": {"valid": {"ACC": 0.6482758620689655, "F1_Score": 0.6577181208053691, "Recall": 0.6805555555555556, "Precision": 0.6363636363636364, "Cohen_Kappa": 0.29685271465246754, "AUC": 0.6484969558599696, "TP": 49, "TN": 45, "FP": 28, "FN": 23}, "test": {"ACC": 0.7241379310344828, "F1_Score": 0.726027397260274, "Recall": 0.726027397260274, "Precision": 0.726027397260274, "Cohen_Kappa": 0.4482496194824962, "AUC": 0.7241248097412482, "TP": 53, "TN": 52, "FP": 20, "FN": 20}}, "MNB": {"valid": {"ACC": 0.6896551724137931, "F1_Score": 0.7169811320754716, "Recall": 0.7916666666666666, "Precision": 0.6551724137931034, "Cohen_Kappa": 0.3801652892561983, "AUC": 0.7353500761035007, "TP": 57, "TN": 43, "FP": 30, "FN": 15}, "test": {"ACC": 0.7034482758620689, "F1_Score": 0.7295597484276729, "Recall": 0.7945205479452054, "Precision": 0.6744186046511628, "Cohen_Kappa": 0.40613391751595385, "AUC": 0.7682648401826484, "TP": 58, "TN": 44, "FP": 28, "FN": 15}}, "RF": {"valid": {"ACC": 0.7241379310344828, "F1_Score": 0.7297297297297298, "Recall": 0.75, "Precision": 0.7105263157894737, "Cohen_Kappa": 0.4484594903004945, "AUC": 0.8152587519025876, "TP": 54, "TN": 51, "FP": 22, "FN": 18}, "test": {"ACC": 0.6896551724137931, "F1_Score": 0.7019867549668874, "Recall": 0.726027397260274, "Precision": 0.6794871794871795, "Cohen_Kappa": 0.37898543827924247, "AUC": 0.7770167427701674, "TP": 53, "TN": 47, "FP": 25, "FN": 20}}, "ADA": {"valid": {"ACC": 0.7241379310344828, "F1_Score": 0.7333333333333334, "Recall": 0.7638888888888888, "Precision": 0.7051282051282052, "Cohen_Kappa": 0.4485643658490207, "AUC": 0.7604642313546423, "TP": 55, "TN": 50, "FP": 23, "FN": 17}, "test": {"ACC": 0.6137931034482759, "F1_Score": 0.6216216216216216, "Recall": 0.6301369863013698, "Precision": 0.6133333333333333, "Cohen_Kappa": 0.22740247383444334, "AUC": 0.6639079147640792, "TP": 46, "TN": 43, "FP": 29, "FN": 27}}, "XGB": {"valid": {"ACC": 0.7310344827586207, "F1_Score": 0.7577639751552795, "Recall": 0.8472222222222222, "Precision": 0.6853932584269663, "Cohen_Kappa": 0.46291195745085, "AUC": 0.8152587519025875, "TP": 61, "TN": 45, "FP": 28, "FN": 11}, "test": {"ACC": 0.6758620689655173, "F1_Score": 0.6758620689655173, "Recall": 0.6712328767123288, "Precision": 0.6805555555555556, "Cohen_Kappa": 0.3517549700370969, "AUC": 0.7713089802130897, "TP": 49, "TN": 49, "FP": 23, "FN": 24}}, "MLP": {"valid": {"ACC": 0.7034482758620689, "F1_Score": 0.7225806451612904, "Recall": 0.7777777777777778, "Precision": 0.6746987951807228, "Cohen_Kappa": 0.40748835883303247, "AUC": 0.7890030441400304, "TP": 56, "TN": 46, "FP": 27, "FN": 16}, "test": {"ACC": 0.7103448275862069, "F1_Score": 0.7123287671232877, "Recall": 0.7123287671232876, "Precision": 0.7123287671232876, "Cohen_Kappa": 0.420662100456621, "AUC": 0.7517123287671232, "TP": 52, "TN": 51, "FP": 21, "FN": 21}}, "LR": {"valid": {"ACC": 0.7103448275862069, "F1_Score": 0.7236842105263157, "Recall": 0.7638888888888888, "Precision": 0.6875, "Cohen_Kappa": 0.4211026615969582, "AUC": 0.7890030441400304, "TP": 55, "TN": 48, "FP": 25, "FN": 17}, "test": {"ACC": 0.696551724137931, "F1_Score": 0.6986301369863014, "Recall": 0.6986301369863014, "Precision": 0.6986301369863014, "Cohen_Kappa": 0.3930745814307458, "AUC": 0.7633181126331812, "TP": 51, "TN": 50, "FP": 22, "FN": 22}}, "ETAs": {"valid": {"ACC": 0.7034482758620689, "F1_Score": 0.7074829931972788, "Recall": 0.7222222222222222, "Precision": 0.6933333333333334, "Cohen_Kappa": 0.40703756538278657, "AUC": 0.8172564687975648, "TP": 52, "TN": 50, "FP": 23, "FN": 20}, "test": {"ACC": 0.6758620689655173, "F1_Score": 0.6802721088435374, "Recall": 0.684931506849315, "Precision": 0.6756756756756757, "Cohen_Kappa": 0.3516316240129388, "AUC": 0.741248097412481, "TP": 50, "TN": 48, "FP": 24, "FN": 23}}, "CNB": {"valid": {"ACC": 0.6896551724137931, "F1_Score": 0.7169811320754716, "Recall": 0.7916666666666666, "Precision": 0.6551724137931034, "Cohen_Kappa": 0.3801652892561983, "AUC": 0.7353500761035007, "TP": 57, "TN": 43, "FP": 30, "FN": 15}, "test": {"ACC": 0.7034482758620689, "F1_Score": 0.7295597484276729, "Recall": 0.7945205479452054, "Precision": 0.6744186046511628, "Cohen_Kappa": 0.40613391751595385, "AUC": 0.7682648401826484, "TP": 58, "TN": 44, "FP": 28, "FN": 15}}, "GB": {"valid": {"ACC": 0.7103448275862069, "F1_Score": 0.7236842105263157, "Recall": 0.7638888888888888, "Precision": 0.6875, "Cohen_Kappa": 0.4211026615969582, "AUC": 0.7863394216133943, "TP": 55, "TN": 48, "FP": 25, "FN": 17}, "test": {"ACC": 0.6689655172413793, "F1_Score": 0.6756756756756757, "Recall": 0.684931506849315, "Precision": 0.6666666666666666, "Cohen_Kappa": 0.33777354900095147, "AUC": 0.7760654490106544, "TP": 50, "TN": 47, "FP": 25, "FN": 23}}, "BAG": {"valid": {"ACC": 0.6827586206896552, "F1_Score": 0.6891891891891891, "Recall": 0.7083333333333334, "Precision": 0.6710526315789473, "Cohen_Kappa": 0.36572841384556876, "AUC": 0.7665525114155253, "TP": 51, "TN": 48, "FP": 25, "FN": 21}, "test": {"ACC": 0.6551724137931034, "F1_Score": 0.6323529411764707, "Recall": 0.589041095890411, "Precision": 0.6825396825396826, "Cohen_Kappa": 0.3109674966736362, "AUC": 0.7339231354642313, "TP": 43, "TN": 52, "FP": 20, "FN": 30}}, "QDA": {"valid": {"ACC": 0.503448275862069, "F1_Score": 0.0, "Recall": 0.0, "Precision": 0.0, "Cohen_Kappa": 0.0, "AUC": 0.5, "TP": 0, "TN": 73, "FP": 0, "FN": 72}, "test": {"ACC": 0.496551724137931, "F1_Score": 0.0, "Recall": 0.0, "Precision": 0.0, "Cohen_Kappa": 0.0, "AUC": 0.5, "TP": 0, "TN": 72, "FP": 0, "FN": 73}}, "SVC": {"valid": {"ACC": 0.7310344827586207, "F1_Score": 0.7382550335570469, "Recall": 0.7638888888888888, "Precision": 0.7142857142857143, "Cohen_Kappa": 0.4622991347342399, "AUC": 0.8259132420091324, "TP": 55, "TN": 51, "FP": 22, "FN": 17}, "test": {"ACC": 0.6896551724137931, "F1_Score": 0.7096774193548389, "Recall": 0.7534246575342466, "Precision": 0.6707317073170732, "Cohen_Kappa": 0.3787489288774636, "AUC": 0.786910197869102, "TP": 55, "TN": 45, "FP": 27, "FN": 18}}}