{"OVR": {"valid": {"ACC": 0.7467811158798283, "F1_Score": 0.7489361702127659, "Recall": 0.7521367521367521, "Precision": 0.7457627118644068, "Cohen_Kappa": 0.49353424455660755, "AUC": 0.8283966990863543, "TP": 88, "TN": 86, "FP": 30, "FN": 29}, "test": {"ACC": 0.7393162393162394, "F1_Score": 0.7312775330396476, "Recall": 0.7094017094017094, "Precision": 0.7545454545454545, "Cohen_Kappa": 0.4786324786324786, "AUC": 0.8026882898677771, "TP": 83, "TN": 90, "FP": 27, "FN": 34}}, "KNB": {"valid": {"ACC": 0.7124463519313304, "F1_Score": 0.6824644549763033, "Recall": 0.6153846153846154, "Precision": 0.7659574468085106, "Cohen_Kappa": 0.42536901387713044, "AUC": 0.7928087238432067, "TP": 72, "TN": 94, "FP": 22, "FN": 45}, "test": {"ACC": 0.6581196581196581, "F1_Score": 0.6153846153846154, "Recall": 0.5470085470085471, "Precision": 0.7032967032967034, "Cohen_Kappa": 0.3162393162393162, "AUC": 0.7217108627365036, "TP": 64, "TN": 90, "FP": 27, "FN": 53}}, "DT": {"valid": {"ACC": 0.6566523605150214, "F1_Score": 0.6581196581196581, "Recall": 0.6581196581196581, "Precision": 0.6581196581196581, "Cohen_Kappa": 0.31329207191276154, "AUC": 0.6566460359563807, "TP": 77, "TN": 76, "FP": 40, "FN": 40}, "test": {"ACC": 0.6324786324786325, "F1_Score": 0.6293103448275863, "Recall": 0.6239316239316239, "Precision": 0.6347826086956522, "Cohen_Kappa": 0.2649572649572649, "AUC": 0.6324786324786325, "TP": 73, "TN": 75, "FP": 42, "FN": 44}}, "MNB": {"valid": {"ACC": 0.6866952789699571, "F1_Score": 0.7020408163265306, "Recall": 0.7350427350427351, "Precision": 0.671875, "Cohen_Kappa": 0.373124976965319, "AUC": 0.7371794871794871, "TP": 86, "TN": 74, "FP": 42, "FN": 31}, "test": {"ACC": 0.6794871794871795, "F1_Score": 0.691358024691358, "Recall": 0.717948717948718, "Precision": 0.6666666666666666, "Cohen_Kappa": 0.3589743589743589, "AUC": 0.7189349112426036, "TP": 84, "TN": 75, "FP": 42, "FN": 33}}, "RF": {"valid": {"ACC": 0.7381974248927039, "F1_Score": 0.7381974248927039, "Recall": 0.7350427350427351, "Precision": 0.7413793103448276, "Cohen_Kappa": 0.4764044943820225, "AUC": 0.7940613026819924, "TP": 86, "TN": 86, "FP": 30, "FN": 31}, "test": {"ACC": 0.7307692307692307, "F1_Score": 0.7296137339055794, "Recall": 0.7264957264957265, "Precision": 0.7327586206896551, "Cohen_Kappa": 0.46153846153846156, "AUC": 0.8026882898677772, "TP": 85, "TN": 86, "FP": 31, "FN": 32}}, "ADA": {"valid": {"ACC": 0.7124463519313304, "F1_Score": 0.7196652719665272, "Recall": 0.7350427350427351, "Precision": 0.7049180327868853, "Cohen_Kappa": 0.4247761524006043, "AUC": 0.7984084880636605, "TP": 86, "TN": 80, "FP": 36, "FN": 31}, "test": {"ACC": 0.7350427350427351, "F1_Score": 0.7394957983193278, "Recall": 0.7521367521367521, "Precision": 0.7272727272727273, "Cohen_Kappa": 0.4700854700854701, "AUC": 0.7933377164146395, "TP": 88, "TN": 84, "FP": 33, "FN": 29}}, "XGB": {"valid": {"ACC": 0.7682403433476395, "F1_Score": 0.7711864406779662, "Recall": 0.7777777777777778, "Precision": 0.7647058823529411, "Cohen_Kappa": 0.5364379927787193, "AUC": 0.8303124078986148, "TP": 91, "TN": 88, "FP": 28, "FN": 26}, "test": {"ACC": 0.7435897435897436, "F1_Score": 0.7391304347826086, "Recall": 0.7264957264957265, "Precision": 0.7522123893805309, "Cohen_Kappa": 0.4871794871794872, "AUC": 0.8240192855577471, "TP": 85, "TN": 89, "FP": 28, "FN": 32}}, "MLP": {"valid": {"ACC": 0.7639484978540773, "F1_Score": 0.7659574468085106, "Recall": 0.7692307692307693, "Precision": 0.7627118644067796, "Cohen_Kappa": 0.5278709059426003, "AUC": 0.8401856763925729, "TP": 90, "TN": 88, "FP": 28, "FN": 27}, "test": {"ACC": 0.6837606837606838, "F1_Score": 0.6810344827586208, "Recall": 0.6752136752136753, "Precision": 0.6869565217391305, "Cohen_Kappa": 0.36752136752136755, "AUC": 0.7589305281612974, "TP": 79, "TN": 81, "FP": 36, "FN": 38}}, "LR": {"valid": {"ACC": 0.7467811158798283, "F1_Score": 0.7489361702127659, "Recall": 0.7521367521367521, "Precision": 0.7457627118644068, "Cohen_Kappa": 0.49353424455660755, "AUC": 0.8283966990863543, "TP": 88, "TN": 86, "FP": 30, "FN": 29}, "test": {"ACC": 0.7393162393162394, "F1_Score": 0.7312775330396476, "Recall": 0.7094017094017094, "Precision": 0.7545454545454545, "Cohen_Kappa": 0.4786324786324786, "AUC": 0.8026882898677771, "TP": 83, "TN": 90, "FP": 27, "FN": 34}}, "ETAs": {"valid": {"ACC": 0.7339055793991416, "F1_Score": 0.7350427350427351, "Recall": 0.7350427350427351, "Precision": 0.7350427350427351, "Cohen_Kappa": 0.46780135573239023, "AUC": 0.7892351900972591, "TP": 86, "TN": 85, "FP": 31, "FN": 31}, "test": {"ACC": 0.7307692307692307, "F1_Score": 0.7319148936170214, "Recall": 0.7350427350427351, "Precision": 0.7288135593220338, "Cohen_Kappa": 0.46153846153846156, "AUC": 0.7943239097085252, "TP": 86, "TN": 85, "FP": 32, "FN": 31}}, "CNB": {"valid": {"ACC": 0.6866952789699571, "F1_Score": 0.7020408163265306, "Recall": 0.7350427350427351, "Precision": 0.671875, "Cohen_Kappa": 0.373124976965319, "AUC": 0.7371794871794871, "TP": 86, "TN": 74, "FP": 42, "FN": 31}, "test": {"ACC": 0.6794871794871795, "F1_Score": 0.691358024691358, "Recall": 0.717948717948718, "Precision": 0.6666666666666666, "Cohen_Kappa": 0.3589743589743589, "AUC": 0.7189349112426036, "TP": 84, "TN": 75, "FP": 42, "FN": 33}}, "GB": {"valid": {"ACC": 0.7553648068669528, "F1_Score": 0.7510917030567688, "Recall": 0.7350427350427351, "Precision": 0.7678571428571429, "Cohen_Kappa": 0.5108107112600833, "AUC": 0.8152077807250221, "TP": 86, "TN": 90, "FP": 26, "FN": 31}, "test": {"ACC": 0.7478632478632479, "F1_Score": 0.7445887445887446, "Recall": 0.7350427350427351, "Precision": 0.7543859649122807, "Cohen_Kappa": 0.49572649572649574, "AUC": 0.8363649645700928, "TP": 86, "TN": 89, "FP": 28, "FN": 31}}, "BAG": {"valid": {"ACC": 0.7167381974248928, "F1_Score": 0.7079646017699116, "Recall": 0.6837606837606838, "Precision": 0.7339449541284404, "Cohen_Kappa": 0.43363288155568647, "AUC": 0.7819407603890361, "TP": 80, "TN": 87, "FP": 29, "FN": 37}, "test": {"ACC": 0.7350427350427351, "F1_Score": 0.7280701754385965, "Recall": 0.7094017094017094, "Precision": 0.7477477477477478, "Cohen_Kappa": 0.4700854700854701, "AUC": 0.8034553290963549, "TP": 83, "TN": 89, "FP": 28, "FN": 34}}, "QDA": {"valid": {"ACC": 0.49356223175965663, "F1_Score": 0.016666666666666666, "Recall": 0.008547008547008548, "Precision": 0.3333333333333333, "Cohen_Kappa": -0.008658008658008809, "AUC": 0.4956528146183318, "TP": 1, "TN": 114, "FP": 2, "FN": 116}, "test": {"ACC": 0.5042735042735043, "F1_Score": 0.016949152542372885, "Recall": 0.008547008547008548, "Precision": 1.0, "Cohen_Kappa": 0.008547008547008517, "AUC": 0.5042735042735043, "TP": 1, "TN": 117, "FP": 0, "FN": 116}}, "SVC": {"valid": {"ACC": 0.7553648068669528, "F1_Score": 0.7553648068669527, "Recall": 0.7521367521367521, "Precision": 0.7586206896551724, "Cohen_Kappa": 0.5107386258979554, "AUC": 0.8139552018862365, "TP": 88, "TN": 88, "FP": 28, "FN": 29}, "test": {"ACC": 0.7564102564102564, "F1_Score": 0.7594936708860761, "Recall": 0.7692307692307693, "Precision": 0.75, "Cohen_Kappa": 0.5128205128205128, "AUC": 0.821133757031193, "TP": 90, "TN": 87, "FP": 30, "FN": 27}}}