{"OVR": {"valid": {"ACC": 0.7551020408163265, "F1_Score": 0.7391304347826088, "Recall": 0.7083333333333334, "Precision": 0.7727272727272727, "Cohen_Kappa": 0.5091819699499165, "AUC": 0.8683333333333334, "TP": 17, "TN": 20, "FP": 5, "FN": 7}, "test": {"ACC": 0.6122448979591837, "F1_Score": 0.6415094339622641, "Recall": 0.68, "Precision": 0.6071428571428571, "Cohen_Kappa": 0.2222222222222222, "AUC": 0.7116666666666667, "TP": 17, "TN": 13, "FP": 11, "FN": 8}}, "KNB": {"valid": {"ACC": 0.6122448979591837, "F1_Score": 0.6122448979591836, "Recall": 0.625, "Precision": 0.6, "Cohen_Kappa": 0.2248126561199001, "AUC": 0.695, "TP": 15, "TN": 15, "FP": 10, "FN": 9}, "test": {"ACC": 0.6938775510204082, "F1_Score": 0.6938775510204083, "Recall": 0.68, "Precision": 0.7083333333333334, "Cohen_Kappa": 0.3880099916736054, "AUC": 0.7158333333333333, "TP": 17, "TN": 17, "FP": 7, "FN": 8}}, "DT": {"valid": {"ACC": 0.6326530612244898, "F1_Score": 0.64, "Recall": 0.6666666666666666, "Precision": 0.6153846153846154, "Cohen_Kappa": 0.26622296173044924, "AUC": 0.6333333333333333, "TP": 16, "TN": 15, "FP": 10, "FN": 8}, "test": {"ACC": 0.5306122448979592, "F1_Score": 0.5818181818181818, "Recall": 0.64, "Precision": 0.5333333333333333, "Cohen_Kappa": 0.056903765690376584, "AUC": 0.5283333333333333, "TP": 16, "TN": 10, "FP": 14, "FN": 9}}, "MNB": {"valid": {"ACC": 0.7346938775510204, "F1_Score": 0.7636363636363636, "Recall": 0.875, "Precision": 0.6774193548387096, "Cohen_Kappa": 0.47224523612261804, "AUC": 0.8275, "TP": 21, "TN": 15, "FP": 10, "FN": 3}, "test": {"ACC": 0.5918367346938775, "F1_Score": 0.6666666666666666, "Recall": 0.8, "Precision": 0.5714285714285714, "Cohen_Kappa": 0.17647058823529405, "AUC": 0.68, "TP": 20, "TN": 9, "FP": 15, "FN": 5}}, "RF": {"valid": {"ACC": 0.6530612244897959, "F1_Score": 0.6222222222222222, "Recall": 0.5833333333333334, "Precision": 0.6666666666666666, "Cohen_Kappa": 0.30409356725146197, "AUC": 0.8266666666666667, "TP": 14, "TN": 18, "FP": 7, "FN": 10}, "test": {"ACC": 0.673469387755102, "F1_Score": 0.7037037037037037, "Recall": 0.76, "Precision": 0.6551724137931034, "Cohen_Kappa": 0.34448160535117056, "AUC": 0.75, "TP": 19, "TN": 14, "FP": 10, "FN": 6}}, "ADA": {"valid": {"ACC": 0.673469387755102, "F1_Score": 0.68, "Recall": 0.7083333333333334, "Precision": 0.6538461538461539, "Cohen_Kappa": 0.34775374376039936, "AUC": 0.7616666666666667, "TP": 17, "TN": 16, "FP": 9, "FN": 7}, "test": {"ACC": 0.7142857142857143, "F1_Score": 0.72, "Recall": 0.72, "Precision": 0.72, "Cohen_Kappa": 0.42833333333333334, "AUC": 0.6666666666666666, "TP": 18, "TN": 17, "FP": 7, "FN": 7}}, "XGB": {"valid": {"ACC": 0.8163265306122449, "F1_Score": 0.816326530612245, "Recall": 0.8333333333333334, "Precision": 0.8, "Cohen_Kappa": 0.6328059950041632, "AUC": 0.875, "TP": 20, "TN": 20, "FP": 5, "FN": 4}, "test": {"ACC": 0.6530612244897959, "F1_Score": 0.6909090909090909, "Recall": 0.76, "Precision": 0.6333333333333333, "Cohen_Kappa": 0.30292887029288706, "AUC": 0.7216666666666667, "TP": 19, "TN": 13, "FP": 11, "FN": 6}}, "MLP": {"valid": {"ACC": 0.6938775510204082, "F1_Score": 0.6938775510204083, "Recall": 0.7083333333333334, "Precision": 0.68, "Cohen_Kappa": 0.3880099916736054, "AUC": 0.7999999999999999, "TP": 17, "TN": 17, "FP": 8, "FN": 7}, "test": {"ACC": 0.6122448979591837, "F1_Score": 0.6545454545454547, "Recall": 0.72, "Precision": 0.6, "Cohen_Kappa": 0.22092050209205027, "AUC": 0.6833333333333333, "TP": 18, "TN": 12, "FP": 12, "FN": 7}}, "LR": {"valid": {"ACC": 0.7551020408163265, "F1_Score": 0.7391304347826088, "Recall": 0.7083333333333334, "Precision": 0.7727272727272727, "Cohen_Kappa": 0.5091819699499165, "AUC": 0.8683333333333334, "TP": 17, "TN": 20, "FP": 5, "FN": 7}, "test": {"ACC": 0.6122448979591837, "F1_Score": 0.6415094339622641, "Recall": 0.68, "Precision": 0.6071428571428571, "Cohen_Kappa": 0.2222222222222222, "AUC": 0.7116666666666667, "TP": 17, "TN": 13, "FP": 11, "FN": 8}}, "ETAs": {"valid": {"ACC": 0.7142857142857143, "F1_Score": 0.7083333333333334, "Recall": 0.7083333333333334, "Precision": 0.7083333333333334, "Cohen_Kappa": 0.42833333333333334, "AUC": 0.8450000000000001, "TP": 17, "TN": 18, "FP": 7, "FN": 7}, "test": {"ACC": 0.6530612244897959, "F1_Score": 0.6666666666666666, "Recall": 0.68, "Precision": 0.6538461538461539, "Cohen_Kappa": 0.30525437864887406, "AUC": 0.735, "TP": 17, "TN": 15, "FP": 9, "FN": 8}}, "CNB": {"valid": {"ACC": 0.7346938775510204, "F1_Score": 0.7636363636363636, "Recall": 0.875, "Precision": 0.6774193548387096, "Cohen_Kappa": 0.47224523612261804, "AUC": 0.8275, "TP": 21, "TN": 15, "FP": 10, "FN": 3}, "test": {"ACC": 0.5918367346938775, "F1_Score": 0.6666666666666666, "Recall": 0.8, "Precision": 0.5714285714285714, "Cohen_Kappa": 0.17647058823529405, "AUC": 0.68, "TP": 20, "TN": 9, "FP": 15, "FN": 5}}, "GB": {"valid": {"ACC": 0.7346938775510204, "F1_Score": 0.7111111111111111, "Recall": 0.6666666666666666, "Precision": 0.7619047619047619, "Cohen_Kappa": 0.4678362573099415, "AUC": 0.8483333333333334, "TP": 16, "TN": 20, "FP": 5, "FN": 8}, "test": {"ACC": 0.6530612244897959, "F1_Score": 0.6530612244897959, "Recall": 0.64, "Precision": 0.6666666666666666, "Cohen_Kappa": 0.30641132389675274, "AUC": 0.7416666666666667, "TP": 16, "TN": 16, "FP": 8, "FN": 9}}, "BAG": {"valid": {"ACC": 0.7755102040816326, "F1_Score": 0.7317073170731708, "Recall": 0.625, "Precision": 0.8823529411764706, "Cohen_Kappa": 0.548197820620285, "AUC": 0.8791666666666667, "TP": 15, "TN": 23, "FP": 2, "FN": 9}, "test": {"ACC": 0.6122448979591837, "F1_Score": 0.6415094339622641, "Recall": 0.68, "Precision": 0.6071428571428571, "Cohen_Kappa": 0.2222222222222222, "AUC": 0.6716666666666666, "TP": 17, "TN": 13, "FP": 11, "FN": 8}}, "QDA": {"valid": {"ACC": 0.5714285714285714, "F1_Score": 0.6181818181818182, "Recall": 0.7083333333333334, "Precision": 0.5483870967741935, "Cohen_Kappa": 0.14747307373653684, "AUC": 0.5741666666666667, "TP": 17, "TN": 11, "FP": 14, "FN": 7}, "test": {"ACC": 0.5102040816326531, "F1_Score": 0.52, "Recall": 0.52, "Precision": 0.52, "Cohen_Kappa": 0.019999999999999907, "AUC": 0.51, "TP": 13, "TN": 12, "FP": 12, "FN": 12}}, "SVC": {"valid": {"ACC": 0.7755102040816326, "F1_Score": 0.744186046511628, "Recall": 0.6666666666666666, "Precision": 0.8421052631578947, "Cohen_Kappa": 0.5489539748953975, "AUC": 0.8300000000000001, "TP": 16, "TN": 22, "FP": 3, "FN": 8}, "test": {"ACC": 0.6530612244897959, "F1_Score": 0.6666666666666666, "Recall": 0.68, "Precision": 0.6538461538461539, "Cohen_Kappa": 0.30525437864887406, "AUC": 0.7583333333333333, "TP": 17, "TN": 15, "FP": 9, "FN": 8}}}