{"OVR": {"valid": {"ACC": 0.6964285714285714, "F1_Score": 0.6946107784431137, "Recall": 0.6904761904761905, "Precision": 0.6987951807228916, "Cohen_Kappa": 0.3928571428571429, "AUC": 0.773703231292517, "TP": 116, "TN": 118, "FP": 50, "FN": 52}, "test": {"ACC": 0.6765578635014837, "F1_Score": 0.6822157434402333, "Recall": 0.6923076923076923, "Precision": 0.6724137931034483, "Cohen_Kappa": 0.3530530653938957, "AUC": 0.7071358129050438, "TP": 117, "TN": 111, "FP": 57, "FN": 52}}, "KNB": {"valid": {"ACC": 0.7351190476190477, "F1_Score": 0.7343283582089553, "Recall": 0.7321428571428571, "Precision": 0.7365269461077845, "Cohen_Kappa": 0.47023809523809523, "AUC": 0.777405753968254, "TP": 123, "TN": 124, "FP": 44, "FN": 45}, "test": {"ACC": 0.6617210682492581, "F1_Score": 0.6797752808988764, "Recall": 0.7159763313609467, "Precision": 0.6470588235294118, "Cohen_Kappa": 0.3232216467603848, "AUC": 0.7072766976613131, "TP": 121, "TN": 102, "FP": 66, "FN": 48}}, "DT": {"valid": {"ACC": 0.6636904761904762, "F1_Score": 0.6646884272997032, "Recall": 0.6666666666666666, "Precision": 0.6627218934911243, "Cohen_Kappa": 0.32738095238095233, "AUC": 0.6636904761904762, "TP": 112, "TN": 111, "FP": 57, "FN": 56}, "test": {"ACC": 0.6528189910979229, "F1_Score": 0.6608695652173913, "Recall": 0.6745562130177515, "Precision": 0.6477272727272727, "Cohen_Kappa": 0.3055462599291967, "AUC": 0.6527542969850662, "TP": 114, "TN": 106, "FP": 62, "FN": 55}}, "MNB": {"valid": {"ACC": 0.6726190476190477, "F1_Score": 0.6978021978021978, "Recall": 0.7559523809523809, "Precision": 0.6479591836734694, "Cohen_Kappa": 0.34523809523809523, "AUC": 0.7129747732426304, "TP": 127, "TN": 99, "FP": 69, "FN": 41}, "test": {"ACC": 0.6409495548961425, "F1_Score": 0.6738544474393531, "Recall": 0.7396449704142012, "Precision": 0.6188118811881188, "Cohen_Kappa": 0.2814752162957481, "AUC": 0.6910573400958017, "TP": 125, "TN": 91, "FP": 77, "FN": 44}}, "RF": {"valid": {"ACC": 0.7619047619047619, "F1_Score": 0.7590361445783131, "Recall": 0.75, "Precision": 0.7682926829268293, "Cohen_Kappa": 0.5238095238095238, "AUC": 0.8333864795918368, "TP": 126, "TN": 130, "FP": 38, "FN": 42}, "test": {"ACC": 0.685459940652819, "F1_Score": 0.6954022988505746, "Recall": 0.7159763313609467, "Precision": 0.6759776536312849, "Cohen_Kappa": 0.37080353683023926, "AUC": 0.7589285714285714, "TP": 121, "TN": 110, "FP": 58, "FN": 48}}, "ADA": {"valid": {"ACC": 0.7380952380952381, "F1_Score": 0.7396449704142012, "Recall": 0.7440476190476191, "Precision": 0.7352941176470589, "Cohen_Kappa": 0.47619047619047616, "AUC": 0.8004889455782312, "TP": 125, "TN": 123, "FP": 45, "FN": 43}, "test": {"ACC": 0.655786350148368, "F1_Score": 0.6463414634146342, "Recall": 0.6272189349112426, "Precision": 0.6666666666666666, "Cohen_Kappa": 0.3116878543508117, "AUC": 0.7163813750352211, "TP": 106, "TN": 115, "FP": 53, "FN": 63}}, "XGB": {"valid": {"ACC": 0.7470238095238095, "F1_Score": 0.7477744807121662, "Recall": 0.75, "Precision": 0.7455621301775148, "Cohen_Kappa": 0.49404761904761907, "AUC": 0.8199759070294783, "TP": 126, "TN": 125, "FP": 43, "FN": 42}, "test": {"ACC": 0.655786350148368, "F1_Score": 0.6627906976744186, "Recall": 0.6745562130177515, "Precision": 0.6514285714285715, "Cohen_Kappa": 0.3114938884779316, "AUC": 0.7437658495350803, "TP": 114, "TN": 107, "FP": 61, "FN": 55}}, "MLP": {"valid": {"ACC": 0.7380952380952381, "F1_Score": 0.7365269461077844, "Recall": 0.7321428571428571, "Precision": 0.7409638554216867, "Cohen_Kappa": 0.47619047619047616, "AUC": 0.7975836167800455, "TP": 123, "TN": 125, "FP": 43, "FN": 45}, "test": {"ACC": 0.6795252225519288, "F1_Score": 0.6914285714285715, "Recall": 0.7159763313609467, "Precision": 0.6685082872928176, "Cohen_Kappa": 0.35890932149651245, "AUC": 0.7249929557621864, "TP": 121, "TN": 108, "FP": 60, "FN": 48}}, "LR": {"valid": {"ACC": 0.6964285714285714, "F1_Score": 0.6946107784431137, "Recall": 0.6904761904761905, "Precision": 0.6987951807228916, "Cohen_Kappa": 0.3928571428571429, "AUC": 0.773703231292517, "TP": 116, "TN": 118, "FP": 50, "FN": 52}, "test": {"ACC": 0.6765578635014837, "F1_Score": 0.6822157434402333, "Recall": 0.6923076923076923, "Precision": 0.6724137931034483, "Cohen_Kappa": 0.3530530653938957, "AUC": 0.7071358129050438, "TP": 117, "TN": 111, "FP": 57, "FN": 52}}, "ETAs": {"valid": {"ACC": 0.7589285714285714, "F1_Score": 0.7552870090634441, "Recall": 0.7440476190476191, "Precision": 0.7668711656441718, "Cohen_Kappa": 0.5178571428571428, "AUC": 0.8364866780045354, "TP": 125, "TN": 130, "FP": 38, "FN": 43}, "test": {"ACC": 0.685459940652819, "F1_Score": 0.6936416184971097, "Recall": 0.7100591715976331, "Precision": 0.6779661016949152, "Cohen_Kappa": 0.3708257010004228, "AUC": 0.7706572273879966, "TP": 120, "TN": 111, "FP": 57, "FN": 49}}, "CNB": {"valid": {"ACC": 0.6726190476190477, "F1_Score": 0.6978021978021978, "Recall": 0.7559523809523809, "Precision": 0.6479591836734694, "Cohen_Kappa": 0.34523809523809523, "AUC": 0.7129747732426304, "TP": 127, "TN": 99, "FP": 69, "FN": 41}, "test": {"ACC": 0.6409495548961425, "F1_Score": 0.6738544474393531, "Recall": 0.7396449704142012, "Precision": 0.6188118811881188, "Cohen_Kappa": 0.2814752162957481, "AUC": 0.6910573400958017, "TP": 125, "TN": 91, "FP": 77, "FN": 44}}, "GB": {"valid": {"ACC": 0.7410714285714286, "F1_Score": 0.7463556851311954, "Recall": 0.7619047619047619, "Precision": 0.7314285714285714, "Cohen_Kappa": 0.4821428571428571, "AUC": 0.8197278911564626, "TP": 128, "TN": 121, "FP": 47, "FN": 40}, "test": {"ACC": 0.6706231454005934, "F1_Score": 0.662613981762918, "Recall": 0.6449704142011834, "Precision": 0.68125, "Cohen_Kappa": 0.3413448840526121, "AUC": 0.7420576218653141, "TP": 109, "TN": 117, "FP": 51, "FN": 60}}, "BAG": {"valid": {"ACC": 0.6785714285714286, "F1_Score": 0.6707317073170732, "Recall": 0.6547619047619048, "Precision": 0.6875, "Cohen_Kappa": 0.3571428571428571, "AUC": 0.7582199546485261, "TP": 110, "TN": 118, "FP": 50, "FN": 58}, "test": {"ACC": 0.6795252225519288, "F1_Score": 0.6645962732919254, "Recall": 0.6331360946745562, "Precision": 0.6993464052287581, "Cohen_Kappa": 0.35922535211267603, "AUC": 0.7239539306846999, "TP": 107, "TN": 122, "FP": 46, "FN": 62}}, "QDA": {"valid": {"ACC": 0.625, "F1_Score": 0.6519337016574586, "Recall": 0.7023809523809523, "Precision": 0.6082474226804123, "Cohen_Kappa": 0.25, "AUC": 0.625, "TP": 118, "TN": 92, "FP": 76, "FN": 50}, "test": {"ACC": 0.5400593471810089, "F1_Score": 0.5776566757493189, "Recall": 0.6272189349112426, "Precision": 0.5353535353535354, "Cohen_Kappa": 0.079640560303057, "AUC": 0.5397999436460974, "TP": 106, "TN": 76, "FP": 92, "FN": 63}}, "SVC": {"valid": {"ACC": 0.7321428571428571, "F1_Score": 0.7272727272727273, "Recall": 0.7142857142857143, "Precision": 0.7407407407407407, "Cohen_Kappa": 0.4642857142857143, "AUC": 0.8177614795918368, "TP": 120, "TN": 126, "FP": 42, "FN": 48}, "test": {"ACC": 0.6943620178041543, "F1_Score": 0.7014492753623189, "Recall": 0.7159763313609467, "Precision": 0.6875, "Cohen_Kappa": 0.3886432886556176, "AUC": 0.7549661876584953, "TP": 121, "TN": 113, "FP": 55, "FN": 48}}}