{"OVR": {"valid": {"ACC": 0.6273764258555133, "F1_Score": 0.62015503875969, "Recall": 0.6106870229007634, "Precision": 0.6299212598425197, "Cohen_Kappa": 0.2546558704453441, "AUC": 0.6705412907702984, "TP": 80, "TN": 85, "FP": 47, "FN": 51}, "test": {"ACC": 0.6425855513307985, "F1_Score": 0.6356589147286822, "Recall": 0.6212121212121212, "Precision": 0.6507936507936508, "Cohen_Kappa": 0.2852847643827696, "AUC": 0.6933263937080731, "TP": 82, "TN": 87, "FP": 44, "FN": 50}}, "KNB": {"valid": {"ACC": 0.6121673003802282, "F1_Score": 0.5819672131147541, "Recall": 0.5419847328244275, "Precision": 0.6283185840707964, "Cohen_Kappa": 0.2239194584273564, "AUC": 0.672999074716632, "TP": 71, "TN": 90, "FP": 42, "FN": 60}, "test": {"ACC": 0.6349809885931559, "F1_Score": 0.6129032258064515, "Recall": 0.5757575757575758, "Precision": 0.6551724137931034, "Cohen_Kappa": 0.2702890173410405, "AUC": 0.6521223687254222, "TP": 76, "TN": 91, "FP": 40, "FN": 56}}, "DT": {"valid": {"ACC": 0.6007604562737643, "F1_Score": 0.6125461254612546, "Recall": 0.6335877862595419, "Precision": 0.5928571428571429, "Cohen_Kappa": 0.2017171103980574, "AUC": 0.60088480222068, "TP": 83, "TN": 75, "FP": 57, "FN": 48}, "test": {"ACC": 0.6159695817490495, "F1_Score": 0.6327272727272727, "Recall": 0.6590909090909091, "Precision": 0.6083916083916084, "Cohen_Kappa": 0.23168368379949666, "AUC": 0.6158049965301874, "TP": 87, "TN": 75, "FP": 56, "FN": 45}}, "MNB": {"valid": {"ACC": 0.6615969581749049, "F1_Score": 0.6898954703832753, "Recall": 0.7557251908396947, "Precision": 0.6346153846153846, "Cohen_Kappa": 0.3236730330260915, "AUC": 0.7339232014804534, "TP": 99, "TN": 75, "FP": 57, "FN": 32}, "test": {"ACC": 0.5779467680608364, "F1_Score": 0.5992779783393501, "Recall": 0.6287878787878788, "Precision": 0.5724137931034483, "Cohen_Kappa": 0.15556391194932173, "AUC": 0.6245951885264861, "TP": 83, "TN": 69, "FP": 62, "FN": 49}}, "RF": {"valid": {"ACC": 0.7224334600760456, "F1_Score": 0.7159533073929961, "Recall": 0.7022900763358778, "Precision": 0.7301587301587301, "Cohen_Kappa": 0.4447786228635877, "AUC": 0.7729875086745316, "TP": 92, "TN": 98, "FP": 34, "FN": 39}, "test": {"ACC": 0.6273764258555133, "F1_Score": 0.6315789473684211, "Recall": 0.6363636363636364, "Precision": 0.6268656716417911, "Cohen_Kappa": 0.25469897634607597, "AUC": 0.6877746934998844, "TP": 84, "TN": 81, "FP": 50, "FN": 48}}, "ADA": {"valid": {"ACC": 0.6730038022813688, "F1_Score": 0.6692307692307693, "Recall": 0.6641221374045801, "Precision": 0.6744186046511628, "Cohen_Kappa": 0.3459603261812503, "AUC": 0.7524288688410825, "TP": 87, "TN": 90, "FP": 42, "FN": 44}, "test": {"ACC": 0.6463878326996197, "F1_Score": 0.6436781609195402, "Recall": 0.6363636363636364, "Precision": 0.6511627906976745, "Cohen_Kappa": 0.2928267846300634, "AUC": 0.6811242192921583, "TP": 84, "TN": 86, "FP": 45, "FN": 48}}, "XGB": {"valid": {"ACC": 0.6615969581749049, "F1_Score": 0.6563706563706563, "Recall": 0.648854961832061, "Precision": 0.6640625, "Cohen_Kappa": 0.3231254156906972, "AUC": 0.7425688179504973, "TP": 85, "TN": 89, "FP": 43, "FN": 46}, "test": {"ACC": 0.6615969581749049, "F1_Score": 0.6691449814126393, "Recall": 0.6818181818181818, "Precision": 0.656934306569343, "Cohen_Kappa": 0.3230862662309494, "AUC": 0.7031575294934074, "TP": 90, "TN": 84, "FP": 47, "FN": 42}}, "MLP": {"valid": {"ACC": 0.6387832699619772, "F1_Score": 0.6360153256704981, "Recall": 0.6335877862595419, "Precision": 0.6384615384615384, "Cohen_Kappa": 0.27753520515860386, "AUC": 0.6841313902382604, "TP": 83, "TN": 85, "FP": 47, "FN": 48}, "test": {"ACC": 0.6387832699619772, "F1_Score": 0.6215139442231076, "Recall": 0.5909090909090909, "Precision": 0.6554621848739496, "Cohen_Kappa": 0.2778275573026563, "AUC": 0.6734906315058986, "TP": 78, "TN": 90, "FP": 41, "FN": 54}}, "LR": {"valid": {"ACC": 0.6273764258555133, "F1_Score": 0.62015503875969, "Recall": 0.6106870229007634, "Precision": 0.6299212598425197, "Cohen_Kappa": 0.2546558704453441, "AUC": 0.6705412907702984, "TP": 80, "TN": 85, "FP": 47, "FN": 51}, "test": {"ACC": 0.6425855513307985, "F1_Score": 0.6356589147286822, "Recall": 0.6212121212121212, "Precision": 0.6507936507936508, "Cohen_Kappa": 0.2852847643827696, "AUC": 0.6933263937080731, "TP": 82, "TN": 87, "FP": 44, "FN": 50}}, "ETAs": {"valid": {"ACC": 0.6692015209125475, "F1_Score": 0.6789667896678967, "Recall": 0.7022900763358778, "Precision": 0.6571428571428571, "Cohen_Kappa": 0.33856560575839045, "AUC": 0.7503180661577609, "TP": 92, "TN": 84, "FP": 48, "FN": 39}, "test": {"ACC": 0.6577946768060836, "F1_Score": 0.6762589928057554, "Recall": 0.7121212121212122, "Precision": 0.6438356164383562, "Cohen_Kappa": 0.3153022852183974, "AUC": 0.6860687022900764, "TP": 94, "TN": 79, "FP": 52, "FN": 38}}, "CNB": {"valid": {"ACC": 0.6615969581749049, "F1_Score": 0.6898954703832753, "Recall": 0.7557251908396947, "Precision": 0.6346153846153846, "Cohen_Kappa": 0.3236730330260915, "AUC": 0.7338653712699515, "TP": 99, "TN": 75, "FP": 57, "FN": 32}, "test": {"ACC": 0.5779467680608364, "F1_Score": 0.5992779783393501, "Recall": 0.6287878787878788, "Precision": 0.5724137931034483, "Cohen_Kappa": 0.15556391194932173, "AUC": 0.6245951885264861, "TP": 83, "TN": 69, "FP": 62, "FN": 49}}, "GB": {"valid": {"ACC": 0.7376425855513308, "F1_Score": 0.7294117647058822, "Recall": 0.7099236641221374, "Precision": 0.75, "Cohen_Kappa": 0.4751713566821876, "AUC": 0.7973918575063614, "TP": 93, "TN": 101, "FP": 31, "FN": 38}, "test": {"ACC": 0.6653992395437263, "F1_Score": 0.66412213740458, "Recall": 0.6590909090909091, "Precision": 0.6692307692307692, "Cohen_Kappa": 0.3308275024576419, "AUC": 0.705383992597733, "TP": 87, "TN": 88, "FP": 43, "FN": 45}}, "BAG": {"valid": {"ACC": 0.6768060836501901, "F1_Score": 0.6640316205533596, "Recall": 0.6412213740458015, "Precision": 0.6885245901639344, "Cohen_Kappa": 0.35343456254519157, "AUC": 0.7212294702752718, "TP": 84, "TN": 94, "FP": 38, "FN": 47}, "test": {"ACC": 0.623574144486692, "F1_Score": 0.6177606177606176, "Recall": 0.6060606060606061, "Precision": 0.6299212598425197, "Cohen_Kappa": 0.2472462343519617, "AUC": 0.6762375665047421, "TP": 80, "TN": 84, "FP": 47, "FN": 52}}, "QDA": {"valid": {"ACC": 0.5171102661596958, "F1_Score": 0.5313653136531366, "Recall": 0.549618320610687, "Precision": 0.5142857142857142, "Cohen_Kappa": 0.0344578382909837, "AUC": 0.517233402729586, "TP": 72, "TN": 64, "FP": 68, "FN": 59}, "test": {"ACC": 0.5437262357414449, "F1_Score": 0.5454545454545454, "Recall": 0.5454545454545454, "Precision": 0.5454545454545454, "Cohen_Kappa": 0.0874392782789728, "AUC": 0.5437196391394865, "TP": 72, "TN": 71, "FP": 60, "FN": 60}}, "SVC": {"valid": {"ACC": 0.7034220532319392, "F1_Score": 0.688, "Recall": 0.6564885496183206, "Precision": 0.7226890756302521, "Cohen_Kappa": 0.40662964248524813, "AUC": 0.7733055748322923, "TP": 86, "TN": 99, "FP": 33, "FN": 45}, "test": {"ACC": 0.6615969581749049, "F1_Score": 0.6509803921568628, "Recall": 0.6287878787878788, "Precision": 0.6747967479674797, "Cohen_Kappa": 0.3233602173850201, "AUC": 0.7116585704371963, "TP": 83, "TN": 91, "FP": 40, "FN": 49}}}