{"OVR": {"valid": {"ACC": 0.7649402390438247, "F1_Score": 0.7686274509803923, "Recall": 0.7777777777777778, "Precision": 0.7596899224806202, "Cohen_Kappa": 0.5298282376099311, "AUC": 0.8402539682539684, "TP": 98, "TN": 94, "FP": 31, "FN": 28}, "test": {"ACC": 0.746031746031746, "F1_Score": 0.7419354838709677, "Recall": 0.7301587301587301, "Precision": 0.7540983606557377, "Cohen_Kappa": 0.4920634920634921, "AUC": 0.8092718568909045, "TP": 92, "TN": 96, "FP": 30, "FN": 34}}, "KNB": {"valid": {"ACC": 0.6055776892430279, "F1_Score": 0.4142011834319527, "Recall": 0.2777777777777778, "Precision": 0.813953488372093, "Cohen_Kappa": 0.21321597061710418, "AUC": 0.693968253968254, "TP": 35, "TN": 117, "FP": 8, "FN": 91}, "test": {"ACC": 0.5793650793650794, "F1_Score": 0.3291139240506329, "Recall": 0.20634920634920634, "Precision": 0.8125, "Cohen_Kappa": 0.15873015873015872, "AUC": 0.6639581758629378, "TP": 26, "TN": 120, "FP": 6, "FN": 100}}, "DT": {"valid": {"ACC": 0.7131474103585658, "F1_Score": 0.7230769230769232, "Recall": 0.746031746031746, "Precision": 0.7014925373134329, "Cohen_Kappa": 0.4261399720563953, "AUC": 0.713015873015873, "TP": 94, "TN": 85, "FP": 40, "FN": 32}, "test": {"ACC": 0.6746031746031746, "F1_Score": 0.6796874999999999, "Recall": 0.6904761904761905, "Precision": 0.6692307692307692, "Cohen_Kappa": 0.3492063492063492, "AUC": 0.6746031746031746, "TP": 87, "TN": 83, "FP": 43, "FN": 39}}, "MNB": {"valid": {"ACC": 0.7250996015936255, "F1_Score": 0.7396226415094339, "Recall": 0.7777777777777778, "Precision": 0.7050359712230215, "Cohen_Kappa": 0.4499634769905041, "AUC": 0.8073650793650794, "TP": 98, "TN": 84, "FP": 41, "FN": 28}, "test": {"ACC": 0.7142857142857143, "F1_Score": 0.7142857142857143, "Recall": 0.7142857142857143, "Precision": 0.7142857142857143, "Cohen_Kappa": 0.4285714285714286, "AUC": 0.760928445452255, "TP": 90, "TN": 90, "FP": 36, "FN": 36}}, "RF": {"valid": {"ACC": 0.7609561752988048, "F1_Score": 0.7500000000000001, "Recall": 0.7142857142857143, "Precision": 0.7894736842105263, "Cohen_Kappa": 0.5220868240670221, "AUC": 0.8368571428571429, "TP": 90, "TN": 101, "FP": 24, "FN": 36}, "test": {"ACC": 0.7380952380952381, "F1_Score": 0.7226890756302521, "Recall": 0.6825396825396826, "Precision": 0.7678571428571429, "Cohen_Kappa": 0.47619047619047616, "AUC": 0.8102481733434115, "TP": 86, "TN": 100, "FP": 26, "FN": 40}}, "ADA": {"valid": {"ACC": 0.7370517928286853, "F1_Score": 0.7380952380952381, "Recall": 0.7380952380952381, "Precision": 0.7380952380952381, "Cohen_Kappa": 0.4740952380952381, "AUC": 0.807111111111111, "TP": 93, "TN": 92, "FP": 33, "FN": 33}, "test": {"ACC": 0.6865079365079365, "F1_Score": 0.6721991701244814, "Recall": 0.6428571428571429, "Precision": 0.7043478260869566, "Cohen_Kappa": 0.373015873015873, "AUC": 0.7207105064247922, "TP": 81, "TN": 92, "FP": 34, "FN": 45}}, "XGB": {"valid": {"ACC": 0.7330677290836654, "F1_Score": 0.7351778656126482, "Recall": 0.7380952380952381, "Precision": 0.7322834645669292, "Cohen_Kappa": 0.4661100352392139, "AUC": 0.8277460317460319, "TP": 93, "TN": 91, "FP": 34, "FN": 33}, "test": {"ACC": 0.7579365079365079, "F1_Score": 0.758893280632411, "Recall": 0.7619047619047619, "Precision": 0.7559055118110236, "Cohen_Kappa": 0.5158730158730158, "AUC": 0.8178382464096751, "TP": 96, "TN": 95, "FP": 31, "FN": 30}}, "MLP": {"valid": {"ACC": 0.7171314741035857, "F1_Score": 0.7102040816326531, "Recall": 0.6904761904761905, "Precision": 0.7310924369747899, "Cohen_Kappa": 0.43437966166248776, "AUC": 0.8060317460317461, "TP": 87, "TN": 93, "FP": 32, "FN": 39}, "test": {"ACC": 0.7182539682539683, "F1_Score": 0.7125506072874493, "Recall": 0.6984126984126984, "Precision": 0.7272727272727273, "Cohen_Kappa": 0.4365079365079365, "AUC": 0.7838246409674982, "TP": 88, "TN": 93, "FP": 33, "FN": 38}}, "LR": {"valid": {"ACC": 0.7649402390438247, "F1_Score": 0.7686274509803923, "Recall": 0.7777777777777778, "Precision": 0.7596899224806202, "Cohen_Kappa": 0.5298282376099311, "AUC": 0.8402539682539684, "TP": 98, "TN": 94, "FP": 31, "FN": 28}, "test": {"ACC": 0.746031746031746, "F1_Score": 0.7419354838709677, "Recall": 0.7301587301587301, "Precision": 0.7540983606557377, "Cohen_Kappa": 0.4920634920634921, "AUC": 0.8092718568909045, "TP": 92, "TN": 96, "FP": 30, "FN": 34}}, "ETAs": {"valid": {"ACC": 0.7569721115537849, "F1_Score": 0.7426160337552742, "Recall": 0.6984126984126984, "Precision": 0.7927927927927928, "Cohen_Kappa": 0.5141678565762335, "AUC": 0.8416825396825396, "TP": 88, "TN": 102, "FP": 23, "FN": 38}, "test": {"ACC": 0.75, "F1_Score": 0.7449392712550607, "Recall": 0.7301587301587301, "Precision": 0.7603305785123967, "Cohen_Kappa": 0.5, "AUC": 0.808673469387755, "TP": 92, "TN": 97, "FP": 29, "FN": 34}}, "CNB": {"valid": {"ACC": 0.7250996015936255, "F1_Score": 0.7396226415094339, "Recall": 0.7777777777777778, "Precision": 0.7050359712230215, "Cohen_Kappa": 0.4499634769905041, "AUC": 0.8073650793650794, "TP": 98, "TN": 84, "FP": 41, "FN": 28}, "test": {"ACC": 0.7142857142857143, "F1_Score": 0.7142857142857143, "Recall": 0.7142857142857143, "Precision": 0.7142857142857143, "Cohen_Kappa": 0.4285714285714286, "AUC": 0.760928445452255, "TP": 90, "TN": 90, "FP": 36, "FN": 36}}, "GB": {"valid": {"ACC": 0.7450199203187251, "F1_Score": 0.75, "Recall": 0.7619047619047619, "Precision": 0.7384615384615385, "Cohen_Kappa": 0.4899669799339599, "AUC": 0.8197777777777777, "TP": 96, "TN": 91, "FP": 34, "FN": 30}, "test": {"ACC": 0.7063492063492064, "F1_Score": 0.704, "Recall": 0.6984126984126984, "Precision": 0.7096774193548387, "Cohen_Kappa": 0.4126984126984127, "AUC": 0.778565129755606, "TP": 88, "TN": 90, "FP": 36, "FN": 38}}, "BAG": {"valid": {"ACC": 0.7290836653386454, "F1_Score": 0.7322834645669293, "Recall": 0.7380952380952381, "Precision": 0.7265625, "Cohen_Kappa": 0.4581243253539907, "AUC": 0.8323174603174603, "TP": 93, "TN": 90, "FP": 35, "FN": 33}, "test": {"ACC": 0.7142857142857143, "F1_Score": 0.7073170731707318, "Recall": 0.6904761904761905, "Precision": 0.725, "Cohen_Kappa": 0.4285714285714286, "AUC": 0.7743764172335601, "TP": 87, "TN": 93, "FP": 33, "FN": 39}}, "QDA": {"valid": {"ACC": 0.5378486055776892, "F1_Score": 0.5944055944055944, "Recall": 0.6746031746031746, "Precision": 0.53125, "Cohen_Kappa": 0.07468378567342526, "AUC": 0.5373015873015874, "TP": 85, "TN": 50, "FP": 75, "FN": 41}, "test": {"ACC": 0.5595238095238095, "F1_Score": 0.6430868167202572, "Recall": 0.7936507936507936, "Precision": 0.5405405405405406, "Cohen_Kappa": 0.11904761904761907, "AUC": 0.5595238095238095, "TP": 100, "TN": 41, "FP": 85, "FN": 26}}, "SVC": {"valid": {"ACC": 0.7330677290836654, "F1_Score": 0.7452471482889734, "Recall": 0.7777777777777778, "Precision": 0.7153284671532847, "Cohen_Kappa": 0.4659404871542443, "AUC": 0.847873015873016, "TP": 98, "TN": 86, "FP": 39, "FN": 28}, "test": {"ACC": 0.7341269841269841, "F1_Score": 0.7413127413127414, "Recall": 0.7619047619047619, "Precision": 0.7218045112781954, "Cohen_Kappa": 0.46825396825396826, "AUC": 0.8167359536407156, "TP": 96, "TN": 89, "FP": 37, "FN": 30}}}