{"OVR": {"valid": {"ACC": 0.7424892703862661, "F1_Score": 0.7321428571428571, "Recall": 0.7008547008547008, "Precision": 0.7663551401869159, "Cohen_Kappa": 0.48515872431317664, "AUC": 0.8055555555555557, "TP": 82, "TN": 91, "FP": 25, "FN": 35}, "test": {"ACC": 0.7136752136752137, "F1_Score": 0.7148936170212766, "Recall": 0.717948717948718, "Precision": 0.711864406779661, "Cohen_Kappa": 0.4273504273504274, "AUC": 0.8064139089780116, "TP": 84, "TN": 83, "FP": 34, "FN": 33}}, "KNB": {"valid": {"ACC": 0.5622317596566524, "F1_Score": 0.3013698630136986, "Recall": 0.18803418803418803, "Precision": 0.7586206896551724, "Cohen_Kappa": 0.1272767332549941, "AUC": 0.6336575302092544, "TP": 22, "TN": 109, "FP": 7, "FN": 95}, "test": {"ACC": 0.594017094017094, "F1_Score": 0.3448275862068965, "Recall": 0.21367521367521367, "Precision": 0.8928571428571429, "Cohen_Kappa": 0.18803418803418803, "AUC": 0.6238585725765213, "TP": 25, "TN": 114, "FP": 3, "FN": 92}}, "DT": {"valid": {"ACC": 0.6566523605150214, "F1_Score": 0.6638655462184875, "Recall": 0.6752136752136753, "Precision": 0.6528925619834711, "Cohen_Kappa": 0.31319086219602066, "AUC": 0.656572354848217, "TP": 79, "TN": 74, "FP": 42, "FN": 38}, "test": {"ACC": 0.6666666666666666, "F1_Score": 0.6637931034482758, "Recall": 0.6581196581196581, "Precision": 0.6695652173913044, "Cohen_Kappa": 0.33333333333333337, "AUC": 0.6666666666666667, "TP": 77, "TN": 79, "FP": 38, "FN": 40}}, "MNB": {"valid": {"ACC": 0.6738197424892703, "F1_Score": 0.6885245901639344, "Recall": 0.717948717948718, "Precision": 0.6614173228346457, "Cohen_Kappa": 0.347387042087418, "AUC": 0.7263483642793988, "TP": 84, "TN": 73, "FP": 43, "FN": 33}, "test": {"ACC": 0.6965811965811965, "F1_Score": 0.6952789699570816, "Recall": 0.6923076923076923, "Precision": 0.6982758620689655, "Cohen_Kappa": 0.3931623931623932, "AUC": 0.7537073562714588, "TP": 81, "TN": 82, "FP": 35, "FN": 36}}, "RF": {"valid": {"ACC": 0.7167381974248928, "F1_Score": 0.6826923076923076, "Recall": 0.6068376068376068, "Precision": 0.7802197802197802, "Cohen_Kappa": 0.43400809716599187, "AUC": 0.7979295608605955, "TP": 71, "TN": 96, "FP": 20, "FN": 46}, "test": {"ACC": 0.7222222222222222, "F1_Score": 0.6976744186046512, "Recall": 0.6410256410256411, "Precision": 0.7653061224489796, "Cohen_Kappa": 0.4444444444444444, "AUC": 0.7923515231207539, "TP": 75, "TN": 94, "FP": 23, "FN": 42}}, "ADA": {"valid": {"ACC": 0.703862660944206, "F1_Score": 0.696035242290749, "Recall": 0.6752136752136753, "Precision": 0.7181818181818181, "Cohen_Kappa": 0.4078671135501455, "AUC": 0.7541629826112584, "TP": 79, "TN": 85, "FP": 31, "FN": 38}, "test": {"ACC": 0.6623931623931624, "F1_Score": 0.6457399103139014, "Recall": 0.6153846153846154, "Precision": 0.6792452830188679, "Cohen_Kappa": 0.32478632478632474, "AUC": 0.7301117685733071, "TP": 72, "TN": 83, "FP": 34, "FN": 45}}, "XGB": {"valid": {"ACC": 0.7167381974248928, "F1_Score": 0.7105263157894737, "Recall": 0.6923076923076923, "Precision": 0.7297297297297297, "Cohen_Kappa": 0.43359116022099453, "AUC": 0.8135131152372532, "TP": 81, "TN": 86, "FP": 30, "FN": 36}, "test": {"ACC": 0.7008547008547008, "F1_Score": 0.6982758620689655, "Recall": 0.6923076923076923, "Precision": 0.7043478260869566, "Cohen_Kappa": 0.4017094017094017, "AUC": 0.768061947549127, "TP": 81, "TN": 83, "FP": 34, "FN": 36}}, "MLP": {"valid": {"ACC": 0.7124463519313304, "F1_Score": 0.7074235807860262, "Recall": 0.6923076923076923, "Precision": 0.7232142857142857, "Cohen_Kappa": 0.4249880290250101, "AUC": 0.7607574417919246, "TP": 81, "TN": 85, "FP": 31, "FN": 36}, "test": {"ACC": 0.7094017094017094, "F1_Score": 0.7043478260869565, "Recall": 0.6923076923076923, "Precision": 0.7168141592920354, "Cohen_Kappa": 0.41880341880341876, "AUC": 0.7706917963328219, "TP": 81, "TN": 85, "FP": 32, "FN": 36}}, "LR": {"valid": {"ACC": 0.7424892703862661, "F1_Score": 0.7321428571428571, "Recall": 0.7008547008547008, "Precision": 0.7663551401869159, "Cohen_Kappa": 0.48515872431317664, "AUC": 0.8055555555555557, "TP": 82, "TN": 91, "FP": 25, "FN": 35}, "test": {"ACC": 0.7136752136752137, "F1_Score": 0.7148936170212766, "Recall": 0.717948717948718, "Precision": 0.711864406779661, "Cohen_Kappa": 0.4273504273504274, "AUC": 0.8064139089780116, "TP": 84, "TN": 83, "FP": 34, "FN": 33}}, "ETAs": {"valid": {"ACC": 0.7167381974248928, "F1_Score": 0.6915887850467289, "Recall": 0.6324786324786325, "Precision": 0.7628865979381443, "Cohen_Kappa": 0.4338830805477839, "AUC": 0.7873194812849986, "TP": 74, "TN": 93, "FP": 23, "FN": 43}, "test": {"ACC": 0.717948717948718, "F1_Score": 0.7027027027027027, "Recall": 0.6666666666666666, "Precision": 0.7428571428571429, "Cohen_Kappa": 0.4358974358974359, "AUC": 0.7797501643655489, "TP": 78, "TN": 90, "FP": 27, "FN": 39}}, "CNB": {"valid": {"ACC": 0.6738197424892703, "F1_Score": 0.6885245901639344, "Recall": 0.717948717948718, "Precision": 0.6614173228346457, "Cohen_Kappa": 0.347387042087418, "AUC": 0.7263483642793988, "TP": 84, "TN": 73, "FP": 43, "FN": 33}, "test": {"ACC": 0.6965811965811965, "F1_Score": 0.6952789699570816, "Recall": 0.6923076923076923, "Precision": 0.6982758620689655, "Cohen_Kappa": 0.3931623931623932, "AUC": 0.7537073562714588, "TP": 81, "TN": 82, "FP": 35, "FN": 36}}, "GB": {"valid": {"ACC": 0.7296137339055794, "F1_Score": 0.7123287671232877, "Recall": 0.6666666666666666, "Precision": 0.7647058823529411, "Cohen_Kappa": 0.4595161824809455, "AUC": 0.8055187150014737, "TP": 78, "TN": 92, "FP": 24, "FN": 39}, "test": {"ACC": 0.6923076923076923, "F1_Score": 0.6756756756756757, "Recall": 0.6410256410256411, "Precision": 0.7142857142857143, "Cohen_Kappa": 0.3846153846153846, "AUC": 0.758528745708233, "TP": 75, "TN": 87, "FP": 30, "FN": 42}}, "BAG": {"valid": {"ACC": 0.6952789699570815, "F1_Score": 0.6757990867579907, "Recall": 0.6324786324786325, "Precision": 0.7254901960784313, "Cohen_Kappa": 0.39088331676424015, "AUC": 0.7572944297082229, "TP": 74, "TN": 88, "FP": 28, "FN": 43}, "test": {"ACC": 0.7307692307692307, "F1_Score": 0.7042253521126761, "Recall": 0.6410256410256411, "Precision": 0.78125, "Cohen_Kappa": 0.46153846153846156, "AUC": 0.7734312221491708, "TP": 75, "TN": 96, "FP": 21, "FN": 42}}, "QDA": {"valid": {"ACC": 0.5450643776824035, "F1_Score": 0.22058823529411764, "Recall": 0.1282051282051282, "Precision": 0.7894736842105263, "Cohen_Kappa": 0.0933852140077821, "AUC": 0.5468611847922192, "TP": 15, "TN": 112, "FP": 4, "FN": 102}, "test": {"ACC": 0.5170940170940171, "F1_Score": 0.13740458015267173, "Recall": 0.07692307692307693, "Precision": 0.6428571428571429, "Cohen_Kappa": 0.03418803418803418, "AUC": 0.5170940170940171, "TP": 9, "TN": 112, "FP": 5, "FN": 108}}, "SVC": {"valid": {"ACC": 0.7253218884120172, "F1_Score": 0.7192982456140351, "Recall": 0.7008547008547008, "Precision": 0.7387387387387387, "Cohen_Kappa": 0.45075506445672187, "AUC": 0.8085764809902741, "TP": 82, "TN": 87, "FP": 29, "FN": 35}, "test": {"ACC": 0.7350427350427351, "F1_Score": 0.7280701754385965, "Recall": 0.7094017094017094, "Precision": 0.7477477477477478, "Cohen_Kappa": 0.4700854700854701, "AUC": 0.830082548031266, "TP": 83, "TN": 89, "FP": 28, "FN": 34}}}