{"OVR": {"valid": {"ACC": 0.6216216216216216, "F1_Score": 0.5820895522388059, "Recall": 0.527027027027027, "Precision": 0.65, "Cohen_Kappa": 0.2432432432432432, "AUC": 0.6594229364499634, "TP": 39, "TN": 53, "FP": 21, "FN": 35}, "test": {"ACC": 0.6241610738255033, "F1_Score": 0.611111111111111, "Recall": 0.5866666666666667, "Precision": 0.6376811594202898, "Cohen_Kappa": 0.24869439942373484, "AUC": 0.6317117117117117, "TP": 44, "TN": 49, "FP": 25, "FN": 31}}, "KNB": {"valid": {"ACC": 0.5945945945945946, "F1_Score": 0.5833333333333333, "Recall": 0.5675675675675675, "Precision": 0.6, "Cohen_Kappa": 0.18918918918918914, "AUC": 0.6365047479912345, "TP": 42, "TN": 46, "FP": 28, "FN": 32}, "test": {"ACC": 0.6241610738255033, "F1_Score": 0.6315789473684211, "Recall": 0.64, "Precision": 0.6233766233766234, "Cohen_Kappa": 0.24815282032798702, "AUC": 0.6586486486486487, "TP": 48, "TN": 45, "FP": 29, "FN": 27}}, "DT": {"valid": {"ACC": 0.5472972972972973, "F1_Score": 0.49624060150375937, "Recall": 0.44594594594594594, "Precision": 0.559322033898305, "Cohen_Kappa": 0.09459459459459463, "AUC": 0.5472972972972974, "TP": 33, "TN": 48, "FP": 26, "FN": 41}, "test": {"ACC": 0.6040268456375839, "F1_Score": 0.6193548387096774, "Recall": 0.64, "Precision": 0.6, "Cohen_Kappa": 0.20766110860748088, "AUC": 0.6037837837837838, "TP": 48, "TN": 42, "FP": 32, "FN": 27}}, "MNB": {"valid": {"ACC": 0.6283783783783784, "F1_Score": 0.6451612903225807, "Recall": 0.6756756756756757, "Precision": 0.6172839506172839, "Cohen_Kappa": 0.2567567567567568, "AUC": 0.6658144631117604, "TP": 50, "TN": 43, "FP": 31, "FN": 24}, "test": {"ACC": 0.6040268456375839, "F1_Score": 0.638036809815951, "Recall": 0.6933333333333334, "Precision": 0.5909090909090909, "Cohen_Kappa": 0.2070893839632001, "AUC": 0.6520720720720721, "TP": 52, "TN": 38, "FP": 36, "FN": 23}}, "RF": {"valid": {"ACC": 0.6486486486486487, "F1_Score": 0.5999999999999999, "Recall": 0.527027027027027, "Precision": 0.6964285714285714, "Cohen_Kappa": 0.29729729729729726, "AUC": 0.7057158509861212, "TP": 39, "TN": 57, "FP": 17, "FN": 35}, "test": {"ACC": 0.6442953020134228, "F1_Score": 0.6187050359712232, "Recall": 0.5733333333333334, "Precision": 0.671875, "Cohen_Kappa": 0.28926289262892624, "AUC": 0.6793693693693694, "TP": 43, "TN": 53, "FP": 21, "FN": 32}}, "ADA": {"valid": {"ACC": 0.6216216216216216, "F1_Score": 0.5757575757575758, "Recall": 0.5135135135135135, "Precision": 0.6551724137931034, "Cohen_Kappa": 0.2432432432432432, "AUC": 0.6538531775018261, "TP": 38, "TN": 54, "FP": 20, "FN": 36}, "test": {"ACC": 0.5906040268456376, "F1_Score": 0.5611510791366907, "Recall": 0.52, "Precision": 0.609375, "Cohen_Kappa": 0.18198181981819816, "AUC": 0.557027027027027, "TP": 39, "TN": 49, "FP": 25, "FN": 36}}, "XGB": {"valid": {"ACC": 0.5878378378378378, "F1_Score": 0.5611510791366906, "Recall": 0.527027027027027, "Precision": 0.6, "Cohen_Kappa": 0.17567567567567566, "AUC": 0.6683710737764791, "TP": 39, "TN": 48, "FP": 26, "FN": 35}, "test": {"ACC": 0.5503355704697986, "F1_Score": 0.5442176870748299, "Recall": 0.5333333333333333, "Precision": 0.5555555555555556, "Cohen_Kappa": 0.10087363775556157, "AUC": 0.5922522522522522, "TP": 40, "TN": 42, "FP": 32, "FN": 35}}, "MLP": {"valid": {"ACC": 0.6283783783783784, "F1_Score": 0.5985401459854015, "Recall": 0.5540540540540541, "Precision": 0.6507936507936508, "Cohen_Kappa": 0.2567567567567568, "AUC": 0.6407962016070122, "TP": 41, "TN": 52, "FP": 22, "FN": 33}, "test": {"ACC": 0.6241610738255033, "F1_Score": 0.6315789473684211, "Recall": 0.64, "Precision": 0.6233766233766234, "Cohen_Kappa": 0.24815282032798702, "AUC": 0.6349549549549549, "TP": 48, "TN": 45, "FP": 29, "FN": 27}}, "LR": {"valid": {"ACC": 0.6216216216216216, "F1_Score": 0.5820895522388059, "Recall": 0.527027027027027, "Precision": 0.65, "Cohen_Kappa": 0.2432432432432432, "AUC": 0.6594229364499634, "TP": 39, "TN": 53, "FP": 21, "FN": 35}, "test": {"ACC": 0.6241610738255033, "F1_Score": 0.611111111111111, "Recall": 0.5866666666666667, "Precision": 0.6376811594202898, "Cohen_Kappa": 0.24869439942373484, "AUC": 0.6317117117117117, "TP": 44, "TN": 49, "FP": 25, "FN": 31}}, "ETAs": {"valid": {"ACC": 0.6554054054054054, "F1_Score": 0.6165413533834587, "Recall": 0.5540540540540541, "Precision": 0.6949152542372882, "Cohen_Kappa": 0.31081081081081086, "AUC": 0.7277209642074507, "TP": 41, "TN": 56, "FP": 18, "FN": 33}, "test": {"ACC": 0.6442953020134228, "F1_Score": 0.6344827586206896, "Recall": 0.6133333333333333, "Precision": 0.6571428571428571, "Cohen_Kappa": 0.2888788833858623, "AUC": 0.685045045045045, "TP": 46, "TN": 50, "FP": 24, "FN": 29}}, "CNB": {"valid": {"ACC": 0.6283783783783784, "F1_Score": 0.6451612903225807, "Recall": 0.6756756756756757, "Precision": 0.6172839506172839, "Cohen_Kappa": 0.2567567567567568, "AUC": 0.6658144631117604, "TP": 50, "TN": 43, "FP": 31, "FN": 24}, "test": {"ACC": 0.6040268456375839, "F1_Score": 0.638036809815951, "Recall": 0.6933333333333334, "Precision": 0.5909090909090909, "Cohen_Kappa": 0.2070893839632001, "AUC": 0.6520720720720721, "TP": 52, "TN": 38, "FP": 36, "FN": 23}}, "GB": {"valid": {"ACC": 0.6418918918918919, "F1_Score": 0.6074074074074074, "Recall": 0.5540540540540541, "Precision": 0.6721311475409836, "Cohen_Kappa": 0.28378378378378377, "AUC": 0.6672753834915996, "TP": 41, "TN": 54, "FP": 20, "FN": 33}, "test": {"ACC": 0.5906040268456376, "F1_Score": 0.6013071895424836, "Recall": 0.6133333333333333, "Precision": 0.5897435897435898, "Cohen_Kappa": 0.18094980625394252, "AUC": 0.6172972972972972, "TP": 46, "TN": 42, "FP": 32, "FN": 29}}, "BAG": {"valid": {"ACC": 0.5945945945945946, "F1_Score": 0.5238095238095238, "Recall": 0.44594594594594594, "Precision": 0.6346153846153846, "Cohen_Kappa": 0.18918918918918914, "AUC": 0.6822498173849525, "TP": 33, "TN": 55, "FP": 19, "FN": 41}, "test": {"ACC": 0.610738255033557, "F1_Score": 0.6027397260273973, "Recall": 0.5866666666666667, "Precision": 0.6197183098591549, "Cohen_Kappa": 0.22172190201729114, "AUC": 0.6547747747747749, "TP": 44, "TN": 47, "FP": 27, "FN": 31}}, "QDA": {"valid": {"ACC": 0.5, "F1_Score": 0.0, "Recall": 0.0, "Precision": 0.0, "Cohen_Kappa": 0.0, "AUC": 0.5, "TP": 0, "TN": 74, "FP": 0, "FN": 74}, "test": {"ACC": 0.4966442953020134, "F1_Score": 0.0, "Recall": 0.0, "Precision": 0.0, "Cohen_Kappa": 0.0, "AUC": 0.5, "TP": 0, "TN": 74, "FP": 0, "FN": 75}}, "SVC": {"valid": {"ACC": 0.6283783783783784, "F1_Score": 0.5925925925925926, "Recall": 0.5405405405405406, "Precision": 0.6557377049180327, "Cohen_Kappa": 0.2567567567567568, "AUC": 0.7056245434623812, "TP": 40, "TN": 53, "FP": 21, "FN": 34}, "test": {"ACC": 0.6174496644295302, "F1_Score": 0.5899280575539567, "Recall": 0.5466666666666666, "Precision": 0.640625, "Cohen_Kappa": 0.2356223562235622, "AUC": 0.6654054054054054, "TP": 41, "TN": 51, "FP": 23, "FN": 34}}}