{"OVR": {"valid": {"ACC": 0.6653992395437263, "F1_Score": 0.6535433070866142, "Recall": 0.6335877862595419, "Precision": 0.6747967479674797, "Cohen_Kappa": 0.3306339657565941, "AUC": 0.674589405505436, "TP": 83, "TN": 92, "FP": 40, "FN": 48}, "test": {"ACC": 0.6425855513307985, "F1_Score": 0.6466165413533834, "Recall": 0.6515151515151515, "Precision": 0.6417910447761194, "Cohen_Kappa": 0.28511942629113407, "AUC": 0.6935577145500811, "TP": 86, "TN": 83, "FP": 48, "FN": 46}}, "KNB": {"valid": {"ACC": 0.5133079847908745, "F1_Score": 0.3333333333333333, "Recall": 0.24427480916030533, "Precision": 0.5245901639344263, "Cohen_Kappa": 0.024627687315292413, "AUC": 0.5441533657182511, "TP": 32, "TN": 103, "FP": 29, "FN": 99}, "test": {"ACC": 0.5361216730038023, "F1_Score": 0.35789473684210527, "Recall": 0.25757575757575757, "Precision": 0.5862068965517241, "Cohen_Kappa": 0.07421086040740965, "AUC": 0.5632084200786491, "TP": 34, "TN": 107, "FP": 24, "FN": 98}}, "DT": {"valid": {"ACC": 0.5931558935361216, "F1_Score": 0.5770750988142292, "Recall": 0.5572519083969466, "Precision": 0.5983606557377049, "Cohen_Kappa": 0.18608821402747644, "AUC": 0.5930198935924127, "TP": 73, "TN": 83, "FP": 49, "FN": 58}, "test": {"ACC": 0.596958174904943, "F1_Score": 0.5859375, "Recall": 0.5681818181818182, "Precision": 0.6048387096774194, "Cohen_Kappa": 0.19409111933395007, "AUC": 0.5970680083275504, "TP": 75, "TN": 82, "FP": 49, "FN": 57}}, "MNB": {"valid": {"ACC": 0.6577946768060836, "F1_Score": 0.6564885496183206, "Recall": 0.6564885496183206, "Precision": 0.6564885496183206, "Cohen_Kappa": 0.31557945870922965, "AUC": 0.7144344205412909, "TP": 86, "TN": 87, "FP": 45, "FN": 45}, "test": {"ACC": 0.6045627376425855, "F1_Score": 0.6119402985074627, "Recall": 0.6212121212121212, "Precision": 0.6029411764705882, "Cohen_Kappa": 0.20902255639097744, "AUC": 0.6803724265556327, "TP": 82, "TN": 77, "FP": 54, "FN": 50}}, "RF": {"valid": {"ACC": 0.6463878326996197, "F1_Score": 0.5974025974025975, "Recall": 0.5267175572519084, "Precision": 0.69, "Cohen_Kappa": 0.2921309292970219, "AUC": 0.7103863058061531, "TP": 69, "TN": 101, "FP": 31, "FN": 62}, "test": {"ACC": 0.6197718631178707, "F1_Score": 0.5798319327731092, "Recall": 0.5227272727272727, "Precision": 0.6509433962264151, "Cohen_Kappa": 0.24010401618029475, "AUC": 0.69529262086514, "TP": 69, "TN": 94, "FP": 37, "FN": 63}}, "ADA": {"valid": {"ACC": 0.6577946768060836, "F1_Score": 0.6370967741935484, "Recall": 0.6030534351145038, "Precision": 0.6752136752136753, "Cohen_Kappa": 0.3153022852183974, "AUC": 0.6919962988665279, "TP": 79, "TN": 94, "FP": 38, "FN": 52}, "test": {"ACC": 0.6121673003802282, "F1_Score": 0.5853658536585366, "Recall": 0.5454545454545454, "Precision": 0.631578947368421, "Cohen_Kappa": 0.2247268943991676, "AUC": 0.6585704371963913, "TP": 72, "TN": 89, "FP": 42, "FN": 60}}, "XGB": {"valid": {"ACC": 0.6387832699619772, "F1_Score": 0.6245059288537549, "Recall": 0.6030534351145038, "Precision": 0.6475409836065574, "Cohen_Kappa": 0.27736804049168473, "AUC": 0.7077839463335647, "TP": 79, "TN": 89, "FP": 43, "FN": 52}, "test": {"ACC": 0.623574144486692, "F1_Score": 0.6206896551724139, "Recall": 0.6136363636363636, "Precision": 0.627906976744186, "Cohen_Kappa": 0.24720270621909968, "AUC": 0.693615544760583, "TP": 81, "TN": 83, "FP": 48, "FN": 51}}, "MLP": {"valid": {"ACC": 0.6007604562737643, "F1_Score": 0.5849802371541502, "Recall": 0.5648854961832062, "Precision": 0.6065573770491803, "Cohen_Kappa": 0.2013015184381779, "AUC": 0.6434767522553781, "TP": 74, "TN": 84, "FP": 48, "FN": 57}, "test": {"ACC": 0.5931558935361216, "F1_Score": 0.6109090909090908, "Recall": 0.6363636363636364, "Precision": 0.5874125874125874, "Cohen_Kappa": 0.186041130361843, "AUC": 0.6461947721489706, "TP": 84, "TN": 72, "FP": 59, "FN": 48}}, "LR": {"valid": {"ACC": 0.6653992395437263, "F1_Score": 0.6535433070866142, "Recall": 0.6335877862595419, "Precision": 0.6747967479674797, "Cohen_Kappa": 0.3306339657565941, "AUC": 0.674589405505436, "TP": 83, "TN": 92, "FP": 40, "FN": 48}, "test": {"ACC": 0.6425855513307985, "F1_Score": 0.6466165413533834, "Recall": 0.6515151515151515, "Precision": 0.6417910447761194, "Cohen_Kappa": 0.28511942629113407, "AUC": 0.6935577145500811, "TP": 86, "TN": 83, "FP": 48, "FN": 46}}, "ETAs": {"valid": {"ACC": 0.6463878326996197, "F1_Score": 0.6075949367088608, "Recall": 0.549618320610687, "Precision": 0.6792452830188679, "Cohen_Kappa": 0.2922538267889695, "AUC": 0.7057020587554939, "TP": 72, "TN": 98, "FP": 34, "FN": 59}, "test": {"ACC": 0.6349809885931559, "F1_Score": 0.616, "Recall": 0.5833333333333334, "Precision": 0.652542372881356, "Cohen_Kappa": 0.27024683507717207, "AUC": 0.6962179042331714, "TP": 77, "TN": 90, "FP": 41, "FN": 55}}, "CNB": {"valid": {"ACC": 0.6577946768060836, "F1_Score": 0.6564885496183206, "Recall": 0.6564885496183206, "Precision": 0.6564885496183206, "Cohen_Kappa": 0.31557945870922965, "AUC": 0.7144344205412909, "TP": 86, "TN": 87, "FP": 45, "FN": 45}, "test": {"ACC": 0.6045627376425855, "F1_Score": 0.6119402985074627, "Recall": 0.6212121212121212, "Precision": 0.6029411764705882, "Cohen_Kappa": 0.20902255639097744, "AUC": 0.6803724265556327, "TP": 82, "TN": 77, "FP": 54, "FN": 50}}, "GB": {"valid": {"ACC": 0.6083650190114068, "F1_Score": 0.5761316872427984, "Recall": 0.5343511450381679, "Precision": 0.625, "Cohen_Kappa": 0.2162881527556778, "AUC": 0.7001792736525562, "TP": 70, "TN": 90, "FP": 42, "FN": 61}, "test": {"ACC": 0.6273764258555133, "F1_Score": 0.6048387096774194, "Recall": 0.5681818181818182, "Precision": 0.646551724137931, "Cohen_Kappa": 0.25508670520231214, "AUC": 0.7001214434420541, "TP": 75, "TN": 90, "FP": 41, "FN": 57}}, "BAG": {"valid": {"ACC": 0.6007604562737643, "F1_Score": 0.5679012345679012, "Recall": 0.5267175572519084, "Precision": 0.6160714285714286, "Cohen_Kappa": 0.20107044698394338, "AUC": 0.6766712930835068, "TP": 69, "TN": 89, "FP": 43, "FN": 62}, "test": {"ACC": 0.596958174904943, "F1_Score": 0.576, "Recall": 0.5454545454545454, "Precision": 0.6101694915254238, "Cohen_Kappa": 0.19423088039771086, "AUC": 0.6627342123525329, "TP": 72, "TN": 85, "FP": 46, "FN": 60}}, "QDA": {"valid": {"ACC": 0.4828897338403042, "F1_Score": 0.5641025641025641, "Recall": 0.6717557251908397, "Precision": 0.4861878453038674, "Cohen_Kappa": -0.03274239186926131, "AUC": 0.48360513532269256, "TP": 88, "TN": 39, "FP": 93, "FN": 43}, "test": {"ACC": 0.5285171102661597, "F1_Score": 0.6075949367088608, "Recall": 0.7272727272727273, "Precision": 0.5217391304347826, "Cohen_Kappa": 0.05560060233985864, "AUC": 0.5277585010409438, "TP": 96, "TN": 43, "FP": 88, "FN": 36}}, "SVC": {"valid": {"ACC": 0.6539923954372624, "F1_Score": 0.6345381526104418, "Recall": 0.6030534351145038, "Precision": 0.6694915254237288, "Cohen_Kappa": 0.30771455844493945, "AUC": 0.7301064075873237, "TP": 79, "TN": 93, "FP": 39, "FN": 52}, "test": {"ACC": 0.6539923954372624, "F1_Score": 0.6539923954372624, "Recall": 0.6515151515151515, "Precision": 0.6564885496183206, "Cohen_Kappa": 0.3079947954315455, "AUC": 0.7179042331714087, "TP": 86, "TN": 86, "FP": 45, "FN": 46}}}