{"OVR": {"valid": {"ACC": 0.7586206896551724, "F1_Score": 0.7682119205298013, "Recall": 0.8055555555555556, "Precision": 0.7341772151898734, "Cohen_Kappa": 0.5175396900846088, "AUC": 0.8430365296803654, "TP": 58, "TN": 52, "FP": 21, "FN": 14}, "test": {"ACC": 0.6758620689655173, "F1_Score": 0.6666666666666666, "Recall": 0.6438356164383562, "Precision": 0.6911764705882353, "Cohen_Kappa": 0.3520015213463916, "AUC": 0.7676940639269406, "TP": 47, "TN": 51, "FP": 21, "FN": 26}}, "KNB": {"valid": {"ACC": 0.6137931034482759, "F1_Score": 0.40425531914893614, "Recall": 0.2638888888888889, "Precision": 0.8636363636363636, "Cohen_Kappa": 0.22385777098069204, "AUC": 0.6958713850837139, "TP": 19, "TN": 70, "FP": 3, "FN": 53}, "test": {"ACC": 0.5724137931034483, "F1_Score": 0.31111111111111106, "Recall": 0.1917808219178082, "Precision": 0.8235294117647058, "Cohen_Kappa": 0.14931869795609387, "AUC": 0.674847792998478, "TP": 14, "TN": 69, "FP": 3, "FN": 59}}, "DT": {"valid": {"ACC": 0.7103448275862069, "F1_Score": 0.7083333333333334, "Recall": 0.7083333333333334, "Precision": 0.7083333333333334, "Cohen_Kappa": 0.420662100456621, "AUC": 0.7103310502283106, "TP": 51, "TN": 52, "FP": 21, "FN": 21}, "test": {"ACC": 0.6344827586206897, "F1_Score": 0.6293706293706294, "Recall": 0.6164383561643836, "Precision": 0.6428571428571429, "Cohen_Kappa": 0.26913932477413227, "AUC": 0.6346080669710806, "TP": 45, "TN": 47, "FP": 25, "FN": 28}}, "MNB": {"valid": {"ACC": 0.7655172413793103, "F1_Score": 0.7763157894736842, "Recall": 0.8194444444444444, "Precision": 0.7375, "Cohen_Kappa": 0.5313688212927756, "AUC": 0.8281012176560122, "TP": 59, "TN": 52, "FP": 21, "FN": 13}, "test": {"ACC": 0.6413793103448275, "F1_Score": 0.6486486486486486, "Recall": 0.6575342465753424, "Precision": 0.64, "Cohen_Kappa": 0.2825880114176974, "AUC": 0.718607305936073, "TP": 48, "TN": 45, "FP": 27, "FN": 25}}, "RF": {"valid": {"ACC": 0.7379310344827587, "F1_Score": 0.7205882352941176, "Recall": 0.6805555555555556, "Precision": 0.765625, "Cohen_Kappa": 0.4754379284082254, "AUC": 0.8459855403348554, "TP": 49, "TN": 58, "FP": 15, "FN": 23}, "test": {"ACC": 0.7172413793103448, "F1_Score": 0.6821705426356588, "Recall": 0.6027397260273972, "Precision": 0.7857142857142857, "Cohen_Kappa": 0.435368980909868, "AUC": 0.7785388127853882, "TP": 44, "TN": 60, "FP": 12, "FN": 29}}, "ADA": {"valid": {"ACC": 0.6482758620689655, "F1_Score": 0.6530612244897959, "Recall": 0.6666666666666666, "Precision": 0.64, "Cohen_Kappa": 0.29671897289586313, "AUC": 0.7079528158295282, "TP": 48, "TN": 46, "FP": 27, "FN": 24}, "test": {"ACC": 0.6275862068965518, "F1_Score": 0.6447368421052632, "Recall": 0.6712328767123288, "Precision": 0.620253164556962, "Cohen_Kappa": 0.2547115933752142, "AUC": 0.6934931506849314, "TP": 49, "TN": 42, "FP": 30, "FN": 24}}, "XGB": {"valid": {"ACC": 0.7517241379310344, "F1_Score": 0.7567567567567567, "Recall": 0.7777777777777778, "Precision": 0.7368421052631579, "Cohen_Kappa": 0.503613541270445, "AUC": 0.8013698630136986, "TP": 56, "TN": 53, "FP": 20, "FN": 16}, "test": {"ACC": 0.6758620689655173, "F1_Score": 0.6618705035971223, "Recall": 0.6301369863013698, "Precision": 0.696969696969697, "Cohen_Kappa": 0.352124726685046, "AUC": 0.7572298325722984, "TP": 46, "TN": 52, "FP": 20, "FN": 27}}, "MLP": {"valid": {"ACC": 0.7931034482758621, "F1_Score": 0.8, "Recall": 0.8333333333333334, "Precision": 0.7692307692307693, "Cohen_Kappa": 0.5864232743867654, "AUC": 0.8407534246575342, "TP": 60, "TN": 55, "FP": 18, "FN": 12}, "test": {"ACC": 0.6344827586206897, "F1_Score": 0.6074074074074075, "Recall": 0.5616438356164384, "Precision": 0.6612903225806451, "Cohen_Kappa": 0.2696949539104818, "AUC": 0.718607305936073, "TP": 41, "TN": 51, "FP": 21, "FN": 32}}, "LR": {"valid": {"ACC": 0.7586206896551724, "F1_Score": 0.7682119205298013, "Recall": 0.8055555555555556, "Precision": 0.7341772151898734, "Cohen_Kappa": 0.5175396900846088, "AUC": 0.8430365296803654, "TP": 58, "TN": 52, "FP": 21, "FN": 14}, "test": {"ACC": 0.6758620689655173, "F1_Score": 0.6666666666666666, "Recall": 0.6438356164383562, "Precision": 0.6911764705882353, "Cohen_Kappa": 0.3520015213463916, "AUC": 0.7676940639269406, "TP": 47, "TN": 51, "FP": 21, "FN": 26}}, "ETAs": {"valid": {"ACC": 0.7448275862068966, "F1_Score": 0.7338129496402879, "Recall": 0.7083333333333334, "Precision": 0.7611940298507462, "Cohen_Kappa": 0.4893880270295994, "AUC": 0.8434170471841704, "TP": 51, "TN": 57, "FP": 16, "FN": 21}, "test": {"ACC": 0.6758620689655173, "F1_Score": 0.6466165413533834, "Recall": 0.589041095890411, "Precision": 0.7166666666666667, "Cohen_Kappa": 0.3524940617577198, "AUC": 0.7656012176560122, "TP": 43, "TN": 55, "FP": 17, "FN": 30}}, "CNB": {"valid": {"ACC": 0.7655172413793103, "F1_Score": 0.7763157894736842, "Recall": 0.8194444444444444, "Precision": 0.7375, "Cohen_Kappa": 0.5313688212927756, "AUC": 0.8281012176560122, "TP": 59, "TN": 52, "FP": 21, "FN": 13}, "test": {"ACC": 0.6413793103448275, "F1_Score": 0.6486486486486486, "Recall": 0.6575342465753424, "Precision": 0.64, "Cohen_Kappa": 0.2825880114176974, "AUC": 0.718607305936073, "TP": 48, "TN": 45, "FP": 27, "FN": 25}}, "GB": {"valid": {"ACC": 0.696551724137931, "F1_Score": 0.6986301369863014, "Recall": 0.7083333333333334, "Precision": 0.6891891891891891, "Cohen_Kappa": 0.39319003233783534, "AUC": 0.8024162861491628, "TP": 51, "TN": 50, "FP": 23, "FN": 21}, "test": {"ACC": 0.6827586206896552, "F1_Score": 0.6891891891891893, "Recall": 0.6986301369863014, "Precision": 0.68, "Cohen_Kappa": 0.36536631779257844, "AUC": 0.7366818873668188, "TP": 51, "TN": 48, "FP": 24, "FN": 22}}, "BAG": {"valid": {"ACC": 0.6896551724137931, "F1_Score": 0.6808510638297872, "Recall": 0.6666666666666666, "Precision": 0.6956521739130435, "Cohen_Kappa": 0.3791036254638881, "AUC": 0.7595129375951293, "TP": 48, "TN": 52, "FP": 21, "FN": 24}, "test": {"ACC": 0.6344827586206897, "F1_Score": 0.6074074074074075, "Recall": 0.5616438356164384, "Precision": 0.6612903225806451, "Cohen_Kappa": 0.2696949539104818, "AUC": 0.680365296803653, "TP": 41, "TN": 51, "FP": 21, "FN": 32}}, "QDA": {"valid": {"ACC": 0.5103448275862069, "F1_Score": 0.0273972602739726, "Recall": 0.013888888888888888, "Precision": 1.0, "Cohen_Kappa": 0.013983334929604463, "AUC": 0.5069444444444444, "TP": 1, "TN": 73, "FP": 0, "FN": 71}, "test": {"ACC": 0.496551724137931, "F1_Score": 0.0, "Recall": 0.0, "Precision": 0.0, "Cohen_Kappa": 0.0, "AUC": 0.5, "TP": 0, "TN": 72, "FP": 0, "FN": 73}}, "SVC": {"valid": {"ACC": 0.7310344827586207, "F1_Score": 0.7450980392156864, "Recall": 0.7916666666666666, "Precision": 0.7037037037037037, "Cohen_Kappa": 0.4625035642999715, "AUC": 0.8544520547945206, "TP": 57, "TN": 49, "FP": 24, "FN": 15}, "test": {"ACC": 0.7241379310344828, "F1_Score": 0.7183098591549297, "Recall": 0.6986301369863014, "Precision": 0.7391304347826086, "Cohen_Kappa": 0.4484594903004945, "AUC": 0.8080289193302892, "TP": 51, "TN": 54, "FP": 18, "FN": 22}}}