{"OVR": {"valid": {"ACC": 0.7192982456140351, "F1_Score": 0.7037037037037038, "Recall": 0.6666666666666666, "Precision": 0.7450980392156863, "Cohen_Kappa": 0.4385964912280702, "AUC": 0.7965527854724531, "TP": 38, "TN": 44, "FP": 13, "FN": 19}, "test": {"ACC": 0.6666666666666666, "F1_Score": 0.6481481481481481, "Recall": 0.6140350877192983, "Precision": 0.6862745098039216, "Cohen_Kappa": 0.33333333333333337, "AUC": 0.7211449676823638, "TP": 35, "TN": 41, "FP": 16, "FN": 22}}, "KNB": {"valid": {"ACC": 0.543859649122807, "F1_Score": 0.23529411764705882, "Recall": 0.14035087719298245, "Precision": 0.7272727272727273, "Cohen_Kappa": 0.08771929824561409, "AUC": 0.6640504770698676, "TP": 8, "TN": 54, "FP": 3, "FN": 49}, "test": {"ACC": 0.5175438596491229, "F1_Score": 0.12698412698412698, "Recall": 0.07017543859649122, "Precision": 0.6666666666666666, "Cohen_Kappa": 0.03508771929824561, "AUC": 0.5710987996306556, "TP": 4, "TN": 55, "FP": 2, "FN": 53}}, "DT": {"valid": {"ACC": 0.6140350877192983, "F1_Score": 0.6, "Recall": 0.5789473684210527, "Precision": 0.6226415094339622, "Cohen_Kappa": 0.22807017543859653, "AUC": 0.6140350877192983, "TP": 33, "TN": 37, "FP": 20, "FN": 24}, "test": {"ACC": 0.6228070175438597, "F1_Score": 0.5981308411214953, "Recall": 0.5614035087719298, "Precision": 0.64, "Cohen_Kappa": 0.24561403508771928, "AUC": 0.6228070175438596, "TP": 32, "TN": 39, "FP": 18, "FN": 25}}, "MNB": {"valid": {"ACC": 0.7017543859649122, "F1_Score": 0.7017543859649122, "Recall": 0.7017543859649122, "Precision": 0.7017543859649122, "Cohen_Kappa": 0.4035087719298246, "AUC": 0.7383810403200985, "TP": 40, "TN": 40, "FP": 17, "FN": 17}, "test": {"ACC": 0.6403508771929824, "F1_Score": 0.6719999999999999, "Recall": 0.7368421052631579, "Precision": 0.6176470588235294, "Cohen_Kappa": 0.2807017543859649, "AUC": 0.7214527546937519, "TP": 42, "TN": 31, "FP": 26, "FN": 15}}, "RF": {"valid": {"ACC": 0.631578947368421, "F1_Score": 0.553191489361702, "Recall": 0.45614035087719296, "Precision": 0.7027027027027027, "Cohen_Kappa": 0.26315789473684215, "AUC": 0.7957833179439827, "TP": 26, "TN": 46, "FP": 11, "FN": 31}, "test": {"ACC": 0.6929824561403509, "F1_Score": 0.6534653465346535, "Recall": 0.5789473684210527, "Precision": 0.75, "Cohen_Kappa": 0.38596491228070173, "AUC": 0.7608494921514312, "TP": 33, "TN": 46, "FP": 11, "FN": 24}}, "ADA": {"valid": {"ACC": 0.6929824561403509, "F1_Score": 0.6601941747572816, "Recall": 0.5964912280701754, "Precision": 0.7391304347826086, "Cohen_Kappa": 0.38596491228070173, "AUC": 0.7459218220991074, "TP": 34, "TN": 45, "FP": 12, "FN": 23}, "test": {"ACC": 0.6140350877192983, "F1_Score": 0.5849056603773586, "Recall": 0.543859649122807, "Precision": 0.6326530612244898, "Cohen_Kappa": 0.22807017543859653, "AUC": 0.6963681132656203, "TP": 31, "TN": 39, "FP": 18, "FN": 26}}, "XGB": {"valid": {"ACC": 0.7719298245614035, "F1_Score": 0.7592592592592592, "Recall": 0.7192982456140351, "Precision": 0.803921568627451, "Cohen_Kappa": 0.543859649122807, "AUC": 0.8310249307479224, "TP": 41, "TN": 47, "FP": 10, "FN": 16}, "test": {"ACC": 0.6228070175438597, "F1_Score": 0.6324786324786326, "Recall": 0.6491228070175439, "Precision": 0.6166666666666667, "Cohen_Kappa": 0.24561403508771928, "AUC": 0.6989843028624192, "TP": 37, "TN": 34, "FP": 23, "FN": 20}}, "MLP": {"valid": {"ACC": 0.7105263157894737, "F1_Score": 0.6915887850467289, "Recall": 0.6491228070175439, "Precision": 0.74, "Cohen_Kappa": 0.42105263157894735, "AUC": 0.7349953831948293, "TP": 37, "TN": 44, "FP": 13, "FN": 20}, "test": {"ACC": 0.6666666666666666, "F1_Score": 0.6545454545454544, "Recall": 0.631578947368421, "Precision": 0.6792452830188679, "Cohen_Kappa": 0.33333333333333337, "AUC": 0.7002154509079717, "TP": 36, "TN": 40, "FP": 17, "FN": 21}}, "LR": {"valid": {"ACC": 0.7192982456140351, "F1_Score": 0.7037037037037038, "Recall": 0.6666666666666666, "Precision": 0.7450980392156863, "Cohen_Kappa": 0.4385964912280702, "AUC": 0.7965527854724531, "TP": 38, "TN": 44, "FP": 13, "FN": 19}, "test": {"ACC": 0.6666666666666666, "F1_Score": 0.6481481481481481, "Recall": 0.6140350877192983, "Precision": 0.6862745098039216, "Cohen_Kappa": 0.33333333333333337, "AUC": 0.7211449676823638, "TP": 35, "TN": 41, "FP": 16, "FN": 22}}, "ETAs": {"valid": {"ACC": 0.6666666666666666, "F1_Score": 0.6041666666666666, "Recall": 0.5087719298245614, "Precision": 0.7435897435897436, "Cohen_Kappa": 0.33333333333333337, "AUC": 0.8005540166204986, "TP": 29, "TN": 47, "FP": 10, "FN": 28}, "test": {"ACC": 0.6578947368421053, "F1_Score": 0.613861386138614, "Recall": 0.543859649122807, "Precision": 0.7045454545454546, "Cohen_Kappa": 0.3157894736842105, "AUC": 0.7437673130193906, "TP": 31, "TN": 44, "FP": 13, "FN": 26}}, "CNB": {"valid": {"ACC": 0.7017543859649122, "F1_Score": 0.7017543859649122, "Recall": 0.7017543859649122, "Precision": 0.7017543859649122, "Cohen_Kappa": 0.4035087719298246, "AUC": 0.7383810403200985, "TP": 40, "TN": 40, "FP": 17, "FN": 17}, "test": {"ACC": 0.6403508771929824, "F1_Score": 0.6719999999999999, "Recall": 0.7368421052631579, "Precision": 0.6176470588235294, "Cohen_Kappa": 0.2807017543859649, "AUC": 0.7214527546937519, "TP": 42, "TN": 31, "FP": 26, "FN": 15}}, "GB": {"valid": {"ACC": 0.7368421052631579, "F1_Score": 0.7222222222222222, "Recall": 0.6842105263157895, "Precision": 0.7647058823529411, "Cohen_Kappa": 0.4736842105263158, "AUC": 0.8011695906432749, "TP": 39, "TN": 45, "FP": 12, "FN": 18}, "test": {"ACC": 0.7017543859649122, "F1_Score": 0.6851851851851852, "Recall": 0.6491228070175439, "Precision": 0.7254901960784313, "Cohen_Kappa": 0.4035087719298246, "AUC": 0.7608494921514313, "TP": 37, "TN": 43, "FP": 14, "FN": 20}}, "BAG": {"valid": {"ACC": 0.7017543859649122, "F1_Score": 0.6458333333333333, "Recall": 0.543859649122807, "Precision": 0.7948717948717948, "Cohen_Kappa": 0.4035087719298246, "AUC": 0.804093567251462, "TP": 31, "TN": 49, "FP": 8, "FN": 26}, "test": {"ACC": 0.6842105263157895, "F1_Score": 0.6538461538461539, "Recall": 0.5964912280701754, "Precision": 0.723404255319149, "Cohen_Kappa": 0.368421052631579, "AUC": 0.7309941520467836, "TP": 34, "TN": 44, "FP": 13, "FN": 23}}, "QDA": {"valid": {"ACC": 0.5, "F1_Score": 0.0, "Recall": 0.0, "Precision": 0.0, "Cohen_Kappa": 0.0, "AUC": 0.5, "TP": 0, "TN": 57, "FP": 0, "FN": 57}, "test": {"ACC": 0.5, "F1_Score": 0.0, "Recall": 0.0, "Precision": 0.0, "Cohen_Kappa": 0.0, "AUC": 0.5, "TP": 0, "TN": 57, "FP": 0, "FN": 57}}, "SVC": {"valid": {"ACC": 0.6842105263157895, "F1_Score": 0.6785714285714286, "Recall": 0.6666666666666666, "Precision": 0.6909090909090909, "Cohen_Kappa": 0.368421052631579, "AUC": 0.7848568790397046, "TP": 38, "TN": 40, "FP": 17, "FN": 19}, "test": {"ACC": 0.7280701754385965, "F1_Score": 0.7155963302752295, "Recall": 0.6842105263157895, "Precision": 0.75, "Cohen_Kappa": 0.45614035087719296, "AUC": 0.773160972606956, "TP": 39, "TN": 44, "FP": 13, "FN": 18}}}