{"OVR": {"valid": {"ACC": 0.6808510638297872, "F1_Score": 0.6666666666666666, "Recall": 0.6521739130434783, "Precision": 0.6818181818181818, "Cohen_Kappa": 0.3608340888485948, "AUC": 0.7499999999999999, "TP": 15, "TN": 17, "FP": 7, "FN": 8}, "test": {"ACC": 0.6808510638297872, "F1_Score": 0.6808510638297872, "Recall": 0.6666666666666666, "Precision": 0.6956521739130435, "Cohen_Kappa": 0.3619909502262444, "AUC": 0.7626811594202898, "TP": 16, "TN": 16, "FP": 7, "FN": 8}}, "KNB": {"valid": {"ACC": 0.723404255319149, "F1_Score": 0.6486486486486486, "Recall": 0.5217391304347826, "Precision": 0.8571428571428571, "Cohen_Kappa": 0.44200913242009143, "AUC": 0.8125000000000001, "TP": 12, "TN": 22, "FP": 2, "FN": 11}, "test": {"ACC": 0.6382978723404256, "F1_Score": 0.5853658536585366, "Recall": 0.5, "Precision": 0.7058823529411765, "Cohen_Kappa": 0.28082808280828087, "AUC": 0.7001811594202898, "TP": 12, "TN": 18, "FP": 5, "FN": 12}}, "DT": {"valid": {"ACC": 0.574468085106383, "F1_Score": 0.6, "Recall": 0.6521739130434783, "Precision": 0.5555555555555556, "Cohen_Kappa": 0.15162454873646203, "AUC": 0.5760869565217391, "TP": 15, "TN": 12, "FP": 12, "FN": 8}, "test": {"ACC": 0.7021276595744681, "F1_Score": 0.7199999999999999, "Recall": 0.75, "Precision": 0.6923076923076923, "Cohen_Kappa": 0.4029038112522686, "AUC": 0.7010869565217391, "TP": 18, "TN": 15, "FP": 8, "FN": 6}}, "MNB": {"valid": {"ACC": 0.6170212765957447, "F1_Score": 0.5714285714285715, "Recall": 0.5217391304347826, "Precision": 0.631578947368421, "Cohen_Kappa": 0.23090909090909095, "AUC": 0.677536231884058, "TP": 12, "TN": 17, "FP": 7, "FN": 11}, "test": {"ACC": 0.6808510638297872, "F1_Score": 0.6808510638297872, "Recall": 0.6666666666666666, "Precision": 0.6956521739130435, "Cohen_Kappa": 0.3619909502262444, "AUC": 0.75, "TP": 16, "TN": 16, "FP": 7, "FN": 8}}, "RF": {"valid": {"ACC": 0.7446808510638298, "F1_Score": 0.7391304347826085, "Recall": 0.7391304347826086, "Precision": 0.7391304347826086, "Cohen_Kappa": 0.48913043478260865, "AUC": 0.7672101449275361, "TP": 17, "TN": 18, "FP": 6, "FN": 6}, "test": {"ACC": 0.7021276595744681, "F1_Score": 0.6956521739130435, "Recall": 0.6666666666666666, "Precision": 0.7272727272727273, "Cohen_Kappa": 0.40506329113924044, "AUC": 0.7934782608695652, "TP": 16, "TN": 17, "FP": 6, "FN": 8}}, "ADA": {"valid": {"ACC": 0.6595744680851063, "F1_Score": 0.6521739130434783, "Recall": 0.6521739130434783, "Precision": 0.6521739130434783, "Cohen_Kappa": 0.3188405797101449, "AUC": 0.6666666666666666, "TP": 15, "TN": 16, "FP": 8, "FN": 8}, "test": {"ACC": 0.6382978723404256, "F1_Score": 0.6222222222222222, "Recall": 0.5833333333333334, "Precision": 0.6666666666666666, "Cohen_Kappa": 0.2782294489611562, "AUC": 0.6277173913043479, "TP": 14, "TN": 16, "FP": 7, "FN": 10}}, "XGB": {"valid": {"ACC": 0.6170212765957447, "F1_Score": 0.6086956521739131, "Recall": 0.6086956521739131, "Precision": 0.6086956521739131, "Cohen_Kappa": 0.23369565217391308, "AUC": 0.7028985507246377, "TP": 14, "TN": 15, "FP": 9, "FN": 9}, "test": {"ACC": 0.6595744680851063, "F1_Score": 0.6363636363636365, "Recall": 0.5833333333333334, "Precision": 0.7, "Cohen_Kappa": 0.3212996389891697, "AUC": 0.6938405797101449, "TP": 14, "TN": 17, "FP": 6, "FN": 10}}, "MLP": {"valid": {"ACC": 0.6382978723404256, "F1_Score": 0.5853658536585366, "Recall": 0.5217391304347826, "Precision": 0.6666666666666666, "Cohen_Kappa": 0.2729754322111011, "AUC": 0.6793478260869565, "TP": 12, "TN": 18, "FP": 6, "FN": 11}, "test": {"ACC": 0.6595744680851063, "F1_Score": 0.6363636363636365, "Recall": 0.5833333333333334, "Precision": 0.7, "Cohen_Kappa": 0.3212996389891697, "AUC": 0.7445652173913043, "TP": 14, "TN": 17, "FP": 6, "FN": 10}}, "LR": {"valid": {"ACC": 0.6808510638297872, "F1_Score": 0.6666666666666666, "Recall": 0.6521739130434783, "Precision": 0.6818181818181818, "Cohen_Kappa": 0.3608340888485948, "AUC": 0.7499999999999999, "TP": 15, "TN": 17, "FP": 7, "FN": 8}, "test": {"ACC": 0.6808510638297872, "F1_Score": 0.6808510638297872, "Recall": 0.6666666666666666, "Precision": 0.6956521739130435, "Cohen_Kappa": 0.3619909502262444, "AUC": 0.7626811594202898, "TP": 16, "TN": 16, "FP": 7, "FN": 8}}, "ETAs": {"valid": {"ACC": 0.723404255319149, "F1_Score": 0.711111111111111, "Recall": 0.6956521739130435, "Precision": 0.7272727272727273, "Cohen_Kappa": 0.44605621033544873, "AUC": 0.8106884057971014, "TP": 16, "TN": 18, "FP": 6, "FN": 7}, "test": {"ACC": 0.7021276595744681, "F1_Score": 0.6818181818181818, "Recall": 0.625, "Precision": 0.75, "Cohen_Kappa": 0.40613718411552346, "AUC": 0.7844202898550724, "TP": 15, "TN": 18, "FP": 5, "FN": 9}}, "CNB": {"valid": {"ACC": 0.6170212765957447, "F1_Score": 0.5714285714285715, "Recall": 0.5217391304347826, "Precision": 0.631578947368421, "Cohen_Kappa": 0.23090909090909095, "AUC": 0.677536231884058, "TP": 12, "TN": 17, "FP": 7, "FN": 11}, "test": {"ACC": 0.6808510638297872, "F1_Score": 0.6808510638297872, "Recall": 0.6666666666666666, "Precision": 0.6956521739130435, "Cohen_Kappa": 0.3619909502262444, "AUC": 0.75, "TP": 16, "TN": 16, "FP": 7, "FN": 8}}, "GB": {"valid": {"ACC": 0.7021276595744681, "F1_Score": 0.6956521739130435, "Recall": 0.6956521739130435, "Precision": 0.6956521739130435, "Cohen_Kappa": 0.40398550724637683, "AUC": 0.7617753623188405, "TP": 16, "TN": 17, "FP": 7, "FN": 7}, "test": {"ACC": 0.7021276595744681, "F1_Score": 0.7083333333333334, "Recall": 0.7083333333333334, "Precision": 0.7083333333333334, "Cohen_Kappa": 0.40398550724637683, "AUC": 0.7481884057971014, "TP": 17, "TN": 16, "FP": 7, "FN": 7}}, "BAG": {"valid": {"ACC": 0.7021276595744681, "F1_Score": 0.6956521739130435, "Recall": 0.6956521739130435, "Precision": 0.6956521739130435, "Cohen_Kappa": 0.40398550724637683, "AUC": 0.7445652173913042, "TP": 16, "TN": 17, "FP": 7, "FN": 7}, "test": {"ACC": 0.7446808510638298, "F1_Score": 0.7272727272727272, "Recall": 0.6666666666666666, "Precision": 0.8, "Cohen_Kappa": 0.49097472924187724, "AUC": 0.7744565217391304, "TP": 16, "TN": 19, "FP": 4, "FN": 8}}, "QDA": {"valid": {"ACC": 0.5106382978723404, "F1_Score": 0.0, "Recall": 0.0, "Precision": 0.0, "Cohen_Kappa": 0.0, "AUC": 0.5, "TP": 0, "TN": 24, "FP": 0, "FN": 23}, "test": {"ACC": 0.48936170212765956, "F1_Score": 0.0, "Recall": 0.0, "Precision": 0.0, "Cohen_Kappa": 0.0, "AUC": 0.5, "TP": 0, "TN": 23, "FP": 0, "FN": 24}}, "SVC": {"valid": {"ACC": 0.6595744680851063, "F1_Score": 0.6521739130434783, "Recall": 0.6521739130434783, "Precision": 0.6521739130434783, "Cohen_Kappa": 0.3188405797101449, "AUC": 0.7934782608695652, "TP": 15, "TN": 16, "FP": 8, "FN": 8}, "test": {"ACC": 0.723404255319149, "F1_Score": 0.7111111111111111, "Recall": 0.6666666666666666, "Precision": 0.7619047619047619, "Cohen_Kappa": 0.4480578139114725, "AUC": 0.7590579710144927, "TP": 16, "TN": 18, "FP": 5, "FN": 8}}}