{"OVR": {"valid": {"ACC": 0.7470238095238095, "F1_Score": 0.7492625368731564, "Recall": 0.7559523809523809, "Precision": 0.7426900584795322, "Cohen_Kappa": 0.49404761904761907, "AUC": 0.8386479591836735, "TP": 127, "TN": 124, "FP": 44, "FN": 41}, "test": {"ACC": 0.658753709198813, "F1_Score": 0.6607669616519173, "Recall": 0.6627218934911243, "Precision": 0.6588235294117647, "Cohen_Kappa": 0.317489389429935, "AUC": 0.7319315300084532, "TP": 112, "TN": 110, "FP": 58, "FN": 57}}, "KNB": {"valid": {"ACC": 0.6845238095238095, "F1_Score": 0.6466666666666666, "Recall": 0.5773809523809523, "Precision": 0.7348484848484849, "Cohen_Kappa": 0.36904761904761907, "AUC": 0.7535253684807256, "TP": 97, "TN": 133, "FP": 35, "FN": 71}, "test": {"ACC": 0.6023738872403561, "F1_Score": 0.5592105263157895, "Recall": 0.5029585798816568, "Precision": 0.6296296296296297, "Cohen_Kappa": 0.20521665669330147, "AUC": 0.6318153000845308, "TP": 85, "TN": 118, "FP": 50, "FN": 84}}, "DT": {"valid": {"ACC": 0.6547619047619048, "F1_Score": 0.6568047337278107, "Recall": 0.6607142857142857, "Precision": 0.6529411764705882, "Cohen_Kappa": 0.30952380952380953, "AUC": 0.6547619047619047, "TP": 111, "TN": 109, "FP": 59, "FN": 57}, "test": {"ACC": 0.6201780415430267, "F1_Score": 0.6235294117647059, "Recall": 0.6272189349112426, "Precision": 0.6198830409356725, "Cohen_Kappa": 0.24032263745553173, "AUC": 0.6201570865032404, "TP": 106, "TN": 103, "FP": 65, "FN": 63}}, "MNB": {"valid": {"ACC": 0.7113095238095238, "F1_Score": 0.7440633245382586, "Recall": 0.8392857142857143, "Precision": 0.6682464454976303, "Cohen_Kappa": 0.42261904761904767, "AUC": 0.7989654195011339, "TP": 141, "TN": 98, "FP": 70, "FN": 27}, "test": {"ACC": 0.6617210682492581, "F1_Score": 0.6984126984126984, "Recall": 0.7810650887573964, "Precision": 0.631578947368421, "Cohen_Kappa": 0.32295925560411676, "AUC": 0.7339567483798253, "TP": 132, "TN": 91, "FP": 77, "FN": 37}}, "RF": {"valid": {"ACC": 0.7321428571428571, "F1_Score": 0.7289156626506024, "Recall": 0.7202380952380952, "Precision": 0.7378048780487805, "Cohen_Kappa": 0.4642857142857143, "AUC": 0.8242630385487529, "TP": 121, "TN": 125, "FP": 43, "FN": 47}, "test": {"ACC": 0.7002967359050445, "F1_Score": 0.7020648967551623, "Recall": 0.7041420118343196, "Precision": 0.7, "Cohen_Kappa": 0.4005776376732473, "AUC": 0.7479747816286277, "TP": 119, "TN": 117, "FP": 51, "FN": 50}}, "ADA": {"valid": {"ACC": 0.6815476190476191, "F1_Score": 0.6537216828478964, "Recall": 0.6011904761904762, "Precision": 0.7163120567375887, "Cohen_Kappa": 0.36309523809523814, "AUC": 0.7771045918367347, "TP": 101, "TN": 128, "FP": 40, "FN": 67}, "test": {"ACC": 0.6023738872403561, "F1_Score": 0.5705128205128206, "Recall": 0.5266272189349113, "Precision": 0.6223776223776224, "Cohen_Kappa": 0.20510473508185179, "AUC": 0.6833791208791209, "TP": 89, "TN": 114, "FP": 54, "FN": 80}}, "XGB": {"valid": {"ACC": 0.7172619047619048, "F1_Score": 0.7129909365558913, "Recall": 0.7023809523809523, "Precision": 0.7239263803680982, "Cohen_Kappa": 0.43452380952380953, "AUC": 0.8048115079365079, "TP": 118, "TN": 123, "FP": 45, "FN": 50}, "test": {"ACC": 0.6646884272997032, "F1_Score": 0.6686217008797654, "Recall": 0.6745562130177515, "Precision": 0.6627906976744186, "Cohen_Kappa": 0.32933551716243115, "AUC": 0.7349957734573118, "TP": 114, "TN": 110, "FP": 58, "FN": 55}}, "MLP": {"valid": {"ACC": 0.7559523809523809, "F1_Score": 0.7515151515151515, "Recall": 0.7380952380952381, "Precision": 0.7654320987654321, "Cohen_Kappa": 0.5119047619047619, "AUC": 0.8191964285714285, "TP": 124, "TN": 130, "FP": 38, "FN": 44}, "test": {"ACC": 0.629080118694362, "F1_Score": 0.6312684365781711, "Recall": 0.6331360946745562, "Precision": 0.6294117647058823, "Cohen_Kappa": 0.258140640684712, "AUC": 0.7195688926458157, "TP": 107, "TN": 105, "FP": 63, "FN": 62}}, "LR": {"valid": {"ACC": 0.7470238095238095, "F1_Score": 0.7492625368731564, "Recall": 0.7559523809523809, "Precision": 0.7426900584795322, "Cohen_Kappa": 0.49404761904761907, "AUC": 0.8386479591836735, "TP": 127, "TN": 124, "FP": 44, "FN": 41}, "test": {"ACC": 0.658753709198813, "F1_Score": 0.6607669616519173, "Recall": 0.6627218934911243, "Precision": 0.6588235294117647, "Cohen_Kappa": 0.317489389429935, "AUC": 0.7319315300084532, "TP": 112, "TN": 110, "FP": 58, "FN": 57}}, "ETAs": {"valid": {"ACC": 0.7232142857142857, "F1_Score": 0.7138461538461538, "Recall": 0.6904761904761905, "Precision": 0.7388535031847133, "Cohen_Kappa": 0.4464285714285714, "AUC": 0.8253613945578231, "TP": 116, "TN": 127, "FP": 41, "FN": 52}, "test": {"ACC": 0.6676557863501483, "F1_Score": 0.6705882352941176, "Recall": 0.6745562130177515, "Precision": 0.6666666666666666, "Cohen_Kappa": 0.33528230777359025, "AUC": 0.7541913214990139, "TP": 114, "TN": 111, "FP": 57, "FN": 55}}, "CNB": {"valid": {"ACC": 0.7113095238095238, "F1_Score": 0.7440633245382586, "Recall": 0.8392857142857143, "Precision": 0.6682464454976303, "Cohen_Kappa": 0.42261904761904767, "AUC": 0.7989654195011339, "TP": 141, "TN": 98, "FP": 70, "FN": 27}, "test": {"ACC": 0.6617210682492581, "F1_Score": 0.6984126984126984, "Recall": 0.7810650887573964, "Precision": 0.631578947368421, "Cohen_Kappa": 0.32295925560411676, "AUC": 0.7339567483798253, "TP": 132, "TN": 91, "FP": 77, "FN": 37}}, "GB": {"valid": {"ACC": 0.6964285714285714, "F1_Score": 0.68125, "Recall": 0.6488095238095238, "Precision": 0.7171052631578947, "Cohen_Kappa": 0.3928571428571429, "AUC": 0.7818523242630385, "TP": 109, "TN": 125, "FP": 43, "FN": 59}, "test": {"ACC": 0.6379821958456974, "F1_Score": 0.6280487804878049, "Recall": 0.6094674556213018, "Precision": 0.6477987421383647, "Cohen_Kappa": 0.27608550198964676, "AUC": 0.6752078050154973, "TP": 103, "TN": 112, "FP": 56, "FN": 66}}, "BAG": {"valid": {"ACC": 0.6904761904761905, "F1_Score": 0.6486486486486486, "Recall": 0.5714285714285714, "Precision": 0.75, "Cohen_Kappa": 0.38095238095238093, "AUC": 0.7517715419501134, "TP": 96, "TN": 136, "FP": 32, "FN": 72}, "test": {"ACC": 0.6646884272997032, "F1_Score": 0.6435331230283913, "Recall": 0.6035502958579881, "Precision": 0.6891891891891891, "Cohen_Kappa": 0.32961887157820613, "AUC": 0.711239081431389, "TP": 102, "TN": 122, "FP": 46, "FN": 67}}, "QDA": {"valid": {"ACC": 0.5565476190476191, "F1_Score": 0.5917808219178082, "Recall": 0.6428571428571429, "Precision": 0.5482233502538071, "Cohen_Kappa": 0.11309523809523814, "AUC": 0.5565476190476191, "TP": 108, "TN": 79, "FP": 89, "FN": 60}, "test": {"ACC": 0.5548961424332344, "F1_Score": 0.5923913043478262, "Recall": 0.6449704142011834, "Precision": 0.5477386934673367, "Cohen_Kappa": 0.10931388095993233, "AUC": 0.5546280642434489, "TP": 109, "TN": 78, "FP": 90, "FN": 60}}, "SVC": {"valid": {"ACC": 0.7410714285714286, "F1_Score": 0.7402985074626864, "Recall": 0.7380952380952381, "Precision": 0.7425149700598802, "Cohen_Kappa": 0.4821428571428571, "AUC": 0.8314200680272109, "TP": 124, "TN": 125, "FP": 43, "FN": 44}, "test": {"ACC": 0.6765578635014837, "F1_Score": 0.6803519061583578, "Recall": 0.6863905325443787, "Precision": 0.6744186046511628, "Cohen_Kappa": 0.3530758528380973, "AUC": 0.7525007044237813, "TP": 116, "TN": 112, "FP": 56, "FN": 53}}}