{"OVR": {"valid": {"ACC": 0.7105263157894737, "F1_Score": 0.7027027027027027, "Recall": 0.6842105263157895, "Precision": 0.7222222222222222, "Cohen_Kappa": 0.42105263157894735, "AUC": 0.8017851646660511, "TP": 39, "TN": 42, "FP": 15, "FN": 18}, "test": {"ACC": 0.6403508771929824, "F1_Score": 0.6306306306306307, "Recall": 0.6140350877192983, "Precision": 0.6481481481481481, "Cohen_Kappa": 0.2807017543859649, "AUC": 0.706063404124346, "TP": 35, "TN": 38, "FP": 19, "FN": 22}}, "KNB": {"valid": {"ACC": 0.5964912280701754, "F1_Score": 0.425, "Recall": 0.2982456140350877, "Precision": 0.7391304347826086, "Cohen_Kappa": 0.19298245614035092, "AUC": 0.6763619575253925, "TP": 17, "TN": 51, "FP": 6, "FN": 40}, "test": {"ACC": 0.5789473684210527, "F1_Score": 0.3333333333333333, "Recall": 0.21052631578947367, "Precision": 0.8, "Cohen_Kappa": 0.1578947368421053, "AUC": 0.7134502923976608, "TP": 12, "TN": 54, "FP": 3, "FN": 45}}, "DT": {"valid": {"ACC": 0.6228070175438597, "F1_Score": 0.5904761904761905, "Recall": 0.543859649122807, "Precision": 0.6458333333333334, "Cohen_Kappa": 0.24561403508771928, "AUC": 0.6228070175438596, "TP": 31, "TN": 40, "FP": 17, "FN": 26}, "test": {"ACC": 0.5701754385964912, "F1_Score": 0.5420560747663552, "Recall": 0.5087719298245614, "Precision": 0.58, "Cohen_Kappa": 0.14035087719298245, "AUC": 0.5701754385964912, "TP": 29, "TN": 36, "FP": 21, "FN": 28}}, "MNB": {"valid": {"ACC": 0.6754385964912281, "F1_Score": 0.7131782945736433, "Recall": 0.8070175438596491, "Precision": 0.6388888888888888, "Cohen_Kappa": 0.3508771929824561, "AUC": 0.7820867959372114, "TP": 46, "TN": 31, "FP": 26, "FN": 11}, "test": {"ACC": 0.6140350877192983, "F1_Score": 0.6666666666666666, "Recall": 0.7719298245614035, "Precision": 0.5866666666666667, "Cohen_Kappa": 0.22807017543859653, "AUC": 0.7331486611265005, "TP": 44, "TN": 26, "FP": 31, "FN": 13}}, "RF": {"valid": {"ACC": 0.6842105263157895, "F1_Score": 0.6399999999999999, "Recall": 0.5614035087719298, "Precision": 0.7441860465116279, "Cohen_Kappa": 0.368421052631579, "AUC": 0.8131732840874115, "TP": 32, "TN": 46, "FP": 11, "FN": 25}, "test": {"ACC": 0.6754385964912281, "F1_Score": 0.6185567010309279, "Recall": 0.5263157894736842, "Precision": 0.75, "Cohen_Kappa": 0.3508771929824561, "AUC": 0.7400738688827332, "TP": 30, "TN": 47, "FP": 10, "FN": 27}}, "ADA": {"valid": {"ACC": 0.6754385964912281, "F1_Score": 0.6666666666666666, "Recall": 0.6491228070175439, "Precision": 0.6851851851851852, "Cohen_Kappa": 0.3508771929824561, "AUC": 0.7072945521698984, "TP": 37, "TN": 40, "FP": 17, "FN": 20}, "test": {"ACC": 0.631578947368421, "F1_Score": 0.6379310344827587, "Recall": 0.6491228070175439, "Precision": 0.6271186440677966, "Cohen_Kappa": 0.26315789473684215, "AUC": 0.6600492459218221, "TP": 37, "TN": 35, "FP": 22, "FN": 20}}, "XGB": {"valid": {"ACC": 0.7368421052631579, "F1_Score": 0.7222222222222222, "Recall": 0.6842105263157895, "Precision": 0.7647058823529411, "Cohen_Kappa": 0.4736842105263158, "AUC": 0.8408741151123423, "TP": 39, "TN": 45, "FP": 12, "FN": 18}, "test": {"ACC": 0.6140350877192983, "F1_Score": 0.6140350877192983, "Recall": 0.6140350877192983, "Precision": 0.6140350877192983, "Cohen_Kappa": 0.22807017543859653, "AUC": 0.6537396121883656, "TP": 35, "TN": 35, "FP": 22, "FN": 22}}, "MLP": {"valid": {"ACC": 0.7017543859649122, "F1_Score": 0.7017543859649122, "Recall": 0.7017543859649122, "Precision": 0.7017543859649122, "Cohen_Kappa": 0.4035087719298246, "AUC": 0.7525392428439519, "TP": 40, "TN": 40, "FP": 17, "FN": 17}, "test": {"ACC": 0.6929824561403509, "F1_Score": 0.6846846846846847, "Recall": 0.6666666666666666, "Precision": 0.7037037037037037, "Cohen_Kappa": 0.38596491228070173, "AUC": 0.7057556171129579, "TP": 38, "TN": 41, "FP": 16, "FN": 19}}, "LR": {"valid": {"ACC": 0.7105263157894737, "F1_Score": 0.7027027027027027, "Recall": 0.6842105263157895, "Precision": 0.7222222222222222, "Cohen_Kappa": 0.42105263157894735, "AUC": 0.8017851646660511, "TP": 39, "TN": 42, "FP": 15, "FN": 18}, "test": {"ACC": 0.6403508771929824, "F1_Score": 0.6306306306306307, "Recall": 0.6140350877192983, "Precision": 0.6481481481481481, "Cohen_Kappa": 0.2807017543859649, "AUC": 0.706063404124346, "TP": 35, "TN": 38, "FP": 19, "FN": 22}}, "ETAs": {"valid": {"ACC": 0.6929824561403509, "F1_Score": 0.6534653465346535, "Recall": 0.5789473684210527, "Precision": 0.75, "Cohen_Kappa": 0.38596491228070173, "AUC": 0.8190212373037857, "TP": 33, "TN": 46, "FP": 11, "FN": 24}, "test": {"ACC": 0.6578947368421053, "F1_Score": 0.6213592233009708, "Recall": 0.5614035087719298, "Precision": 0.6956521739130435, "Cohen_Kappa": 0.3157894736842105, "AUC": 0.7217605417051399, "TP": 32, "TN": 43, "FP": 14, "FN": 25}}, "CNB": {"valid": {"ACC": 0.6754385964912281, "F1_Score": 0.7131782945736433, "Recall": 0.8070175438596491, "Precision": 0.6388888888888888, "Cohen_Kappa": 0.3508771929824561, "AUC": 0.7820867959372114, "TP": 46, "TN": 31, "FP": 26, "FN": 11}, "test": {"ACC": 0.6140350877192983, "F1_Score": 0.6666666666666666, "Recall": 0.7719298245614035, "Precision": 0.5866666666666667, "Cohen_Kappa": 0.22807017543859653, "AUC": 0.7331486611265005, "TP": 44, "TN": 26, "FP": 31, "FN": 13}}, "GB": {"valid": {"ACC": 0.7456140350877193, "F1_Score": 0.7339449541284404, "Recall": 0.7017543859649122, "Precision": 0.7692307692307693, "Cohen_Kappa": 0.49122807017543857, "AUC": 0.796552785472453, "TP": 40, "TN": 45, "FP": 12, "FN": 17}, "test": {"ACC": 0.7017543859649122, "F1_Score": 0.6909090909090909, "Recall": 0.6666666666666666, "Precision": 0.7169811320754716, "Cohen_Kappa": 0.4035087719298246, "AUC": 0.7409972299168974, "TP": 38, "TN": 42, "FP": 15, "FN": 19}}, "BAG": {"valid": {"ACC": 0.6842105263157895, "F1_Score": 0.6326530612244897, "Recall": 0.543859649122807, "Precision": 0.7560975609756098, "Cohen_Kappa": 0.368421052631579, "AUC": 0.806863650353955, "TP": 31, "TN": 47, "FP": 10, "FN": 26}, "test": {"ACC": 0.631578947368421, "F1_Score": 0.5882352941176471, "Recall": 0.5263157894736842, "Precision": 0.6666666666666666, "Cohen_Kappa": 0.26315789473684215, "AUC": 0.6891351184979995, "TP": 30, "TN": 42, "FP": 15, "FN": 27}}, "QDA": {"valid": {"ACC": 0.5, "F1_Score": 0.0, "Recall": 0.0, "Precision": 0.0, "Cohen_Kappa": 0.0, "AUC": 0.5, "TP": 0, "TN": 57, "FP": 0, "FN": 57}, "test": {"ACC": 0.5, "F1_Score": 0.0, "Recall": 0.0, "Precision": 0.0, "Cohen_Kappa": 0.0, "AUC": 0.5, "TP": 0, "TN": 57, "FP": 0, "FN": 57}}, "SVC": {"valid": {"ACC": 0.7192982456140351, "F1_Score": 0.7192982456140351, "Recall": 0.7192982456140351, "Precision": 0.7192982456140351, "Cohen_Kappa": 0.4385964912280702, "AUC": 0.7983995075407818, "TP": 41, "TN": 41, "FP": 16, "FN": 16}, "test": {"ACC": 0.7017543859649122, "F1_Score": 0.6851851851851852, "Recall": 0.6491228070175439, "Precision": 0.7254901960784313, "Cohen_Kappa": 0.4035087719298246, "AUC": 0.7717759310557095, "TP": 37, "TN": 43, "FP": 14, "FN": 20}}}