{"OVR": {"valid": {"ACC": 0.7471264367816092, "F1_Score": 0.7380952380952381, "Recall": 0.7209302325581395, "Precision": 0.7560975609756098, "Cohen_Kappa": 0.49391856160761505, "AUC": 0.7970401691331923, "TP": 31, "TN": 34, "FP": 10, "FN": 12}, "test": {"ACC": 0.6206896551724138, "F1_Score": 0.5925925925925926, "Recall": 0.5454545454545454, "Precision": 0.6486486486486487, "Cohen_Kappa": 0.24268003165391716, "AUC": 0.7042811839323467, "TP": 24, "TN": 30, "FP": 13, "FN": 20}}, "KNB": {"valid": {"ACC": 0.5402298850574713, "F1_Score": 0.6825396825396826, "Recall": 1.0, "Precision": 0.5180722891566265, "Cohen_Kappa": 0.08995815899581583, "AUC": 0.6485200845665962, "TP": 43, "TN": 4, "FP": 40, "FN": 0}, "test": {"ACC": 0.5517241379310345, "F1_Score": 0.6929133858267718, "Recall": 1.0, "Precision": 0.5301204819277109, "Cohen_Kappa": 0.09399198931909225, "AUC": 0.6228858350951374, "TP": 44, "TN": 4, "FP": 39, "FN": 0}}, "DT": {"valid": {"ACC": 0.735632183908046, "F1_Score": 0.7228915662650603, "Recall": 0.6976744186046512, "Precision": 0.75, "Cohen_Kappa": 0.4707749272679186, "AUC": 0.7352008456659619, "TP": 30, "TN": 34, "FP": 10, "FN": 13}, "test": {"ACC": 0.5517241379310345, "F1_Score": 0.5714285714285714, "Recall": 0.5909090909090909, "Precision": 0.5531914893617021, "Cohen_Kappa": 0.10261835493255755, "AUC": 0.5512684989429175, "TP": 26, "TN": 22, "FP": 21, "FN": 18}}, "MNB": {"valid": {"ACC": 0.7126436781609196, "F1_Score": 0.7126436781609196, "Recall": 0.7209302325581395, "Precision": 0.7045454545454546, "Cohen_Kappa": 0.42536327608982827, "AUC": 0.8017970401691333, "TP": 31, "TN": 31, "FP": 13, "FN": 12}, "test": {"ACC": 0.6206896551724138, "F1_Score": 0.6206896551724139, "Recall": 0.6136363636363636, "Precision": 0.627906976744186, "Cohen_Kappa": 0.24147952443857335, "AUC": 0.7048097251585624, "TP": 27, "TN": 27, "FP": 16, "FN": 17}}, "RF": {"valid": {"ACC": 0.7471264367816092, "F1_Score": 0.7380952380952381, "Recall": 0.7209302325581395, "Precision": 0.7560975609756098, "Cohen_Kappa": 0.49391856160761505, "AUC": 0.7983615221987315, "TP": 31, "TN": 34, "FP": 10, "FN": 12}, "test": {"ACC": 0.6896551724137931, "F1_Score": 0.6582278481012659, "Recall": 0.5909090909090909, "Precision": 0.7428571428571429, "Cohen_Kappa": 0.3807012918534143, "AUC": 0.7484143763213531, "TP": 26, "TN": 34, "FP": 9, "FN": 18}}, "ADA": {"valid": {"ACC": 0.5632183908045977, "F1_Score": 0.5777777777777778, "Recall": 0.6046511627906976, "Precision": 0.5531914893617021, "Cohen_Kappa": 0.12724392819429775, "AUC": 0.6588266384778013, "TP": 26, "TN": 23, "FP": 21, "FN": 17}, "test": {"ACC": 0.6781609195402298, "F1_Score": 0.6666666666666666, "Recall": 0.6363636363636364, "Precision": 0.7, "Cohen_Kappa": 0.35691657866948256, "AUC": 0.6834038054968288, "TP": 28, "TN": 31, "FP": 12, "FN": 16}}, "XGB": {"valid": {"ACC": 0.7241379310344828, "F1_Score": 0.7142857142857143, "Recall": 0.6976744186046512, "Precision": 0.7317073170731707, "Cohen_Kappa": 0.44791115811739823, "AUC": 0.8054968287526427, "TP": 30, "TN": 33, "FP": 11, "FN": 13}, "test": {"ACC": 0.6896551724137931, "F1_Score": 0.6823529411764706, "Recall": 0.6590909090909091, "Precision": 0.7073170731707317, "Cohen_Kappa": 0.3797200950620544, "AUC": 0.7502642706131079, "TP": 29, "TN": 31, "FP": 12, "FN": 15}}, "MLP": {"valid": {"ACC": 0.7126436781609196, "F1_Score": 0.6987951807228916, "Recall": 0.6744186046511628, "Precision": 0.725, "Cohen_Kappa": 0.42475535572599843, "AUC": 0.775369978858351, "TP": 29, "TN": 33, "FP": 11, "FN": 14}, "test": {"ACC": 0.5977011494252874, "F1_Score": 0.5882352941176471, "Recall": 0.5681818181818182, "Precision": 0.6097560975609756, "Cohen_Kappa": 0.1959334565619224, "AUC": 0.663583509513742, "TP": 25, "TN": 27, "FP": 16, "FN": 19}}, "LR": {"valid": {"ACC": 0.7471264367816092, "F1_Score": 0.7380952380952381, "Recall": 0.7209302325581395, "Precision": 0.7560975609756098, "Cohen_Kappa": 0.49391856160761505, "AUC": 0.7970401691331923, "TP": 31, "TN": 34, "FP": 10, "FN": 12}, "test": {"ACC": 0.6206896551724138, "F1_Score": 0.5925925925925926, "Recall": 0.5454545454545454, "Precision": 0.6486486486486487, "Cohen_Kappa": 0.24268003165391716, "AUC": 0.7042811839323467, "TP": 24, "TN": 30, "FP": 13, "FN": 20}}, "ETAs": {"valid": {"ACC": 0.7816091954022989, "F1_Score": 0.7764705882352941, "Recall": 0.7674418604651163, "Precision": 0.7857142857142857, "Cohen_Kappa": 0.56304520222046, "AUC": 0.8121035940803382, "TP": 33, "TN": 35, "FP": 9, "FN": 10}, "test": {"ACC": 0.6781609195402298, "F1_Score": 0.65, "Recall": 0.5909090909090909, "Precision": 0.7222222222222222, "Cohen_Kappa": 0.3575949367088608, "AUC": 0.7552854122621565, "TP": 26, "TN": 33, "FP": 10, "FN": 18}}, "CNB": {"valid": {"ACC": 0.7126436781609196, "F1_Score": 0.7126436781609196, "Recall": 0.7209302325581395, "Precision": 0.7045454545454546, "Cohen_Kappa": 0.42536327608982827, "AUC": 0.8017970401691333, "TP": 31, "TN": 31, "FP": 13, "FN": 12}, "test": {"ACC": 0.6206896551724138, "F1_Score": 0.6206896551724139, "Recall": 0.6136363636363636, "Precision": 0.627906976744186, "Cohen_Kappa": 0.24147952443857335, "AUC": 0.7048097251585624, "TP": 27, "TN": 27, "FP": 16, "FN": 17}}, "GB": {"valid": {"ACC": 0.6896551724137931, "F1_Score": 0.6896551724137931, "Recall": 0.6976744186046512, "Precision": 0.6818181818181818, "Cohen_Kappa": 0.37939233817701457, "AUC": 0.7433932346723044, "TP": 30, "TN": 30, "FP": 14, "FN": 13}, "test": {"ACC": 0.6551724137931034, "F1_Score": 0.625, "Recall": 0.5681818181818182, "Precision": 0.6944444444444444, "Cohen_Kappa": 0.31170886075949367, "AUC": 0.7399577167019028, "TP": 25, "TN": 32, "FP": 11, "FN": 19}}, "BAG": {"valid": {"ACC": 0.6781609195402298, "F1_Score": 0.6666666666666667, "Recall": 0.6511627906976745, "Precision": 0.6829268292682927, "Cohen_Kappa": 0.3558963511369645, "AUC": 0.7526427061310781, "TP": 28, "TN": 31, "FP": 13, "FN": 15}, "test": {"ACC": 0.7011494252873564, "F1_Score": 0.6749999999999999, "Recall": 0.6136363636363636, "Precision": 0.75, "Cohen_Kappa": 0.4034810126582278, "AUC": 0.7547568710359409, "TP": 27, "TN": 34, "FP": 9, "FN": 17}}, "QDA": {"valid": {"ACC": 0.5287356321839081, "F1_Score": 0.08888888888888888, "Recall": 0.046511627906976744, "Precision": 1.0, "Cohen_Kappa": 0.04702110606465393, "AUC": 0.5232558139534884, "TP": 2, "TN": 44, "FP": 0, "FN": 41}, "test": {"ACC": 0.5057471264367817, "F1_Score": 0.044444444444444446, "Recall": 0.022727272727272728, "Precision": 1.0, "Cohen_Kappa": 0.022471910112359605, "AUC": 0.5113636363636364, "TP": 1, "TN": 43, "FP": 0, "FN": 43}}, "SVC": {"valid": {"ACC": 0.7586206896551724, "F1_Score": 0.7407407407407408, "Recall": 0.6976744186046512, "Precision": 0.7894736842105263, "Cohen_Kappa": 0.5165387668695423, "AUC": 0.8102536997885835, "TP": 30, "TN": 36, "FP": 8, "FN": 13}, "test": {"ACC": 0.6666666666666666, "F1_Score": 0.6419753086419754, "Recall": 0.5909090909090909, "Precision": 0.7027027027027027, "Cohen_Kappa": 0.3344763914534423, "AUC": 0.7301797040169133, "TP": 26, "TN": 32, "FP": 11, "FN": 18}}}