{"OVR": {"valid": {"ACC": 0.6938775510204082, "F1_Score": 0.6666666666666666, "Recall": 0.625, "Precision": 0.7142857142857143, "Cohen_Kappa": 0.38596491228070173, "AUC": 0.7983333333333333, "TP": 15, "TN": 19, "FP": 6, "FN": 9}, "test": {"ACC": 0.6938775510204082, "F1_Score": 0.7272727272727272, "Recall": 0.8, "Precision": 0.6666666666666666, "Cohen_Kappa": 0.38493723849372385, "AUC": 0.7433333333333334, "TP": 20, "TN": 14, "FP": 10, "FN": 5}}, "KNB": {"valid": {"ACC": 0.5714285714285714, "F1_Score": 0.4615384615384615, "Recall": 0.375, "Precision": 0.6, "Cohen_Kappa": 0.1360201511335013, "AUC": 0.6058333333333334, "TP": 9, "TN": 19, "FP": 6, "FN": 15}, "test": {"ACC": 0.6122448979591837, "F1_Score": 0.48648648648648657, "Recall": 0.36, "Precision": 0.75, "Cohen_Kappa": 0.2324814509480626, "AUC": 0.6575, "TP": 9, "TN": 21, "FP": 3, "FN": 16}}, "DT": {"valid": {"ACC": 0.5714285714285714, "F1_Score": 0.5333333333333333, "Recall": 0.5, "Precision": 0.5714285714285714, "Cohen_Kappa": 0.14035087719298245, "AUC": 0.57, "TP": 12, "TN": 16, "FP": 9, "FN": 12}, "test": {"ACC": 0.5306122448979592, "F1_Score": 0.5490196078431373, "Recall": 0.56, "Precision": 0.5384615384615384, "Cohen_Kappa": 0.06005004170141781, "AUC": 0.53, "TP": 14, "TN": 12, "FP": 12, "FN": 11}}, "MNB": {"valid": {"ACC": 0.7755102040816326, "F1_Score": 0.7999999999999999, "Recall": 0.9166666666666666, "Precision": 0.7096774193548387, "Cohen_Kappa": 0.5534382767191384, "AUC": 0.8316666666666667, "TP": 22, "TN": 16, "FP": 9, "FN": 2}, "test": {"ACC": 0.5306122448979592, "F1_Score": 0.6461538461538462, "Recall": 0.84, "Precision": 0.525, "Cohen_Kappa": 0.048945147679324896, "AUC": 0.6849999999999999, "TP": 21, "TN": 5, "FP": 19, "FN": 4}}, "RF": {"valid": {"ACC": 0.673469387755102, "F1_Score": 0.619047619047619, "Recall": 0.5416666666666666, "Precision": 0.7222222222222222, "Cohen_Kappa": 0.3433835845896148, "AUC": 0.7741666666666667, "TP": 13, "TN": 20, "FP": 5, "FN": 11}, "test": {"ACC": 0.673469387755102, "F1_Score": 0.68, "Recall": 0.68, "Precision": 0.68, "Cohen_Kappa": 0.3466666666666667, "AUC": 0.7125, "TP": 17, "TN": 16, "FP": 8, "FN": 8}}, "ADA": {"valid": {"ACC": 0.673469387755102, "F1_Score": 0.619047619047619, "Recall": 0.5416666666666666, "Precision": 0.7222222222222222, "Cohen_Kappa": 0.3433835845896148, "AUC": 0.7116666666666667, "TP": 13, "TN": 20, "FP": 5, "FN": 11}, "test": {"ACC": 0.673469387755102, "F1_Score": 0.7037037037037037, "Recall": 0.76, "Precision": 0.6551724137931034, "Cohen_Kappa": 0.34448160535117056, "AUC": 0.6333333333333333, "TP": 19, "TN": 14, "FP": 10, "FN": 6}}, "XGB": {"valid": {"ACC": 0.6122448979591837, "F1_Score": 0.5365853658536585, "Recall": 0.4583333333333333, "Precision": 0.6470588235294118, "Cohen_Kappa": 0.21961441743503773, "AUC": 0.7166666666666667, "TP": 11, "TN": 19, "FP": 6, "FN": 13}, "test": {"ACC": 0.6122448979591837, "F1_Score": 0.6545454545454547, "Recall": 0.72, "Precision": 0.6, "Cohen_Kappa": 0.22092050209205027, "AUC": 0.6883333333333334, "TP": 18, "TN": 12, "FP": 12, "FN": 7}}, "MLP": {"valid": {"ACC": 0.6326530612244898, "F1_Score": 0.625, "Recall": 0.625, "Precision": 0.625, "Cohen_Kappa": 0.265, "AUC": 0.7683333333333333, "TP": 15, "TN": 16, "FP": 9, "FN": 9}, "test": {"ACC": 0.6122448979591837, "F1_Score": 0.6415094339622641, "Recall": 0.68, "Precision": 0.6071428571428571, "Cohen_Kappa": 0.2222222222222222, "AUC": 0.6516666666666666, "TP": 17, "TN": 13, "FP": 11, "FN": 8}}, "LR": {"valid": {"ACC": 0.6938775510204082, "F1_Score": 0.6666666666666666, "Recall": 0.625, "Precision": 0.7142857142857143, "Cohen_Kappa": 0.38596491228070173, "AUC": 0.7983333333333333, "TP": 15, "TN": 19, "FP": 6, "FN": 9}, "test": {"ACC": 0.6938775510204082, "F1_Score": 0.7272727272727272, "Recall": 0.8, "Precision": 0.6666666666666666, "Cohen_Kappa": 0.38493723849372385, "AUC": 0.7433333333333334, "TP": 20, "TN": 14, "FP": 10, "FN": 5}}, "ETAs": {"valid": {"ACC": 0.6938775510204082, "F1_Score": 0.6341463414634146, "Recall": 0.5416666666666666, "Precision": 0.7647058823529411, "Cohen_Kappa": 0.38390611902766136, "AUC": 0.8075, "TP": 13, "TN": 21, "FP": 4, "FN": 11}, "test": {"ACC": 0.6938775510204082, "F1_Score": 0.6938775510204083, "Recall": 0.68, "Precision": 0.7083333333333334, "Cohen_Kappa": 0.3880099916736054, "AUC": 0.7566666666666666, "TP": 17, "TN": 17, "FP": 7, "FN": 8}}, "CNB": {"valid": {"ACC": 0.7755102040816326, "F1_Score": 0.7999999999999999, "Recall": 0.9166666666666666, "Precision": 0.7096774193548387, "Cohen_Kappa": 0.5534382767191384, "AUC": 0.8316666666666667, "TP": 22, "TN": 16, "FP": 9, "FN": 2}, "test": {"ACC": 0.5306122448979592, "F1_Score": 0.6461538461538462, "Recall": 0.84, "Precision": 0.525, "Cohen_Kappa": 0.048945147679324896, "AUC": 0.6849999999999999, "TP": 21, "TN": 5, "FP": 19, "FN": 4}}, "GB": {"valid": {"ACC": 0.7142857142857143, "F1_Score": 0.6956521739130435, "Recall": 0.6666666666666666, "Precision": 0.7272727272727273, "Cohen_Kappa": 0.42737896494156935, "AUC": 0.78, "TP": 16, "TN": 19, "FP": 6, "FN": 8}, "test": {"ACC": 0.6326530612244898, "F1_Score": 0.6785714285714285, "Recall": 0.76, "Precision": 0.6129032258064516, "Cohen_Kappa": 0.2613065326633166, "AUC": 0.73, "TP": 19, "TN": 12, "FP": 12, "FN": 6}}, "BAG": {"valid": {"ACC": 0.673469387755102, "F1_Score": 0.619047619047619, "Recall": 0.5416666666666666, "Precision": 0.7222222222222222, "Cohen_Kappa": 0.3433835845896148, "AUC": 0.7474999999999999, "TP": 13, "TN": 20, "FP": 5, "FN": 11}, "test": {"ACC": 0.7346938775510204, "F1_Score": 0.7346938775510204, "Recall": 0.72, "Precision": 0.75, "Cohen_Kappa": 0.46960865945045793, "AUC": 0.7675, "TP": 18, "TN": 18, "FP": 6, "FN": 7}}, "QDA": {"valid": {"ACC": 0.5102040816326531, "F1_Score": 0.52, "Recall": 0.5416666666666666, "Precision": 0.5, "Cohen_Kappa": 0.021630615640598982, "AUC": 0.5108333333333333, "TP": 13, "TN": 12, "FP": 13, "FN": 11}, "test": {"ACC": 0.6326530612244898, "F1_Score": 0.7000000000000001, "Recall": 0.84, "Precision": 0.6, "Cohen_Kappa": 0.2588235294117647, "AUC": 0.6283333333333332, "TP": 21, "TN": 10, "FP": 14, "FN": 4}}, "SVC": {"valid": {"ACC": 0.6938775510204082, "F1_Score": 0.6666666666666666, "Recall": 0.625, "Precision": 0.7142857142857143, "Cohen_Kappa": 0.38596491228070173, "AUC": 0.7933333333333333, "TP": 15, "TN": 19, "FP": 6, "FN": 9}, "test": {"ACC": 0.6326530612244898, "F1_Score": 0.64, "Recall": 0.64, "Precision": 0.64, "Cohen_Kappa": 0.265, "AUC": 0.735, "TP": 16, "TN": 15, "FP": 9, "FN": 9}}}