{"OVR": {"valid": {"ACC": 0.7021276595744681, "F1_Score": 0.6956521739130435, "Recall": 0.6956521739130435, "Precision": 0.6956521739130435, "Cohen_Kappa": 0.40398550724637683, "AUC": 0.7518115942028986, "TP": 16, "TN": 17, "FP": 7, "FN": 7}, "test": {"ACC": 0.723404255319149, "F1_Score": 0.7111111111111111, "Recall": 0.6666666666666666, "Precision": 0.7619047619047619, "Cohen_Kappa": 0.4480578139114725, "AUC": 0.7518115942028984, "TP": 16, "TN": 18, "FP": 5, "FN": 8}}, "KNB": {"valid": {"ACC": 0.723404255319149, "F1_Score": 0.6829268292682927, "Recall": 0.6086956521739131, "Precision": 0.7777777777777778, "Cohen_Kappa": 0.4440400363967243, "AUC": 0.7490942028985508, "TP": 14, "TN": 20, "FP": 4, "FN": 9}, "test": {"ACC": 0.7446808510638298, "F1_Score": 0.7391304347826088, "Recall": 0.7083333333333334, "Precision": 0.7727272727272727, "Cohen_Kappa": 0.49005424954792043, "AUC": 0.8152173913043479, "TP": 17, "TN": 18, "FP": 5, "FN": 7}}, "DT": {"valid": {"ACC": 0.574468085106383, "F1_Score": 0.6153846153846154, "Recall": 0.6956521739130435, "Precision": 0.5517241379310345, "Cohen_Kappa": 0.15315315315315314, "AUC": 0.5769927536231884, "TP": 16, "TN": 11, "FP": 13, "FN": 7}, "test": {"ACC": 0.7021276595744681, "F1_Score": 0.7199999999999999, "Recall": 0.75, "Precision": 0.6923076923076923, "Cohen_Kappa": 0.4029038112522686, "AUC": 0.7010869565217391, "TP": 18, "TN": 15, "FP": 8, "FN": 6}}, "MNB": {"valid": {"ACC": 0.6808510638297872, "F1_Score": 0.6666666666666666, "Recall": 0.6521739130434783, "Precision": 0.6818181818181818, "Cohen_Kappa": 0.3608340888485948, "AUC": 0.713768115942029, "TP": 15, "TN": 17, "FP": 7, "FN": 8}, "test": {"ACC": 0.6808510638297872, "F1_Score": 0.6666666666666666, "Recall": 0.625, "Precision": 0.7142857142857143, "Cohen_Kappa": 0.36314363143631434, "AUC": 0.75, "TP": 15, "TN": 17, "FP": 6, "FN": 9}}, "RF": {"valid": {"ACC": 0.7021276595744681, "F1_Score": 0.6666666666666666, "Recall": 0.6086956521739131, "Precision": 0.7368421052631579, "Cohen_Kappa": 0.40181818181818185, "AUC": 0.8034420289855072, "TP": 14, "TN": 19, "FP": 5, "FN": 9}, "test": {"ACC": 0.7021276595744681, "F1_Score": 0.6956521739130435, "Recall": 0.6666666666666666, "Precision": 0.7272727272727273, "Cohen_Kappa": 0.40506329113924044, "AUC": 0.7744565217391305, "TP": 16, "TN": 17, "FP": 6, "FN": 8}}, "ADA": {"valid": {"ACC": 0.6382978723404256, "F1_Score": 0.6382978723404256, "Recall": 0.6521739130434783, "Precision": 0.625, "Cohen_Kappa": 0.27692307692307694, "AUC": 0.6403985507246377, "TP": 15, "TN": 15, "FP": 9, "FN": 8}, "test": {"ACC": 0.5957446808510638, "F1_Score": 0.627450980392157, "Recall": 0.6666666666666666, "Precision": 0.5925925925925926, "Cohen_Kappa": 0.18891916439600365, "AUC": 0.6485507246376812, "TP": 16, "TN": 12, "FP": 11, "FN": 8}}, "XGB": {"valid": {"ACC": 0.5957446808510638, "F1_Score": 0.5957446808510638, "Recall": 0.6086956521739131, "Precision": 0.5833333333333334, "Cohen_Kappa": 0.1918552036199095, "AUC": 0.6992753623188406, "TP": 14, "TN": 14, "FP": 10, "FN": 9}, "test": {"ACC": 0.6808510638297872, "F1_Score": 0.6341463414634146, "Recall": 0.5416666666666666, "Precision": 0.7647058823529411, "Cohen_Kappa": 0.3654365436543655, "AUC": 0.7228260869565217, "TP": 13, "TN": 19, "FP": 4, "FN": 11}}, "MLP": {"valid": {"ACC": 0.6382978723404256, "F1_Score": 0.6382978723404256, "Recall": 0.6521739130434783, "Precision": 0.625, "Cohen_Kappa": 0.27692307692307694, "AUC": 0.7155797101449276, "TP": 15, "TN": 15, "FP": 9, "FN": 8}, "test": {"ACC": 0.723404255319149, "F1_Score": 0.7111111111111111, "Recall": 0.6666666666666666, "Precision": 0.7619047619047619, "Cohen_Kappa": 0.4480578139114725, "AUC": 0.7789855072463768, "TP": 16, "TN": 18, "FP": 5, "FN": 8}}, "LR": {"valid": {"ACC": 0.7021276595744681, "F1_Score": 0.6956521739130435, "Recall": 0.6956521739130435, "Precision": 0.6956521739130435, "Cohen_Kappa": 0.40398550724637683, "AUC": 0.7518115942028986, "TP": 16, "TN": 17, "FP": 7, "FN": 7}, "test": {"ACC": 0.723404255319149, "F1_Score": 0.7111111111111111, "Recall": 0.6666666666666666, "Precision": 0.7619047619047619, "Cohen_Kappa": 0.4480578139114725, "AUC": 0.7518115942028984, "TP": 16, "TN": 18, "FP": 5, "FN": 8}}, "ETAs": {"valid": {"ACC": 0.7446808510638298, "F1_Score": 0.7272727272727272, "Recall": 0.6956521739130435, "Precision": 0.7619047619047619, "Cohen_Kappa": 0.4882032667876588, "AUC": 0.7699275362318841, "TP": 16, "TN": 19, "FP": 5, "FN": 7}, "test": {"ACC": 0.7446808510638298, "F1_Score": 0.7272727272727272, "Recall": 0.6666666666666666, "Precision": 0.8, "Cohen_Kappa": 0.49097472924187724, "AUC": 0.8043478260869564, "TP": 16, "TN": 19, "FP": 4, "FN": 8}}, "CNB": {"valid": {"ACC": 0.6808510638297872, "F1_Score": 0.6666666666666666, "Recall": 0.6521739130434783, "Precision": 0.6818181818181818, "Cohen_Kappa": 0.3608340888485948, "AUC": 0.713768115942029, "TP": 15, "TN": 17, "FP": 7, "FN": 8}, "test": {"ACC": 0.6808510638297872, "F1_Score": 0.6666666666666666, "Recall": 0.625, "Precision": 0.7142857142857143, "Cohen_Kappa": 0.36314363143631434, "AUC": 0.75, "TP": 15, "TN": 17, "FP": 6, "FN": 9}}, "GB": {"valid": {"ACC": 0.723404255319149, "F1_Score": 0.723404255319149, "Recall": 0.7391304347826086, "Precision": 0.7083333333333334, "Cohen_Kappa": 0.44705882352941173, "AUC": 0.7681159420289855, "TP": 17, "TN": 17, "FP": 7, "FN": 6}, "test": {"ACC": 0.7021276595744681, "F1_Score": 0.6956521739130435, "Recall": 0.6666666666666666, "Precision": 0.7272727272727273, "Cohen_Kappa": 0.40506329113924044, "AUC": 0.7726449275362318, "TP": 16, "TN": 17, "FP": 6, "FN": 8}}, "BAG": {"valid": {"ACC": 0.6382978723404256, "F1_Score": 0.6530612244897959, "Recall": 0.6956521739130435, "Precision": 0.6153846153846154, "Cohen_Kappa": 0.2782294489611562, "AUC": 0.6902173913043478, "TP": 16, "TN": 14, "FP": 10, "FN": 7}, "test": {"ACC": 0.6808510638297872, "F1_Score": 0.6666666666666666, "Recall": 0.625, "Precision": 0.7142857142857143, "Cohen_Kappa": 0.36314363143631434, "AUC": 0.7228260869565217, "TP": 15, "TN": 17, "FP": 6, "FN": 9}}, "QDA": {"valid": {"ACC": 0.5106382978723404, "F1_Score": 0.0, "Recall": 0.0, "Precision": 0.0, "Cohen_Kappa": 0.0, "AUC": 0.5, "TP": 0, "TN": 24, "FP": 0, "FN": 23}, "test": {"ACC": 0.48936170212765956, "F1_Score": 0.0, "Recall": 0.0, "Precision": 0.0, "Cohen_Kappa": 0.0, "AUC": 0.5, "TP": 0, "TN": 23, "FP": 0, "FN": 24}}, "SVC": {"valid": {"ACC": 0.723404255319149, "F1_Score": 0.711111111111111, "Recall": 0.6956521739130435, "Precision": 0.7272727272727273, "Cohen_Kappa": 0.44605621033544873, "AUC": 0.7989130434782609, "TP": 16, "TN": 18, "FP": 6, "FN": 7}, "test": {"ACC": 0.7021276595744681, "F1_Score": 0.6956521739130435, "Recall": 0.6666666666666666, "Precision": 0.7272727272727273, "Cohen_Kappa": 0.40506329113924044, "AUC": 0.7753623188405797, "TP": 16, "TN": 17, "FP": 6, "FN": 8}}}