{"OVR": {"valid": {"ACC": 0.6577946768060836, "F1_Score": 0.6484375, "Recall": 0.6335877862595419, "Precision": 0.664, "Cohen_Kappa": 0.3154606975533576, "AUC": 0.6808350682396483, "TP": 83, "TN": 90, "FP": 42, "FN": 48}, "test": {"ACC": 0.6273764258555133, "F1_Score": 0.6259541984732825, "Recall": 0.6212121212121212, "Precision": 0.6307692307692307, "Cohen_Kappa": 0.2547851731914649, "AUC": 0.7052394170714781, "TP": 82, "TN": 83, "FP": 48, "FN": 50}}, "KNB": {"valid": {"ACC": 0.5437262357414449, "F1_Score": 0.4230769230769231, "Recall": 0.33587786259541985, "Precision": 0.5714285714285714, "Cohen_Kappa": 0.0860121633362293, "AUC": 0.6151110340041638, "TP": 44, "TN": 99, "FP": 33, "FN": 87}, "test": {"ACC": 0.5855513307984791, "F1_Score": 0.47846889952153104, "Recall": 0.3787878787878788, "Precision": 0.6493506493506493, "Cohen_Kappa": 0.17240682467738677, "AUC": 0.5999884339578996, "TP": 50, "TN": 104, "FP": 27, "FN": 82}}, "DT": {"valid": {"ACC": 0.6273764258555133, "F1_Score": 0.6230769230769231, "Recall": 0.6183206106870229, "Precision": 0.627906976744186, "Cohen_Kappa": 0.25469897634607597, "AUC": 0.6273421235253297, "TP": 81, "TN": 84, "FP": 48, "FN": 50}, "test": {"ACC": 0.5779467680608364, "F1_Score": 0.5842696629213482, "Recall": 0.5909090909090909, "Precision": 0.5777777777777777, "Cohen_Kappa": 0.15580810271536383, "AUC": 0.5778972935461485, "TP": 78, "TN": 74, "FP": 57, "FN": 54}}, "MNB": {"valid": {"ACC": 0.6501901140684411, "F1_Score": 0.648854961832061, "Recall": 0.648854961832061, "Precision": 0.648854961832061, "Cohen_Kappa": 0.30037011334721253, "AUC": 0.7341545223224613, "TP": 85, "TN": 86, "FP": 46, "FN": 46}, "test": {"ACC": 0.6387832699619772, "F1_Score": 0.6594982078853047, "Recall": 0.696969696969697, "Precision": 0.6258503401360545, "Cohen_Kappa": 0.27724261621684165, "AUC": 0.6939914411288457, "TP": 92, "TN": 76, "FP": 55, "FN": 40}}, "RF": {"valid": {"ACC": 0.6425855513307985, "F1_Score": 0.5948275862068966, "Recall": 0.5267175572519084, "Precision": 0.6831683168316832, "Cohen_Kappa": 0.2845401400706141, "AUC": 0.7155042794355772, "TP": 69, "TN": 100, "FP": 32, "FN": 62}, "test": {"ACC": 0.6083650190114068, "F1_Score": 0.5690376569037656, "Recall": 0.5151515151515151, "Precision": 0.6355140186915887, "Cohen_Kappa": 0.2172845213672745, "AUC": 0.7012202174415916, "TP": 68, "TN": 92, "FP": 39, "FN": 64}}, "ADA": {"valid": {"ACC": 0.6539923954372624, "F1_Score": 0.6192468619246863, "Recall": 0.5648854961832062, "Precision": 0.6851851851851852, "Cohen_Kappa": 0.30751425016637257, "AUC": 0.6962179042331713, "TP": 74, "TN": 98, "FP": 34, "FN": 57}, "test": {"ACC": 0.5893536121673004, "F1_Score": 0.5748031496062993, "Recall": 0.553030303030303, "Precision": 0.5983606557377049, "Cohen_Kappa": 0.17893276290686244, "AUC": 0.6239590562109647, "TP": 73, "TN": 82, "FP": 49, "FN": 59}}, "XGB": {"valid": {"ACC": 0.6539923954372624, "F1_Score": 0.6374501992031872, "Recall": 0.6106870229007634, "Precision": 0.6666666666666666, "Cohen_Kappa": 0.30775460619558614, "AUC": 0.7136247975942631, "TP": 80, "TN": 92, "FP": 40, "FN": 51}, "test": {"ACC": 0.6463878326996197, "F1_Score": 0.632411067193676, "Recall": 0.6060606060606061, "Precision": 0.6611570247933884, "Cohen_Kappa": 0.2929903165197283, "AUC": 0.7078417765440667, "TP": 80, "TN": 90, "FP": 41, "FN": 52}}, "MLP": {"valid": {"ACC": 0.5855513307984791, "F1_Score": 0.5791505791505791, "Recall": 0.5725190839694656, "Precision": 0.5859375, "Cohen_Kappa": 0.1710187675313033, "AUC": 0.6428984501503585, "TP": 75, "TN": 79, "FP": 53, "FN": 56}, "test": {"ACC": 0.6387832699619772, "F1_Score": 0.6303501945525293, "Recall": 0.6136363636363636, "Precision": 0.648, "Cohen_Kappa": 0.2777022925038305, "AUC": 0.6699629886652787, "TP": 81, "TN": 87, "FP": 44, "FN": 51}}, "LR": {"valid": {"ACC": 0.6577946768060836, "F1_Score": 0.6484375, "Recall": 0.6335877862595419, "Precision": 0.664, "Cohen_Kappa": 0.3154606975533576, "AUC": 0.6808350682396483, "TP": 83, "TN": 90, "FP": 42, "FN": 48}, "test": {"ACC": 0.6273764258555133, "F1_Score": 0.6259541984732825, "Recall": 0.6212121212121212, "Precision": 0.6307692307692307, "Cohen_Kappa": 0.2547851731914649, "AUC": 0.7052394170714781, "TP": 82, "TN": 83, "FP": 48, "FN": 50}}, "ETAs": {"valid": {"ACC": 0.6539923954372624, "F1_Score": 0.6160337552742617, "Recall": 0.5572519083969466, "Precision": 0.6886792452830188, "Cohen_Kappa": 0.3074741745999594, "AUC": 0.7148970622253066, "TP": 73, "TN": 99, "FP": 33, "FN": 58}, "test": {"ACC": 0.6311787072243346, "F1_Score": 0.6104417670682731, "Recall": 0.5757575757575758, "Precision": 0.6495726495726496, "Cohen_Kappa": 0.2626665510563889, "AUC": 0.6997166319685404, "TP": 76, "TN": 90, "FP": 41, "FN": 56}}, "CNB": {"valid": {"ACC": 0.6501901140684411, "F1_Score": 0.648854961832061, "Recall": 0.648854961832061, "Precision": 0.648854961832061, "Cohen_Kappa": 0.30037011334721253, "AUC": 0.7341545223224613, "TP": 85, "TN": 86, "FP": 46, "FN": 46}, "test": {"ACC": 0.6387832699619772, "F1_Score": 0.6594982078853047, "Recall": 0.696969696969697, "Precision": 0.6258503401360545, "Cohen_Kappa": 0.27724261621684165, "AUC": 0.6939914411288457, "TP": 92, "TN": 76, "FP": 55, "FN": 40}}, "GB": {"valid": {"ACC": 0.6463878326996197, "F1_Score": 0.6172839506172839, "Recall": 0.5725190839694656, "Precision": 0.6696428571428571, "Cohen_Kappa": 0.2923766816143498, "AUC": 0.7226463104325699, "TP": 75, "TN": 95, "FP": 37, "FN": 56}, "test": {"ACC": 0.6463878326996197, "F1_Score": 0.6234817813765183, "Recall": 0.5833333333333334, "Precision": 0.6695652173913044, "Cohen_Kappa": 0.29311291581168175, "AUC": 0.6926035160767985, "TP": 77, "TN": 93, "FP": 38, "FN": 55}}, "BAG": {"valid": {"ACC": 0.6083650190114068, "F1_Score": 0.5726141078838174, "Recall": 0.5267175572519084, "Precision": 0.6272727272727273, "Cohen_Kappa": 0.21624280299742504, "AUC": 0.6794182280823502, "TP": 69, "TN": 91, "FP": 41, "FN": 62}, "test": {"ACC": 0.6197718631178707, "F1_Score": 0.6031746031746033, "Recall": 0.5757575757575758, "Precision": 0.6333333333333333, "Cohen_Kappa": 0.23979650826685162, "AUC": 0.6768447837150127, "TP": 76, "TN": 87, "FP": 44, "FN": 56}}, "QDA": {"valid": {"ACC": 0.5095057034220533, "F1_Score": 0.6172106824925816, "Recall": 0.7938931297709924, "Precision": 0.5048543689320388, "Cohen_Kappa": 0.021120055396866677, "AUC": 0.5105829285218598, "TP": 104, "TN": 30, "FP": 102, "FN": 27}, "test": {"ACC": 0.4866920152091255, "F1_Score": 0.6017699115044248, "Recall": 0.7727272727272727, "Precision": 0.4927536231884058, "Cohen_Kappa": -0.028862035990611323, "AUC": 0.48560027758501034, "TP": 102, "TN": 26, "FP": 105, "FN": 30}}, "SVC": {"valid": {"ACC": 0.6501901140684411, "F1_Score": 0.6319999999999999, "Recall": 0.6030534351145038, "Precision": 0.6638655462184874, "Cohen_Kappa": 0.3001272706236261, "AUC": 0.7323039555863984, "TP": 79, "TN": 92, "FP": 40, "FN": 52}, "test": {"ACC": 0.6425855513307985, "F1_Score": 0.6328125, "Recall": 0.6136363636363636, "Precision": 0.6532258064516129, "Cohen_Kappa": 0.28532608695652173, "AUC": 0.7233981031690955, "TP": 81, "TN": 88, "FP": 43, "FN": 51}}}