{"OVR": {"valid": {"ACC": 0.673469387755102, "F1_Score": 0.6521739130434783, "Recall": 0.625, "Precision": 0.6818181818181818, "Cohen_Kappa": 0.3455759599332221, "AUC": 0.785, "TP": 15, "TN": 18, "FP": 7, "FN": 9}, "test": {"ACC": 0.673469387755102, "F1_Score": 0.6923076923076923, "Recall": 0.72, "Precision": 0.6666666666666666, "Cohen_Kappa": 0.3455759599332221, "AUC": 0.7350000000000001, "TP": 18, "TN": 15, "FP": 9, "FN": 7}}, "KNB": {"valid": {"ACC": 0.5510204081632653, "F1_Score": 0.3125, "Recall": 0.20833333333333334, "Precision": 0.625, "Cohen_Kappa": 0.08952702702702697, "AUC": 0.7008333333333333, "TP": 5, "TN": 22, "FP": 3, "FN": 19}, "test": {"ACC": 0.5510204081632653, "F1_Score": 0.21428571428571425, "Recall": 0.12, "Precision": 1.0, "Cohen_Kappa": 0.11783960720130937, "AUC": 0.6091666666666667, "TP": 3, "TN": 24, "FP": 0, "FN": 22}}, "DT": {"valid": {"ACC": 0.6122448979591837, "F1_Score": 0.5777777777777778, "Recall": 0.5416666666666666, "Precision": 0.6190476190476191, "Cohen_Kappa": 0.2222222222222222, "AUC": 0.6108333333333332, "TP": 13, "TN": 17, "FP": 8, "FN": 11}, "test": {"ACC": 0.6530612244897959, "F1_Score": 0.6666666666666666, "Recall": 0.68, "Precision": 0.6538461538461539, "Cohen_Kappa": 0.30525437864887406, "AUC": 0.6525000000000001, "TP": 17, "TN": 15, "FP": 9, "FN": 8}}, "MNB": {"valid": {"ACC": 0.673469387755102, "F1_Score": 0.7142857142857143, "Recall": 0.8333333333333334, "Precision": 0.625, "Cohen_Kappa": 0.3509933774834437, "AUC": 0.8016666666666666, "TP": 20, "TN": 13, "FP": 12, "FN": 4}, "test": {"ACC": 0.5510204081632653, "F1_Score": 0.6451612903225806, "Recall": 0.8, "Precision": 0.5405405405405406, "Cohen_Kappa": 0.09259259259259267, "AUC": 0.6783333333333333, "TP": 20, "TN": 7, "FP": 17, "FN": 5}}, "RF": {"valid": {"ACC": 0.673469387755102, "F1_Score": 0.5789473684210527, "Recall": 0.4583333333333333, "Precision": 0.7857142857142857, "Cohen_Kappa": 0.3411764705882353, "AUC": 0.7333333333333333, "TP": 11, "TN": 22, "FP": 3, "FN": 13}, "test": {"ACC": 0.6326530612244898, "F1_Score": 0.5909090909090909, "Recall": 0.52, "Precision": 0.6842105263157895, "Cohen_Kappa": 0.26865671641791045, "AUC": 0.7074999999999999, "TP": 13, "TN": 18, "FP": 6, "FN": 12}}, "ADA": {"valid": {"ACC": 0.7142857142857143, "F1_Score": 0.6818181818181818, "Recall": 0.625, "Precision": 0.75, "Cohen_Kappa": 0.4264214046822742, "AUC": 0.7175, "TP": 15, "TN": 20, "FP": 5, "FN": 9}, "test": {"ACC": 0.4897959183673469, "F1_Score": 0.5098039215686274, "Recall": 0.52, "Precision": 0.5, "Cohen_Kappa": -0.021684737281067568, "AUC": 0.4916666666666667, "TP": 13, "TN": 11, "FP": 13, "FN": 12}}, "XGB": {"valid": {"ACC": 0.5306122448979592, "F1_Score": 0.46511627906976744, "Recall": 0.4166666666666667, "Precision": 0.5263157894736842, "Cohen_Kappa": 0.056903765690376584, "AUC": 0.6916666666666667, "TP": 10, "TN": 16, "FP": 9, "FN": 14}, "test": {"ACC": 0.6326530612244898, "F1_Score": 0.6666666666666666, "Recall": 0.72, "Precision": 0.6206896551724138, "Cohen_Kappa": 0.2625418060200668, "AUC": 0.7316666666666667, "TP": 18, "TN": 13, "FP": 11, "FN": 7}}, "MLP": {"valid": {"ACC": 0.6326530612244898, "F1_Score": 0.625, "Recall": 0.625, "Precision": 0.625, "Cohen_Kappa": 0.265, "AUC": 0.7416666666666667, "TP": 15, "TN": 16, "FP": 9, "FN": 9}, "test": {"ACC": 0.6530612244897959, "F1_Score": 0.6792452830188679, "Recall": 0.72, "Precision": 0.6428571428571429, "Cohen_Kappa": 0.30409356725146197, "AUC": 0.665, "TP": 18, "TN": 14, "FP": 10, "FN": 7}}, "LR": {"valid": {"ACC": 0.673469387755102, "F1_Score": 0.6521739130434783, "Recall": 0.625, "Precision": 0.6818181818181818, "Cohen_Kappa": 0.3455759599332221, "AUC": 0.785, "TP": 15, "TN": 18, "FP": 7, "FN": 9}, "test": {"ACC": 0.673469387755102, "F1_Score": 0.6923076923076923, "Recall": 0.72, "Precision": 0.6666666666666666, "Cohen_Kappa": 0.3455759599332221, "AUC": 0.7350000000000001, "TP": 18, "TN": 15, "FP": 9, "FN": 7}}, "ETAs": {"valid": {"ACC": 0.6530612244897959, "F1_Score": 0.5641025641025641, "Recall": 0.4583333333333333, "Precision": 0.7333333333333333, "Cohen_Kappa": 0.30058774139378674, "AUC": 0.7841666666666667, "TP": 11, "TN": 21, "FP": 4, "FN": 13}, "test": {"ACC": 0.6938775510204082, "F1_Score": 0.6808510638297872, "Recall": 0.64, "Precision": 0.7272727272727273, "Cohen_Kappa": 0.38902743142144636, "AUC": 0.7691666666666667, "TP": 16, "TN": 18, "FP": 6, "FN": 9}}, "CNB": {"valid": {"ACC": 0.673469387755102, "F1_Score": 0.7142857142857143, "Recall": 0.8333333333333334, "Precision": 0.625, "Cohen_Kappa": 0.3509933774834437, "AUC": 0.8016666666666666, "TP": 20, "TN": 13, "FP": 12, "FN": 4}, "test": {"ACC": 0.5510204081632653, "F1_Score": 0.6451612903225806, "Recall": 0.8, "Precision": 0.5405405405405406, "Cohen_Kappa": 0.09259259259259267, "AUC": 0.6783333333333333, "TP": 20, "TN": 7, "FP": 17, "FN": 5}}, "GB": {"valid": {"ACC": 0.6530612244897959, "F1_Score": 0.6382978723404256, "Recall": 0.625, "Precision": 0.6521739130434783, "Cohen_Kappa": 0.30525437864887406, "AUC": 0.7691666666666667, "TP": 15, "TN": 17, "FP": 8, "FN": 9}, "test": {"ACC": 0.5918367346938775, "F1_Score": 0.6428571428571428, "Recall": 0.72, "Precision": 0.5806451612903226, "Cohen_Kappa": 0.1792294807370185, "AUC": 0.6816666666666666, "TP": 18, "TN": 11, "FP": 13, "FN": 7}}, "BAG": {"valid": {"ACC": 0.6938775510204082, "F1_Score": 0.6341463414634146, "Recall": 0.5416666666666666, "Precision": 0.7647058823529411, "Cohen_Kappa": 0.38390611902766136, "AUC": 0.7541666666666665, "TP": 13, "TN": 21, "FP": 4, "FN": 11}, "test": {"ACC": 0.6938775510204082, "F1_Score": 0.6511627906976745, "Recall": 0.56, "Precision": 0.7777777777777778, "Cohen_Kappa": 0.3910521955260977, "AUC": 0.7616666666666666, "TP": 14, "TN": 20, "FP": 4, "FN": 11}}, "QDA": {"valid": {"ACC": 0.4489795918367347, "F1_Score": 0.47058823529411764, "Recall": 0.5, "Precision": 0.4444444444444444, "Cohen_Kappa": -0.09975062344139651, "AUC": 0.45000000000000007, "TP": 12, "TN": 10, "FP": 15, "FN": 12}, "test": {"ACC": 0.5510204081632653, "F1_Score": 0.6451612903225806, "Recall": 0.8, "Precision": 0.5405405405405406, "Cohen_Kappa": 0.09259259259259267, "AUC": 0.5458333333333334, "TP": 20, "TN": 7, "FP": 17, "FN": 5}}, "SVC": {"valid": {"ACC": 0.6938775510204082, "F1_Score": 0.6511627906976745, "Recall": 0.5833333333333334, "Precision": 0.7368421052631579, "Cohen_Kappa": 0.38493723849372385, "AUC": 0.7766666666666666, "TP": 14, "TN": 20, "FP": 5, "FN": 10}, "test": {"ACC": 0.6938775510204082, "F1_Score": 0.6808510638297872, "Recall": 0.64, "Precision": 0.7272727272727273, "Cohen_Kappa": 0.38902743142144636, "AUC": 0.7491666666666666, "TP": 16, "TN": 18, "FP": 6, "FN": 9}}}