{"OVR": {"valid": {"ACC": 0.6851851851851852, "F1_Score": 0.6222222222222222, "Recall": 0.5185185185185185, "Precision": 0.7777777777777778, "Cohen_Kappa": 0.37037037037037035, "AUC": 0.7805212620027435, "TP": 14, "TN": 23, "FP": 4, "FN": 13}, "test": {"ACC": 0.6851851851851852, "F1_Score": 0.6530612244897959, "Recall": 0.5925925925925926, "Precision": 0.7272727272727273, "Cohen_Kappa": 0.37037037037037035, "AUC": 0.7777777777777778, "TP": 16, "TN": 21, "FP": 6, "FN": 11}}, "KNB": {"valid": {"ACC": 0.5925925925925926, "F1_Score": 0.576923076923077, "Recall": 0.5555555555555556, "Precision": 0.6, "Cohen_Kappa": 0.18518518518518523, "AUC": 0.6481481481481481, "TP": 15, "TN": 17, "FP": 10, "FN": 12}, "test": {"ACC": 0.7222222222222222, "F1_Score": 0.6938775510204083, "Recall": 0.6296296296296297, "Precision": 0.7727272727272727, "Cohen_Kappa": 0.4444444444444444, "AUC": 0.7956104252400549, "TP": 17, "TN": 22, "FP": 5, "FN": 10}}, "DT": {"valid": {"ACC": 0.7037037037037037, "F1_Score": 0.6666666666666666, "Recall": 0.5925925925925926, "Precision": 0.7619047619047619, "Cohen_Kappa": 0.40740740740740744, "AUC": 0.7037037037037037, "TP": 16, "TN": 22, "FP": 5, "FN": 11}, "test": {"ACC": 0.6851851851851852, "F1_Score": 0.6530612244897959, "Recall": 0.5925925925925926, "Precision": 0.7272727272727273, "Cohen_Kappa": 0.37037037037037035, "AUC": 0.6851851851851852, "TP": 16, "TN": 21, "FP": 6, "FN": 11}}, "MNB": {"valid": {"ACC": 0.7037037037037037, "F1_Score": 0.7037037037037037, "Recall": 0.7037037037037037, "Precision": 0.7037037037037037, "Cohen_Kappa": 0.40740740740740744, "AUC": 0.7777777777777778, "TP": 19, "TN": 19, "FP": 8, "FN": 8}, "test": {"ACC": 0.6666666666666666, "F1_Score": 0.6666666666666666, "Recall": 0.6666666666666666, "Precision": 0.6666666666666666, "Cohen_Kappa": 0.33333333333333337, "AUC": 0.7914951989026063, "TP": 18, "TN": 18, "FP": 9, "FN": 9}}, "RF": {"valid": {"ACC": 0.6851851851851852, "F1_Score": 0.5641025641025641, "Recall": 0.4074074074074074, "Precision": 0.9166666666666666, "Cohen_Kappa": 0.37037037037037035, "AUC": 0.753772290809328, "TP": 11, "TN": 26, "FP": 1, "FN": 16}, "test": {"ACC": 0.7222222222222222, "F1_Score": 0.6511627906976744, "Recall": 0.5185185185185185, "Precision": 0.875, "Cohen_Kappa": 0.4444444444444444, "AUC": 0.7770919067215363, "TP": 14, "TN": 25, "FP": 2, "FN": 13}}, "ADA": {"valid": {"ACC": 0.6111111111111112, "F1_Score": 0.5333333333333333, "Recall": 0.4444444444444444, "Precision": 0.6666666666666666, "Cohen_Kappa": 0.2222222222222222, "AUC": 0.6488340192043895, "TP": 12, "TN": 21, "FP": 6, "FN": 15}, "test": {"ACC": 0.5925925925925926, "F1_Score": 0.5599999999999999, "Recall": 0.5185185185185185, "Precision": 0.6086956521739131, "Cohen_Kappa": 0.18518518518518523, "AUC": 0.6344307270233196, "TP": 14, "TN": 18, "FP": 9, "FN": 13}}, "XGB": {"valid": {"ACC": 0.6481481481481481, "F1_Score": 0.6122448979591836, "Recall": 0.5555555555555556, "Precision": 0.6818181818181818, "Cohen_Kappa": 0.2962962962962963, "AUC": 0.7325102880658436, "TP": 15, "TN": 20, "FP": 7, "FN": 12}, "test": {"ACC": 0.6481481481481481, "F1_Score": 0.6122448979591836, "Recall": 0.5555555555555556, "Precision": 0.6818181818181818, "Cohen_Kappa": 0.2962962962962963, "AUC": 0.7242798353909464, "TP": 15, "TN": 20, "FP": 7, "FN": 12}}, "MLP": {"valid": {"ACC": 0.7222222222222222, "F1_Score": 0.6808510638297872, "Recall": 0.5925925925925926, "Precision": 0.8, "Cohen_Kappa": 0.4444444444444444, "AUC": 0.7640603566529492, "TP": 16, "TN": 23, "FP": 4, "FN": 11}, "test": {"ACC": 0.7222222222222222, "F1_Score": 0.6938775510204083, "Recall": 0.6296296296296297, "Precision": 0.7727272727272727, "Cohen_Kappa": 0.4444444444444444, "AUC": 0.7914951989026063, "TP": 17, "TN": 22, "FP": 5, "FN": 10}}, "LR": {"valid": {"ACC": 0.6851851851851852, "F1_Score": 0.6222222222222222, "Recall": 0.5185185185185185, "Precision": 0.7777777777777778, "Cohen_Kappa": 0.37037037037037035, "AUC": 0.7805212620027435, "TP": 14, "TN": 23, "FP": 4, "FN": 13}, "test": {"ACC": 0.6851851851851852, "F1_Score": 0.6530612244897959, "Recall": 0.5925925925925926, "Precision": 0.7272727272727273, "Cohen_Kappa": 0.37037037037037035, "AUC": 0.7777777777777778, "TP": 16, "TN": 21, "FP": 6, "FN": 11}}, "ETAs": {"valid": {"ACC": 0.6851851851851852, "F1_Score": 0.6046511627906976, "Recall": 0.48148148148148145, "Precision": 0.8125, "Cohen_Kappa": 0.37037037037037035, "AUC": 0.8058984910836763, "TP": 13, "TN": 24, "FP": 3, "FN": 14}, "test": {"ACC": 0.7407407407407407, "F1_Score": 0.6956521739130435, "Recall": 0.5925925925925926, "Precision": 0.8421052631578947, "Cohen_Kappa": 0.4814814814814815, "AUC": 0.7853223593964336, "TP": 16, "TN": 24, "FP": 3, "FN": 11}}, "CNB": {"valid": {"ACC": 0.7037037037037037, "F1_Score": 0.7037037037037037, "Recall": 0.7037037037037037, "Precision": 0.7037037037037037, "Cohen_Kappa": 0.40740740740740744, "AUC": 0.7777777777777778, "TP": 19, "TN": 19, "FP": 8, "FN": 8}, "test": {"ACC": 0.6666666666666666, "F1_Score": 0.6666666666666666, "Recall": 0.6666666666666666, "Precision": 0.6666666666666666, "Cohen_Kappa": 0.33333333333333337, "AUC": 0.7914951989026063, "TP": 18, "TN": 18, "FP": 9, "FN": 9}}, "GB": {"valid": {"ACC": 0.6481481481481481, "F1_Score": 0.627450980392157, "Recall": 0.5925925925925926, "Precision": 0.6666666666666666, "Cohen_Kappa": 0.2962962962962963, "AUC": 0.6755829903978052, "TP": 16, "TN": 19, "FP": 8, "FN": 11}, "test": {"ACC": 0.6296296296296297, "F1_Score": 0.6153846153846153, "Recall": 0.5925925925925926, "Precision": 0.64, "Cohen_Kappa": 0.2592592592592593, "AUC": 0.7544581618655694, "TP": 16, "TN": 18, "FP": 9, "FN": 11}}, "BAG": {"valid": {"ACC": 0.7222222222222222, "F1_Score": 0.7169811320754716, "Recall": 0.7037037037037037, "Precision": 0.7307692307692307, "Cohen_Kappa": 0.4444444444444444, "AUC": 0.7544581618655692, "TP": 19, "TN": 20, "FP": 7, "FN": 8}, "test": {"ACC": 0.7037037037037037, "F1_Score": 0.68, "Recall": 0.6296296296296297, "Precision": 0.7391304347826086, "Cohen_Kappa": 0.40740740740740744, "AUC": 0.7578875171467764, "TP": 17, "TN": 21, "FP": 6, "FN": 10}}, "QDA": {"valid": {"ACC": 0.35185185185185186, "F1_Score": 0.4262295081967213, "Recall": 0.48148148148148145, "Precision": 0.38235294117647056, "Cohen_Kappa": -0.2962962962962963, "AUC": 0.3518518518518518, "TP": 13, "TN": 6, "FP": 21, "FN": 14}, "test": {"ACC": 0.5, "F1_Score": 0.47058823529411764, "Recall": 0.4444444444444444, "Precision": 0.5, "Cohen_Kappa": 0.0, "AUC": 0.5, "TP": 12, "TN": 15, "FP": 12, "FN": 15}}, "SVC": {"valid": {"ACC": 0.6851851851851852, "F1_Score": 0.6382978723404256, "Recall": 0.5555555555555556, "Precision": 0.75, "Cohen_Kappa": 0.37037037037037035, "AUC": 0.7764060356652949, "TP": 15, "TN": 22, "FP": 5, "FN": 12}, "test": {"ACC": 0.6851851851851852, "F1_Score": 0.6666666666666667, "Recall": 0.6296296296296297, "Precision": 0.7083333333333334, "Cohen_Kappa": 0.37037037037037035, "AUC": 0.7805212620027434, "TP": 17, "TN": 20, "FP": 7, "FN": 10}}}