{"OVR": {"valid": {"ACC": 0.6896551724137931, "F1_Score": 0.7032967032967034, "Recall": 0.7441860465116279, "Precision": 0.6666666666666666, "Cohen_Kappa": 0.3800475059382422, "AUC": 0.7780126849894291, "TP": 32, "TN": 28, "FP": 16, "FN": 11}, "test": {"ACC": 0.5747126436781609, "F1_Score": 0.5842696629213482, "Recall": 0.5909090909090909, "Precision": 0.5777777777777777, "Cohen_Kappa": 0.1490880253766852, "AUC": 0.650369978858351, "TP": 26, "TN": 24, "FP": 19, "FN": 18}}, "KNB": {"valid": {"ACC": 0.6551724137931034, "F1_Score": 0.7115384615384615, "Recall": 0.8604651162790697, "Precision": 0.6065573770491803, "Cohen_Kappa": 0.31351920042083115, "AUC": 0.6844608879492601, "TP": 37, "TN": 20, "FP": 24, "FN": 6}, "test": {"ACC": 0.5977011494252874, "F1_Score": 0.6601941747572816, "Recall": 0.7727272727272727, "Precision": 0.576271186440678, "Cohen_Kappa": 0.19209339347306975, "AUC": 0.7127378435517969, "TP": 34, "TN": 18, "FP": 25, "FN": 10}}, "DT": {"valid": {"ACC": 0.5632183908045977, "F1_Score": 0.5681818181818183, "Recall": 0.5813953488372093, "Precision": 0.5555555555555556, "Cohen_Kappa": 0.12678288431061802, "AUC": 0.5634249471458774, "TP": 25, "TN": 24, "FP": 20, "FN": 18}, "test": {"ACC": 0.5747126436781609, "F1_Score": 0.5934065934065934, "Recall": 0.6136363636363636, "Precision": 0.574468085106383, "Cohen_Kappa": 0.1486379264744777, "AUC": 0.5742600422832982, "TP": 27, "TN": 23, "FP": 20, "FN": 17}}, "MNB": {"valid": {"ACC": 0.7241379310344828, "F1_Score": 0.7333333333333334, "Recall": 0.7674418604651163, "Precision": 0.7021276595744681, "Cohen_Kappa": 0.44878563885955647, "AUC": 0.7626849894291755, "TP": 33, "TN": 30, "FP": 14, "FN": 10}, "test": {"ACC": 0.6091954022988506, "F1_Score": 0.6136363636363636, "Recall": 0.6136363636363636, "Precision": 0.6136363636363636, "Cohen_Kappa": 0.21828752642706128, "AUC": 0.6937103594080338, "TP": 27, "TN": 26, "FP": 17, "FN": 17}}, "RF": {"valid": {"ACC": 0.7586206896551724, "F1_Score": 0.7741935483870969, "Recall": 0.8372093023255814, "Precision": 0.72, "Cohen_Kappa": 0.5180691110524928, "AUC": 0.8002114164904862, "TP": 36, "TN": 30, "FP": 14, "FN": 7}, "test": {"ACC": 0.6436781609195402, "F1_Score": 0.6436781609195402, "Recall": 0.6363636363636364, "Precision": 0.6511627906976745, "Cohen_Kappa": 0.28745046235138705, "AUC": 0.69053911205074, "TP": 28, "TN": 28, "FP": 15, "FN": 16}}, "ADA": {"valid": {"ACC": 0.6436781609195402, "F1_Score": 0.6736842105263158, "Recall": 0.7441860465116279, "Precision": 0.6153846153846154, "Cohen_Kappa": 0.2889533350909571, "AUC": 0.6865750528541227, "TP": 32, "TN": 24, "FP": 20, "FN": 11}, "test": {"ACC": 0.5402298850574713, "F1_Score": 0.5121951219512196, "Recall": 0.4772727272727273, "Precision": 0.5526315789473685, "Cohen_Kappa": 0.08179419525065967, "AUC": 0.595137420718816, "TP": 21, "TN": 26, "FP": 17, "FN": 23}}, "XGB": {"valid": {"ACC": 0.6781609195402298, "F1_Score": 0.7021276595744682, "Recall": 0.7674418604651163, "Precision": 0.6470588235294118, "Cohen_Kappa": 0.3575949367088608, "AUC": 0.758985200845666, "TP": 33, "TN": 26, "FP": 18, "FN": 10}, "test": {"ACC": 0.6091954022988506, "F1_Score": 0.6136363636363636, "Recall": 0.6136363636363636, "Precision": 0.6136363636363636, "Cohen_Kappa": 0.21828752642706128, "AUC": 0.6678118393234672, "TP": 27, "TN": 26, "FP": 17, "FN": 17}}, "MLP": {"valid": {"ACC": 0.7126436781609196, "F1_Score": 0.7058823529411765, "Recall": 0.6976744186046512, "Precision": 0.7142857142857143, "Cohen_Kappa": 0.4250594766058684, "AUC": 0.7690274841437632, "TP": 30, "TN": 32, "FP": 12, "FN": 13}, "test": {"ACC": 0.5862068965517241, "F1_Score": 0.6086956521739131, "Recall": 0.6363636363636364, "Precision": 0.5833333333333334, "Cohen_Kappa": 0.17142857142857149, "AUC": 0.6609408033826638, "TP": 28, "TN": 23, "FP": 20, "FN": 16}}, "LR": {"valid": {"ACC": 0.6896551724137931, "F1_Score": 0.7032967032967034, "Recall": 0.7441860465116279, "Precision": 0.6666666666666666, "Cohen_Kappa": 0.3800475059382422, "AUC": 0.7780126849894291, "TP": 32, "TN": 28, "FP": 16, "FN": 11}, "test": {"ACC": 0.5747126436781609, "F1_Score": 0.5842696629213482, "Recall": 0.5909090909090909, "Precision": 0.5777777777777777, "Cohen_Kappa": 0.1490880253766852, "AUC": 0.650369978858351, "TP": 26, "TN": 24, "FP": 19, "FN": 18}}, "ETAs": {"valid": {"ACC": 0.735632183908046, "F1_Score": 0.7472527472527473, "Recall": 0.7906976744186046, "Precision": 0.7083333333333334, "Cohen_Kappa": 0.4718923198733175, "AUC": 0.7819767441860465, "TP": 34, "TN": 30, "FP": 14, "FN": 9}, "test": {"ACC": 0.6436781609195402, "F1_Score": 0.6593406593406593, "Recall": 0.6818181818181818, "Precision": 0.6382978723404256, "Cohen_Kappa": 0.28669664110023807, "AUC": 0.6664904862579281, "TP": 30, "TN": 26, "FP": 17, "FN": 14}}, "CNB": {"valid": {"ACC": 0.7241379310344828, "F1_Score": 0.7333333333333334, "Recall": 0.7674418604651163, "Precision": 0.7021276595744681, "Cohen_Kappa": 0.44878563885955647, "AUC": 0.7626849894291755, "TP": 33, "TN": 30, "FP": 14, "FN": 10}, "test": {"ACC": 0.6091954022988506, "F1_Score": 0.6136363636363636, "Recall": 0.6136363636363636, "Precision": 0.6136363636363636, "Cohen_Kappa": 0.21828752642706128, "AUC": 0.6937103594080338, "TP": 27, "TN": 26, "FP": 17, "FN": 17}}, "GB": {"valid": {"ACC": 0.6781609195402298, "F1_Score": 0.7021276595744682, "Recall": 0.7674418604651163, "Precision": 0.6470588235294118, "Cohen_Kappa": 0.3575949367088608, "AUC": 0.7367864693446089, "TP": 33, "TN": 26, "FP": 18, "FN": 10}, "test": {"ACC": 0.6091954022988506, "F1_Score": 0.6136363636363636, "Recall": 0.6136363636363636, "Precision": 0.6136363636363636, "Cohen_Kappa": 0.21828752642706128, "AUC": 0.6445560253699789, "TP": 27, "TN": 26, "FP": 17, "FN": 17}}, "BAG": {"valid": {"ACC": 0.6091954022988506, "F1_Score": 0.6304347826086958, "Recall": 0.6744186046511628, "Precision": 0.5918367346938775, "Cohen_Kappa": 0.21952506596306076, "AUC": 0.6834038054968287, "TP": 29, "TN": 24, "FP": 20, "FN": 14}, "test": {"ACC": 0.5977011494252874, "F1_Score": 0.6067415730337078, "Recall": 0.6136363636363636, "Precision": 0.6, "Cohen_Kappa": 0.19508326724821579, "AUC": 0.6028012684989429, "TP": 27, "TN": 25, "FP": 18, "FN": 17}}, "QDA": {"valid": {"ACC": 0.5172413793103449, "F1_Score": 0.04545454545454545, "Recall": 0.023255813953488372, "Precision": 1.0, "Cohen_Kappa": 0.023516835916622125, "AUC": 0.5116279069767442, "TP": 1, "TN": 44, "FP": 0, "FN": 42}, "test": {"ACC": 0.5172413793103449, "F1_Score": 0.08695652173913045, "Recall": 0.045454545454545456, "Precision": 1.0, "Cohen_Kappa": 0.04495556717198124, "AUC": 0.5227272727272727, "TP": 2, "TN": 43, "FP": 0, "FN": 42}}, "SVC": {"valid": {"ACC": 0.7471264367816092, "F1_Score": 0.7555555555555555, "Recall": 0.7906976744186046, "Precision": 0.723404255319149, "Cohen_Kappa": 0.4947201689545935, "AUC": 0.784355179704017, "TP": 34, "TN": 31, "FP": 13, "FN": 9}, "test": {"ACC": 0.632183908045977, "F1_Score": 0.6521739130434783, "Recall": 0.6818181818181818, "Precision": 0.625, "Cohen_Kappa": 0.26349206349206356, "AUC": 0.6678118393234672, "TP": 30, "TN": 25, "FP": 18, "FN": 14}}}