{"OVR": {"valid": {"ACC": 0.7529880478087649, "F1_Score": 0.7438016528925621, "Recall": 0.7142857142857143, "Precision": 0.7758620689655172, "Cohen_Kappa": 0.506125039669946, "AUC": 0.8273650793650794, "TP": 90, "TN": 99, "FP": 26, "FN": 36}, "test": {"ACC": 0.7261904761904762, "F1_Score": 0.7228915662650603, "Recall": 0.7142857142857143, "Precision": 0.7317073170731707, "Cohen_Kappa": 0.45238095238095233, "AUC": 0.803413958175863, "TP": 90, "TN": 93, "FP": 33, "FN": 36}}, "KNB": {"valid": {"ACC": 0.6573705179282868, "F1_Score": 0.5274725274725274, "Recall": 0.38095238095238093, "Precision": 0.8571428571428571, "Cohen_Kappa": 0.3162496040544821, "AUC": 0.7406031746031746, "TP": 48, "TN": 117, "FP": 8, "FN": 78}, "test": {"ACC": 0.5833333333333334, "F1_Score": 0.36363636363636365, "Recall": 0.23809523809523808, "Precision": 0.7692307692307693, "Cohen_Kappa": 0.16666666666666663, "AUC": 0.6994205089443185, "TP": 30, "TN": 117, "FP": 9, "FN": 96}}, "DT": {"valid": {"ACC": 0.7131474103585658, "F1_Score": 0.712, "Recall": 0.7063492063492064, "Precision": 0.717741935483871, "Cohen_Kappa": 0.42632213827693477, "AUC": 0.7131746031746032, "TP": 89, "TN": 90, "FP": 35, "FN": 37}, "test": {"ACC": 0.6865079365079365, "F1_Score": 0.680161943319838, "Recall": 0.6666666666666666, "Precision": 0.6942148760330579, "Cohen_Kappa": 0.373015873015873, "AUC": 0.6865079365079364, "TP": 84, "TN": 89, "FP": 37, "FN": 42}}, "MNB": {"valid": {"ACC": 0.7171314741035857, "F1_Score": 0.7320754716981133, "Recall": 0.7698412698412699, "Precision": 0.697841726618705, "Cohen_Kappa": 0.43402038936704046, "AUC": 0.7972063492063493, "TP": 97, "TN": 83, "FP": 42, "FN": 29}, "test": {"ACC": 0.7063492063492064, "F1_Score": 0.7238805970149252, "Recall": 0.7698412698412699, "Precision": 0.6830985915492958, "Cohen_Kappa": 0.4126984126984127, "AUC": 0.7627551020408164, "TP": 97, "TN": 81, "FP": 45, "FN": 29}}, "RF": {"valid": {"ACC": 0.7609561752988048, "F1_Score": 0.7520661157024793, "Recall": 0.7222222222222222, "Precision": 0.7844827586206896, "Cohen_Kappa": 0.5220564900031737, "AUC": 0.844984126984127, "TP": 91, "TN": 100, "FP": 25, "FN": 35}, "test": {"ACC": 0.7420634920634921, "F1_Score": 0.7210300429184548, "Recall": 0.6666666666666666, "Precision": 0.7850467289719626, "Cohen_Kappa": 0.4841269841269841, "AUC": 0.8133975812547241, "TP": 84, "TN": 103, "FP": 23, "FN": 42}}, "ADA": {"valid": {"ACC": 0.6852589641434262, "F1_Score": 0.6775510204081632, "Recall": 0.6587301587301587, "Precision": 0.6974789915966386, "Cohen_Kappa": 0.3706477925540357, "AUC": 0.7685079365079366, "TP": 83, "TN": 89, "FP": 36, "FN": 43}, "test": {"ACC": 0.6904761904761905, "F1_Score": 0.6749999999999999, "Recall": 0.6428571428571429, "Precision": 0.7105263157894737, "Cohen_Kappa": 0.38095238095238093, "AUC": 0.7563618039808515, "TP": 81, "TN": 93, "FP": 33, "FN": 45}}, "XGB": {"valid": {"ACC": 0.749003984063745, "F1_Score": 0.7567567567567567, "Recall": 0.7777777777777778, "Precision": 0.7368421052631579, "Cohen_Kappa": 0.4978884196488108, "AUC": 0.8378412698412698, "TP": 98, "TN": 90, "FP": 35, "FN": 28}, "test": {"ACC": 0.746031746031746, "F1_Score": 0.7557251908396946, "Recall": 0.7857142857142857, "Precision": 0.7279411764705882, "Cohen_Kappa": 0.4920634920634921, "AUC": 0.8015243134290754, "TP": 99, "TN": 89, "FP": 37, "FN": 27}}, "MLP": {"valid": {"ACC": 0.7370517928286853, "F1_Score": 0.725, "Recall": 0.6904761904761905, "Precision": 0.7631578947368421, "Cohen_Kappa": 0.4742955064737243, "AUC": 0.7862222222222223, "TP": 87, "TN": 98, "FP": 27, "FN": 39}, "test": {"ACC": 0.7182539682539683, "F1_Score": 0.7053941908713693, "Recall": 0.6746031746031746, "Precision": 0.7391304347826086, "Cohen_Kappa": 0.4365079365079365, "AUC": 0.7772108843537415, "TP": 85, "TN": 96, "FP": 30, "FN": 41}}, "LR": {"valid": {"ACC": 0.7529880478087649, "F1_Score": 0.7438016528925621, "Recall": 0.7142857142857143, "Precision": 0.7758620689655172, "Cohen_Kappa": 0.506125039669946, "AUC": 0.8273650793650794, "TP": 90, "TN": 99, "FP": 26, "FN": 36}, "test": {"ACC": 0.7261904761904762, "F1_Score": 0.7228915662650603, "Recall": 0.7142857142857143, "Precision": 0.7317073170731707, "Cohen_Kappa": 0.45238095238095233, "AUC": 0.803413958175863, "TP": 90, "TN": 93, "FP": 33, "FN": 36}}, "ETAs": {"valid": {"ACC": 0.7649402390438247, "F1_Score": 0.748936170212766, "Recall": 0.6984126984126984, "Precision": 0.8073394495412844, "Cohen_Kappa": 0.5301265983437511, "AUC": 0.839111111111111, "TP": 88, "TN": 104, "FP": 21, "FN": 38}, "test": {"ACC": 0.7420634920634921, "F1_Score": 0.7346938775510204, "Recall": 0.7142857142857143, "Precision": 0.7563025210084033, "Cohen_Kappa": 0.4841269841269841, "AUC": 0.8213970773494583, "TP": 90, "TN": 97, "FP": 29, "FN": 36}}, "CNB": {"valid": {"ACC": 0.7171314741035857, "F1_Score": 0.7320754716981133, "Recall": 0.7698412698412699, "Precision": 0.697841726618705, "Cohen_Kappa": 0.43402038936704046, "AUC": 0.7972063492063493, "TP": 97, "TN": 83, "FP": 42, "FN": 29}, "test": {"ACC": 0.7063492063492064, "F1_Score": 0.7238805970149252, "Recall": 0.7698412698412699, "Precision": 0.6830985915492958, "Cohen_Kappa": 0.4126984126984127, "AUC": 0.7627551020408163, "TP": 97, "TN": 81, "FP": 45, "FN": 29}}, "GB": {"valid": {"ACC": 0.7569721115537849, "F1_Score": 0.758893280632411, "Recall": 0.7619047619047619, "Precision": 0.7559055118110236, "Cohen_Kappa": 0.5139210768595829, "AUC": 0.8327301587301588, "TP": 96, "TN": 94, "FP": 31, "FN": 30}, "test": {"ACC": 0.7420634920634921, "F1_Score": 0.752851711026616, "Recall": 0.7857142857142857, "Precision": 0.7226277372262774, "Cohen_Kappa": 0.4841269841269841, "AUC": 0.8047052154195012, "TP": 99, "TN": 88, "FP": 38, "FN": 27}}, "BAG": {"valid": {"ACC": 0.7768924302788844, "F1_Score": 0.7666666666666667, "Recall": 0.7301587301587301, "Precision": 0.8070175438596491, "Cohen_Kappa": 0.553947702462554, "AUC": 0.8292063492063493, "TP": 92, "TN": 103, "FP": 22, "FN": 34}, "test": {"ACC": 0.6904761904761905, "F1_Score": 0.6749999999999999, "Recall": 0.6428571428571429, "Precision": 0.7105263157894737, "Cohen_Kappa": 0.38095238095238093, "AUC": 0.7636684303350969, "TP": 81, "TN": 93, "FP": 33, "FN": 45}}, "QDA": {"valid": {"ACC": 0.5258964143426295, "F1_Score": 0.15602836879432622, "Recall": 0.0873015873015873, "Precision": 0.7333333333333333, "Cohen_Kappa": 0.055107399323020445, "AUC": 0.5276507936507936, "TP": 11, "TN": 121, "FP": 4, "FN": 115}, "test": {"ACC": 0.5198412698412699, "F1_Score": 0.16551724137931034, "Recall": 0.09523809523809523, "Precision": 0.631578947368421, "Cohen_Kappa": 0.03968253968253965, "AUC": 0.5198412698412699, "TP": 12, "TN": 119, "FP": 7, "FN": 114}}, "SVC": {"valid": {"ACC": 0.7529880478087649, "F1_Score": 0.7651515151515151, "Recall": 0.8015873015873016, "Precision": 0.7318840579710145, "Cohen_Kappa": 0.5057799796747968, "AUC": 0.8543492063492063, "TP": 101, "TN": 88, "FP": 37, "FN": 25}, "test": {"ACC": 0.746031746031746, "F1_Score": 0.7557251908396946, "Recall": 0.7857142857142857, "Precision": 0.7279411764705882, "Cohen_Kappa": 0.4920634920634921, "AUC": 0.8156966490299824, "TP": 99, "TN": 89, "FP": 37, "FN": 27}}}