{"OVR": {"valid": {"ACC": 0.7241379310344828, "F1_Score": 0.7368421052631577, "Recall": 0.7777777777777778, "Precision": 0.7, "Cohen_Kappa": 0.4486692015209125, "AUC": 0.8373287671232877, "TP": 56, "TN": 49, "FP": 24, "FN": 16}, "test": {"ACC": 0.6896551724137931, "F1_Score": 0.6853146853146853, "Recall": 0.6712328767123288, "Precision": 0.7, "Cohen_Kappa": 0.3794579172610557, "AUC": 0.759703196347032, "TP": 49, "TN": 51, "FP": 21, "FN": 24}}, "KNB": {"valid": {"ACC": 0.7586206896551724, "F1_Score": 0.7445255474452555, "Recall": 0.7083333333333334, "Precision": 0.7846153846153846, "Cohen_Kappa": 0.5168967158495954, "AUC": 0.8242009132420092, "TP": 51, "TN": 59, "FP": 14, "FN": 21}, "test": {"ACC": 0.6275862068965518, "F1_Score": 0.5909090909090909, "Recall": 0.5342465753424658, "Precision": 0.6610169491525424, "Cohen_Kappa": 0.256127683830515, "AUC": 0.654109589041096, "TP": 39, "TN": 52, "FP": 20, "FN": 34}}, "DT": {"valid": {"ACC": 0.7655172413793103, "F1_Score": 0.7671232876712328, "Recall": 0.7777777777777778, "Precision": 0.7567567567567568, "Cohen_Kappa": 0.5311013886246909, "AUC": 0.7656012176560121, "TP": 56, "TN": 55, "FP": 18, "FN": 16}, "test": {"ACC": 0.6551724137931034, "F1_Score": 0.6527777777777778, "Recall": 0.6438356164383562, "Precision": 0.6619718309859155, "Cohen_Kappa": 0.3104432185657219, "AUC": 0.6552511415525115, "TP": 47, "TN": 48, "FP": 24, "FN": 26}}, "MNB": {"valid": {"ACC": 0.6827586206896552, "F1_Score": 0.7160493827160493, "Recall": 0.8055555555555556, "Precision": 0.6444444444444445, "Cohen_Kappa": 0.36657169990503324, "AUC": 0.8320015220700152, "TP": 58, "TN": 41, "FP": 32, "FN": 14}, "test": {"ACC": 0.6758620689655173, "F1_Score": 0.7006369426751592, "Recall": 0.7534246575342466, "Precision": 0.6547619047619048, "Cohen_Kappa": 0.35101418912484517, "AUC": 0.7775875190258752, "TP": 55, "TN": 43, "FP": 29, "FN": 18}}, "RF": {"valid": {"ACC": 0.7793103448275862, "F1_Score": 0.7808219178082192, "Recall": 0.7916666666666666, "Precision": 0.7702702702702703, "Cohen_Kappa": 0.558683659882062, "AUC": 0.8589231354642313, "TP": 57, "TN": 56, "FP": 17, "FN": 15}, "test": {"ACC": 0.6827586206896552, "F1_Score": 0.661764705882353, "Recall": 0.6164383561643836, "Precision": 0.7142857142857143, "Cohen_Kappa": 0.36609009693974526, "AUC": 0.7560882800608828, "TP": 45, "TN": 54, "FP": 18, "FN": 28}}, "ADA": {"valid": {"ACC": 0.7586206896551724, "F1_Score": 0.7517730496453902, "Recall": 0.7361111111111112, "Precision": 0.7681159420289855, "Cohen_Kappa": 0.517080597583024, "AUC": 0.811834094368341, "TP": 53, "TN": 57, "FP": 16, "FN": 19}, "test": {"ACC": 0.6551724137931034, "F1_Score": 0.6666666666666666, "Recall": 0.684931506849315, "Precision": 0.6493506493506493, "Cohen_Kappa": 0.31004948610582406, "AUC": 0.7285007610350076, "TP": 50, "TN": 45, "FP": 27, "FN": 23}}, "XGB": {"valid": {"ACC": 0.7586206896551724, "F1_Score": 0.7712418300653595, "Recall": 0.8194444444444444, "Precision": 0.7283950617283951, "Cohen_Kappa": 0.5176314038589488, "AUC": 0.8428462709284626, "TP": 59, "TN": 51, "FP": 22, "FN": 13}, "test": {"ACC": 0.6827586206896552, "F1_Score": 0.6666666666666666, "Recall": 0.6301369863013698, "Precision": 0.7076923076923077, "Cohen_Kappa": 0.36596958174904937, "AUC": 0.7638888888888888, "TP": 46, "TN": 53, "FP": 19, "FN": 27}}, "MLP": {"valid": {"ACC": 0.7517241379310344, "F1_Score": 0.7567567567567567, "Recall": 0.7777777777777778, "Precision": 0.7368421052631579, "Cohen_Kappa": 0.503613541270445, "AUC": 0.8234398782343989, "TP": 56, "TN": 53, "FP": 20, "FN": 16}, "test": {"ACC": 0.6689655172413793, "F1_Score": 0.6666666666666666, "Recall": 0.6575342465753424, "Precision": 0.676056338028169, "Cohen_Kappa": 0.338025489823093, "AUC": 0.7543759512937596, "TP": 48, "TN": 49, "FP": 23, "FN": 25}}, "LR": {"valid": {"ACC": 0.7241379310344828, "F1_Score": 0.7368421052631577, "Recall": 0.7777777777777778, "Precision": 0.7, "Cohen_Kappa": 0.4486692015209125, "AUC": 0.8373287671232877, "TP": 56, "TN": 49, "FP": 24, "FN": 16}, "test": {"ACC": 0.6896551724137931, "F1_Score": 0.6853146853146853, "Recall": 0.6712328767123288, "Precision": 0.7, "Cohen_Kappa": 0.3794579172610557, "AUC": 0.759703196347032, "TP": 49, "TN": 51, "FP": 21, "FN": 24}}, "ETAs": {"valid": {"ACC": 0.7793103448275862, "F1_Score": 0.7837837837837838, "Recall": 0.8055555555555556, "Precision": 0.7631578947368421, "Cohen_Kappa": 0.5587675922403956, "AUC": 0.8420852359208525, "TP": 58, "TN": 55, "FP": 18, "FN": 14}, "test": {"ACC": 0.6827586206896552, "F1_Score": 0.6714285714285715, "Recall": 0.6438356164383562, "Precision": 0.7014925373134329, "Cohen_Kappa": 0.3658490207263738, "AUC": 0.7678843226788432, "TP": 47, "TN": 52, "FP": 20, "FN": 26}}, "CNB": {"valid": {"ACC": 0.6827586206896552, "F1_Score": 0.7160493827160493, "Recall": 0.8055555555555556, "Precision": 0.6444444444444445, "Cohen_Kappa": 0.36657169990503324, "AUC": 0.8320015220700152, "TP": 58, "TN": 41, "FP": 32, "FN": 14}, "test": {"ACC": 0.6758620689655173, "F1_Score": 0.7006369426751592, "Recall": 0.7534246575342466, "Precision": 0.6547619047619048, "Cohen_Kappa": 0.35101418912484517, "AUC": 0.7775875190258752, "TP": 55, "TN": 43, "FP": 29, "FN": 18}}, "GB": {"valid": {"ACC": 0.7448275862068966, "F1_Score": 0.7412587412587414, "Recall": 0.7361111111111112, "Precision": 0.7464788732394366, "Cohen_Kappa": 0.4895823423080582, "AUC": 0.8279109589041096, "TP": 53, "TN": 55, "FP": 18, "FN": 19}, "test": {"ACC": 0.696551724137931, "F1_Score": 0.6901408450704226, "Recall": 0.6712328767123288, "Precision": 0.7101449275362319, "Cohen_Kappa": 0.39330543933054396, "AUC": 0.7387747336377474, "TP": 49, "TN": 52, "FP": 20, "FN": 24}}, "BAG": {"valid": {"ACC": 0.7172413793103448, "F1_Score": 0.7248322147651006, "Recall": 0.75, "Precision": 0.7012987012987013, "Cohen_Kappa": 0.43472473138727774, "AUC": 0.8081240487062404, "TP": 54, "TN": 50, "FP": 23, "FN": 18}, "test": {"ACC": 0.6620689655172414, "F1_Score": 0.6620689655172415, "Recall": 0.6575342465753424, "Precision": 0.6666666666666666, "Cohen_Kappa": 0.32417007514505847, "AUC": 0.7365867579908676, "TP": 48, "TN": 48, "FP": 24, "FN": 25}}, "QDA": {"valid": {"ACC": 0.503448275862069, "F1_Score": 0.0, "Recall": 0.0, "Precision": 0.0, "Cohen_Kappa": 0.0, "AUC": 0.5, "TP": 0, "TN": 73, "FP": 0, "FN": 72}, "test": {"ACC": 0.496551724137931, "F1_Score": 0.0, "Recall": 0.0, "Precision": 0.0, "Cohen_Kappa": 0.0, "AUC": 0.5, "TP": 0, "TN": 72, "FP": 0, "FN": 73}}, "SVC": {"valid": {"ACC": 0.7862068965517242, "F1_Score": 0.7862068965517242, "Recall": 0.7916666666666666, "Precision": 0.7808219178082192, "Cohen_Kappa": 0.5724341291734043, "AUC": 0.8593987823439878, "TP": 57, "TN": 57, "FP": 16, "FN": 15}, "test": {"ACC": 0.696551724137931, "F1_Score": 0.6944444444444443, "Recall": 0.684931506849315, "Precision": 0.704225352112676, "Cohen_Kappa": 0.39319003233783534, "AUC": 0.7787290715372908, "TP": 50, "TN": 51, "FP": 21, "FN": 23}}}