{"OVR": {"valid": {"ACC": 0.7321428571428571, "F1_Score": 0.7321428571428571, "Recall": 0.7321428571428571, "Precision": 0.7321428571428571, "Cohen_Kappa": 0.4642857142857143, "AUC": 0.8227395124716554, "TP": 123, "TN": 123, "FP": 45, "FN": 45}, "test": {"ACC": 0.6973293768545994, "F1_Score": 0.7017543859649122, "Recall": 0.7100591715976331, "Precision": 0.6936416184971098, "Cohen_Kappa": 0.39461077844311376, "AUC": 0.7700056353902508, "TP": 120, "TN": 115, "FP": 53, "FN": 49}}, "KNB": {"valid": {"ACC": 0.6547619047619048, "F1_Score": 0.5606060606060607, "Recall": 0.44047619047619047, "Precision": 0.7708333333333334, "Cohen_Kappa": 0.30952380952380953, "AUC": 0.7411954365079365, "TP": 74, "TN": 146, "FP": 22, "FN": 94}, "test": {"ACC": 0.6261127596439169, "F1_Score": 0.5078125, "Recall": 0.38461538461538464, "Precision": 0.7471264367816092, "Cohen_Kappa": 0.2532972250553934, "AUC": 0.6700126796280642, "TP": 65, "TN": 146, "FP": 22, "FN": 104}}, "DT": {"valid": {"ACC": 0.6666666666666666, "F1_Score": 0.654320987654321, "Recall": 0.6309523809523809, "Precision": 0.6794871794871795, "Cohen_Kappa": 0.33333333333333337, "AUC": 0.6666666666666666, "TP": 106, "TN": 118, "FP": 50, "FN": 62}, "test": {"ACC": 0.7062314540059347, "F1_Score": 0.7163323782234957, "Recall": 0.7396449704142012, "Precision": 0.6944444444444444, "Cohen_Kappa": 0.4123438958659926, "AUC": 0.7061320090166244, "TP": 125, "TN": 113, "FP": 55, "FN": 44}}, "MNB": {"valid": {"ACC": 0.6934523809523809, "F1_Score": 0.7065527065527065, "Recall": 0.7380952380952381, "Precision": 0.6775956284153005, "Cohen_Kappa": 0.38690476190476186, "AUC": 0.7718431122448979, "TP": 124, "TN": 109, "FP": 59, "FN": 44}, "test": {"ACC": 0.6350148367952523, "F1_Score": 0.663013698630137, "Recall": 0.7159763313609467, "Precision": 0.6173469387755102, "Cohen_Kappa": 0.2696759871029124, "AUC": 0.7201676528599605, "TP": 121, "TN": 93, "FP": 75, "FN": 48}}, "RF": {"valid": {"ACC": 0.7023809523809523, "F1_Score": 0.6835443037974683, "Recall": 0.6428571428571429, "Precision": 0.7297297297297297, "Cohen_Kappa": 0.40476190476190477, "AUC": 0.807592828798186, "TP": 108, "TN": 128, "FP": 40, "FN": 60}, "test": {"ACC": 0.6943620178041543, "F1_Score": 0.6906906906906907, "Recall": 0.6804733727810651, "Precision": 0.7012195121951219, "Cohen_Kappa": 0.3887724735424114, "AUC": 0.7600732600732601, "TP": 115, "TN": 119, "FP": 49, "FN": 54}}, "ADA": {"valid": {"ACC": 0.6726190476190477, "F1_Score": 0.6540880503144655, "Recall": 0.6190476190476191, "Precision": 0.6933333333333334, "Cohen_Kappa": 0.34523809523809523, "AUC": 0.7502480158730159, "TP": 104, "TN": 122, "FP": 46, "FN": 64}, "test": {"ACC": 0.629080118694362, "F1_Score": 0.617737003058104, "Recall": 0.5976331360946746, "Precision": 0.6392405063291139, "Cohen_Kappa": 0.2582973853332159, "AUC": 0.7037017469709778, "TP": 101, "TN": 111, "FP": 57, "FN": 68}}, "XGB": {"valid": {"ACC": 0.7321428571428571, "F1_Score": 0.7305389221556886, "Recall": 0.7261904761904762, "Precision": 0.7349397590361446, "Cohen_Kappa": 0.4642857142857143, "AUC": 0.8047760770975058, "TP": 122, "TN": 124, "FP": 44, "FN": 46}, "test": {"ACC": 0.6973293768545994, "F1_Score": 0.7034883720930232, "Recall": 0.7159763313609467, "Precision": 0.6914285714285714, "Cohen_Kappa": 0.39458945366162956, "AUC": 0.7566039729501266, "TP": 121, "TN": 114, "FP": 54, "FN": 48}}, "MLP": {"valid": {"ACC": 0.7083333333333334, "F1_Score": 0.7083333333333334, "Recall": 0.7083333333333334, "Precision": 0.7083333333333334, "Cohen_Kappa": 0.41666666666666663, "AUC": 0.7820294784580498, "TP": 119, "TN": 119, "FP": 49, "FN": 49}, "test": {"ACC": 0.6735905044510386, "F1_Score": 0.6745562130177515, "Recall": 0.6745562130177515, "Precision": 0.6745562130177515, "Cohen_Kappa": 0.34717526063679915, "AUC": 0.7446111580726966, "TP": 114, "TN": 113, "FP": 55, "FN": 55}}, "LR": {"valid": {"ACC": 0.7321428571428571, "F1_Score": 0.7321428571428571, "Recall": 0.7321428571428571, "Precision": 0.7321428571428571, "Cohen_Kappa": 0.4642857142857143, "AUC": 0.8227395124716554, "TP": 123, "TN": 123, "FP": 45, "FN": 45}, "test": {"ACC": 0.6973293768545994, "F1_Score": 0.7017543859649122, "Recall": 0.7100591715976331, "Precision": 0.6936416184971098, "Cohen_Kappa": 0.39461077844311376, "AUC": 0.7700056353902508, "TP": 120, "TN": 115, "FP": 53, "FN": 49}}, "ETAs": {"valid": {"ACC": 0.7380952380952381, "F1_Score": 0.721518987341772, "Recall": 0.6785714285714286, "Precision": 0.7702702702702703, "Cohen_Kappa": 0.47619047619047616, "AUC": 0.81937358276644, "TP": 114, "TN": 134, "FP": 34, "FN": 54}, "test": {"ACC": 0.685459940652819, "F1_Score": 0.680722891566265, "Recall": 0.6686390532544378, "Precision": 0.6932515337423313, "Cohen_Kappa": 0.3709808064800141, "AUC": 0.7644054663285432, "TP": 113, "TN": 118, "FP": 50, "FN": 56}}, "CNB": {"valid": {"ACC": 0.6934523809523809, "F1_Score": 0.7065527065527065, "Recall": 0.7380952380952381, "Precision": 0.6775956284153005, "Cohen_Kappa": 0.38690476190476186, "AUC": 0.7718431122448979, "TP": 124, "TN": 109, "FP": 59, "FN": 44}, "test": {"ACC": 0.6350148367952523, "F1_Score": 0.663013698630137, "Recall": 0.7159763313609467, "Precision": 0.6173469387755102, "Cohen_Kappa": 0.2696759871029124, "AUC": 0.7201676528599605, "TP": 121, "TN": 93, "FP": 75, "FN": 48}}, "GB": {"valid": {"ACC": 0.6755952380952381, "F1_Score": 0.6517571884984025, "Recall": 0.6071428571428571, "Precision": 0.7034482758620689, "Cohen_Kappa": 0.35119047619047616, "AUC": 0.7722505668934241, "TP": 102, "TN": 125, "FP": 43, "FN": 66}, "test": {"ACC": 0.6706231454005934, "F1_Score": 0.6584615384615384, "Recall": 0.6331360946745562, "Precision": 0.6858974358974359, "Cohen_Kappa": 0.3413912706657042, "AUC": 0.7274584389969005, "TP": 107, "TN": 119, "FP": 49, "FN": 62}}, "BAG": {"valid": {"ACC": 0.7113095238095238, "F1_Score": 0.686084142394822, "Recall": 0.6309523809523809, "Precision": 0.75177304964539, "Cohen_Kappa": 0.42261904761904767, "AUC": 0.795404620181406, "TP": 106, "TN": 133, "FP": 35, "FN": 62}, "test": {"ACC": 0.6795252225519288, "F1_Score": 0.6687116564417177, "Recall": 0.6449704142011834, "Precision": 0.6942675159235668, "Cohen_Kappa": 0.3591802239594337, "AUC": 0.7258382642998028, "TP": 109, "TN": 120, "FP": 48, "FN": 60}}, "QDA": {"valid": {"ACC": 0.5119047619047619, "F1_Score": 0.18, "Recall": 0.10714285714285714, "Precision": 0.5625, "Cohen_Kappa": 0.023809523809523836, "AUC": 0.5119047619047619, "TP": 18, "TN": 154, "FP": 14, "FN": 150}, "test": {"ACC": 0.5341246290801187, "F1_Score": 0.24880382775119617, "Recall": 0.15384615384615385, "Precision": 0.65, "Cohen_Kappa": 0.07035299492207414, "AUC": 0.5352564102564101, "TP": 26, "TN": 154, "FP": 14, "FN": 143}}, "SVC": {"valid": {"ACC": 0.7321428571428571, "F1_Score": 0.725609756097561, "Recall": 0.7083333333333334, "Precision": 0.74375, "Cohen_Kappa": 0.4642857142857143, "AUC": 0.8336522108843537, "TP": 119, "TN": 127, "FP": 41, "FN": 49}, "test": {"ACC": 0.7181008902077152, "F1_Score": 0.7129909365558913, "Recall": 0.6982248520710059, "Precision": 0.7283950617283951, "Cohen_Kappa": 0.4362663098026096, "AUC": 0.7811707523245985, "TP": 118, "TN": 124, "FP": 44, "FN": 51}}}