{"OVR": {"valid": {"ACC": 0.6929824561403509, "F1_Score": 0.6601941747572816, "Recall": 0.5964912280701754, "Precision": 0.7391304347826086, "Cohen_Kappa": 0.38596491228070173, "AUC": 0.7873191751308094, "TP": 34, "TN": 45, "FP": 12, "FN": 23}, "test": {"ACC": 0.6929824561403509, "F1_Score": 0.6902654867256636, "Recall": 0.6842105263157895, "Precision": 0.6964285714285714, "Cohen_Kappa": 0.38596491228070173, "AUC": 0.7303785780240073, "TP": 39, "TN": 40, "FP": 17, "FN": 18}}, "KNB": {"valid": {"ACC": 0.5701754385964912, "F1_Score": 0.30985915492957744, "Recall": 0.19298245614035087, "Precision": 0.7857142857142857, "Cohen_Kappa": 0.14035087719298245, "AUC": 0.6762080640196984, "TP": 11, "TN": 54, "FP": 3, "FN": 46}, "test": {"ACC": 0.5350877192982456, "F1_Score": 0.208955223880597, "Recall": 0.12280701754385964, "Precision": 0.7, "Cohen_Kappa": 0.07017543859649122, "AUC": 0.6178824253616497, "TP": 7, "TN": 54, "FP": 3, "FN": 50}}, "DT": {"valid": {"ACC": 0.5350877192982456, "F1_Score": 0.4752475247524752, "Recall": 0.42105263157894735, "Precision": 0.5454545454545454, "Cohen_Kappa": 0.07017543859649122, "AUC": 0.5350877192982456, "TP": 24, "TN": 37, "FP": 20, "FN": 33}, "test": {"ACC": 0.543859649122807, "F1_Score": 0.5185185185185185, "Recall": 0.49122807017543857, "Precision": 0.5490196078431373, "Cohen_Kappa": 0.08771929824561409, "AUC": 0.543859649122807, "TP": 28, "TN": 34, "FP": 23, "FN": 29}}, "MNB": {"valid": {"ACC": 0.7017543859649122, "F1_Score": 0.7258064516129032, "Recall": 0.7894736842105263, "Precision": 0.6716417910447762, "Cohen_Kappa": 0.4035087719298246, "AUC": 0.7460757156048016, "TP": 45, "TN": 35, "FP": 22, "FN": 12}, "test": {"ACC": 0.6491228070175439, "F1_Score": 0.696969696969697, "Recall": 0.8070175438596491, "Precision": 0.6133333333333333, "Cohen_Kappa": 0.29824561403508776, "AUC": 0.7586949830717145, "TP": 46, "TN": 28, "FP": 29, "FN": 11}}, "RF": {"valid": {"ACC": 0.7105263157894737, "F1_Score": 0.6373626373626374, "Recall": 0.5087719298245614, "Precision": 0.8529411764705882, "Cohen_Kappa": 0.42105263157894735, "AUC": 0.8005540166204986, "TP": 29, "TN": 52, "FP": 5, "FN": 28}, "test": {"ACC": 0.6403508771929824, "F1_Score": 0.5591397849462365, "Recall": 0.45614035087719296, "Precision": 0.7222222222222222, "Cohen_Kappa": 0.2807017543859649, "AUC": 0.7305324715297015, "TP": 26, "TN": 47, "FP": 10, "FN": 31}}, "ADA": {"valid": {"ACC": 0.6666666666666666, "F1_Score": 0.6545454545454544, "Recall": 0.631578947368421, "Precision": 0.6792452830188679, "Cohen_Kappa": 0.33333333333333337, "AUC": 0.698522622345337, "TP": 36, "TN": 40, "FP": 17, "FN": 21}, "test": {"ACC": 0.6754385964912281, "F1_Score": 0.6782608695652174, "Recall": 0.6842105263157895, "Precision": 0.6724137931034483, "Cohen_Kappa": 0.3508771929824561, "AUC": 0.6669744536780549, "TP": 39, "TN": 38, "FP": 19, "FN": 18}}, "XGB": {"valid": {"ACC": 0.7017543859649122, "F1_Score": 0.6909090909090909, "Recall": 0.6666666666666666, "Precision": 0.7169811320754716, "Cohen_Kappa": 0.4035087719298246, "AUC": 0.7666974453678055, "TP": 38, "TN": 42, "FP": 15, "FN": 19}, "test": {"ACC": 0.6228070175438597, "F1_Score": 0.6260869565217391, "Recall": 0.631578947368421, "Precision": 0.6206896551724138, "Cohen_Kappa": 0.24561403508771928, "AUC": 0.6525084641428133, "TP": 36, "TN": 35, "FP": 22, "FN": 21}}, "MLP": {"valid": {"ACC": 0.6666666666666666, "F1_Score": 0.6274509803921567, "Recall": 0.5614035087719298, "Precision": 0.7111111111111111, "Cohen_Kappa": 0.33333333333333337, "AUC": 0.736842105263158, "TP": 32, "TN": 44, "FP": 13, "FN": 25}, "test": {"ACC": 0.6929824561403509, "F1_Score": 0.6788990825688075, "Recall": 0.6491228070175439, "Precision": 0.7115384615384616, "Cohen_Kappa": 0.38596491228070173, "AUC": 0.7377654662973223, "TP": 37, "TN": 42, "FP": 15, "FN": 20}}, "LR": {"valid": {"ACC": 0.6929824561403509, "F1_Score": 0.6601941747572816, "Recall": 0.5964912280701754, "Precision": 0.7391304347826086, "Cohen_Kappa": 0.38596491228070173, "AUC": 0.7873191751308094, "TP": 34, "TN": 45, "FP": 12, "FN": 23}, "test": {"ACC": 0.6929824561403509, "F1_Score": 0.6902654867256636, "Recall": 0.6842105263157895, "Precision": 0.6964285714285714, "Cohen_Kappa": 0.38596491228070173, "AUC": 0.7303785780240073, "TP": 39, "TN": 40, "FP": 17, "FN": 18}}, "ETAs": {"valid": {"ACC": 0.6842105263157895, "F1_Score": 0.6326530612244897, "Recall": 0.543859649122807, "Precision": 0.7560975609756098, "Cohen_Kappa": 0.368421052631579, "AUC": 0.809018159433672, "TP": 31, "TN": 47, "FP": 10, "FN": 26}, "test": {"ACC": 0.6929824561403509, "F1_Score": 0.6601941747572816, "Recall": 0.5964912280701754, "Precision": 0.7391304347826086, "Cohen_Kappa": 0.38596491228070173, "AUC": 0.7553093259464452, "TP": 34, "TN": 45, "FP": 12, "FN": 23}}, "CNB": {"valid": {"ACC": 0.7017543859649122, "F1_Score": 0.7258064516129032, "Recall": 0.7894736842105263, "Precision": 0.6716417910447762, "Cohen_Kappa": 0.4035087719298246, "AUC": 0.7460757156048016, "TP": 45, "TN": 35, "FP": 22, "FN": 12}, "test": {"ACC": 0.6491228070175439, "F1_Score": 0.696969696969697, "Recall": 0.8070175438596491, "Precision": 0.6133333333333333, "Cohen_Kappa": 0.29824561403508776, "AUC": 0.7586949830717145, "TP": 46, "TN": 28, "FP": 29, "FN": 11}}, "GB": {"valid": {"ACC": 0.7017543859649122, "F1_Score": 0.6909090909090909, "Recall": 0.6666666666666666, "Precision": 0.7169811320754716, "Cohen_Kappa": 0.4035087719298246, "AUC": 0.763157894736842, "TP": 38, "TN": 42, "FP": 15, "FN": 19}, "test": {"ACC": 0.631578947368421, "F1_Score": 0.6181818181818182, "Recall": 0.5964912280701754, "Precision": 0.6415094339622641, "Cohen_Kappa": 0.26315789473684215, "AUC": 0.7220683287165282, "TP": 34, "TN": 38, "FP": 19, "FN": 23}}, "BAG": {"valid": {"ACC": 0.6578947368421053, "F1_Score": 0.6060606060606061, "Recall": 0.5263157894736842, "Precision": 0.7142857142857143, "Cohen_Kappa": 0.3157894736842105, "AUC": 0.762850107725454, "TP": 30, "TN": 45, "FP": 12, "FN": 27}, "test": {"ACC": 0.6666666666666666, "F1_Score": 0.6041666666666666, "Recall": 0.5087719298245614, "Precision": 0.7435897435897436, "Cohen_Kappa": 0.33333333333333337, "AUC": 0.7176054170514005, "TP": 29, "TN": 47, "FP": 10, "FN": 28}}, "QDA": {"valid": {"ACC": 0.5, "F1_Score": 0.0, "Recall": 0.0, "Precision": 0.0, "Cohen_Kappa": 0.0, "AUC": 0.5, "TP": 0, "TN": 57, "FP": 0, "FN": 57}, "test": {"ACC": 0.5, "F1_Score": 0.0, "Recall": 0.0, "Precision": 0.0, "Cohen_Kappa": 0.0, "AUC": 0.5, "TP": 0, "TN": 57, "FP": 0, "FN": 57}}, "SVC": {"valid": {"ACC": 0.7105263157894737, "F1_Score": 0.6915887850467289, "Recall": 0.6491228070175439, "Precision": 0.74, "Cohen_Kappa": 0.42105263157894735, "AUC": 0.796552785472453, "TP": 37, "TN": 44, "FP": 13, "FN": 20}, "test": {"ACC": 0.7543859649122807, "F1_Score": 0.7499999999999999, "Recall": 0.7368421052631579, "Precision": 0.7636363636363637, "Cohen_Kappa": 0.5087719298245614, "AUC": 0.7903970452446908, "TP": 42, "TN": 44, "FP": 13, "FN": 15}}}