{"OVR": {"valid": {"ACC": 0.6273764258555133, "F1_Score": 0.6171875000000001, "Recall": 0.6030534351145038, "Precision": 0.632, "Cohen_Kappa": 0.2546127595581005, "AUC": 0.6956974323386538, "TP": 79, "TN": 86, "FP": 46, "FN": 52}, "test": {"ACC": 0.6615969581749049, "F1_Score": 0.6590038314176245, "Recall": 0.6515151515151515, "Precision": 0.6666666666666666, "Cohen_Kappa": 0.3232428369040391, "AUC": 0.7106176266481611, "TP": 86, "TN": 88, "FP": 43, "FN": 46}}, "KNB": {"valid": {"ACC": 0.6273764258555133, "F1_Score": 0.5504587155963303, "Recall": 0.4580152671755725, "Precision": 0.6896551724137931, "Cohen_Kappa": 0.2537927041111755, "AUC": 0.6928059218135554, "TP": 60, "TN": 105, "FP": 27, "FN": 71}, "test": {"ACC": 0.5855513307984791, "F1_Score": 0.5067873303167421, "Recall": 0.42424242424242425, "Precision": 0.6292134831460674, "Cohen_Kappa": 0.17212002194819065, "AUC": 0.6200555170020818, "TP": 56, "TN": 98, "FP": 33, "FN": 76}}, "DT": {"valid": {"ACC": 0.5931558935361216, "F1_Score": 0.5770750988142292, "Recall": 0.5572519083969466, "Precision": 0.5983606557377049, "Cohen_Kappa": 0.18608821402747644, "AUC": 0.5930198935924127, "TP": 73, "TN": 83, "FP": 49, "FN": 58}, "test": {"ACC": 0.5931558935361216, "F1_Score": 0.5668016194331984, "Recall": 0.5303030303030303, "Precision": 0.6086956521739131, "Cohen_Kappa": 0.18669980636397787, "AUC": 0.5916030534351145, "TP": 70, "TN": 86, "FP": 45, "FN": 62}}, "MNB": {"valid": {"ACC": 0.6539923954372624, "F1_Score": 0.6513409961685823, "Recall": 0.648854961832061, "Precision": 0.6538461538461539, "Cohen_Kappa": 0.3079547754677153, "AUC": 0.7244968771686329, "TP": 85, "TN": 87, "FP": 45, "FN": 46}, "test": {"ACC": 0.6425855513307985, "F1_Score": 0.6618705035971223, "Recall": 0.696969696969697, "Precision": 0.6301369863013698, "Cohen_Kappa": 0.28487127567254844, "AUC": 0.7071478140180432, "TP": 92, "TN": 77, "FP": 54, "FN": 40}}, "RF": {"valid": {"ACC": 0.6692015209125475, "F1_Score": 0.6329113924050632, "Recall": 0.5725190839694656, "Precision": 0.7075471698113207, "Cohen_Kappa": 0.3379148702219392, "AUC": 0.72441013185288, "TP": 75, "TN": 101, "FP": 31, "FN": 56}, "test": {"ACC": 0.6806083650190115, "F1_Score": 0.6557377049180327, "Recall": 0.6060606060606061, "Precision": 0.7142857142857143, "Cohen_Kappa": 0.3615766963356837, "AUC": 0.7217788572750405, "TP": 80, "TN": 99, "FP": 32, "FN": 52}}, "ADA": {"valid": {"ACC": 0.5893536121673004, "F1_Score": 0.5462184873949579, "Recall": 0.4961832061068702, "Precision": 0.6074766355140186, "Cohen_Kappa": 0.17812499999999987, "AUC": 0.6515440666204025, "TP": 65, "TN": 90, "FP": 42, "FN": 66}, "test": {"ACC": 0.6425855513307985, "F1_Score": 0.6240000000000001, "Recall": 0.5909090909090909, "Precision": 0.6610169491525424, "Cohen_Kappa": 0.28545002601306435, "AUC": 0.686618089289845, "TP": 78, "TN": 91, "FP": 40, "FN": 54}}, "XGB": {"valid": {"ACC": 0.6387832699619772, "F1_Score": 0.6274509803921569, "Recall": 0.6106870229007634, "Precision": 0.6451612903225806, "Cohen_Kappa": 0.2774098389102583, "AUC": 0.6998322923895443, "TP": 80, "TN": 88, "FP": 44, "FN": 51}, "test": {"ACC": 0.6121673003802282, "F1_Score": 0.6015625, "Recall": 0.5833333333333334, "Precision": 0.6209677419354839, "Cohen_Kappa": 0.22450277520814066, "AUC": 0.6853747397640527, "TP": 77, "TN": 84, "FP": 47, "FN": 55}}, "MLP": {"valid": {"ACC": 0.6577946768060836, "F1_Score": 0.6590909090909092, "Recall": 0.6641221374045801, "Precision": 0.6541353383458647, "Cohen_Kappa": 0.3156190366044065, "AUC": 0.6719292158223455, "TP": 87, "TN": 86, "FP": 46, "FN": 44}, "test": {"ACC": 0.6083650190114068, "F1_Score": 0.6083650190114068, "Recall": 0.6060606060606061, "Precision": 0.6106870229007634, "Cohen_Kappa": 0.21674136186207904, "AUC": 0.679851954661115, "TP": 80, "TN": 80, "FP": 51, "FN": 52}}, "LR": {"valid": {"ACC": 0.6273764258555133, "F1_Score": 0.6171875000000001, "Recall": 0.6030534351145038, "Precision": 0.632, "Cohen_Kappa": 0.2546127595581005, "AUC": 0.6956974323386538, "TP": 79, "TN": 86, "FP": 46, "FN": 52}, "test": {"ACC": 0.6615969581749049, "F1_Score": 0.6590038314176245, "Recall": 0.6515151515151515, "Precision": 0.6666666666666666, "Cohen_Kappa": 0.3232428369040391, "AUC": 0.7106176266481611, "TP": 86, "TN": 88, "FP": 43, "FN": 46}}, "ETAs": {"valid": {"ACC": 0.6615969581749049, "F1_Score": 0.6396761133603238, "Recall": 0.6030534351145038, "Precision": 0.6810344827586207, "Cohen_Kappa": 0.3228904509820938, "AUC": 0.7374219292158223, "TP": 79, "TN": 95, "FP": 37, "FN": 52}, "test": {"ACC": 0.6844106463878327, "F1_Score": 0.6770428015564202, "Recall": 0.6590909090909091, "Precision": 0.696, "Cohen_Kappa": 0.36893989766124136, "AUC": 0.7055285681239881, "TP": 87, "TN": 93, "FP": 38, "FN": 45}}, "CNB": {"valid": {"ACC": 0.6539923954372624, "F1_Score": 0.6513409961685823, "Recall": 0.648854961832061, "Precision": 0.6538461538461539, "Cohen_Kappa": 0.3079547754677153, "AUC": 0.7244968771686329, "TP": 85, "TN": 87, "FP": 45, "FN": 46}, "test": {"ACC": 0.6425855513307985, "F1_Score": 0.6618705035971223, "Recall": 0.696969696969697, "Precision": 0.6301369863013698, "Cohen_Kappa": 0.28487127567254844, "AUC": 0.7071478140180432, "TP": 92, "TN": 77, "FP": 54, "FN": 40}}, "GB": {"valid": {"ACC": 0.6615969581749049, "F1_Score": 0.6307053941908712, "Recall": 0.5801526717557252, "Precision": 0.6909090909090909, "Cohen_Kappa": 0.32277290744437703, "AUC": 0.7216921119592875, "TP": 76, "TN": 98, "FP": 34, "FN": 55}, "test": {"ACC": 0.6311787072243346, "F1_Score": 0.6072874493927126, "Recall": 0.5681818181818182, "Precision": 0.6521739130434783, "Cohen_Kappa": 0.2627091702551949, "AUC": 0.6842759657645153, "TP": 75, "TN": 91, "FP": 40, "FN": 57}}, "BAG": {"valid": {"ACC": 0.6615969581749049, "F1_Score": 0.6337448559670782, "Recall": 0.5877862595419847, "Precision": 0.6875, "Cohen_Kappa": 0.32281209315781867, "AUC": 0.6909842701827436, "TP": 77, "TN": 97, "FP": 35, "FN": 54}, "test": {"ACC": 0.6045627376425855, "F1_Score": 0.59375, "Recall": 0.5757575757575758, "Precision": 0.6129032258064516, "Cohen_Kappa": 0.2092969472710453, "AUC": 0.6580788804071247, "TP": 76, "TN": 83, "FP": 48, "FN": 56}}, "QDA": {"valid": {"ACC": 0.5513307984790875, "F1_Score": 0.43809523809523815, "Recall": 0.3511450381679389, "Precision": 0.5822784810126582, "Cohen_Kappa": 0.10129734738792995, "AUC": 0.5505725190839694, "TP": 46, "TN": 99, "FP": 33, "FN": 85}, "test": {"ACC": 0.5399239543726235, "F1_Score": 0.4039408866995074, "Recall": 0.3106060606060606, "Precision": 0.5774647887323944, "Cohen_Kappa": 0.08145475537595614, "AUC": 0.5407992135091372, "TP": 41, "TN": 101, "FP": 30, "FN": 91}}, "SVC": {"valid": {"ACC": 0.6768060836501901, "F1_Score": 0.6443514644351465, "Recall": 0.5877862595419847, "Precision": 0.7129629629629629, "Cohen_Kappa": 0.3531726512543041, "AUC": 0.7503180661577608, "TP": 77, "TN": 101, "FP": 31, "FN": 54}, "test": {"ACC": 0.6615969581749049, "F1_Score": 0.6396761133603239, "Recall": 0.5984848484848485, "Precision": 0.6869565217391305, "Cohen_Kappa": 0.3235166613681685, "AUC": 0.7180198935924127, "TP": 79, "TN": 95, "FP": 36, "FN": 53}}}