{"OVR": {"valid": {"ACC": 0.6283783783783784, "F1_Score": 0.6043165467625901, "Recall": 0.5675675675675675, "Precision": 0.6461538461538462, "Cohen_Kappa": 0.2567567567567568, "AUC": 0.7158509861212564, "TP": 42, "TN": 51, "FP": 23, "FN": 32}, "test": {"ACC": 0.6442953020134228, "F1_Score": 0.6344827586206896, "Recall": 0.6133333333333333, "Precision": 0.6571428571428571, "Cohen_Kappa": 0.2888788833858623, "AUC": 0.6852252252252252, "TP": 46, "TN": 50, "FP": 24, "FN": 29}}, "KNB": {"valid": {"ACC": 0.6621621621621622, "F1_Score": 0.6031746031746031, "Recall": 0.5135135135135135, "Precision": 0.7307692307692307, "Cohen_Kappa": 0.32432432432432434, "AUC": 0.6721146822498174, "TP": 38, "TN": 60, "FP": 14, "FN": 36}, "test": {"ACC": 0.5973154362416108, "F1_Score": 0.5774647887323943, "Recall": 0.5466666666666666, "Precision": 0.6119402985074627, "Cohen_Kappa": 0.19517464890169245, "AUC": 0.616936936936937, "TP": 41, "TN": 48, "FP": 26, "FN": 34}}, "DT": {"valid": {"ACC": 0.6554054054054054, "F1_Score": 0.653061224489796, "Recall": 0.6486486486486487, "Precision": 0.6575342465753424, "Cohen_Kappa": 0.31081081081081086, "AUC": 0.6554054054054054, "TP": 48, "TN": 49, "FP": 25, "FN": 26}, "test": {"ACC": 0.6308724832214765, "F1_Score": 0.6308724832214765, "Recall": 0.6266666666666667, "Precision": 0.6351351351351351, "Cohen_Kappa": 0.2617782181785424, "AUC": 0.6309009009009008, "TP": 47, "TN": 47, "FP": 27, "FN": 28}}, "MNB": {"valid": {"ACC": 0.6756756756756757, "F1_Score": 0.6842105263157895, "Recall": 0.7027027027027027, "Precision": 0.6666666666666666, "Cohen_Kappa": 0.3513513513513513, "AUC": 0.7057158509861213, "TP": 52, "TN": 48, "FP": 26, "FN": 22}, "test": {"ACC": 0.6174496644295302, "F1_Score": 0.6274509803921569, "Recall": 0.64, "Precision": 0.6153846153846154, "Cohen_Kappa": 0.2346580156799135, "AUC": 0.6529729729729731, "TP": 48, "TN": 44, "FP": 30, "FN": 27}}, "RF": {"valid": {"ACC": 0.6959459459459459, "F1_Score": 0.6564885496183206, "Recall": 0.581081081081081, "Precision": 0.7543859649122807, "Cohen_Kappa": 0.3918918918918919, "AUC": 0.760043827611395, "TP": 43, "TN": 60, "FP": 14, "FN": 31}, "test": {"ACC": 0.6510067114093959, "F1_Score": 0.6285714285714286, "Recall": 0.5866666666666667, "Precision": 0.676923076923077, "Cohen_Kappa": 0.30261026102610267, "AUC": 0.711081081081081, "TP": 44, "TN": 53, "FP": 21, "FN": 31}}, "ADA": {"valid": {"ACC": 0.6148648648648649, "F1_Score": 0.5839416058394161, "Recall": 0.5405405405405406, "Precision": 0.6349206349206349, "Cohen_Kappa": 0.22972972972972971, "AUC": 0.6265522279035792, "TP": 40, "TN": 51, "FP": 23, "FN": 34}, "test": {"ACC": 0.5906040268456376, "F1_Score": 0.5793103448275861, "Recall": 0.56, "Precision": 0.6, "Cohen_Kappa": 0.18153984691580372, "AUC": 0.6067567567567568, "TP": 42, "TN": 46, "FP": 28, "FN": 33}}, "XGB": {"valid": {"ACC": 0.6756756756756757, "F1_Score": 0.6470588235294118, "Recall": 0.5945945945945946, "Precision": 0.7096774193548387, "Cohen_Kappa": 0.3513513513513513, "AUC": 0.6946676406135865, "TP": 44, "TN": 56, "FP": 18, "FN": 30}, "test": {"ACC": 0.6577181208053692, "F1_Score": 0.6433566433566433, "Recall": 0.6133333333333333, "Precision": 0.6764705882352942, "Cohen_Kappa": 0.31583685963806607, "AUC": 0.6643243243243244, "TP": 46, "TN": 52, "FP": 22, "FN": 29}}, "MLP": {"valid": {"ACC": 0.6216216216216216, "F1_Score": 0.588235294117647, "Recall": 0.5405405405405406, "Precision": 0.6451612903225806, "Cohen_Kappa": 0.2432432432432432, "AUC": 0.6698319941563184, "TP": 40, "TN": 52, "FP": 22, "FN": 34}, "test": {"ACC": 0.6174496644295302, "F1_Score": 0.583941605839416, "Recall": 0.5333333333333333, "Precision": 0.6451612903225806, "Cohen_Kappa": 0.23575992081346175, "AUC": 0.667027027027027, "TP": 40, "TN": 52, "FP": 22, "FN": 35}}, "LR": {"valid": {"ACC": 0.6283783783783784, "F1_Score": 0.6043165467625901, "Recall": 0.5675675675675675, "Precision": 0.6461538461538462, "Cohen_Kappa": 0.2567567567567568, "AUC": 0.7158509861212564, "TP": 42, "TN": 51, "FP": 23, "FN": 32}, "test": {"ACC": 0.6442953020134228, "F1_Score": 0.6344827586206896, "Recall": 0.6133333333333333, "Precision": 0.6571428571428571, "Cohen_Kappa": 0.2888788833858623, "AUC": 0.6852252252252252, "TP": 46, "TN": 50, "FP": 24, "FN": 29}}, "ETAs": {"valid": {"ACC": 0.6824324324324325, "F1_Score": 0.6412213740458015, "Recall": 0.5675675675675675, "Precision": 0.7368421052631579, "Cohen_Kappa": 0.3648648648648649, "AUC": 0.7657048940832725, "TP": 42, "TN": 59, "FP": 15, "FN": 32}, "test": {"ACC": 0.6778523489932886, "F1_Score": 0.6619718309859156, "Recall": 0.6266666666666667, "Precision": 0.7014925373134329, "Cohen_Kappa": 0.356139719121354, "AUC": 0.7100000000000001, "TP": 47, "TN": 54, "FP": 20, "FN": 28}}, "CNB": {"valid": {"ACC": 0.6756756756756757, "F1_Score": 0.6842105263157895, "Recall": 0.7027027027027027, "Precision": 0.6666666666666666, "Cohen_Kappa": 0.3513513513513513, "AUC": 0.7057158509861213, "TP": 52, "TN": 48, "FP": 26, "FN": 22}, "test": {"ACC": 0.6174496644295302, "F1_Score": 0.6274509803921569, "Recall": 0.64, "Precision": 0.6153846153846154, "Cohen_Kappa": 0.2346580156799135, "AUC": 0.6529729729729731, "TP": 48, "TN": 44, "FP": 30, "FN": 27}}, "GB": {"valid": {"ACC": 0.6756756756756757, "F1_Score": 0.6470588235294118, "Recall": 0.5945945945945946, "Precision": 0.7096774193548387, "Cohen_Kappa": 0.3513513513513513, "AUC": 0.769083272461651, "TP": 44, "TN": 56, "FP": 18, "FN": 30}, "test": {"ACC": 0.610738255033557, "F1_Score": 0.5857142857142857, "Recall": 0.5466666666666666, "Precision": 0.6307692307692307, "Cohen_Kappa": 0.22214221422142222, "AUC": 0.6475675675675676, "TP": 41, "TN": 50, "FP": 24, "FN": 34}}, "BAG": {"valid": {"ACC": 0.668918918918919, "F1_Score": 0.6259541984732825, "Recall": 0.5540540540540541, "Precision": 0.7192982456140351, "Cohen_Kappa": 0.33783783783783783, "AUC": 0.7152118334550766, "TP": 41, "TN": 58, "FP": 16, "FN": 33}, "test": {"ACC": 0.6442953020134228, "F1_Score": 0.6293706293706294, "Recall": 0.6, "Precision": 0.6617647058823529, "Cohen_Kappa": 0.28900693256504906, "AUC": 0.6731531531531532, "TP": 45, "TN": 51, "FP": 23, "FN": 30}}, "QDA": {"valid": {"ACC": 0.5, "F1_Score": 0.0, "Recall": 0.0, "Precision": 0.0, "Cohen_Kappa": 0.0, "AUC": 0.5, "TP": 0, "TN": 74, "FP": 0, "FN": 74}, "test": {"ACC": 0.4966442953020134, "F1_Score": 0.0, "Recall": 0.0, "Precision": 0.0, "Cohen_Kappa": 0.0, "AUC": 0.5, "TP": 0, "TN": 74, "FP": 0, "FN": 75}}, "SVC": {"valid": {"ACC": 0.6621621621621622, "F1_Score": 0.626865671641791, "Recall": 0.5675675675675675, "Precision": 0.7, "Cohen_Kappa": 0.32432432432432434, "AUC": 0.7426040905770636, "TP": 42, "TN": 56, "FP": 18, "FN": 32}, "test": {"ACC": 0.6510067114093959, "F1_Score": 0.6231884057971014, "Recall": 0.5733333333333334, "Precision": 0.6825396825396826, "Cohen_Kappa": 0.302735781137509, "AUC": 0.704864864864865, "TP": 43, "TN": 54, "FP": 20, "FN": 32}}}