{"OVR": {"valid": {"ACC": 0.6808510638297872, "F1_Score": 0.6808510638297872, "Recall": 0.6956521739130435, "Precision": 0.6666666666666666, "Cohen_Kappa": 0.3619909502262444, "AUC": 0.7681159420289855, "TP": 16, "TN": 16, "FP": 8, "FN": 7}, "test": {"ACC": 0.6382978723404256, "F1_Score": 0.6382978723404256, "Recall": 0.625, "Precision": 0.6521739130434783, "Cohen_Kappa": 0.27692307692307694, "AUC": 0.7409420289855072, "TP": 15, "TN": 15, "FP": 8, "FN": 9}}, "KNB": {"valid": {"ACC": 0.6595744680851063, "F1_Score": 0.5789473684210527, "Recall": 0.4782608695652174, "Precision": 0.7333333333333333, "Cohen_Kappa": 0.3138686131386861, "AUC": 0.7463768115942029, "TP": 11, "TN": 20, "FP": 4, "FN": 12}, "test": {"ACC": 0.723404255319149, "F1_Score": 0.6829268292682927, "Recall": 0.5833333333333334, "Precision": 0.8235294117647058, "Cohen_Kappa": 0.45004500450045004, "AUC": 0.7554347826086958, "TP": 14, "TN": 20, "FP": 3, "FN": 10}}, "DT": {"valid": {"ACC": 0.6382978723404256, "F1_Score": 0.6792452830188679, "Recall": 0.782608695652174, "Precision": 0.6, "Cohen_Kappa": 0.28082808280828087, "AUC": 0.6413043478260869, "TP": 18, "TN": 12, "FP": 12, "FN": 5}, "test": {"ACC": 0.574468085106383, "F1_Score": 0.6296296296296297, "Recall": 0.7083333333333334, "Precision": 0.5666666666666667, "Cohen_Kappa": 0.14389799635701273, "AUC": 0.5715579710144929, "TP": 17, "TN": 10, "FP": 13, "FN": 7}}, "MNB": {"valid": {"ACC": 0.7021276595744681, "F1_Score": 0.6818181818181819, "Recall": 0.6521739130434783, "Precision": 0.7142857142857143, "Cohen_Kappa": 0.4029038112522686, "AUC": 0.7391304347826086, "TP": 15, "TN": 18, "FP": 6, "FN": 8}, "test": {"ACC": 0.6382978723404256, "F1_Score": 0.679245283018868, "Recall": 0.75, "Precision": 0.6206896551724138, "Cohen_Kappa": 0.2729754322111011, "AUC": 0.7427536231884058, "TP": 18, "TN": 12, "FP": 11, "FN": 6}}, "RF": {"valid": {"ACC": 0.723404255319149, "F1_Score": 0.6976744186046512, "Recall": 0.6521739130434783, "Precision": 0.75, "Cohen_Kappa": 0.44504995458673935, "AUC": 0.7943840579710145, "TP": 15, "TN": 19, "FP": 5, "FN": 8}, "test": {"ACC": 0.7021276595744681, "F1_Score": 0.6818181818181818, "Recall": 0.625, "Precision": 0.75, "Cohen_Kappa": 0.40613718411552346, "AUC": 0.7916666666666667, "TP": 15, "TN": 18, "FP": 5, "FN": 9}}, "ADA": {"valid": {"ACC": 0.6382978723404256, "F1_Score": 0.6222222222222223, "Recall": 0.6086956521739131, "Precision": 0.6363636363636364, "Cohen_Kappa": 0.27561196736174076, "AUC": 0.6802536231884058, "TP": 14, "TN": 16, "FP": 8, "FN": 9}, "test": {"ACC": 0.7021276595744681, "F1_Score": 0.7199999999999999, "Recall": 0.75, "Precision": 0.6923076923076923, "Cohen_Kappa": 0.4029038112522686, "AUC": 0.7445652173913043, "TP": 18, "TN": 15, "FP": 8, "FN": 6}}, "XGB": {"valid": {"ACC": 0.6808510638297872, "F1_Score": 0.6511627906976744, "Recall": 0.6086956521739131, "Precision": 0.7, "Cohen_Kappa": 0.35967302452316074, "AUC": 0.7518115942028986, "TP": 14, "TN": 18, "FP": 6, "FN": 9}, "test": {"ACC": 0.574468085106383, "F1_Score": 0.5454545454545454, "Recall": 0.5, "Precision": 0.6, "Cohen_Kappa": 0.15162454873646203, "AUC": 0.677536231884058, "TP": 12, "TN": 15, "FP": 8, "FN": 12}}, "MLP": {"valid": {"ACC": 0.723404255319149, "F1_Score": 0.723404255319149, "Recall": 0.7391304347826086, "Precision": 0.7083333333333334, "Cohen_Kappa": 0.44705882352941173, "AUC": 0.7463768115942028, "TP": 17, "TN": 17, "FP": 7, "FN": 6}, "test": {"ACC": 0.7021276595744681, "F1_Score": 0.6956521739130435, "Recall": 0.6666666666666666, "Precision": 0.7272727272727273, "Cohen_Kappa": 0.40506329113924044, "AUC": 0.7699275362318839, "TP": 16, "TN": 17, "FP": 6, "FN": 8}}, "LR": {"valid": {"ACC": 0.6808510638297872, "F1_Score": 0.6808510638297872, "Recall": 0.6956521739130435, "Precision": 0.6666666666666666, "Cohen_Kappa": 0.3619909502262444, "AUC": 0.7681159420289855, "TP": 16, "TN": 16, "FP": 8, "FN": 7}, "test": {"ACC": 0.6382978723404256, "F1_Score": 0.6382978723404256, "Recall": 0.625, "Precision": 0.6521739130434783, "Cohen_Kappa": 0.27692307692307694, "AUC": 0.7409420289855072, "TP": 15, "TN": 15, "FP": 8, "FN": 9}}, "ETAs": {"valid": {"ACC": 0.6808510638297872, "F1_Score": 0.6341463414634146, "Recall": 0.5652173913043478, "Precision": 0.7222222222222222, "Cohen_Kappa": 0.3585077343039127, "AUC": 0.7391304347826086, "TP": 13, "TN": 19, "FP": 5, "FN": 10}, "test": {"ACC": 0.7021276595744681, "F1_Score": 0.6818181818181818, "Recall": 0.625, "Precision": 0.75, "Cohen_Kappa": 0.40613718411552346, "AUC": 0.7771739130434782, "TP": 15, "TN": 18, "FP": 5, "FN": 9}}, "CNB": {"valid": {"ACC": 0.7021276595744681, "F1_Score": 0.6818181818181819, "Recall": 0.6521739130434783, "Precision": 0.7142857142857143, "Cohen_Kappa": 0.4029038112522686, "AUC": 0.7391304347826086, "TP": 15, "TN": 18, "FP": 6, "FN": 8}, "test": {"ACC": 0.6382978723404256, "F1_Score": 0.679245283018868, "Recall": 0.75, "Precision": 0.6206896551724138, "Cohen_Kappa": 0.2729754322111011, "AUC": 0.7427536231884058, "TP": 18, "TN": 12, "FP": 11, "FN": 6}}, "GB": {"valid": {"ACC": 0.6382978723404256, "F1_Score": 0.5853658536585366, "Recall": 0.5217391304347826, "Precision": 0.6666666666666666, "Cohen_Kappa": 0.2729754322111011, "AUC": 0.7418478260869565, "TP": 12, "TN": 18, "FP": 6, "FN": 11}, "test": {"ACC": 0.6595744680851063, "F1_Score": 0.6923076923076924, "Recall": 0.75, "Precision": 0.6428571428571429, "Cohen_Kappa": 0.3163636363636364, "AUC": 0.7509057971014493, "TP": 18, "TN": 13, "FP": 10, "FN": 6}}, "BAG": {"valid": {"ACC": 0.6595744680851063, "F1_Score": 0.6190476190476191, "Recall": 0.5652173913043478, "Precision": 0.6842105263157895, "Cohen_Kappa": 0.3163636363636364, "AUC": 0.7536231884057971, "TP": 13, "TN": 18, "FP": 6, "FN": 10}, "test": {"ACC": 0.6382978723404256, "F1_Score": 0.679245283018868, "Recall": 0.75, "Precision": 0.6206896551724138, "Cohen_Kappa": 0.2729754322111011, "AUC": 0.7255434782608695, "TP": 18, "TN": 12, "FP": 11, "FN": 6}}, "QDA": {"valid": {"ACC": 0.5106382978723404, "F1_Score": 0.0, "Recall": 0.0, "Precision": 0.0, "Cohen_Kappa": 0.0, "AUC": 0.5, "TP": 0, "TN": 24, "FP": 0, "FN": 23}, "test": {"ACC": 0.48936170212765956, "F1_Score": 0.0, "Recall": 0.0, "Precision": 0.0, "Cohen_Kappa": 0.0, "AUC": 0.5, "TP": 0, "TN": 23, "FP": 0, "FN": 24}}, "SVC": {"valid": {"ACC": 0.7446808510638298, "F1_Score": 0.7391304347826085, "Recall": 0.7391304347826086, "Precision": 0.7391304347826086, "Cohen_Kappa": 0.48913043478260865, "AUC": 0.8188405797101449, "TP": 17, "TN": 18, "FP": 6, "FN": 6}, "test": {"ACC": 0.6808510638297872, "F1_Score": 0.6666666666666666, "Recall": 0.625, "Precision": 0.7142857142857143, "Cohen_Kappa": 0.36314363143631434, "AUC": 0.7626811594202899, "TP": 15, "TN": 17, "FP": 6, "FN": 9}}}