{"OVR": {"valid": {"ACC": 0.7381974248927039, "F1_Score": 0.7312775330396476, "Recall": 0.7094017094017094, "Precision": 0.7545454545454545, "Cohen_Kappa": 0.47652020183418664, "AUC": 0.8109342764515178, "TP": 83, "TN": 89, "FP": 27, "FN": 34}, "test": {"ACC": 0.7350427350427351, "F1_Score": 0.7232142857142857, "Recall": 0.6923076923076923, "Precision": 0.7570093457943925, "Cohen_Kappa": 0.4700854700854701, "AUC": 0.8204397691577179, "TP": 81, "TN": 91, "FP": 26, "FN": 36}}, "KNB": {"valid": {"ACC": 0.6180257510729614, "F1_Score": 0.49142857142857144, "Recall": 0.36752136752136755, "Precision": 0.7413793103448276, "Cohen_Kappa": 0.2376943719442708, "AUC": 0.7024388446802239, "TP": 43, "TN": 101, "FP": 15, "FN": 74}, "test": {"ACC": 0.6153846153846154, "F1_Score": 0.49438202247191015, "Recall": 0.37606837606837606, "Precision": 0.7213114754098361, "Cohen_Kappa": 0.23076923076923073, "AUC": 0.7092921323690554, "TP": 44, "TN": 100, "FP": 17, "FN": 73}}, "DT": {"valid": {"ACC": 0.630901287553648, "F1_Score": 0.6126126126126126, "Recall": 0.5811965811965812, "Precision": 0.6476190476190476, "Cohen_Kappa": 0.2621151863308293, "AUC": 0.631115531977601, "TP": 68, "TN": 79, "FP": 37, "FN": 49}, "test": {"ACC": 0.6923076923076923, "F1_Score": 0.6785714285714286, "Recall": 0.6495726495726496, "Precision": 0.7102803738317757, "Cohen_Kappa": 0.3846153846153846, "AUC": 0.6908101395280881, "TP": 76, "TN": 86, "FP": 31, "FN": 41}}, "MNB": {"valid": {"ACC": 0.7124463519313304, "F1_Score": 0.749063670411985, "Recall": 0.8547008547008547, "Precision": 0.6666666666666666, "Cohen_Kappa": 0.4241820663199438, "AUC": 0.7724727379899794, "TP": 100, "TN": 66, "FP": 50, "FN": 17}, "test": {"ACC": 0.688034188034188, "F1_Score": 0.7245283018867925, "Recall": 0.8205128205128205, "Precision": 0.6486486486486487, "Cohen_Kappa": 0.37606837606837606, "AUC": 0.7982321572065162, "TP": 96, "TN": 65, "FP": 52, "FN": 21}}, "RF": {"valid": {"ACC": 0.721030042918455, "F1_Score": 0.7031963470319635, "Recall": 0.6581196581196581, "Precision": 0.7549019607843137, "Cohen_Kappa": 0.44235796605176914, "AUC": 0.7897141173003243, "TP": 77, "TN": 91, "FP": 25, "FN": 40}, "test": {"ACC": 0.7051282051282052, "F1_Score": 0.6820276497695852, "Recall": 0.6324786324786325, "Precision": 0.74, "Cohen_Kappa": 0.41025641025641024, "AUC": 0.7963693476513989, "TP": 74, "TN": 91, "FP": 26, "FN": 43}}, "ADA": {"valid": {"ACC": 0.6995708154506438, "F1_Score": 0.6874999999999999, "Recall": 0.6581196581196581, "Precision": 0.719626168224299, "Cohen_Kappa": 0.39935184503203947, "AUC": 0.7585101679929267, "TP": 77, "TN": 86, "FP": 30, "FN": 40}, "test": {"ACC": 0.7222222222222222, "F1_Score": 0.7085201793721974, "Recall": 0.6752136752136753, "Precision": 0.7452830188679245, "Cohen_Kappa": 0.4444444444444444, "AUC": 0.8010811600555191, "TP": 79, "TN": 90, "FP": 27, "FN": 38}}, "XGB": {"valid": {"ACC": 0.721030042918455, "F1_Score": 0.7186147186147186, "Recall": 0.7094017094017094, "Precision": 0.7280701754385965, "Cohen_Kappa": 0.44211146719711203, "AUC": 0.7751989389920424, "TP": 83, "TN": 85, "FP": 31, "FN": 34}, "test": {"ACC": 0.7478632478632479, "F1_Score": 0.7330316742081447, "Recall": 0.6923076923076923, "Precision": 0.7788461538461539, "Cohen_Kappa": 0.49572649572649574, "AUC": 0.811746657900504, "TP": 81, "TN": 94, "FP": 23, "FN": 36}}, "MLP": {"valid": {"ACC": 0.7167381974248928, "F1_Score": 0.7203389830508475, "Recall": 0.7264957264957265, "Precision": 0.7142857142857143, "Cohen_Kappa": 0.4334242133962125, "AUC": 0.7666519304450339, "TP": 85, "TN": 82, "FP": 34, "FN": 32}, "test": {"ACC": 0.7051282051282052, "F1_Score": 0.696035242290749, "Recall": 0.6752136752136753, "Precision": 0.7181818181818181, "Cohen_Kappa": 0.41025641025641024, "AUC": 0.775294031704288, "TP": 79, "TN": 86, "FP": 31, "FN": 38}}, "LR": {"valid": {"ACC": 0.7381974248927039, "F1_Score": 0.7312775330396476, "Recall": 0.7094017094017094, "Precision": 0.7545454545454545, "Cohen_Kappa": 0.47652020183418664, "AUC": 0.8109342764515178, "TP": 83, "TN": 89, "FP": 27, "FN": 34}, "test": {"ACC": 0.7350427350427351, "F1_Score": 0.7232142857142857, "Recall": 0.6923076923076923, "Precision": 0.7570093457943925, "Cohen_Kappa": 0.4700854700854701, "AUC": 0.8204397691577179, "TP": 81, "TN": 91, "FP": 26, "FN": 36}}, "ETAs": {"valid": {"ACC": 0.703862660944206, "F1_Score": 0.6905829596412556, "Recall": 0.6581196581196581, "Precision": 0.7264150943396226, "Cohen_Kappa": 0.4079543362180078, "AUC": 0.7821986442676098, "TP": 77, "TN": 87, "FP": 29, "FN": 40}, "test": {"ACC": 0.7606837606837606, "F1_Score": 0.7477477477477478, "Recall": 0.7094017094017094, "Precision": 0.7904761904761904, "Cohen_Kappa": 0.5213675213675213, "AUC": 0.7867996201329535, "TP": 83, "TN": 95, "FP": 22, "FN": 34}}, "CNB": {"valid": {"ACC": 0.7124463519313304, "F1_Score": 0.749063670411985, "Recall": 0.8547008547008547, "Precision": 0.6666666666666666, "Cohen_Kappa": 0.4241820663199438, "AUC": 0.7724727379899794, "TP": 100, "TN": 66, "FP": 50, "FN": 17}, "test": {"ACC": 0.688034188034188, "F1_Score": 0.7245283018867925, "Recall": 0.8205128205128205, "Precision": 0.6486486486486487, "Cohen_Kappa": 0.37606837606837606, "AUC": 0.7982321572065162, "TP": 96, "TN": 65, "FP": 52, "FN": 21}}, "GB": {"valid": {"ACC": 0.7124463519313304, "F1_Score": 0.7022222222222222, "Recall": 0.6752136752136753, "Precision": 0.7314814814814815, "Cohen_Kappa": 0.4250727359776084, "AUC": 0.7931034482758621, "TP": 79, "TN": 87, "FP": 29, "FN": 38}, "test": {"ACC": 0.7350427350427351, "F1_Score": 0.7232142857142857, "Recall": 0.6923076923076923, "Precision": 0.7570093457943925, "Cohen_Kappa": 0.4700854700854701, "AUC": 0.799693184308569, "TP": 81, "TN": 91, "FP": 26, "FN": 36}}, "BAG": {"valid": {"ACC": 0.6738197424892703, "F1_Score": 0.6513761467889908, "Recall": 0.6068376068376068, "Precision": 0.7029702970297029, "Cohen_Kappa": 0.3480117820324007, "AUC": 0.7565207780725022, "TP": 71, "TN": 86, "FP": 30, "FN": 46}, "test": {"ACC": 0.7136752136752137, "F1_Score": 0.6912442396313365, "Recall": 0.6410256410256411, "Precision": 0.75, "Cohen_Kappa": 0.4273504273504274, "AUC": 0.8002045437942875, "TP": 75, "TN": 92, "FP": 25, "FN": 42}}, "QDA": {"valid": {"ACC": 0.5407725321888412, "F1_Score": 0.6372881355932203, "Recall": 0.8034188034188035, "Precision": 0.5280898876404494, "Cohen_Kappa": 0.07945943950079393, "AUC": 0.5396404361921603, "TP": 94, "TN": 32, "FP": 84, "FN": 23}, "test": {"ACC": 0.5384615384615384, "F1_Score": 0.6447368421052632, "Recall": 0.8376068376068376, "Precision": 0.5240641711229946, "Cohen_Kappa": 0.07692307692307687, "AUC": 0.5384615384615385, "TP": 98, "TN": 28, "FP": 89, "FN": 19}}, "SVC": {"valid": {"ACC": 0.7339055793991416, "F1_Score": 0.7304347826086957, "Recall": 0.717948717948718, "Precision": 0.7433628318584071, "Cohen_Kappa": 0.4678797701488139, "AUC": 0.8150604185086944, "TP": 84, "TN": 87, "FP": 29, "FN": 33}, "test": {"ACC": 0.7564102564102564, "F1_Score": 0.748898678414097, "Recall": 0.7264957264957265, "Precision": 0.7727272727272727, "Cohen_Kappa": 0.5128205128205128, "AUC": 0.8332602819782308, "TP": 85, "TN": 92, "FP": 25, "FN": 32}}}