{"OVR": {"valid": {"ACC": 0.7381974248927039, "F1_Score": 0.7336244541484715, "Recall": 0.717948717948718, "Precision": 0.75, "Cohen_Kappa": 0.47648163836605395, "AUC": 0.8171234895372825, "TP": 84, "TN": 88, "FP": 28, "FN": 33}, "test": {"ACC": 0.7350427350427351, "F1_Score": 0.7280701754385965, "Recall": 0.7094017094017094, "Precision": 0.7477477477477478, "Cohen_Kappa": 0.4700854700854701, "AUC": 0.8297903426108554, "TP": 83, "TN": 89, "FP": 28, "FN": 34}}, "KNB": {"valid": {"ACC": 0.6223175965665236, "F1_Score": 0.45679012345679004, "Recall": 0.3162393162393162, "Precision": 0.8222222222222222, "Cohen_Kappa": 0.2466196355085244, "AUC": 0.703028293545535, "TP": 37, "TN": 108, "FP": 8, "FN": 80}, "test": {"ACC": 0.594017094017094, "F1_Score": 0.3870967741935484, "Recall": 0.2564102564102564, "Precision": 0.7894736842105263, "Cohen_Kappa": 0.18803418803418803, "AUC": 0.6850756081525313, "TP": 30, "TN": 109, "FP": 8, "FN": 87}}, "DT": {"valid": {"ACC": 0.6824034334763949, "F1_Score": 0.6605504587155964, "Recall": 0.6153846153846154, "Precision": 0.7128712871287128, "Cohen_Kappa": 0.3651693667157585, "AUC": 0.6826923076923077, "TP": 72, "TN": 87, "FP": 29, "FN": 45}, "test": {"ACC": 0.6794871794871795, "F1_Score": 0.6511627906976744, "Recall": 0.5982905982905983, "Precision": 0.7142857142857143, "Cohen_Kappa": 0.3589743589743589, "AUC": 0.6794871794871795, "TP": 70, "TN": 89, "FP": 28, "FN": 47}}, "MNB": {"valid": {"ACC": 0.6995708154506438, "F1_Score": 0.7107438016528925, "Recall": 0.7350427350427351, "Precision": 0.688, "Cohen_Kappa": 0.3989534198113207, "AUC": 0.759357500736811, "TP": 86, "TN": 77, "FP": 39, "FN": 31}, "test": {"ACC": 0.7094017094017094, "F1_Score": 0.721311475409836, "Recall": 0.7521367521367521, "Precision": 0.6929133858267716, "Cohen_Kappa": 0.41880341880341876, "AUC": 0.791000073051355, "TP": 88, "TN": 78, "FP": 39, "FN": 29}}, "RF": {"valid": {"ACC": 0.721030042918455, "F1_Score": 0.6889952153110049, "Recall": 0.6153846153846154, "Precision": 0.782608695652174, "Cohen_Kappa": 0.4425632154293496, "AUC": 0.7921824344238139, "TP": 72, "TN": 96, "FP": 20, "FN": 45}, "test": {"ACC": 0.7435897435897436, "F1_Score": 0.7169811320754716, "Recall": 0.6495726495726496, "Precision": 0.8, "Cohen_Kappa": 0.4871794871794872, "AUC": 0.8076192563372051, "TP": 76, "TN": 98, "FP": 19, "FN": 41}}, "ADA": {"valid": {"ACC": 0.6738197424892703, "F1_Score": 0.6481481481481481, "Recall": 0.5982905982905983, "Precision": 0.7070707070707071, "Cohen_Kappa": 0.34805978941167803, "AUC": 0.7586575302092543, "TP": 70, "TN": 87, "FP": 29, "FN": 47}, "test": {"ACC": 0.7264957264957265, "F1_Score": 0.7117117117117117, "Recall": 0.6752136752136753, "Precision": 0.7523809523809524, "Cohen_Kappa": 0.45299145299145294, "AUC": 0.7742347870552999, "TP": 79, "TN": 91, "FP": 26, "FN": 38}}, "XGB": {"valid": {"ACC": 0.7381974248927039, "F1_Score": 0.735930735930736, "Recall": 0.7264957264957265, "Precision": 0.7456140350877193, "Cohen_Kappa": 0.4764430692157513, "AUC": 0.785956380783967, "TP": 85, "TN": 87, "FP": 29, "FN": 32}, "test": {"ACC": 0.7478632478632479, "F1_Score": 0.7330316742081447, "Recall": 0.6923076923076923, "Precision": 0.7788461538461539, "Cohen_Kappa": 0.49572649572649574, "AUC": 0.8083862955657828, "TP": 81, "TN": 94, "FP": 23, "FN": 36}}, "MLP": {"valid": {"ACC": 0.6995708154506438, "F1_Score": 0.6874999999999999, "Recall": 0.6581196581196581, "Precision": 0.719626168224299, "Cohen_Kappa": 0.39935184503203947, "AUC": 0.7646625405246096, "TP": 77, "TN": 86, "FP": 30, "FN": 40}, "test": {"ACC": 0.7136752136752137, "F1_Score": 0.7048458149779736, "Recall": 0.6837606837606838, "Precision": 0.7272727272727273, "Cohen_Kappa": 0.4273504273504274, "AUC": 0.7757323398349039, "TP": 80, "TN": 87, "FP": 30, "FN": 37}}, "LR": {"valid": {"ACC": 0.7381974248927039, "F1_Score": 0.7336244541484715, "Recall": 0.717948717948718, "Precision": 0.75, "Cohen_Kappa": 0.47648163836605395, "AUC": 0.8171234895372825, "TP": 84, "TN": 88, "FP": 28, "FN": 33}, "test": {"ACC": 0.7350427350427351, "F1_Score": 0.7280701754385965, "Recall": 0.7094017094017094, "Precision": 0.7477477477477478, "Cohen_Kappa": 0.4700854700854701, "AUC": 0.8297903426108554, "TP": 83, "TN": 89, "FP": 28, "FN": 34}}, "ETAs": {"valid": {"ACC": 0.7081545064377682, "F1_Score": 0.6822429906542056, "Recall": 0.6239316239316239, "Precision": 0.7525773195876289, "Cohen_Kappa": 0.41672802238256523, "AUC": 0.789308871205423, "TP": 73, "TN": 92, "FP": 24, "FN": 44}, "test": {"ACC": 0.7350427350427351, "F1_Score": 0.7207207207207207, "Recall": 0.6837606837606838, "Precision": 0.7619047619047619, "Cohen_Kappa": 0.4700854700854701, "AUC": 0.7898677770472641, "TP": 80, "TN": 92, "FP": 25, "FN": 37}}, "CNB": {"valid": {"ACC": 0.6995708154506438, "F1_Score": 0.7107438016528925, "Recall": 0.7350427350427351, "Precision": 0.688, "Cohen_Kappa": 0.3989534198113207, "AUC": 0.759357500736811, "TP": 86, "TN": 77, "FP": 39, "FN": 31}, "test": {"ACC": 0.7094017094017094, "F1_Score": 0.721311475409836, "Recall": 0.7521367521367521, "Precision": 0.6929133858267716, "Cohen_Kappa": 0.41880341880341876, "AUC": 0.791000073051355, "TP": 88, "TN": 78, "FP": 39, "FN": 29}}, "GB": {"valid": {"ACC": 0.7296137339055794, "F1_Score": 0.722466960352423, "Recall": 0.7008547008547008, "Precision": 0.7454545454545455, "Cohen_Kappa": 0.4593569297631763, "AUC": 0.8060344827586208, "TP": 82, "TN": 88, "FP": 28, "FN": 35}, "test": {"ACC": 0.7606837606837606, "F1_Score": 0.7522123893805308, "Recall": 0.7264957264957265, "Precision": 0.7798165137614679, "Cohen_Kappa": 0.5213675213675213, "AUC": 0.8131346336474542, "TP": 85, "TN": 93, "FP": 24, "FN": 32}}, "BAG": {"valid": {"ACC": 0.7253218884120172, "F1_Score": 0.6923076923076924, "Recall": 0.6153846153846154, "Precision": 0.7912087912087912, "Cohen_Kappa": 0.4511593669488406, "AUC": 0.7649572649572649, "TP": 72, "TN": 97, "FP": 19, "FN": 45}, "test": {"ACC": 0.7393162393162394, "F1_Score": 0.7336244541484715, "Recall": 0.717948717948718, "Precision": 0.75, "Cohen_Kappa": 0.4786324786324786, "AUC": 0.8093359631821171, "TP": 84, "TN": 89, "FP": 28, "FN": 33}}, "QDA": {"valid": {"ACC": 0.49356223175965663, "F1_Score": 0.0923076923076923, "Recall": 0.05128205128205128, "Precision": 0.46153846153846156, "Cohen_Kappa": -0.009028185554903256, "AUC": 0.49546861184792224, "TP": 6, "TN": 109, "FP": 7, "FN": 111}, "test": {"ACC": 0.5384615384615384, "F1_Score": 0.16923076923076924, "Recall": 0.09401709401709402, "Precision": 0.8461538461538461, "Cohen_Kappa": 0.07692307692307687, "AUC": 0.5384615384615384, "TP": 11, "TN": 115, "FP": 2, "FN": 106}}, "SVC": {"valid": {"ACC": 0.7339055793991416, "F1_Score": 0.7327586206896552, "Recall": 0.7264957264957265, "Precision": 0.7391304347826086, "Cohen_Kappa": 0.46784056582921973, "AUC": 0.822944297082228, "TP": 85, "TN": 86, "FP": 30, "FN": 32}, "test": {"ACC": 0.7478632478632479, "F1_Score": 0.7377777777777778, "Recall": 0.7094017094017094, "Precision": 0.7685185185185185, "Cohen_Kappa": 0.49572649572649574, "AUC": 0.8397618525823654, "TP": 83, "TN": 92, "FP": 25, "FN": 34}}}