{"OVR": {"valid": {"ACC": 0.6851851851851852, "F1_Score": 0.6530612244897959, "Recall": 0.5925925925925926, "Precision": 0.7272727272727273, "Cohen_Kappa": 0.37037037037037035, "AUC": 0.7818930041152262, "TP": 16, "TN": 21, "FP": 6, "FN": 11}, "test": {"ACC": 0.7407407407407407, "F1_Score": 0.72, "Recall": 0.6666666666666666, "Precision": 0.782608695652174, "Cohen_Kappa": 0.4814814814814815, "AUC": 0.8038408779149521, "TP": 18, "TN": 22, "FP": 5, "FN": 9}}, "KNB": {"valid": {"ACC": 0.6111111111111112, "F1_Score": 0.4878048780487805, "Recall": 0.37037037037037035, "Precision": 0.7142857142857143, "Cohen_Kappa": 0.2222222222222222, "AUC": 0.6790123456790124, "TP": 10, "TN": 23, "FP": 4, "FN": 17}, "test": {"ACC": 0.5925925925925926, "F1_Score": 0.47619047619047616, "Recall": 0.37037037037037035, "Precision": 0.6666666666666666, "Cohen_Kappa": 0.18518518518518523, "AUC": 0.696159122085048, "TP": 10, "TN": 22, "FP": 5, "FN": 17}}, "DT": {"valid": {"ACC": 0.6851851851851852, "F1_Score": 0.6382978723404256, "Recall": 0.5555555555555556, "Precision": 0.75, "Cohen_Kappa": 0.37037037037037035, "AUC": 0.6851851851851853, "TP": 15, "TN": 22, "FP": 5, "FN": 12}, "test": {"ACC": 0.5925925925925926, "F1_Score": 0.576923076923077, "Recall": 0.5555555555555556, "Precision": 0.6, "Cohen_Kappa": 0.18518518518518523, "AUC": 0.5925925925925927, "TP": 15, "TN": 17, "FP": 10, "FN": 12}}, "MNB": {"valid": {"ACC": 0.7592592592592593, "F1_Score": 0.7346938775510203, "Recall": 0.6666666666666666, "Precision": 0.8181818181818182, "Cohen_Kappa": 0.5185185185185186, "AUC": 0.8106995884773662, "TP": 18, "TN": 23, "FP": 4, "FN": 9}, "test": {"ACC": 0.7592592592592593, "F1_Score": 0.7636363636363638, "Recall": 0.7777777777777778, "Precision": 0.75, "Cohen_Kappa": 0.5185185185185186, "AUC": 0.8436213991769548, "TP": 21, "TN": 20, "FP": 7, "FN": 6}}, "RF": {"valid": {"ACC": 0.6666666666666666, "F1_Score": 0.5714285714285714, "Recall": 0.4444444444444444, "Precision": 0.8, "Cohen_Kappa": 0.33333333333333337, "AUC": 0.8106995884773663, "TP": 12, "TN": 24, "FP": 3, "FN": 15}, "test": {"ACC": 0.7962962962962963, "F1_Score": 0.7659574468085106, "Recall": 0.6666666666666666, "Precision": 0.9, "Cohen_Kappa": 0.5925925925925926, "AUC": 0.8141289437585734, "TP": 18, "TN": 25, "FP": 2, "FN": 9}}, "ADA": {"valid": {"ACC": 0.6851851851851852, "F1_Score": 0.6222222222222222, "Recall": 0.5185185185185185, "Precision": 0.7777777777777778, "Cohen_Kappa": 0.37037037037037035, "AUC": 0.7242798353909465, "TP": 14, "TN": 23, "FP": 4, "FN": 13}, "test": {"ACC": 0.7407407407407407, "F1_Score": 0.72, "Recall": 0.6666666666666666, "Precision": 0.782608695652174, "Cohen_Kappa": 0.4814814814814815, "AUC": 0.8244170096021947, "TP": 18, "TN": 22, "FP": 5, "FN": 9}}, "XGB": {"valid": {"ACC": 0.6296296296296297, "F1_Score": 0.5652173913043478, "Recall": 0.48148148148148145, "Precision": 0.6842105263157895, "Cohen_Kappa": 0.2592592592592593, "AUC": 0.7407407407407408, "TP": 13, "TN": 21, "FP": 6, "FN": 14}, "test": {"ACC": 0.7407407407407407, "F1_Score": 0.7307692307692308, "Recall": 0.7037037037037037, "Precision": 0.76, "Cohen_Kappa": 0.4814814814814815, "AUC": 0.7928669410150891, "TP": 19, "TN": 21, "FP": 6, "FN": 8}}, "MLP": {"valid": {"ACC": 0.7037037037037037, "F1_Score": 0.6363636363636364, "Recall": 0.5185185185185185, "Precision": 0.8235294117647058, "Cohen_Kappa": 0.40740740740740744, "AUC": 0.7352537722908093, "TP": 14, "TN": 24, "FP": 3, "FN": 13}, "test": {"ACC": 0.7777777777777778, "F1_Score": 0.75, "Recall": 0.6666666666666666, "Precision": 0.8571428571428571, "Cohen_Kappa": 0.5555555555555556, "AUC": 0.8257887517146776, "TP": 18, "TN": 24, "FP": 3, "FN": 9}}, "LR": {"valid": {"ACC": 0.6851851851851852, "F1_Score": 0.6530612244897959, "Recall": 0.5925925925925926, "Precision": 0.7272727272727273, "Cohen_Kappa": 0.37037037037037035, "AUC": 0.7818930041152262, "TP": 16, "TN": 21, "FP": 6, "FN": 11}, "test": {"ACC": 0.7407407407407407, "F1_Score": 0.72, "Recall": 0.6666666666666666, "Precision": 0.782608695652174, "Cohen_Kappa": 0.4814814814814815, "AUC": 0.8038408779149521, "TP": 18, "TN": 22, "FP": 5, "FN": 9}}, "ETAs": {"valid": {"ACC": 0.6666666666666666, "F1_Score": 0.5499999999999999, "Recall": 0.4074074074074074, "Precision": 0.8461538461538461, "Cohen_Kappa": 0.33333333333333337, "AUC": 0.7551440329218106, "TP": 11, "TN": 25, "FP": 2, "FN": 16}, "test": {"ACC": 0.7592592592592593, "F1_Score": 0.723404255319149, "Recall": 0.6296296296296297, "Precision": 0.85, "Cohen_Kappa": 0.5185185185185186, "AUC": 0.7812071330589849, "TP": 17, "TN": 24, "FP": 3, "FN": 10}}, "CNB": {"valid": {"ACC": 0.7592592592592593, "F1_Score": 0.7346938775510203, "Recall": 0.6666666666666666, "Precision": 0.8181818181818182, "Cohen_Kappa": 0.5185185185185186, "AUC": 0.8106995884773662, "TP": 18, "TN": 23, "FP": 4, "FN": 9}, "test": {"ACC": 0.7592592592592593, "F1_Score": 0.7636363636363638, "Recall": 0.7777777777777778, "Precision": 0.75, "Cohen_Kappa": 0.5185185185185186, "AUC": 0.8436213991769548, "TP": 21, "TN": 20, "FP": 7, "FN": 6}}, "GB": {"valid": {"ACC": 0.7037037037037037, "F1_Score": 0.6521739130434783, "Recall": 0.5555555555555556, "Precision": 0.7894736842105263, "Cohen_Kappa": 0.40740740740740744, "AUC": 0.7578875171467764, "TP": 15, "TN": 23, "FP": 4, "FN": 12}, "test": {"ACC": 0.6666666666666666, "F1_Score": 0.6399999999999999, "Recall": 0.5925925925925926, "Precision": 0.6956521739130435, "Cohen_Kappa": 0.33333333333333337, "AUC": 0.8065843621399177, "TP": 16, "TN": 20, "FP": 7, "FN": 11}}, "BAG": {"valid": {"ACC": 0.6851851851851852, "F1_Score": 0.6530612244897959, "Recall": 0.5925925925925926, "Precision": 0.7272727272727273, "Cohen_Kappa": 0.37037037037037035, "AUC": 0.7709190672153635, "TP": 16, "TN": 21, "FP": 6, "FN": 11}, "test": {"ACC": 0.7222222222222222, "F1_Score": 0.6808510638297872, "Recall": 0.5925925925925926, "Precision": 0.8, "Cohen_Kappa": 0.4444444444444444, "AUC": 0.7530864197530864, "TP": 16, "TN": 23, "FP": 4, "FN": 11}}, "QDA": {"valid": {"ACC": 0.5, "F1_Score": 0.0, "Recall": 0.0, "Precision": 0.0, "Cohen_Kappa": 0.0, "AUC": 0.5, "TP": 0, "TN": 27, "FP": 0, "FN": 27}, "test": {"ACC": 0.5185185185185185, "F1_Score": 0.07142857142857142, "Recall": 0.037037037037037035, "Precision": 1.0, "Cohen_Kappa": 0.03703703703703709, "AUC": 0.5185185185185185, "TP": 1, "TN": 27, "FP": 0, "FN": 26}}, "SVC": {"valid": {"ACC": 0.7037037037037037, "F1_Score": 0.6666666666666666, "Recall": 0.5925925925925926, "Precision": 0.7619047619047619, "Cohen_Kappa": 0.40740740740740744, "AUC": 0.7784636488340193, "TP": 16, "TN": 22, "FP": 5, "FN": 11}, "test": {"ACC": 0.7592592592592593, "F1_Score": 0.7346938775510203, "Recall": 0.6666666666666666, "Precision": 0.8181818181818182, "Cohen_Kappa": 0.5185185185185186, "AUC": 0.794238683127572, "TP": 18, "TN": 23, "FP": 4, "FN": 9}}}