{"OVR": {"valid": {"ACC": 0.6959459459459459, "F1_Score": 0.689655172413793, "Recall": 0.6756756756756757, "Precision": 0.704225352112676, "Cohen_Kappa": 0.3918918918918919, "AUC": 0.7109203798392987, "TP": 50, "TN": 53, "FP": 21, "FN": 24}, "test": {"ACC": 0.6241610738255033, "F1_Score": 0.6056338028169014, "Recall": 0.5733333333333334, "Precision": 0.6417910447761194, "Cohen_Kappa": 0.24882967230824626, "AUC": 0.6693693693693693, "TP": 43, "TN": 50, "FP": 24, "FN": 32}}, "KNB": {"valid": {"ACC": 0.6283783783783784, "F1_Score": 0.6043165467625901, "Recall": 0.5675675675675675, "Precision": 0.6461538461538462, "Cohen_Kappa": 0.2567567567567568, "AUC": 0.6777757487216947, "TP": 42, "TN": 51, "FP": 23, "FN": 32}, "test": {"ACC": 0.6510067114093959, "F1_Score": 0.6578947368421053, "Recall": 0.6666666666666666, "Precision": 0.6493506493506493, "Cohen_Kappa": 0.30185619030455935, "AUC": 0.6657657657657658, "TP": 50, "TN": 47, "FP": 27, "FN": 25}}, "DT": {"valid": {"ACC": 0.6554054054054054, "F1_Score": 0.6382978723404256, "Recall": 0.6081081081081081, "Precision": 0.6716417910447762, "Cohen_Kappa": 0.31081081081081086, "AUC": 0.6554054054054054, "TP": 45, "TN": 52, "FP": 22, "FN": 29}, "test": {"ACC": 0.6040268456375839, "F1_Score": 0.6040268456375839, "Recall": 0.6, "Precision": 0.6081081081081081, "Cohen_Kappa": 0.20808936131880007, "AUC": 0.6040540540540541, "TP": 45, "TN": 45, "FP": 29, "FN": 30}}, "MNB": {"valid": {"ACC": 0.6756756756756757, "F1_Score": 0.6962025316455696, "Recall": 0.7432432432432432, "Precision": 0.6547619047619048, "Cohen_Kappa": 0.3513513513513513, "AUC": 0.70854638422206, "TP": 55, "TN": 45, "FP": 29, "FN": 19}, "test": {"ACC": 0.6510067114093959, "F1_Score": 0.6749999999999999, "Recall": 0.72, "Precision": 0.6352941176470588, "Cohen_Kappa": 0.30135256988277737, "AUC": 0.6596396396396397, "TP": 54, "TN": 43, "FP": 31, "FN": 21}}, "RF": {"valid": {"ACC": 0.6756756756756757, "F1_Score": 0.6521739130434783, "Recall": 0.6081081081081081, "Precision": 0.703125, "Cohen_Kappa": 0.3513513513513513, "AUC": 0.7616873630387144, "TP": 45, "TN": 55, "FP": 19, "FN": 29}, "test": {"ACC": 0.6711409395973155, "F1_Score": 0.6573426573426574, "Recall": 0.6266666666666667, "Precision": 0.6911764705882353, "Cohen_Kappa": 0.3426667867110831, "AUC": 0.7187387387387387, "TP": 47, "TN": 53, "FP": 21, "FN": 28}}, "ADA": {"valid": {"ACC": 0.6283783783783784, "F1_Score": 0.6308724832214765, "Recall": 0.6351351351351351, "Precision": 0.6266666666666667, "Cohen_Kappa": 0.2567567567567568, "AUC": 0.6655405405405405, "TP": 47, "TN": 46, "FP": 28, "FN": 27}, "test": {"ACC": 0.5637583892617449, "F1_Score": 0.5695364238410596, "Recall": 0.5733333333333334, "Precision": 0.5657894736842105, "Cohen_Kappa": 0.1273988647625912, "AUC": 0.5654954954954955, "TP": 43, "TN": 41, "FP": 33, "FN": 32}}, "XGB": {"valid": {"ACC": 0.7027027027027027, "F1_Score": 0.6944444444444444, "Recall": 0.6756756756756757, "Precision": 0.7142857142857143, "Cohen_Kappa": 0.4054054054054054, "AUC": 0.7311906501095691, "TP": 50, "TN": 54, "FP": 20, "FN": 24}, "test": {"ACC": 0.6577181208053692, "F1_Score": 0.6622516556291391, "Recall": 0.6666666666666666, "Precision": 0.6578947368421053, "Cohen_Kappa": 0.31534372465987925, "AUC": 0.6487387387387387, "TP": 50, "TN": 48, "FP": 26, "FN": 25}}, "MLP": {"valid": {"ACC": 0.6554054054054054, "F1_Score": 0.6482758620689655, "Recall": 0.6351351351351351, "Precision": 0.6619718309859155, "Cohen_Kappa": 0.31081081081081086, "AUC": 0.6762235208181153, "TP": 47, "TN": 50, "FP": 24, "FN": 27}, "test": {"ACC": 0.6174496644295302, "F1_Score": 0.6013986013986015, "Recall": 0.5733333333333334, "Precision": 0.6323529411764706, "Cohen_Kappa": 0.23534707841901503, "AUC": 0.6473873873873874, "TP": 43, "TN": 49, "FP": 25, "FN": 32}}, "LR": {"valid": {"ACC": 0.6959459459459459, "F1_Score": 0.689655172413793, "Recall": 0.6756756756756757, "Precision": 0.704225352112676, "Cohen_Kappa": 0.3918918918918919, "AUC": 0.7109203798392987, "TP": 50, "TN": 53, "FP": 21, "FN": 24}, "test": {"ACC": 0.6241610738255033, "F1_Score": 0.6056338028169014, "Recall": 0.5733333333333334, "Precision": 0.6417910447761194, "Cohen_Kappa": 0.24882967230824626, "AUC": 0.6693693693693693, "TP": 43, "TN": 50, "FP": 24, "FN": 32}}, "ETAs": {"valid": {"ACC": 0.6891891891891891, "F1_Score": 0.6714285714285715, "Recall": 0.6351351351351351, "Precision": 0.7121212121212122, "Cohen_Kappa": 0.3783783783783784, "AUC": 0.7503652300949598, "TP": 47, "TN": 55, "FP": 19, "FN": 27}, "test": {"ACC": 0.6577181208053692, "F1_Score": 0.6382978723404256, "Recall": 0.6, "Precision": 0.6818181818181818, "Cohen_Kappa": 0.3159600324061572, "AUC": 0.706036036036036, "TP": 45, "TN": 53, "FP": 21, "FN": 30}}, "CNB": {"valid": {"ACC": 0.6756756756756757, "F1_Score": 0.6962025316455696, "Recall": 0.7432432432432432, "Precision": 0.6547619047619048, "Cohen_Kappa": 0.3513513513513513, "AUC": 0.70854638422206, "TP": 55, "TN": 45, "FP": 29, "FN": 19}, "test": {"ACC": 0.6510067114093959, "F1_Score": 0.6749999999999999, "Recall": 0.72, "Precision": 0.6352941176470588, "Cohen_Kappa": 0.30135256988277737, "AUC": 0.6596396396396397, "TP": 54, "TN": 43, "FP": 31, "FN": 21}}, "GB": {"valid": {"ACC": 0.6621621621621622, "F1_Score": 0.6428571428571428, "Recall": 0.6081081081081081, "Precision": 0.6818181818181818, "Cohen_Kappa": 0.32432432432432434, "AUC": 0.737582176771366, "TP": 45, "TN": 53, "FP": 21, "FN": 29}, "test": {"ACC": 0.6174496644295302, "F1_Score": 0.6174496644295302, "Recall": 0.6133333333333333, "Precision": 0.6216216216216216, "Cohen_Kappa": 0.23493378974867118, "AUC": 0.6599099099099099, "TP": 46, "TN": 46, "FP": 28, "FN": 29}}, "BAG": {"valid": {"ACC": 0.668918918918919, "F1_Score": 0.6079999999999999, "Recall": 0.5135135135135135, "Precision": 0.7450980392156863, "Cohen_Kappa": 0.33783783783783783, "AUC": 0.7215120525931338, "TP": 38, "TN": 61, "FP": 13, "FN": 36}, "test": {"ACC": 0.5838926174496645, "F1_Score": 0.5753424657534246, "Recall": 0.56, "Precision": 0.5915492957746479, "Cohen_Kappa": 0.1680475504322767, "AUC": 0.6294594594594595, "TP": 42, "TN": 45, "FP": 29, "FN": 33}}, "QDA": {"valid": {"ACC": 0.5, "F1_Score": 0.0, "Recall": 0.0, "Precision": 0.0, "Cohen_Kappa": 0.0, "AUC": 0.5, "TP": 0, "TN": 74, "FP": 0, "FN": 74}, "test": {"ACC": 0.4966442953020134, "F1_Score": 0.0, "Recall": 0.0, "Precision": 0.0, "Cohen_Kappa": 0.0, "AUC": 0.5, "TP": 0, "TN": 74, "FP": 0, "FN": 75}}, "SVC": {"valid": {"ACC": 0.6756756756756757, "F1_Score": 0.6470588235294118, "Recall": 0.5945945945945946, "Precision": 0.7096774193548387, "Cohen_Kappa": 0.3513513513513513, "AUC": 0.7482651570489409, "TP": 44, "TN": 56, "FP": 18, "FN": 30}, "test": {"ACC": 0.6442953020134228, "F1_Score": 0.6187050359712232, "Recall": 0.5733333333333334, "Precision": 0.671875, "Cohen_Kappa": 0.28926289262892624, "AUC": 0.6996396396396396, "TP": 43, "TN": 53, "FP": 21, "FN": 32}}}