{"OVR": {"valid": {"ACC": 0.6296296296296297, "F1_Score": 0.5833333333333334, "Recall": 0.5185185185185185, "Precision": 0.6666666666666666, "Cohen_Kappa": 0.2592592592592593, "AUC": 0.7379972565157751, "TP": 14, "TN": 20, "FP": 7, "FN": 13}, "test": {"ACC": 0.7777777777777778, "F1_Score": 0.76, "Recall": 0.7037037037037037, "Precision": 0.8260869565217391, "Cohen_Kappa": 0.5555555555555556, "AUC": 0.8106995884773663, "TP": 19, "TN": 23, "FP": 4, "FN": 8}}, "KNB": {"valid": {"ACC": 0.5740740740740741, "F1_Score": 0.5106382978723405, "Recall": 0.4444444444444444, "Precision": 0.6, "Cohen_Kappa": 0.14814814814814814, "AUC": 0.6426611796982167, "TP": 12, "TN": 19, "FP": 8, "FN": 15}, "test": {"ACC": 0.6851851851851852, "F1_Score": 0.6382978723404256, "Recall": 0.5555555555555556, "Precision": 0.75, "Cohen_Kappa": 0.37037037037037035, "AUC": 0.7592592592592593, "TP": 15, "TN": 22, "FP": 5, "FN": 12}}, "DT": {"valid": {"ACC": 0.6666666666666666, "F1_Score": 0.6538461538461539, "Recall": 0.6296296296296297, "Precision": 0.68, "Cohen_Kappa": 0.33333333333333337, "AUC": 0.6666666666666667, "TP": 17, "TN": 19, "FP": 8, "FN": 10}, "test": {"ACC": 0.6481481481481481, "F1_Score": 0.6666666666666667, "Recall": 0.7037037037037037, "Precision": 0.6333333333333333, "Cohen_Kappa": 0.2962962962962963, "AUC": 0.6481481481481481, "TP": 19, "TN": 16, "FP": 11, "FN": 8}}, "MNB": {"valid": {"ACC": 0.6481481481481481, "F1_Score": 0.6779661016949152, "Recall": 0.7407407407407407, "Precision": 0.625, "Cohen_Kappa": 0.2962962962962963, "AUC": 0.7860082304526748, "TP": 20, "TN": 15, "FP": 12, "FN": 7}, "test": {"ACC": 0.7962962962962963, "F1_Score": 0.8070175438596491, "Recall": 0.8518518518518519, "Precision": 0.7666666666666667, "Cohen_Kappa": 0.5925925925925926, "AUC": 0.869684499314129, "TP": 23, "TN": 20, "FP": 7, "FN": 4}}, "RF": {"valid": {"ACC": 0.7037037037037037, "F1_Score": 0.6521739130434783, "Recall": 0.5555555555555556, "Precision": 0.7894736842105263, "Cohen_Kappa": 0.40740740740740744, "AUC": 0.7421124828532235, "TP": 15, "TN": 23, "FP": 4, "FN": 12}, "test": {"ACC": 0.7962962962962963, "F1_Score": 0.7755102040816326, "Recall": 0.7037037037037037, "Precision": 0.8636363636363636, "Cohen_Kappa": 0.5925925925925926, "AUC": 0.7887517146776405, "TP": 19, "TN": 24, "FP": 3, "FN": 8}}, "ADA": {"valid": {"ACC": 0.6851851851851852, "F1_Score": 0.6382978723404256, "Recall": 0.5555555555555556, "Precision": 0.75, "Cohen_Kappa": 0.37037037037037035, "AUC": 0.713991769547325, "TP": 15, "TN": 22, "FP": 5, "FN": 12}, "test": {"ACC": 0.6481481481481481, "F1_Score": 0.6122448979591836, "Recall": 0.5555555555555556, "Precision": 0.6818181818181818, "Cohen_Kappa": 0.2962962962962963, "AUC": 0.7222222222222222, "TP": 15, "TN": 20, "FP": 7, "FN": 12}}, "XGB": {"valid": {"ACC": 0.5925925925925926, "F1_Score": 0.5599999999999999, "Recall": 0.5185185185185185, "Precision": 0.6086956521739131, "Cohen_Kappa": 0.18518518518518523, "AUC": 0.6899862825788752, "TP": 14, "TN": 18, "FP": 9, "FN": 13}, "test": {"ACC": 0.7222222222222222, "F1_Score": 0.7169811320754716, "Recall": 0.7037037037037037, "Precision": 0.7307692307692307, "Cohen_Kappa": 0.4444444444444444, "AUC": 0.7777777777777778, "TP": 19, "TN": 20, "FP": 7, "FN": 8}}, "MLP": {"valid": {"ACC": 0.6296296296296297, "F1_Score": 0.6, "Recall": 0.5555555555555556, "Precision": 0.6521739130434783, "Cohen_Kappa": 0.2592592592592593, "AUC": 0.7174211248285322, "TP": 15, "TN": 19, "FP": 8, "FN": 12}, "test": {"ACC": 0.7407407407407407, "F1_Score": 0.7083333333333334, "Recall": 0.6296296296296297, "Precision": 0.8095238095238095, "Cohen_Kappa": 0.4814814814814815, "AUC": 0.7983539094650205, "TP": 17, "TN": 23, "FP": 4, "FN": 10}}, "LR": {"valid": {"ACC": 0.6296296296296297, "F1_Score": 0.5833333333333334, "Recall": 0.5185185185185185, "Precision": 0.6666666666666666, "Cohen_Kappa": 0.2592592592592593, "AUC": 0.7379972565157751, "TP": 14, "TN": 20, "FP": 7, "FN": 13}, "test": {"ACC": 0.7777777777777778, "F1_Score": 0.76, "Recall": 0.7037037037037037, "Precision": 0.8260869565217391, "Cohen_Kappa": 0.5555555555555556, "AUC": 0.8106995884773663, "TP": 19, "TN": 23, "FP": 4, "FN": 8}}, "ETAs": {"valid": {"ACC": 0.6481481481481481, "F1_Score": 0.5957446808510639, "Recall": 0.5185185185185185, "Precision": 0.7, "Cohen_Kappa": 0.2962962962962963, "AUC": 0.7592592592592593, "TP": 14, "TN": 21, "FP": 6, "FN": 13}, "test": {"ACC": 0.7592592592592593, "F1_Score": 0.7450980392156864, "Recall": 0.7037037037037037, "Precision": 0.7916666666666666, "Cohen_Kappa": 0.5185185185185186, "AUC": 0.8161865569272976, "TP": 19, "TN": 22, "FP": 5, "FN": 8}}, "CNB": {"valid": {"ACC": 0.6481481481481481, "F1_Score": 0.6779661016949152, "Recall": 0.7407407407407407, "Precision": 0.625, "Cohen_Kappa": 0.2962962962962963, "AUC": 0.7860082304526748, "TP": 20, "TN": 15, "FP": 12, "FN": 7}, "test": {"ACC": 0.7962962962962963, "F1_Score": 0.8070175438596491, "Recall": 0.8518518518518519, "Precision": 0.7666666666666667, "Cohen_Kappa": 0.5925925925925926, "AUC": 0.869684499314129, "TP": 23, "TN": 20, "FP": 7, "FN": 4}}, "GB": {"valid": {"ACC": 0.7222222222222222, "F1_Score": 0.6808510638297872, "Recall": 0.5925925925925926, "Precision": 0.8, "Cohen_Kappa": 0.4444444444444444, "AUC": 0.7297668038408779, "TP": 16, "TN": 23, "FP": 4, "FN": 11}, "test": {"ACC": 0.7037037037037037, "F1_Score": 0.6923076923076923, "Recall": 0.6666666666666666, "Precision": 0.72, "Cohen_Kappa": 0.40740740740740744, "AUC": 0.7873799725651578, "TP": 18, "TN": 20, "FP": 7, "FN": 9}}, "BAG": {"valid": {"ACC": 0.6666666666666666, "F1_Score": 0.6086956521739131, "Recall": 0.5185185185185185, "Precision": 0.7368421052631579, "Cohen_Kappa": 0.33333333333333337, "AUC": 0.7983539094650205, "TP": 14, "TN": 22, "FP": 5, "FN": 13}, "test": {"ACC": 0.7407407407407407, "F1_Score": 0.72, "Recall": 0.6666666666666666, "Precision": 0.782608695652174, "Cohen_Kappa": 0.4814814814814815, "AUC": 0.8045267489711935, "TP": 18, "TN": 22, "FP": 5, "FN": 9}}, "QDA": {"valid": {"ACC": 0.5, "F1_Score": 0.0, "Recall": 0.0, "Precision": 0.0, "Cohen_Kappa": 0.0, "AUC": 0.5, "TP": 0, "TN": 27, "FP": 0, "FN": 27}, "test": {"ACC": 0.5, "F1_Score": 0.0, "Recall": 0.0, "Precision": 0.0, "Cohen_Kappa": 0.0, "AUC": 0.5, "TP": 0, "TN": 27, "FP": 0, "FN": 27}}, "SVC": {"valid": {"ACC": 0.6481481481481481, "F1_Score": 0.5957446808510639, "Recall": 0.5185185185185185, "Precision": 0.7, "Cohen_Kappa": 0.2962962962962963, "AUC": 0.7496570644718792, "TP": 14, "TN": 21, "FP": 6, "FN": 13}, "test": {"ACC": 0.7592592592592593, "F1_Score": 0.7450980392156864, "Recall": 0.7037037037037037, "Precision": 0.7916666666666666, "Cohen_Kappa": 0.5185185185185186, "AUC": 0.8065843621399177, "TP": 19, "TN": 22, "FP": 5, "FN": 8}}}