{"OVR": {"valid": {"ACC": 0.7017543859649122, "F1_Score": 0.6792452830188679, "Recall": 0.631578947368421, "Precision": 0.7346938775510204, "Cohen_Kappa": 0.4035087719298246, "AUC": 0.775623268698061, "TP": 36, "TN": 44, "FP": 13, "FN": 21}, "test": {"ACC": 0.6842105263157895, "F1_Score": 0.689655172413793, "Recall": 0.7017543859649122, "Precision": 0.6779661016949152, "Cohen_Kappa": 0.368421052631579, "AUC": 0.7257617728531855, "TP": 40, "TN": 38, "FP": 19, "FN": 17}}, "KNB": {"valid": {"ACC": 0.6052631578947368, "F1_Score": 0.48275862068965514, "Recall": 0.3684210526315789, "Precision": 0.7, "Cohen_Kappa": 0.21052631578947367, "AUC": 0.6943674976915974, "TP": 21, "TN": 48, "FP": 9, "FN": 36}, "test": {"ACC": 0.6491228070175439, "F1_Score": 0.5238095238095238, "Recall": 0.38596491228070173, "Precision": 0.8148148148148148, "Cohen_Kappa": 0.29824561403508776, "AUC": 0.6997537703908895, "TP": 22, "TN": 52, "FP": 5, "FN": 35}}, "DT": {"valid": {"ACC": 0.5526315789473685, "F1_Score": 0.5048543689320387, "Recall": 0.45614035087719296, "Precision": 0.5652173913043478, "Cohen_Kappa": 0.10526315789473684, "AUC": 0.5526315789473685, "TP": 26, "TN": 37, "FP": 20, "FN": 31}, "test": {"ACC": 0.5964912280701754, "F1_Score": 0.5892857142857143, "Recall": 0.5789473684210527, "Precision": 0.6, "Cohen_Kappa": 0.19298245614035092, "AUC": 0.5964912280701755, "TP": 33, "TN": 35, "FP": 22, "FN": 24}}, "MNB": {"valid": {"ACC": 0.6403508771929824, "F1_Score": 0.7007299270072991, "Recall": 0.8421052631578947, "Precision": 0.6, "Cohen_Kappa": 0.2807017543859649, "AUC": 0.7463835026161896, "TP": 48, "TN": 25, "FP": 32, "FN": 9}, "test": {"ACC": 0.6491228070175439, "F1_Score": 0.7183098591549296, "Recall": 0.8947368421052632, "Precision": 0.6, "Cohen_Kappa": 0.29824561403508776, "AUC": 0.7750076946752847, "TP": 51, "TN": 23, "FP": 34, "FN": 6}}, "RF": {"valid": {"ACC": 0.6666666666666666, "F1_Score": 0.6041666666666666, "Recall": 0.5087719298245614, "Precision": 0.7435897435897436, "Cohen_Kappa": 0.33333333333333337, "AUC": 0.7828562634656817, "TP": 29, "TN": 47, "FP": 10, "FN": 28}, "test": {"ACC": 0.6929824561403509, "F1_Score": 0.6666666666666667, "Recall": 0.6140350877192983, "Precision": 0.7291666666666666, "Cohen_Kappa": 0.38596491228070173, "AUC": 0.7896275777162204, "TP": 35, "TN": 44, "FP": 13, "FN": 22}}, "ADA": {"valid": {"ACC": 0.6491228070175439, "F1_Score": 0.6428571428571428, "Recall": 0.631578947368421, "Precision": 0.6545454545454545, "Cohen_Kappa": 0.29824561403508776, "AUC": 0.6979070483225608, "TP": 36, "TN": 38, "FP": 19, "FN": 21}, "test": {"ACC": 0.5964912280701754, "F1_Score": 0.6034482758620691, "Recall": 0.6140350877192983, "Precision": 0.5932203389830508, "Cohen_Kappa": 0.19298245614035092, "AUC": 0.667282240689443, "TP": 35, "TN": 33, "FP": 24, "FN": 22}}, "XGB": {"valid": {"ACC": 0.6666666666666666, "F1_Score": 0.6607142857142858, "Recall": 0.6491228070175439, "Precision": 0.6727272727272727, "Cohen_Kappa": 0.33333333333333337, "AUC": 0.739919975377039, "TP": 37, "TN": 39, "FP": 18, "FN": 20}, "test": {"ACC": 0.6140350877192983, "F1_Score": 0.6206896551724138, "Recall": 0.631578947368421, "Precision": 0.6101694915254238, "Cohen_Kappa": 0.22807017543859653, "AUC": 0.6762080640196984, "TP": 36, "TN": 34, "FP": 23, "FN": 21}}, "MLP": {"valid": {"ACC": 0.6666666666666666, "F1_Score": 0.6346153846153846, "Recall": 0.5789473684210527, "Precision": 0.7021276595744681, "Cohen_Kappa": 0.33333333333333337, "AUC": 0.7229916897506925, "TP": 33, "TN": 43, "FP": 14, "FN": 24}, "test": {"ACC": 0.6754385964912281, "F1_Score": 0.6782608695652174, "Recall": 0.6842105263157895, "Precision": 0.6724137931034483, "Cohen_Kappa": 0.3508771929824561, "AUC": 0.7091412742382271, "TP": 39, "TN": 38, "FP": 19, "FN": 18}}, "LR": {"valid": {"ACC": 0.7017543859649122, "F1_Score": 0.6792452830188679, "Recall": 0.631578947368421, "Precision": 0.7346938775510204, "Cohen_Kappa": 0.4035087719298246, "AUC": 0.775623268698061, "TP": 36, "TN": 44, "FP": 13, "FN": 21}, "test": {"ACC": 0.6842105263157895, "F1_Score": 0.689655172413793, "Recall": 0.7017543859649122, "Precision": 0.6779661016949152, "Cohen_Kappa": 0.368421052631579, "AUC": 0.7257617728531855, "TP": 40, "TN": 38, "FP": 19, "FN": 17}}, "ETAs": {"valid": {"ACC": 0.6754385964912281, "F1_Score": 0.6262626262626264, "Recall": 0.543859649122807, "Precision": 0.7380952380952381, "Cohen_Kappa": 0.3508771929824561, "AUC": 0.7868574946137273, "TP": 31, "TN": 46, "FP": 11, "FN": 26}, "test": {"ACC": 0.7105263157894737, "F1_Score": 0.679611650485437, "Recall": 0.6140350877192983, "Precision": 0.7608695652173914, "Cohen_Kappa": 0.42105263157894735, "AUC": 0.7670052323791936, "TP": 35, "TN": 46, "FP": 11, "FN": 22}}, "CNB": {"valid": {"ACC": 0.6403508771929824, "F1_Score": 0.7007299270072991, "Recall": 0.8421052631578947, "Precision": 0.6, "Cohen_Kappa": 0.2807017543859649, "AUC": 0.7463835026161896, "TP": 48, "TN": 25, "FP": 32, "FN": 9}, "test": {"ACC": 0.6491228070175439, "F1_Score": 0.7183098591549296, "Recall": 0.8947368421052632, "Precision": 0.6, "Cohen_Kappa": 0.29824561403508776, "AUC": 0.7750076946752847, "TP": 51, "TN": 23, "FP": 34, "FN": 6}}, "GB": {"valid": {"ACC": 0.6403508771929824, "F1_Score": 0.6238532110091742, "Recall": 0.5964912280701754, "Precision": 0.6538461538461539, "Cohen_Kappa": 0.2807017543859649, "AUC": 0.70621729763004, "TP": 34, "TN": 39, "FP": 18, "FN": 23}, "test": {"ACC": 0.6403508771929824, "F1_Score": 0.6238532110091742, "Recall": 0.5964912280701754, "Precision": 0.6538461538461539, "Cohen_Kappa": 0.2807017543859649, "AUC": 0.7125269313634965, "TP": 34, "TN": 39, "FP": 18, "FN": 23}}, "BAG": {"valid": {"ACC": 0.6403508771929824, "F1_Score": 0.5858585858585859, "Recall": 0.5087719298245614, "Precision": 0.6904761904761905, "Cohen_Kappa": 0.2807017543859649, "AUC": 0.708679593721145, "TP": 29, "TN": 44, "FP": 13, "FN": 28}, "test": {"ACC": 0.6578947368421053, "F1_Score": 0.6285714285714286, "Recall": 0.5789473684210527, "Precision": 0.6875, "Cohen_Kappa": 0.3157894736842105, "AUC": 0.7262234533702677, "TP": 33, "TN": 42, "FP": 15, "FN": 24}}, "QDA": {"valid": {"ACC": 0.5, "F1_Score": 0.0, "Recall": 0.0, "Precision": 0.0, "Cohen_Kappa": 0.0, "AUC": 0.5, "TP": 0, "TN": 57, "FP": 0, "FN": 57}, "test": {"ACC": 0.5, "F1_Score": 0.0, "Recall": 0.0, "Precision": 0.0, "Cohen_Kappa": 0.0, "AUC": 0.5, "TP": 0, "TN": 57, "FP": 0, "FN": 57}}, "SVC": {"valid": {"ACC": 0.6842105263157895, "F1_Score": 0.6666666666666667, "Recall": 0.631578947368421, "Precision": 0.7058823529411765, "Cohen_Kappa": 0.368421052631579, "AUC": 0.8027085257002154, "TP": 36, "TN": 42, "FP": 15, "FN": 21}, "test": {"ACC": 0.7280701754385965, "F1_Score": 0.7256637168141592, "Recall": 0.7192982456140351, "Precision": 0.7321428571428571, "Cohen_Kappa": 0.45614035087719296, "AUC": 0.7814712219144351, "TP": 41, "TN": 42, "FP": 15, "FN": 16}}}