{"OVR": {"valid": {"ACC": 0.6896551724137931, "F1_Score": 0.6966292134831461, "Recall": 0.7209302325581395, "Precision": 0.6739130434782609, "Cohen_Kappa": 0.3797200950620544, "AUC": 0.7663847780126849, "TP": 31, "TN": 29, "FP": 15, "FN": 12}, "test": {"ACC": 0.5977011494252874, "F1_Score": 0.6067415730337078, "Recall": 0.6136363636363636, "Precision": 0.6, "Cohen_Kappa": 0.19508326724821579, "AUC": 0.6720401691331924, "TP": 27, "TN": 25, "FP": 18, "FN": 17}}, "KNB": {"valid": {"ACC": 0.5977011494252874, "F1_Score": 0.6956521739130435, "Recall": 0.9302325581395349, "Precision": 0.5555555555555556, "Cohen_Kappa": 0.2014162077104643, "AUC": 0.7026955602536998, "TP": 40, "TN": 12, "FP": 32, "FN": 3}, "test": {"ACC": 0.5862068965517241, "F1_Score": 0.7049180327868853, "Recall": 0.9772727272727273, "Precision": 0.5512820512820513, "Cohen_Kappa": 0.16479999999999995, "AUC": 0.6326638477801269, "TP": 43, "TN": 8, "FP": 35, "FN": 1}}, "DT": {"valid": {"ACC": 0.6091954022988506, "F1_Score": 0.6222222222222222, "Recall": 0.6511627906976745, "Precision": 0.5957446808510638, "Cohen_Kappa": 0.21911298838437165, "AUC": 0.6096723044397463, "TP": 28, "TN": 25, "FP": 19, "FN": 15}, "test": {"ACC": 0.6666666666666666, "F1_Score": 0.6741573033707865, "Recall": 0.6818181818181818, "Precision": 0.6666666666666666, "Cohen_Kappa": 0.33306899286280733, "AUC": 0.6664904862579281, "TP": 30, "TN": 28, "FP": 15, "FN": 14}}, "MNB": {"valid": {"ACC": 0.6436781609195402, "F1_Score": 0.6666666666666666, "Recall": 0.7209302325581395, "Precision": 0.62, "Cohen_Kappa": 0.2885782115536798, "AUC": 0.7293868921775899, "TP": 31, "TN": 25, "FP": 19, "FN": 12}, "test": {"ACC": 0.6436781609195402, "F1_Score": 0.6436781609195402, "Recall": 0.6363636363636364, "Precision": 0.6511627906976745, "Cohen_Kappa": 0.28745046235138705, "AUC": 0.7124735729386892, "TP": 28, "TN": 28, "FP": 15, "FN": 16}}, "RF": {"valid": {"ACC": 0.6666666666666666, "F1_Score": 0.6666666666666666, "Recall": 0.6744186046511628, "Precision": 0.6590909090909091, "Cohen_Kappa": 0.33342140026420075, "AUC": 0.748678646934461, "TP": 29, "TN": 29, "FP": 15, "FN": 14}, "test": {"ACC": 0.5862068965517241, "F1_Score": 0.6, "Recall": 0.6136363636363636, "Precision": 0.5869565217391305, "Cohen_Kappa": 0.17186673717609724, "AUC": 0.6670190274841438, "TP": 27, "TN": 24, "FP": 19, "FN": 17}}, "ADA": {"valid": {"ACC": 0.6896551724137931, "F1_Score": 0.6966292134831461, "Recall": 0.7209302325581395, "Precision": 0.6739130434782609, "Cohen_Kappa": 0.3797200950620544, "AUC": 0.7082452431289641, "TP": 31, "TN": 29, "FP": 15, "FN": 12}, "test": {"ACC": 0.5632183908045977, "F1_Score": 0.5250000000000001, "Recall": 0.4772727272727273, "Precision": 0.5833333333333334, "Cohen_Kappa": 0.12816455696202533, "AUC": 0.5969873150105708, "TP": 21, "TN": 28, "FP": 15, "FN": 23}}, "XGB": {"valid": {"ACC": 0.735632183908046, "F1_Score": 0.735632183908046, "Recall": 0.7441860465116279, "Precision": 0.7272727272727273, "Cohen_Kappa": 0.47133421400264197, "AUC": 0.7600422832980972, "TP": 32, "TN": 32, "FP": 12, "FN": 11}, "test": {"ACC": 0.5862068965517241, "F1_Score": 0.6, "Recall": 0.6136363636363636, "Precision": 0.5869565217391305, "Cohen_Kappa": 0.17186673717609724, "AUC": 0.6614693446088795, "TP": 27, "TN": 24, "FP": 19, "FN": 17}}, "MLP": {"valid": {"ACC": 0.6436781609195402, "F1_Score": 0.651685393258427, "Recall": 0.6744186046511628, "Precision": 0.6304347826086957, "Cohen_Kappa": 0.28782677581198846, "AUC": 0.6955602536997885, "TP": 29, "TN": 27, "FP": 17, "FN": 14}, "test": {"ACC": 0.5977011494252874, "F1_Score": 0.6067415730337078, "Recall": 0.6136363636363636, "Precision": 0.6, "Cohen_Kappa": 0.19508326724821579, "AUC": 0.6767970401691332, "TP": 27, "TN": 25, "FP": 18, "FN": 17}}, "LR": {"valid": {"ACC": 0.6896551724137931, "F1_Score": 0.6966292134831461, "Recall": 0.7209302325581395, "Precision": 0.6739130434782609, "Cohen_Kappa": 0.3797200950620544, "AUC": 0.7663847780126849, "TP": 31, "TN": 29, "FP": 15, "FN": 12}, "test": {"ACC": 0.5977011494252874, "F1_Score": 0.6067415730337078, "Recall": 0.6136363636363636, "Precision": 0.6, "Cohen_Kappa": 0.19508326724821579, "AUC": 0.6720401691331924, "TP": 27, "TN": 25, "FP": 18, "FN": 17}}, "ETAs": {"valid": {"ACC": 0.735632183908046, "F1_Score": 0.7415730337078652, "Recall": 0.7674418604651163, "Precision": 0.717391304347826, "Cohen_Kappa": 0.47161341431212045, "AUC": 0.7859408033826638, "TP": 33, "TN": 31, "FP": 13, "FN": 10}, "test": {"ACC": 0.6091954022988506, "F1_Score": 0.6222222222222223, "Recall": 0.6363636363636364, "Precision": 0.6086956521739131, "Cohen_Kappa": 0.21787414066631405, "AUC": 0.6844608879492601, "TP": 28, "TN": 25, "FP": 18, "FN": 16}}, "CNB": {"valid": {"ACC": 0.6436781609195402, "F1_Score": 0.6666666666666666, "Recall": 0.7209302325581395, "Precision": 0.62, "Cohen_Kappa": 0.2885782115536798, "AUC": 0.7293868921775899, "TP": 31, "TN": 25, "FP": 19, "FN": 12}, "test": {"ACC": 0.6436781609195402, "F1_Score": 0.6436781609195402, "Recall": 0.6363636363636364, "Precision": 0.6511627906976745, "Cohen_Kappa": 0.28745046235138705, "AUC": 0.7124735729386892, "TP": 28, "TN": 28, "FP": 15, "FN": 16}}, "GB": {"valid": {"ACC": 0.6666666666666666, "F1_Score": 0.6813186813186812, "Recall": 0.7209302325581395, "Precision": 0.6458333333333334, "Cohen_Kappa": 0.33412509897070464, "AUC": 0.7182875264270613, "TP": 31, "TN": 27, "FP": 17, "FN": 12}, "test": {"ACC": 0.632183908045977, "F1_Score": 0.6190476190476191, "Recall": 0.5909090909090909, "Precision": 0.65, "Cohen_Kappa": 0.26504751847940866, "AUC": 0.6635835095137421, "TP": 26, "TN": 29, "FP": 14, "FN": 18}}, "BAG": {"valid": {"ACC": 0.6206896551724138, "F1_Score": 0.6373626373626373, "Recall": 0.6744186046511628, "Precision": 0.6041666666666666, "Cohen_Kappa": 0.24228028503562937, "AUC": 0.6609408033826637, "TP": 29, "TN": 25, "FP": 19, "FN": 14}, "test": {"ACC": 0.6206896551724138, "F1_Score": 0.5822784810126581, "Recall": 0.5227272727272727, "Precision": 0.6571428571428571, "Cohen_Kappa": 0.24307935670972847, "AUC": 0.6775898520084566, "TP": 23, "TN": 31, "FP": 12, "FN": 21}}, "QDA": {"valid": {"ACC": 0.5172413793103449, "F1_Score": 0.04545454545454545, "Recall": 0.023255813953488372, "Precision": 1.0, "Cohen_Kappa": 0.023516835916622125, "AUC": 0.5116279069767442, "TP": 1, "TN": 44, "FP": 0, "FN": 42}, "test": {"ACC": 0.5172413793103449, "F1_Score": 0.08695652173913045, "Recall": 0.045454545454545456, "Precision": 1.0, "Cohen_Kappa": 0.04495556717198124, "AUC": 0.5227272727272727, "TP": 2, "TN": 43, "FP": 0, "FN": 42}}, "SVC": {"valid": {"ACC": 0.7586206896551724, "F1_Score": 0.7586206896551724, "Recall": 0.7674418604651163, "Precision": 0.75, "Cohen_Kappa": 0.5173051519154557, "AUC": 0.7859408033826639, "TP": 33, "TN": 33, "FP": 11, "FN": 10}, "test": {"ACC": 0.632183908045977, "F1_Score": 0.6363636363636364, "Recall": 0.6363636363636364, "Precision": 0.6363636363636364, "Cohen_Kappa": 0.2642706131078224, "AUC": 0.6799682875264271, "TP": 28, "TN": 27, "FP": 16, "FN": 16}}}