{"OVR": {"valid": {"ACC": 0.6013513513513513, "F1_Score": 0.5874125874125874, "Recall": 0.5675675675675675, "Precision": 0.6086956521739131, "Cohen_Kappa": 0.20270270270270274, "AUC": 0.6694667640613586, "TP": 42, "TN": 47, "FP": 27, "FN": 32}, "test": {"ACC": 0.5704697986577181, "F1_Score": 0.5733333333333334, "Recall": 0.5733333333333334, "Precision": 0.5733333333333334, "Cohen_Kappa": 0.14090090090090102, "AUC": 0.6320720720720722, "TP": 43, "TN": 42, "FP": 32, "FN": 32}}, "KNB": {"valid": {"ACC": 0.6486486486486487, "F1_Score": 0.6666666666666667, "Recall": 0.7027027027027027, "Precision": 0.6341463414634146, "Cohen_Kappa": 0.29729729729729726, "AUC": 0.7015157048940832, "TP": 52, "TN": 44, "FP": 30, "FN": 22}, "test": {"ACC": 0.610738255033557, "F1_Score": 0.6233766233766234, "Recall": 0.64, "Precision": 0.6075949367088608, "Cohen_Kappa": 0.2211607786589761, "AUC": 0.6263963963963964, "TP": 48, "TN": 43, "FP": 31, "FN": 27}}, "DT": {"valid": {"ACC": 0.527027027027027, "F1_Score": 0.5394736842105263, "Recall": 0.5540540540540541, "Precision": 0.5256410256410257, "Cohen_Kappa": 0.05405405405405406, "AUC": 0.527027027027027, "TP": 41, "TN": 37, "FP": 37, "FN": 33}, "test": {"ACC": 0.5771812080536913, "F1_Score": 0.5714285714285714, "Recall": 0.56, "Precision": 0.5833333333333334, "Cohen_Kappa": 0.1545528235611997, "AUC": 0.5772972972972973, "TP": 42, "TN": 44, "FP": 30, "FN": 33}}, "MNB": {"valid": {"ACC": 0.6351351351351351, "F1_Score": 0.6493506493506493, "Recall": 0.6756756756756757, "Precision": 0.625, "Cohen_Kappa": 0.2702702702702703, "AUC": 0.6570489408327246, "TP": 50, "TN": 44, "FP": 30, "FN": 24}, "test": {"ACC": 0.6308724832214765, "F1_Score": 0.6540880503144655, "Recall": 0.6933333333333334, "Precision": 0.6190476190476191, "Cohen_Kappa": 0.2611126138310341, "AUC": 0.6652252252252253, "TP": 52, "TN": 42, "FP": 32, "FN": 23}}, "RF": {"valid": {"ACC": 0.6824324324324325, "F1_Score": 0.6758620689655171, "Recall": 0.6621621621621622, "Precision": 0.6901408450704225, "Cohen_Kappa": 0.3648648648648649, "AUC": 0.7545653761869978, "TP": 49, "TN": 52, "FP": 22, "FN": 25}, "test": {"ACC": 0.6510067114093959, "F1_Score": 0.638888888888889, "Recall": 0.6133333333333333, "Precision": 0.6666666666666666, "Cohen_Kappa": 0.3023590851791824, "AUC": 0.6837837837837838, "TP": 46, "TN": 51, "FP": 23, "FN": 29}}, "ADA": {"valid": {"ACC": 0.6351351351351351, "F1_Score": 0.6301369863013699, "Recall": 0.6216216216216216, "Precision": 0.6388888888888888, "Cohen_Kappa": 0.2702702702702703, "AUC": 0.6907414170927685, "TP": 46, "TN": 48, "FP": 26, "FN": 28}, "test": {"ACC": 0.610738255033557, "F1_Score": 0.6233766233766234, "Recall": 0.64, "Precision": 0.6075949367088608, "Cohen_Kappa": 0.2211607786589761, "AUC": 0.6417117117117116, "TP": 48, "TN": 43, "FP": 31, "FN": 27}}, "XGB": {"valid": {"ACC": 0.6756756756756757, "F1_Score": 0.68, "Recall": 0.6891891891891891, "Precision": 0.6710526315789473, "Cohen_Kappa": 0.3513513513513513, "AUC": 0.7257121986851716, "TP": 51, "TN": 49, "FP": 25, "FN": 23}, "test": {"ACC": 0.6040268456375839, "F1_Score": 0.5693430656934307, "Recall": 0.52, "Precision": 0.6290322580645161, "Cohen_Kappa": 0.20894447943849548, "AUC": 0.6740540540540542, "TP": 39, "TN": 51, "FP": 23, "FN": 36}}, "MLP": {"valid": {"ACC": 0.6351351351351351, "F1_Score": 0.64, "Recall": 0.6486486486486487, "Precision": 0.631578947368421, "Cohen_Kappa": 0.2702702702702703, "AUC": 0.701972242512783, "TP": 48, "TN": 46, "FP": 28, "FN": 26}, "test": {"ACC": 0.5704697986577181, "F1_Score": 0.5428571428571428, "Recall": 0.5066666666666667, "Precision": 0.5846153846153846, "Cohen_Kappa": 0.14167416741674177, "AUC": 0.6418018018018019, "TP": 38, "TN": 47, "FP": 27, "FN": 37}}, "LR": {"valid": {"ACC": 0.6013513513513513, "F1_Score": 0.5874125874125874, "Recall": 0.5675675675675675, "Precision": 0.6086956521739131, "Cohen_Kappa": 0.20270270270270274, "AUC": 0.6694667640613586, "TP": 42, "TN": 47, "FP": 27, "FN": 32}, "test": {"ACC": 0.5704697986577181, "F1_Score": 0.5733333333333334, "Recall": 0.5733333333333334, "Precision": 0.5733333333333334, "Cohen_Kappa": 0.14090090090090102, "AUC": 0.6320720720720722, "TP": 43, "TN": 42, "FP": 32, "FN": 32}}, "ETAs": {"valid": {"ACC": 0.668918918918919, "F1_Score": 0.6474820143884892, "Recall": 0.6081081081081081, "Precision": 0.6923076923076923, "Cohen_Kappa": 0.33783783783783783, "AUC": 0.7431519357195032, "TP": 45, "TN": 54, "FP": 20, "FN": 29}, "test": {"ACC": 0.5704697986577181, "F1_Score": 0.5294117647058824, "Recall": 0.48, "Precision": 0.5901639344262295, "Cohen_Kappa": 0.1419830843980565, "AUC": 0.6427027027027028, "TP": 36, "TN": 49, "FP": 25, "FN": 39}}, "CNB": {"valid": {"ACC": 0.6351351351351351, "F1_Score": 0.6493506493506493, "Recall": 0.6756756756756757, "Precision": 0.625, "Cohen_Kappa": 0.2702702702702703, "AUC": 0.6570489408327246, "TP": 50, "TN": 44, "FP": 30, "FN": 24}, "test": {"ACC": 0.6308724832214765, "F1_Score": 0.6540880503144655, "Recall": 0.6933333333333334, "Precision": 0.6190476190476191, "Cohen_Kappa": 0.2611126138310341, "AUC": 0.6652252252252253, "TP": 52, "TN": 42, "FP": 32, "FN": 23}}, "GB": {"valid": {"ACC": 0.6418918918918919, "F1_Score": 0.6442953020134228, "Recall": 0.6486486486486487, "Precision": 0.64, "Cohen_Kappa": 0.28378378378378377, "AUC": 0.7350255661066472, "TP": 48, "TN": 47, "FP": 27, "FN": 26}, "test": {"ACC": 0.610738255033557, "F1_Score": 0.6027397260273973, "Recall": 0.5866666666666667, "Precision": 0.6197183098591549, "Cohen_Kappa": 0.22172190201729114, "AUC": 0.6670270270270271, "TP": 44, "TN": 47, "FP": 27, "FN": 31}}, "BAG": {"valid": {"ACC": 0.5540540540540541, "F1_Score": 0.5285714285714286, "Recall": 0.5, "Precision": 0.5606060606060606, "Cohen_Kappa": 0.10810810810810811, "AUC": 0.6439919649379108, "TP": 37, "TN": 45, "FP": 29, "FN": 37}, "test": {"ACC": 0.5906040268456376, "F1_Score": 0.5343511450381679, "Recall": 0.4666666666666667, "Precision": 0.625, "Cohen_Kappa": 0.18257037503372608, "AUC": 0.6472072072072073, "TP": 35, "TN": 53, "FP": 21, "FN": 40}}, "QDA": {"valid": {"ACC": 0.4864864864864865, "F1_Score": 0.09523809523809523, "Recall": 0.05405405405405406, "Precision": 0.4, "Cohen_Kappa": -0.027027027027026973, "AUC": 0.4864864864864864, "TP": 4, "TN": 68, "FP": 6, "FN": 70}, "test": {"ACC": 0.4899328859060403, "F1_Score": 0.09523809523809523, "Recall": 0.05333333333333334, "Precision": 0.4444444444444444, "Cohen_Kappa": -0.014150098513344256, "AUC": 0.49288288288288284, "TP": 4, "TN": 69, "FP": 5, "FN": 71}}, "SVC": {"valid": {"ACC": 0.6959459459459459, "F1_Score": 0.6938775510204082, "Recall": 0.6891891891891891, "Precision": 0.6986301369863014, "Cohen_Kappa": 0.3918918918918919, "AUC": 0.7390430971512052, "TP": 51, "TN": 52, "FP": 22, "FN": 23}, "test": {"ACC": 0.6375838926174496, "F1_Score": 0.6351351351351352, "Recall": 0.6266666666666667, "Precision": 0.6438356164383562, "Cohen_Kappa": 0.2752657178886687, "AUC": 0.6648648648648648, "TP": 47, "TN": 48, "FP": 26, "FN": 28}}}