{"OVR": {"valid": {"ACC": 0.7529880478087649, "F1_Score": 0.7669172932330828, "Recall": 0.8095238095238095, "Precision": 0.7285714285714285, "Cohen_Kappa": 0.5057485866734421, "AUC": 0.8223492063492063, "TP": 102, "TN": 87, "FP": 38, "FN": 24}, "test": {"ACC": 0.746031746031746, "F1_Score": 0.7538461538461538, "Recall": 0.7777777777777778, "Precision": 0.7313432835820896, "Cohen_Kappa": 0.4920634920634921, "AUC": 0.8046737213403881, "TP": 98, "TN": 90, "FP": 36, "FN": 28}}, "KNB": {"valid": {"ACC": 0.6812749003984063, "F1_Score": 0.6875, "Recall": 0.6984126984126984, "Precision": 0.676923076923077, "Cohen_Kappa": 0.3624587249174498, "AUC": 0.741111111111111, "TP": 88, "TN": 83, "FP": 42, "FN": 38}, "test": {"ACC": 0.6746031746031746, "F1_Score": 0.6846153846153847, "Recall": 0.7063492063492064, "Precision": 0.664179104477612, "Cohen_Kappa": 0.3492063492063492, "AUC": 0.7222222222222223, "TP": 89, "TN": 81, "FP": 45, "FN": 37}}, "DT": {"valid": {"ACC": 0.6772908366533864, "F1_Score": 0.6666666666666666, "Recall": 0.6428571428571429, "Precision": 0.6923076923076923, "Cohen_Kappa": 0.3547557840616966, "AUC": 0.6788253968253968, "TP": 81, "TN": 89, "FP": 36, "FN": 45}, "test": {"ACC": 0.6547619047619048, "F1_Score": 0.653386454183267, "Recall": 0.6507936507936508, "Precision": 0.656, "Cohen_Kappa": 0.30952380952380953, "AUC": 0.6533761652809271, "TP": 82, "TN": 83, "FP": 43, "FN": 44}}, "MNB": {"valid": {"ACC": 0.6454183266932271, "F1_Score": 0.673992673992674, "Recall": 0.7301587301587301, "Precision": 0.6258503401360545, "Cohen_Kappa": 0.2903522983576352, "AUC": 0.6860952380952381, "TP": 92, "TN": 70, "FP": 55, "FN": 34}, "test": {"ACC": 0.6865079365079365, "F1_Score": 0.694980694980695, "Recall": 0.7142857142857143, "Precision": 0.6766917293233082, "Cohen_Kappa": 0.373015873015873, "AUC": 0.7204585537918872, "TP": 90, "TN": 83, "FP": 43, "FN": 36}}, "RF": {"valid": {"ACC": 0.7290836653386454, "F1_Score": 0.7384615384615385, "Recall": 0.7619047619047619, "Precision": 0.7164179104477612, "Cohen_Kappa": 0.458021084719929, "AUC": 0.8260952380952381, "TP": 96, "TN": 87, "FP": 38, "FN": 30}, "test": {"ACC": 0.7380952380952381, "F1_Score": 0.7421874999999999, "Recall": 0.753968253968254, "Precision": 0.7307692307692307, "Cohen_Kappa": 0.47619047619047616, "AUC": 0.808138070042832, "TP": 95, "TN": 91, "FP": 35, "FN": 31}}, "ADA": {"valid": {"ACC": 0.7450199203187251, "F1_Score": 0.7575757575757576, "Recall": 0.7936507936507936, "Precision": 0.7246376811594203, "Cohen_Kappa": 0.48983739837398377, "AUC": 0.7978412698412698, "TP": 100, "TN": 87, "FP": 38, "FN": 26}, "test": {"ACC": 0.7103174603174603, "F1_Score": 0.7224334600760456, "Recall": 0.753968253968254, "Precision": 0.6934306569343066, "Cohen_Kappa": 0.4206349206349206, "AUC": 0.7989732930209121, "TP": 95, "TN": 84, "FP": 42, "FN": 31}}, "XGB": {"valid": {"ACC": 0.749003984063745, "F1_Score": 0.7586206896551724, "Recall": 0.7857142857142857, "Precision": 0.7333333333333333, "Cohen_Kappa": 0.49785653043726774, "AUC": 0.8269841269841269, "TP": 99, "TN": 89, "FP": 36, "FN": 27}, "test": {"ACC": 0.753968253968254, "F1_Score": 0.7559055118110236, "Recall": 0.7619047619047619, "Precision": 0.75, "Cohen_Kappa": 0.5079365079365079, "AUC": 0.8343411438649534, "TP": 96, "TN": 94, "FP": 32, "FN": 30}}, "MLP": {"valid": {"ACC": 0.7370517928286853, "F1_Score": 0.75, "Recall": 0.7857142857142857, "Precision": 0.717391304347826, "Cohen_Kappa": 0.4738948170731707, "AUC": 0.8205714285714285, "TP": 99, "TN": 86, "FP": 39, "FN": 27}, "test": {"ACC": 0.753968253968254, "F1_Score": 0.7500000000000001, "Recall": 0.7380952380952381, "Precision": 0.7622950819672131, "Cohen_Kappa": 0.5079365079365079, "AUC": 0.8248929201310155, "TP": 93, "TN": 97, "FP": 29, "FN": 33}}, "LR": {"valid": {"ACC": 0.7529880478087649, "F1_Score": 0.7669172932330828, "Recall": 0.8095238095238095, "Precision": 0.7285714285714285, "Cohen_Kappa": 0.5057485866734421, "AUC": 0.8223492063492063, "TP": 102, "TN": 87, "FP": 38, "FN": 24}, "test": {"ACC": 0.746031746031746, "F1_Score": 0.7538461538461538, "Recall": 0.7777777777777778, "Precision": 0.7313432835820896, "Cohen_Kappa": 0.4920634920634921, "AUC": 0.8046737213403881, "TP": 98, "TN": 90, "FP": 36, "FN": 28}}, "ETAs": {"valid": {"ACC": 0.7290836653386454, "F1_Score": 0.7343749999999999, "Recall": 0.746031746031746, "Precision": 0.7230769230769231, "Cohen_Kappa": 0.4580899161798323, "AUC": 0.8201904761904762, "TP": 94, "TN": 89, "FP": 36, "FN": 32}, "test": {"ACC": 0.7341269841269841, "F1_Score": 0.7330677290836654, "Recall": 0.7301587301587301, "Precision": 0.736, "Cohen_Kappa": 0.46825396825396826, "AUC": 0.7970836482741245, "TP": 92, "TN": 93, "FP": 33, "FN": 34}}, "CNB": {"valid": {"ACC": 0.6454183266932271, "F1_Score": 0.673992673992674, "Recall": 0.7301587301587301, "Precision": 0.6258503401360545, "Cohen_Kappa": 0.2903522983576352, "AUC": 0.6860952380952381, "TP": 92, "TN": 70, "FP": 55, "FN": 34}, "test": {"ACC": 0.6865079365079365, "F1_Score": 0.694980694980695, "Recall": 0.7142857142857143, "Precision": 0.6766917293233082, "Cohen_Kappa": 0.373015873015873, "AUC": 0.7204585537918872, "TP": 90, "TN": 83, "FP": 43, "FN": 36}}, "GB": {"valid": {"ACC": 0.7569721115537849, "F1_Score": 0.7715355805243446, "Recall": 0.8174603174603174, "Precision": 0.7304964539007093, "Cohen_Kappa": 0.5137049388597745, "AUC": 0.8262222222222223, "TP": 103, "TN": 87, "FP": 38, "FN": 23}, "test": {"ACC": 0.6984126984126984, "F1_Score": 0.7121212121212122, "Recall": 0.746031746031746, "Precision": 0.6811594202898551, "Cohen_Kappa": 0.39682539682539686, "AUC": 0.8047996976568406, "TP": 94, "TN": 82, "FP": 44, "FN": 32}}, "BAG": {"valid": {"ACC": 0.7609561752988048, "F1_Score": 0.7580645161290323, "Recall": 0.746031746031746, "Precision": 0.7704918032786885, "Cohen_Kappa": 0.5219654647028948, "AUC": 0.833968253968254, "TP": 94, "TN": 97, "FP": 28, "FN": 32}, "test": {"ACC": 0.6785714285714286, "F1_Score": 0.6639004149377593, "Recall": 0.6349206349206349, "Precision": 0.6956521739130435, "Cohen_Kappa": 0.3571428571428571, "AUC": 0.782060972537163, "TP": 80, "TN": 91, "FP": 35, "FN": 46}}, "QDA": {"valid": {"ACC": 0.5139442231075697, "F1_Score": 0.537878787878788, "Recall": 0.5634920634920635, "Precision": 0.5144927536231884, "Cohen_Kappa": 0.02750254065040647, "AUC": 0.5137460317460317, "TP": 71, "TN": 58, "FP": 67, "FN": 55}, "test": {"ACC": 0.5317460317460317, "F1_Score": 0.562962962962963, "Recall": 0.6031746031746031, "Precision": 0.5277777777777778, "Cohen_Kappa": 0.06349206349206349, "AUC": 0.5317460317460317, "TP": 76, "TN": 58, "FP": 68, "FN": 50}}, "SVC": {"valid": {"ACC": 0.7410358565737052, "F1_Score": 0.7653429602888087, "Recall": 0.8412698412698413, "Precision": 0.7019867549668874, "Cohen_Kappa": 0.4816521048451152, "AUC": 0.8292063492063493, "TP": 106, "TN": 80, "FP": 45, "FN": 20}, "test": {"ACC": 0.7341269841269841, "F1_Score": 0.749063670411985, "Recall": 0.7936507936507936, "Precision": 0.7092198581560284, "Cohen_Kappa": 0.46825396825396826, "AUC": 0.8148778029730411, "TP": 100, "TN": 85, "FP": 41, "FN": 26}}}