{"OVR": {"valid": {"ACC": 0.703862660944206, "F1_Score": 0.7250996015936255, "Recall": 0.7777777777777778, "Precision": 0.6791044776119403, "Cohen_Kappa": 0.4073432373649869, "AUC": 0.732390215148836, "TP": 91, "TN": 73, "FP": 43, "FN": 26}, "test": {"ACC": 0.7564102564102564, "F1_Score": 0.7634854771784231, "Recall": 0.7863247863247863, "Precision": 0.7419354838709677, "Cohen_Kappa": 0.5128205128205128, "AUC": 0.7890276864635838, "TP": 92, "TN": 85, "FP": 32, "FN": 25}}, "KNB": {"valid": {"ACC": 0.6866952789699571, "F1_Score": 0.6919831223628692, "Recall": 0.7008547008547008, "Precision": 0.6833333333333333, "Cohen_Kappa": 0.37330975277255807, "AUC": 0.7240642499263189, "TP": 82, "TN": 78, "FP": 38, "FN": 35}, "test": {"ACC": 0.6495726495726496, "F1_Score": 0.6339285714285714, "Recall": 0.6068376068376068, "Precision": 0.6635514018691588, "Cohen_Kappa": 0.2991452991452992, "AUC": 0.7336547592957849, "TP": 71, "TN": 81, "FP": 36, "FN": 46}}, "DT": {"valid": {"ACC": 0.6008583690987125, "F1_Score": 0.617283950617284, "Recall": 0.6410256410256411, "Precision": 0.5952380952380952, "Cohen_Kappa": 0.20143725815367608, "AUC": 0.6006852343059239, "TP": 75, "TN": 65, "FP": 51, "FN": 42}, "test": {"ACC": 0.6367521367521367, "F1_Score": 0.6413502109704642, "Recall": 0.6495726495726496, "Precision": 0.6333333333333333, "Cohen_Kappa": 0.27350427350427353, "AUC": 0.6367521367521367, "TP": 76, "TN": 73, "FP": 44, "FN": 41}}, "MNB": {"valid": {"ACC": 0.648068669527897, "F1_Score": 0.6583333333333333, "Recall": 0.6752136752136753, "Precision": 0.6422764227642277, "Cohen_Kappa": 0.29596875230304365, "AUC": 0.6836133215443561, "TP": 79, "TN": 72, "FP": 44, "FN": 38}, "test": {"ACC": 0.6538461538461539, "F1_Score": 0.674698795180723, "Recall": 0.717948717948718, "Precision": 0.6363636363636364, "Cohen_Kappa": 0.3076923076923077, "AUC": 0.7212360289283367, "TP": 84, "TN": 69, "FP": 48, "FN": 33}}, "RF": {"valid": {"ACC": 0.703862660944206, "F1_Score": 0.7112970711297071, "Recall": 0.7264957264957265, "Precision": 0.6967213114754098, "Cohen_Kappa": 0.4076052912782343, "AUC": 0.7702991452991453, "TP": 85, "TN": 79, "FP": 37, "FN": 32}, "test": {"ACC": 0.7435897435897436, "F1_Score": 0.7391304347826086, "Recall": 0.7264957264957265, "Precision": 0.7522123893805309, "Cohen_Kappa": 0.4871794871794872, "AUC": 0.7936299218350501, "TP": 85, "TN": 89, "FP": 28, "FN": 32}}, "ADA": {"valid": {"ACC": 0.7124463519313304, "F1_Score": 0.7372549019607842, "Recall": 0.8034188034188035, "Precision": 0.6811594202898551, "Cohen_Kappa": 0.4244368248350109, "AUC": 0.7439581491305629, "TP": 94, "TN": 72, "FP": 44, "FN": 23}, "test": {"ACC": 0.7094017094017094, "F1_Score": 0.7235772357723578, "Recall": 0.7606837606837606, "Precision": 0.689922480620155, "Cohen_Kappa": 0.41880341880341876, "AUC": 0.7781430345532909, "TP": 89, "TN": 77, "FP": 40, "FN": 28}}, "XGB": {"valid": {"ACC": 0.6824034334763949, "F1_Score": 0.6942148760330579, "Recall": 0.717948717948718, "Precision": 0.672, "Cohen_Kappa": 0.36460790094339623, "AUC": 0.7758620689655172, "TP": 84, "TN": 75, "FP": 41, "FN": 33}, "test": {"ACC": 0.7094017094017094, "F1_Score": 0.7068965517241379, "Recall": 0.7008547008547008, "Precision": 0.7130434782608696, "Cohen_Kappa": 0.41880341880341876, "AUC": 0.7797501643655489, "TP": 82, "TN": 84, "FP": 33, "FN": 35}}, "MLP": {"valid": {"ACC": 0.7381974248927039, "F1_Score": 0.7426160337552742, "Recall": 0.7521367521367521, "Precision": 0.7333333333333333, "Cohen_Kappa": 0.4763273276592609, "AUC": 0.7856616563513116, "TP": 88, "TN": 84, "FP": 32, "FN": 29}, "test": {"ACC": 0.688034188034188, "F1_Score": 0.6945606694560669, "Recall": 0.7094017094017094, "Precision": 0.680327868852459, "Cohen_Kappa": 0.37606837606837606, "AUC": 0.7722258747899774, "TP": 83, "TN": 78, "FP": 39, "FN": 34}}, "LR": {"valid": {"ACC": 0.703862660944206, "F1_Score": 0.7250996015936255, "Recall": 0.7777777777777778, "Precision": 0.6791044776119403, "Cohen_Kappa": 0.4073432373649869, "AUC": 0.732390215148836, "TP": 91, "TN": 73, "FP": 43, "FN": 26}, "test": {"ACC": 0.7564102564102564, "F1_Score": 0.7634854771784231, "Recall": 0.7863247863247863, "Precision": 0.7419354838709677, "Cohen_Kappa": 0.5128205128205128, "AUC": 0.7890276864635838, "TP": 92, "TN": 85, "FP": 32, "FN": 25}}, "ETAs": {"valid": {"ACC": 0.721030042918455, "F1_Score": 0.7280334728033474, "Recall": 0.7435897435897436, "Precision": 0.7131147540983607, "Cohen_Kappa": 0.4419470135229743, "AUC": 0.7836722664308874, "TP": 87, "TN": 81, "FP": 35, "FN": 30}, "test": {"ACC": 0.7435897435897436, "F1_Score": 0.7457627118644068, "Recall": 0.7521367521367521, "Precision": 0.7394957983193278, "Cohen_Kappa": 0.4871794871794872, "AUC": 0.7903426108554312, "TP": 88, "TN": 86, "FP": 31, "FN": 29}}, "CNB": {"valid": {"ACC": 0.6523605150214592, "F1_Score": 0.6639004149377593, "Recall": 0.6837606837606838, "Precision": 0.6451612903225806, "Cohen_Kappa": 0.30452887201975165, "AUC": 0.6836133215443561, "TP": 80, "TN": 72, "FP": 44, "FN": 37}, "test": {"ACC": 0.6495726495726496, "F1_Score": 0.672, "Recall": 0.717948717948718, "Precision": 0.631578947368421, "Cohen_Kappa": 0.2991452991452992, "AUC": 0.7212360289283367, "TP": 84, "TN": 68, "FP": 49, "FN": 33}}, "GB": {"valid": {"ACC": 0.7167381974248928, "F1_Score": 0.7441860465116279, "Recall": 0.8205128205128205, "Precision": 0.6808510638297872, "Cohen_Kappa": 0.4329646017699115, "AUC": 0.7600943118184498, "TP": 96, "TN": 71, "FP": 45, "FN": 21}, "test": {"ACC": 0.6923076923076923, "F1_Score": 0.7073170731707318, "Recall": 0.7435897435897436, "Precision": 0.6744186046511628, "Cohen_Kappa": 0.3846153846153846, "AUC": 0.7824530645043466, "TP": 87, "TN": 75, "FP": 42, "FN": 30}}, "BAG": {"valid": {"ACC": 0.6995708154506438, "F1_Score": 0.6929824561403508, "Recall": 0.6752136752136753, "Precision": 0.7117117117117117, "Cohen_Kappa": 0.39926335174953964, "AUC": 0.7471264367816093, "TP": 79, "TN": 84, "FP": 32, "FN": 38}, "test": {"ACC": 0.6837606837606838, "F1_Score": 0.6810344827586208, "Recall": 0.6752136752136753, "Precision": 0.6869565217391305, "Cohen_Kappa": 0.36752136752136755, "AUC": 0.7377821608590839, "TP": 79, "TN": 81, "FP": 36, "FN": 38}}, "QDA": {"valid": {"ACC": 0.5364806866952789, "F1_Score": 0.5877862595419848, "Recall": 0.6581196581196581, "Precision": 0.5310344827586206, "Cohen_Kappa": 0.07198701873432667, "AUC": 0.5359563807839669, "TP": 77, "TN": 48, "FP": 68, "FN": 40}, "test": {"ACC": 0.5042735042735043, "F1_Score": 0.5572519083969466, "Recall": 0.6239316239316239, "Precision": 0.503448275862069, "Cohen_Kappa": 0.008547008547008517, "AUC": 0.5042735042735043, "TP": 73, "TN": 45, "FP": 72, "FN": 44}}, "SVC": {"valid": {"ACC": 0.6866952789699571, "F1_Score": 0.7137254901960784, "Recall": 0.7777777777777778, "Precision": 0.6594202898550725, "Cohen_Kappa": 0.3728938539247134, "AUC": 0.7593575007368111, "TP": 91, "TN": 69, "FP": 47, "FN": 26}, "test": {"ACC": 0.7606837606837606, "F1_Score": 0.7741935483870968, "Recall": 0.8205128205128205, "Precision": 0.732824427480916, "Cohen_Kappa": 0.5213675213675213, "AUC": 0.7852290159982467, "TP": 96, "TN": 82, "FP": 35, "FN": 21}}}