{"OVR": {"valid": {"ACC": 0.6755952380952381, "F1_Score": 0.6784660766961652, "Recall": 0.6845238095238095, "Precision": 0.672514619883041, "Cohen_Kappa": 0.35119047619047616, "AUC": 0.7645266439909297, "TP": 115, "TN": 112, "FP": 56, "FN": 53}, "test": {"ACC": 0.6913946587537092, "F1_Score": 0.6904761904761905, "Recall": 0.6863905325443787, "Precision": 0.6946107784431138, "Cohen_Kappa": 0.38280562110379324, "AUC": 0.7117850098619329, "TP": 116, "TN": 117, "FP": 51, "FN": 53}}, "KNB": {"valid": {"ACC": 0.6190476190476191, "F1_Score": 0.6300578034682082, "Recall": 0.6488095238095238, "Precision": 0.6123595505617978, "Cohen_Kappa": 0.23809523809523814, "AUC": 0.6729202097505669, "TP": 109, "TN": 99, "FP": 69, "FN": 59}, "test": {"ACC": 0.6646884272997032, "F1_Score": 0.672463768115942, "Recall": 0.6863905325443787, "Precision": 0.6590909090909091, "Cohen_Kappa": 0.3292882681367455, "AUC": 0.6917617638771485, "TP": 116, "TN": 108, "FP": 60, "FN": 53}}, "DT": {"valid": {"ACC": 0.6785714285714286, "F1_Score": 0.6766467065868265, "Recall": 0.6726190476190477, "Precision": 0.6807228915662651, "Cohen_Kappa": 0.3571428571428571, "AUC": 0.6785714285714286, "TP": 113, "TN": 115, "FP": 53, "FN": 55}, "test": {"ACC": 0.6320474777448071, "F1_Score": 0.6352941176470589, "Recall": 0.6390532544378699, "Precision": 0.631578947368421, "Cohen_Kappa": 0.2640625550350463, "AUC": 0.632026627218935, "TP": 108, "TN": 105, "FP": 63, "FN": 61}}, "MNB": {"valid": {"ACC": 0.6636904761904762, "F1_Score": 0.6834733893557422, "Recall": 0.7261904761904762, "Precision": 0.6455026455026455, "Cohen_Kappa": 0.32738095238095233, "AUC": 0.712514172335601, "TP": 122, "TN": 101, "FP": 67, "FN": 46}, "test": {"ACC": 0.6201780415430267, "F1_Score": 0.6502732240437159, "Recall": 0.7041420118343196, "Precision": 0.6040609137055838, "Cohen_Kappa": 0.2399746282331383, "AUC": 0.6630036630036629, "TP": 119, "TN": 90, "FP": 78, "FN": 50}}, "RF": {"valid": {"ACC": 0.7113095238095238, "F1_Score": 0.7087087087087087, "Recall": 0.7023809523809523, "Precision": 0.7151515151515152, "Cohen_Kappa": 0.42261904761904767, "AUC": 0.7941999716553289, "TP": 118, "TN": 121, "FP": 47, "FN": 50}, "test": {"ACC": 0.6735905044510386, "F1_Score": 0.6783625730994153, "Recall": 0.6863905325443787, "Precision": 0.6705202312138728, "Cohen_Kappa": 0.34712927087002465, "AUC": 0.7640532544378698, "TP": 116, "TN": 111, "FP": 57, "FN": 53}}, "ADA": {"valid": {"ACC": 0.6607142857142857, "F1_Score": 0.6686046511627907, "Recall": 0.6845238095238095, "Precision": 0.6534090909090909, "Cohen_Kappa": 0.3214285714285714, "AUC": 0.7594600340136055, "TP": 115, "TN": 107, "FP": 61, "FN": 53}, "test": {"ACC": 0.658753709198813, "F1_Score": 0.6546546546546547, "Recall": 0.6449704142011834, "Precision": 0.6646341463414634, "Cohen_Kappa": 0.3175614995861874, "AUC": 0.697256269371654, "TP": 109, "TN": 113, "FP": 55, "FN": 60}}, "XGB": {"valid": {"ACC": 0.6904761904761905, "F1_Score": 0.6848484848484849, "Recall": 0.6726190476190477, "Precision": 0.6975308641975309, "Cohen_Kappa": 0.38095238095238093, "AUC": 0.772923752834467, "TP": 113, "TN": 119, "FP": 49, "FN": 55}, "test": {"ACC": 0.6617210682492581, "F1_Score": 0.6607142857142857, "Recall": 0.6568047337278107, "Precision": 0.6646706586826348, "Cohen_Kappa": 0.3234600077483887, "AUC": 0.7225626937165398, "TP": 111, "TN": 112, "FP": 56, "FN": 58}}, "MLP": {"valid": {"ACC": 0.6815476190476191, "F1_Score": 0.6603174603174603, "Recall": 0.6190476190476191, "Precision": 0.7074829931972789, "Cohen_Kappa": 0.36309523809523814, "AUC": 0.7525510204081631, "TP": 104, "TN": 125, "FP": 43, "FN": 64}, "test": {"ACC": 0.6261127596439169, "F1_Score": 0.6134969325153374, "Recall": 0.591715976331361, "Precision": 0.6369426751592356, "Cohen_Kappa": 0.25237692795267264, "AUC": 0.6762116089039166, "TP": 100, "TN": 111, "FP": 57, "FN": 69}}, "LR": {"valid": {"ACC": 0.6755952380952381, "F1_Score": 0.6784660766961652, "Recall": 0.6845238095238095, "Precision": 0.672514619883041, "Cohen_Kappa": 0.35119047619047616, "AUC": 0.7645266439909297, "TP": 115, "TN": 112, "FP": 56, "FN": 53}, "test": {"ACC": 0.6913946587537092, "F1_Score": 0.6904761904761905, "Recall": 0.6863905325443787, "Precision": 0.6946107784431138, "Cohen_Kappa": 0.38280562110379324, "AUC": 0.7117850098619329, "TP": 116, "TN": 117, "FP": 51, "FN": 53}}, "ETAs": {"valid": {"ACC": 0.6994047619047619, "F1_Score": 0.6853582554517134, "Recall": 0.6547619047619048, "Precision": 0.7189542483660131, "Cohen_Kappa": 0.39880952380952384, "AUC": 0.7912237811791383, "TP": 110, "TN": 125, "FP": 43, "FN": 58}, "test": {"ACC": 0.685459940652819, "F1_Score": 0.6826347305389222, "Recall": 0.6745562130177515, "Precision": 0.6909090909090909, "Cohen_Kappa": 0.37095865323659927, "AUC": 0.768385460693153, "TP": 114, "TN": 117, "FP": 51, "FN": 55}}, "CNB": {"valid": {"ACC": 0.6636904761904762, "F1_Score": 0.6834733893557422, "Recall": 0.7261904761904762, "Precision": 0.6455026455026455, "Cohen_Kappa": 0.32738095238095233, "AUC": 0.712514172335601, "TP": 122, "TN": 101, "FP": 67, "FN": 46}, "test": {"ACC": 0.6201780415430267, "F1_Score": 0.6502732240437159, "Recall": 0.7041420118343196, "Precision": 0.6040609137055838, "Cohen_Kappa": 0.2399746282331383, "AUC": 0.6630036630036629, "TP": 119, "TN": 90, "FP": 78, "FN": 50}}, "GB": {"valid": {"ACC": 0.6845238095238095, "F1_Score": 0.6845238095238095, "Recall": 0.6845238095238095, "Precision": 0.6845238095238095, "Cohen_Kappa": 0.36904761904761907, "AUC": 0.7672902494331065, "TP": 115, "TN": 115, "FP": 53, "FN": 53}, "test": {"ACC": 0.6439169139465876, "F1_Score": 0.6470588235294118, "Recall": 0.650887573964497, "Precision": 0.6432748538011696, "Cohen_Kappa": 0.28780247261456093, "AUC": 0.7019582981121443, "TP": 110, "TN": 107, "FP": 61, "FN": 59}}, "BAG": {"valid": {"ACC": 0.6785714285714286, "F1_Score": 0.6516129032258065, "Recall": 0.6011904761904762, "Precision": 0.7112676056338029, "Cohen_Kappa": 0.3571428571428571, "AUC": 0.7452876984126984, "TP": 101, "TN": 127, "FP": 41, "FN": 67}, "test": {"ACC": 0.6468842729970327, "F1_Score": 0.6198083067092652, "Recall": 0.5739644970414202, "Precision": 0.6736111111111112, "Cohen_Kappa": 0.29407312221655024, "AUC": 0.7101296139757679, "TP": 97, "TN": 121, "FP": 47, "FN": 72}}, "QDA": {"valid": {"ACC": 0.5029761904761905, "F1_Score": 0.011834319526627219, "Recall": 0.005952380952380952, "Precision": 1.0, "Cohen_Kappa": 0.005952380952380931, "AUC": 0.5029761904761905, "TP": 1, "TN": 168, "FP": 0, "FN": 167}, "test": {"ACC": 0.49851632047477745, "F1_Score": 0.0, "Recall": 0.0, "Precision": 0.0, "Cohen_Kappa": 0.0, "AUC": 0.5, "TP": 0, "TN": 168, "FP": 0, "FN": 169}}, "SVC": {"valid": {"ACC": 0.6785714285714286, "F1_Score": 0.674698795180723, "Recall": 0.6666666666666666, "Precision": 0.6829268292682927, "Cohen_Kappa": 0.3571428571428571, "AUC": 0.7734197845804989, "TP": 112, "TN": 116, "FP": 52, "FN": 56}, "test": {"ACC": 0.6973293768545994, "F1_Score": 0.6927710843373494, "Recall": 0.6804733727810651, "Precision": 0.7055214723926381, "Cohen_Kappa": 0.3947173798203909, "AUC": 0.7266483516483517, "TP": 115, "TN": 120, "FP": 48, "FN": 54}}}