{"OVR": {"valid": {"ACC": 0.6382978723404256, "F1_Score": 0.6382978723404256, "Recall": 0.6521739130434783, "Precision": 0.625, "Cohen_Kappa": 0.27692307692307694, "AUC": 0.6521739130434783, "TP": 15, "TN": 15, "FP": 9, "FN": 8}, "test": {"ACC": 0.6595744680851063, "F1_Score": 0.68, "Recall": 0.7083333333333334, "Precision": 0.6538461538461539, "Cohen_Kappa": 0.3176043557168784, "AUC": 0.7101449275362318, "TP": 17, "TN": 14, "FP": 9, "FN": 7}}, "KNB": {"valid": {"ACC": 0.6170212765957447, "F1_Score": 0.5714285714285715, "Recall": 0.5217391304347826, "Precision": 0.631578947368421, "Cohen_Kappa": 0.23090909090909095, "AUC": 0.6811594202898551, "TP": 12, "TN": 17, "FP": 7, "FN": 11}, "test": {"ACC": 0.723404255319149, "F1_Score": 0.723404255319149, "Recall": 0.7083333333333334, "Precision": 0.7391304347826086, "Cohen_Kappa": 0.44705882352941173, "AUC": 0.8260869565217391, "TP": 17, "TN": 17, "FP": 6, "FN": 7}}, "DT": {"valid": {"ACC": 0.6382978723404256, "F1_Score": 0.6382978723404256, "Recall": 0.6521739130434783, "Precision": 0.625, "Cohen_Kappa": 0.27692307692307694, "AUC": 0.6385869565217391, "TP": 15, "TN": 15, "FP": 9, "FN": 8}, "test": {"ACC": 0.7021276595744681, "F1_Score": 0.7199999999999999, "Recall": 0.75, "Precision": 0.6923076923076923, "Cohen_Kappa": 0.4029038112522686, "AUC": 0.7010869565217391, "TP": 18, "TN": 15, "FP": 8, "FN": 6}}, "MNB": {"valid": {"ACC": 0.5957446808510638, "F1_Score": 0.5365853658536586, "Recall": 0.4782608695652174, "Precision": 0.6111111111111112, "Cohen_Kappa": 0.1874431301182894, "AUC": 0.7210144927536231, "TP": 11, "TN": 17, "FP": 7, "FN": 12}, "test": {"ACC": 0.6595744680851063, "F1_Score": 0.619047619047619, "Recall": 0.5416666666666666, "Precision": 0.7222222222222222, "Cohen_Kappa": 0.32252252252252245, "AUC": 0.681159420289855, "TP": 13, "TN": 18, "FP": 5, "FN": 11}}, "RF": {"valid": {"ACC": 0.7659574468085106, "F1_Score": 0.7317073170731708, "Recall": 0.6521739130434783, "Precision": 0.8333333333333334, "Cohen_Kappa": 0.529572338489536, "AUC": 0.7780797101449276, "TP": 15, "TN": 21, "FP": 3, "FN": 8}, "test": {"ACC": 0.7446808510638298, "F1_Score": 0.7272727272727272, "Recall": 0.6666666666666666, "Precision": 0.8, "Cohen_Kappa": 0.49097472924187724, "AUC": 0.8641304347826086, "TP": 16, "TN": 19, "FP": 4, "FN": 8}}, "ADA": {"valid": {"ACC": 0.6808510638297872, "F1_Score": 0.6808510638297872, "Recall": 0.6956521739130435, "Precision": 0.6666666666666666, "Cohen_Kappa": 0.3619909502262444, "AUC": 0.6793478260869564, "TP": 16, "TN": 16, "FP": 8, "FN": 7}, "test": {"ACC": 0.7021276595744681, "F1_Score": 0.6818181818181818, "Recall": 0.625, "Precision": 0.75, "Cohen_Kappa": 0.40613718411552346, "AUC": 0.7210144927536232, "TP": 15, "TN": 18, "FP": 5, "FN": 9}}, "XGB": {"valid": {"ACC": 0.6382978723404256, "F1_Score": 0.6382978723404256, "Recall": 0.6521739130434783, "Precision": 0.625, "Cohen_Kappa": 0.27692307692307694, "AUC": 0.6847826086956522, "TP": 15, "TN": 15, "FP": 9, "FN": 8}, "test": {"ACC": 0.7446808510638298, "F1_Score": 0.75, "Recall": 0.75, "Precision": 0.75, "Cohen_Kappa": 0.48913043478260865, "AUC": 0.8442028985507247, "TP": 18, "TN": 17, "FP": 6, "FN": 6}}, "MLP": {"valid": {"ACC": 0.5957446808510638, "F1_Score": 0.5957446808510638, "Recall": 0.6086956521739131, "Precision": 0.5833333333333334, "Cohen_Kappa": 0.1918552036199095, "AUC": 0.6721014492753623, "TP": 14, "TN": 14, "FP": 10, "FN": 9}, "test": {"ACC": 0.7021276595744681, "F1_Score": 0.6818181818181818, "Recall": 0.625, "Precision": 0.75, "Cohen_Kappa": 0.40613718411552346, "AUC": 0.7862318840579711, "TP": 15, "TN": 18, "FP": 5, "FN": 9}}, "LR": {"valid": {"ACC": 0.6382978723404256, "F1_Score": 0.6382978723404256, "Recall": 0.6521739130434783, "Precision": 0.625, "Cohen_Kappa": 0.27692307692307694, "AUC": 0.6521739130434783, "TP": 15, "TN": 15, "FP": 9, "FN": 8}, "test": {"ACC": 0.6595744680851063, "F1_Score": 0.68, "Recall": 0.7083333333333334, "Precision": 0.6538461538461539, "Cohen_Kappa": 0.3176043557168784, "AUC": 0.7101449275362318, "TP": 17, "TN": 14, "FP": 9, "FN": 7}}, "ETAs": {"valid": {"ACC": 0.6170212765957447, "F1_Score": 0.5714285714285715, "Recall": 0.5217391304347826, "Precision": 0.631578947368421, "Cohen_Kappa": 0.23090909090909095, "AUC": 0.7373188405797101, "TP": 12, "TN": 17, "FP": 7, "FN": 11}, "test": {"ACC": 0.723404255319149, "F1_Score": 0.6976744186046512, "Recall": 0.625, "Precision": 0.7894736842105263, "Cohen_Kappa": 0.4490532010820558, "AUC": 0.8378623188405798, "TP": 15, "TN": 19, "FP": 4, "FN": 9}}, "CNB": {"valid": {"ACC": 0.5957446808510638, "F1_Score": 0.5365853658536586, "Recall": 0.4782608695652174, "Precision": 0.6111111111111112, "Cohen_Kappa": 0.1874431301182894, "AUC": 0.7210144927536231, "TP": 11, "TN": 17, "FP": 7, "FN": 12}, "test": {"ACC": 0.6595744680851063, "F1_Score": 0.619047619047619, "Recall": 0.5416666666666666, "Precision": 0.7222222222222222, "Cohen_Kappa": 0.32252252252252245, "AUC": 0.681159420289855, "TP": 13, "TN": 18, "FP": 5, "FN": 11}}, "GB": {"valid": {"ACC": 0.7446808510638298, "F1_Score": 0.7391304347826085, "Recall": 0.7391304347826086, "Precision": 0.7391304347826086, "Cohen_Kappa": 0.48913043478260865, "AUC": 0.7572463768115942, "TP": 17, "TN": 18, "FP": 6, "FN": 6}, "test": {"ACC": 0.8085106382978723, "F1_Score": 0.7999999999999999, "Recall": 0.75, "Precision": 0.8571428571428571, "Cohen_Kappa": 0.6178861788617886, "AUC": 0.7952898550724639, "TP": 18, "TN": 20, "FP": 3, "FN": 6}}, "BAG": {"valid": {"ACC": 0.6808510638297872, "F1_Score": 0.6341463414634146, "Recall": 0.5652173913043478, "Precision": 0.7222222222222222, "Cohen_Kappa": 0.3585077343039127, "AUC": 0.7708333333333333, "TP": 13, "TN": 19, "FP": 5, "FN": 10}, "test": {"ACC": 0.6808510638297872, "F1_Score": 0.6938775510204083, "Recall": 0.7083333333333334, "Precision": 0.68, "Cohen_Kappa": 0.3608340888485948, "AUC": 0.7110507246376812, "TP": 17, "TN": 15, "FP": 8, "FN": 7}}, "QDA": {"valid": {"ACC": 0.5106382978723404, "F1_Score": 0.0, "Recall": 0.0, "Precision": 0.0, "Cohen_Kappa": 0.0, "AUC": 0.5, "TP": 0, "TN": 24, "FP": 0, "FN": 23}, "test": {"ACC": 0.48936170212765956, "F1_Score": 0.0, "Recall": 0.0, "Precision": 0.0, "Cohen_Kappa": 0.0, "AUC": 0.5, "TP": 0, "TN": 23, "FP": 0, "FN": 24}}, "SVC": {"valid": {"ACC": 0.6382978723404256, "F1_Score": 0.6046511627906976, "Recall": 0.5652173913043478, "Precision": 0.65, "Cohen_Kappa": 0.27429609445958225, "AUC": 0.7463768115942029, "TP": 13, "TN": 17, "FP": 7, "FN": 10}, "test": {"ACC": 0.7659574468085106, "F1_Score": 0.744186046511628, "Recall": 0.6666666666666666, "Precision": 0.8421052631578947, "Cohen_Kappa": 0.5338142470694318, "AUC": 0.7916666666666667, "TP": 16, "TN": 20, "FP": 3, "FN": 8}}}