{"OVR": {"valid": {"ACC": 0.6851851851851852, "F1_Score": 0.6909090909090909, "Recall": 0.7037037037037037, "Precision": 0.6785714285714286, "Cohen_Kappa": 0.37037037037037035, "AUC": 0.720164609053498, "TP": 19, "TN": 18, "FP": 9, "FN": 8}, "test": {"ACC": 0.7222222222222222, "F1_Score": 0.7368421052631577, "Recall": 0.7777777777777778, "Precision": 0.7, "Cohen_Kappa": 0.4444444444444444, "AUC": 0.7777777777777778, "TP": 21, "TN": 18, "FP": 9, "FN": 6}}, "KNB": {"valid": {"ACC": 0.6296296296296297, "F1_Score": 0.6296296296296297, "Recall": 0.6296296296296297, "Precision": 0.6296296296296297, "Cohen_Kappa": 0.2592592592592593, "AUC": 0.6666666666666666, "TP": 17, "TN": 17, "FP": 10, "FN": 10}, "test": {"ACC": 0.7962962962962963, "F1_Score": 0.8070175438596491, "Recall": 0.8518518518518519, "Precision": 0.7666666666666667, "Cohen_Kappa": 0.5925925925925926, "AUC": 0.8834019204389575, "TP": 23, "TN": 20, "FP": 7, "FN": 4}}, "DT": {"valid": {"ACC": 0.5740740740740741, "F1_Score": 0.5490196078431373, "Recall": 0.5185185185185185, "Precision": 0.5833333333333334, "Cohen_Kappa": 0.14814814814814814, "AUC": 0.5740740740740741, "TP": 14, "TN": 17, "FP": 10, "FN": 13}, "test": {"ACC": 0.6481481481481481, "F1_Score": 0.6666666666666667, "Recall": 0.7037037037037037, "Precision": 0.6333333333333333, "Cohen_Kappa": 0.2962962962962963, "AUC": 0.6481481481481481, "TP": 19, "TN": 16, "FP": 11, "FN": 8}}, "MNB": {"valid": {"ACC": 0.5555555555555556, "F1_Score": 0.5555555555555556, "Recall": 0.5555555555555556, "Precision": 0.5555555555555556, "Cohen_Kappa": 0.11111111111111116, "AUC": 0.6460905349794238, "TP": 15, "TN": 15, "FP": 12, "FN": 12}, "test": {"ACC": 0.6666666666666666, "F1_Score": 0.689655172413793, "Recall": 0.7407407407407407, "Precision": 0.6451612903225806, "Cohen_Kappa": 0.33333333333333337, "AUC": 0.7791495198902606, "TP": 20, "TN": 16, "FP": 11, "FN": 7}}, "RF": {"valid": {"ACC": 0.6296296296296297, "F1_Score": 0.5833333333333334, "Recall": 0.5185185185185185, "Precision": 0.6666666666666666, "Cohen_Kappa": 0.2592592592592593, "AUC": 0.7441700960219478, "TP": 14, "TN": 20, "FP": 7, "FN": 13}, "test": {"ACC": 0.7592592592592593, "F1_Score": 0.7547169811320754, "Recall": 0.7407407407407407, "Precision": 0.7692307692307693, "Cohen_Kappa": 0.5185185185185186, "AUC": 0.8278463648834019, "TP": 20, "TN": 21, "FP": 6, "FN": 7}}, "ADA": {"valid": {"ACC": 0.6666666666666666, "F1_Score": 0.6399999999999999, "Recall": 0.5925925925925926, "Precision": 0.6956521739130435, "Cohen_Kappa": 0.33333333333333337, "AUC": 0.7037037037037036, "TP": 16, "TN": 20, "FP": 7, "FN": 11}, "test": {"ACC": 0.7592592592592593, "F1_Score": 0.7547169811320754, "Recall": 0.7407407407407407, "Precision": 0.7692307692307693, "Cohen_Kappa": 0.5185185185185186, "AUC": 0.8518518518518519, "TP": 20, "TN": 21, "FP": 6, "FN": 7}}, "XGB": {"valid": {"ACC": 0.6481481481481481, "F1_Score": 0.627450980392157, "Recall": 0.5925925925925926, "Precision": 0.6666666666666666, "Cohen_Kappa": 0.2962962962962963, "AUC": 0.6803840877914952, "TP": 16, "TN": 19, "FP": 8, "FN": 11}, "test": {"ACC": 0.7037037037037037, "F1_Score": 0.7142857142857143, "Recall": 0.7407407407407407, "Precision": 0.6896551724137931, "Cohen_Kappa": 0.40740740740740744, "AUC": 0.813443072702332, "TP": 20, "TN": 18, "FP": 9, "FN": 7}}, "MLP": {"valid": {"ACC": 0.6111111111111112, "F1_Score": 0.5882352941176471, "Recall": 0.5555555555555556, "Precision": 0.625, "Cohen_Kappa": 0.2222222222222222, "AUC": 0.6995884773662552, "TP": 15, "TN": 18, "FP": 9, "FN": 12}, "test": {"ACC": 0.7037037037037037, "F1_Score": 0.6923076923076923, "Recall": 0.6666666666666666, "Precision": 0.72, "Cohen_Kappa": 0.40740740740740744, "AUC": 0.792866941015089, "TP": 18, "TN": 20, "FP": 7, "FN": 9}}, "LR": {"valid": {"ACC": 0.6851851851851852, "F1_Score": 0.6909090909090909, "Recall": 0.7037037037037037, "Precision": 0.6785714285714286, "Cohen_Kappa": 0.37037037037037035, "AUC": 0.720164609053498, "TP": 19, "TN": 18, "FP": 9, "FN": 8}, "test": {"ACC": 0.7222222222222222, "F1_Score": 0.7368421052631577, "Recall": 0.7777777777777778, "Precision": 0.7, "Cohen_Kappa": 0.4444444444444444, "AUC": 0.7777777777777778, "TP": 21, "TN": 18, "FP": 9, "FN": 6}}, "ETAs": {"valid": {"ACC": 0.6851851851851852, "F1_Score": 0.6666666666666667, "Recall": 0.6296296296296297, "Precision": 0.7083333333333334, "Cohen_Kappa": 0.37037037037037035, "AUC": 0.7729766803840877, "TP": 17, "TN": 20, "FP": 7, "FN": 10}, "test": {"ACC": 0.7962962962962963, "F1_Score": 0.7999999999999999, "Recall": 0.8148148148148148, "Precision": 0.7857142857142857, "Cohen_Kappa": 0.5925925925925926, "AUC": 0.8189300411522634, "TP": 22, "TN": 21, "FP": 6, "FN": 5}}, "CNB": {"valid": {"ACC": 0.5555555555555556, "F1_Score": 0.5555555555555556, "Recall": 0.5555555555555556, "Precision": 0.5555555555555556, "Cohen_Kappa": 0.11111111111111116, "AUC": 0.6460905349794238, "TP": 15, "TN": 15, "FP": 12, "FN": 12}, "test": {"ACC": 0.6666666666666666, "F1_Score": 0.689655172413793, "Recall": 0.7407407407407407, "Precision": 0.6451612903225806, "Cohen_Kappa": 0.33333333333333337, "AUC": 0.7791495198902606, "TP": 20, "TN": 16, "FP": 11, "FN": 7}}, "GB": {"valid": {"ACC": 0.6851851851851852, "F1_Score": 0.6792452830188679, "Recall": 0.6666666666666666, "Precision": 0.6923076923076923, "Cohen_Kappa": 0.37037037037037035, "AUC": 0.7325102880658436, "TP": 18, "TN": 19, "FP": 8, "FN": 9}, "test": {"ACC": 0.7592592592592593, "F1_Score": 0.7636363636363638, "Recall": 0.7777777777777778, "Precision": 0.75, "Cohen_Kappa": 0.5185185185185186, "AUC": 0.8477366255144033, "TP": 21, "TN": 20, "FP": 7, "FN": 6}}, "BAG": {"valid": {"ACC": 0.7037037037037037, "F1_Score": 0.6923076923076923, "Recall": 0.6666666666666666, "Precision": 0.72, "Cohen_Kappa": 0.40740740740740744, "AUC": 0.7386831275720164, "TP": 18, "TN": 20, "FP": 7, "FN": 9}, "test": {"ACC": 0.7407407407407407, "F1_Score": 0.7307692307692308, "Recall": 0.7037037037037037, "Precision": 0.76, "Cohen_Kappa": 0.4814814814814815, "AUC": 0.7921810699588476, "TP": 19, "TN": 21, "FP": 6, "FN": 8}}, "QDA": {"valid": {"ACC": 0.5925925925925926, "F1_Score": 0.5416666666666666, "Recall": 0.48148148148148145, "Precision": 0.6190476190476191, "Cohen_Kappa": 0.18518518518518523, "AUC": 0.5925925925925926, "TP": 13, "TN": 19, "FP": 8, "FN": 14}, "test": {"ACC": 0.5370370370370371, "F1_Score": 0.5283018867924528, "Recall": 0.5185185185185185, "Precision": 0.5384615384615384, "Cohen_Kappa": 0.07407407407407407, "AUC": 0.5370370370370371, "TP": 14, "TN": 15, "FP": 12, "FN": 13}}, "SVC": {"valid": {"ACC": 0.6481481481481481, "F1_Score": 0.627450980392157, "Recall": 0.5925925925925926, "Precision": 0.6666666666666666, "Cohen_Kappa": 0.2962962962962963, "AUC": 0.7270233196159122, "TP": 16, "TN": 19, "FP": 8, "FN": 11}, "test": {"ACC": 0.7777777777777778, "F1_Score": 0.7857142857142857, "Recall": 0.8148148148148148, "Precision": 0.7586206896551724, "Cohen_Kappa": 0.5555555555555556, "AUC": 0.8395061728395061, "TP": 22, "TN": 20, "FP": 7, "FN": 5}}}