{"OVR": {"valid": {"ACC": 0.688212927756654, "F1_Score": 0.6693548387096774, "Recall": 0.6335877862595419, "Precision": 0.7094017094017094, "Cohen_Kappa": 0.3761643043100955, "AUC": 0.7463566967383762, "TP": 83, "TN": 98, "FP": 34, "FN": 48}, "test": {"ACC": 0.6692015209125475, "F1_Score": 0.66147859922179, "Recall": 0.6439393939393939, "Precision": 0.68, "Cohen_Kappa": 0.33852736260877114, "AUC": 0.7097790885958825, "TP": 85, "TN": 91, "FP": 40, "FN": 47}}, "KNB": {"valid": {"ACC": 0.6197718631178707, "F1_Score": 0.6, "Recall": 0.5725190839694656, "Precision": 0.6302521008403361, "Cohen_Kappa": 0.23926877241698485, "AUC": 0.700352764284062, "TP": 75, "TN": 88, "FP": 44, "FN": 56}, "test": {"ACC": 0.6045627376425855, "F1_Score": 0.6148148148148147, "Recall": 0.6287878787878788, "Precision": 0.6014492753623188, "Cohen_Kappa": 0.2089768060616577, "AUC": 0.6459345362017118, "TP": 83, "TN": 76, "FP": 55, "FN": 49}}, "DT": {"valid": {"ACC": 0.55893536121673, "F1_Score": 0.5396825396825398, "Recall": 0.5190839694656488, "Precision": 0.5619834710743802, "Cohen_Kappa": 0.11760282293052582, "AUC": 0.5587844089752486, "TP": 68, "TN": 79, "FP": 53, "FN": 63}, "test": {"ACC": 0.5665399239543726, "F1_Score": 0.5808823529411765, "Recall": 0.5984848484848485, "Precision": 0.5642857142857143, "Cohen_Kappa": 0.13286672836649693, "AUC": 0.5687022900763359, "TP": 79, "TN": 70, "FP": 61, "FN": 53}}, "MNB": {"valid": {"ACC": 0.6387832699619772, "F1_Score": 0.6689895470383276, "Recall": 0.732824427480916, "Precision": 0.6153846153846154, "Cohen_Kappa": 0.2780779566008842, "AUC": 0.7153018736988204, "TP": 96, "TN": 72, "FP": 60, "FN": 35}, "test": {"ACC": 0.5893536121673004, "F1_Score": 0.6223776223776224, "Recall": 0.6742424242424242, "Precision": 0.577922077922078, "Cohen_Kappa": 0.17817255945836474, "AUC": 0.6356407587323618, "TP": 89, "TN": 66, "FP": 65, "FN": 43}}, "RF": {"valid": {"ACC": 0.6730038022813688, "F1_Score": 0.6587301587301587, "Recall": 0.6335877862595419, "Precision": 0.6859504132231405, "Cohen_Kappa": 0.3458089894140105, "AUC": 0.7397929678464029, "TP": 83, "TN": 94, "FP": 38, "FN": 48}, "test": {"ACC": 0.6806083650190115, "F1_Score": 0.6842105263157895, "Recall": 0.6893939393939394, "Precision": 0.6791044776119403, "Cohen_Kappa": 0.3611705511537794, "AUC": 0.7371616932685637, "TP": 91, "TN": 88, "FP": 43, "FN": 41}}, "ADA": {"valid": {"ACC": 0.6958174904942965, "F1_Score": 0.6721311475409836, "Recall": 0.6259541984732825, "Precision": 0.7256637168141593, "Cohen_Kappa": 0.3913093791587109, "AUC": 0.7753007170946102, "TP": 82, "TN": 101, "FP": 31, "FN": 49}, "test": {"ACC": 0.6197718631178707, "F1_Score": 0.6153846153846154, "Recall": 0.6060606060606061, "Precision": 0.625, "Cohen_Kappa": 0.23962067769168505, "AUC": 0.6701653944020357, "TP": 80, "TN": 83, "FP": 48, "FN": 52}}, "XGB": {"valid": {"ACC": 0.6806083650190115, "F1_Score": 0.6769230769230768, "Recall": 0.6717557251908397, "Precision": 0.6821705426356589, "Cohen_Kappa": 0.3611705511537794, "AUC": 0.731089521165857, "TP": 88, "TN": 91, "FP": 41, "FN": 43}, "test": {"ACC": 0.6539923954372624, "F1_Score": 0.6591760299625469, "Recall": 0.6666666666666666, "Precision": 0.6518518518518519, "Cohen_Kappa": 0.3079147508747577, "AUC": 0.7076972010178118, "TP": 88, "TN": 84, "FP": 47, "FN": 44}}, "MLP": {"valid": {"ACC": 0.623574144486692, "F1_Score": 0.6319702602230484, "Recall": 0.648854961832061, "Precision": 0.6159420289855072, "Cohen_Kappa": 0.24728975745136017, "AUC": 0.7079574369650705, "TP": 85, "TN": 79, "FP": 53, "FN": 46}, "test": {"ACC": 0.6577946768060836, "F1_Score": 0.6666666666666666, "Recall": 0.6818181818181818, "Precision": 0.6521739130434783, "Cohen_Kappa": 0.3154606975533576, "AUC": 0.7254510756419152, "TP": 90, "TN": 83, "FP": 48, "FN": 42}}, "LR": {"valid": {"ACC": 0.688212927756654, "F1_Score": 0.6693548387096774, "Recall": 0.6335877862595419, "Precision": 0.7094017094017094, "Cohen_Kappa": 0.3761643043100955, "AUC": 0.7463566967383762, "TP": 83, "TN": 98, "FP": 34, "FN": 48}, "test": {"ACC": 0.6692015209125475, "F1_Score": 0.66147859922179, "Recall": 0.6439393939393939, "Precision": 0.68, "Cohen_Kappa": 0.33852736260877114, "AUC": 0.7097790885958825, "TP": 85, "TN": 91, "FP": 40, "FN": 47}}, "ETAs": {"valid": {"ACC": 0.6501901140684411, "F1_Score": 0.6434108527131782, "Recall": 0.6335877862595419, "Precision": 0.6535433070866141, "Cohen_Kappa": 0.30028918449971076, "AUC": 0.7308871154291002, "TP": 83, "TN": 88, "FP": 44, "FN": 48}, "test": {"ACC": 0.6692015209125475, "F1_Score": 0.6765799256505577, "Recall": 0.6893939393939394, "Precision": 0.6642335766423357, "Cohen_Kappa": 0.3382978108100292, "AUC": 0.7164584779088595, "TP": 91, "TN": 85, "FP": 46, "FN": 41}}, "CNB": {"valid": {"ACC": 0.6387832699619772, "F1_Score": 0.6689895470383276, "Recall": 0.732824427480916, "Precision": 0.6153846153846154, "Cohen_Kappa": 0.2780779566008842, "AUC": 0.7153018736988204, "TP": 96, "TN": 72, "FP": 60, "FN": 35}, "test": {"ACC": 0.5893536121673004, "F1_Score": 0.6223776223776224, "Recall": 0.6742424242424242, "Precision": 0.577922077922078, "Cohen_Kappa": 0.17817255945836474, "AUC": 0.6356407587323618, "TP": 89, "TN": 66, "FP": 65, "FN": 43}}, "GB": {"valid": {"ACC": 0.7300380228136882, "F1_Score": 0.7171314741035857, "Recall": 0.6870229007633588, "Precision": 0.75, "Cohen_Kappa": 0.459896450987765, "AUC": 0.8136132315521629, "TP": 90, "TN": 102, "FP": 30, "FN": 41}, "test": {"ACC": 0.6958174904942965, "F1_Score": 0.6946564885496184, "Recall": 0.6893939393939394, "Precision": 0.7, "Cohen_Kappa": 0.39166136587058353, "AUC": 0.7182801295396715, "TP": 91, "TN": 92, "FP": 39, "FN": 41}}, "BAG": {"valid": {"ACC": 0.6463878326996197, "F1_Score": 0.6075949367088608, "Recall": 0.549618320610687, "Precision": 0.6792452830188679, "Cohen_Kappa": 0.2922538267889695, "AUC": 0.7110224381216748, "TP": 72, "TN": 98, "FP": 34, "FN": 59}, "test": {"ACC": 0.6653992395437263, "F1_Score": 0.6589147286821706, "Recall": 0.6439393939393939, "Precision": 0.6746031746031746, "Cohen_Kappa": 0.330904885805146, "AUC": 0.6981263011797363, "TP": 85, "TN": 90, "FP": 41, "FN": 47}}, "QDA": {"valid": {"ACC": 0.5361216730038023, "F1_Score": 0.6772486772486773, "Recall": 0.9770992366412213, "Precision": 0.5182186234817814, "Cohen_Kappa": 0.07533141210374639, "AUC": 0.5377920425630349, "TP": 128, "TN": 13, "FP": 119, "FN": 3}, "test": {"ACC": 0.5133079847908745, "F1_Score": 0.6464088397790055, "Recall": 0.8863636363636364, "Precision": 0.508695652173913, "Cohen_Kappa": 0.023835759438612714, "AUC": 0.511884108258154, "TP": 117, "TN": 18, "FP": 113, "FN": 15}}, "SVC": {"valid": {"ACC": 0.7224334600760456, "F1_Score": 0.7137254901960784, "Recall": 0.6946564885496184, "Precision": 0.7338709677419355, "Cohen_Kappa": 0.44474650779419844, "AUC": 0.7797247281980106, "TP": 91, "TN": 99, "FP": 33, "FN": 40}, "test": {"ACC": 0.6730038022813688, "F1_Score": 0.6666666666666666, "Recall": 0.6515151515151515, "Precision": 0.6825396825396826, "Cohen_Kappa": 0.3461115929459382, "AUC": 0.7225306500115661, "TP": 86, "TN": 91, "FP": 40, "FN": 46}}}