{"OVR": {"valid": {"ACC": 0.6530612244897959, "F1_Score": 0.6382978723404256, "Recall": 0.625, "Precision": 0.6521739130434783, "Cohen_Kappa": 0.30525437864887406, "AUC": 0.7133333333333333, "TP": 15, "TN": 17, "FP": 8, "FN": 9}, "test": {"ACC": 0.5714285714285714, "F1_Score": 0.5882352941176471, "Recall": 0.6, "Precision": 0.5769230769230769, "Cohen_Kappa": 0.1417848206839033, "AUC": 0.53, "TP": 15, "TN": 13, "FP": 11, "FN": 10}}, "KNB": {"valid": {"ACC": 0.5918367346938775, "F1_Score": 0.5833333333333334, "Recall": 0.5833333333333334, "Precision": 0.5833333333333334, "Cohen_Kappa": 0.18333333333333324, "AUC": 0.6083333333333334, "TP": 14, "TN": 15, "FP": 10, "FN": 10}, "test": {"ACC": 0.6122448979591837, "F1_Score": 0.6274509803921569, "Recall": 0.64, "Precision": 0.6153846153846154, "Cohen_Kappa": 0.22351959966638868, "AUC": 0.5958333333333333, "TP": 16, "TN": 14, "FP": 10, "FN": 9}}, "DT": {"valid": {"ACC": 0.5510204081632653, "F1_Score": 0.5599999999999999, "Recall": 0.5833333333333334, "Precision": 0.5384615384615384, "Cohen_Kappa": 0.1031613976705491, "AUC": 0.5516666666666667, "TP": 14, "TN": 13, "FP": 12, "FN": 10}, "test": {"ACC": 0.6326530612244898, "F1_Score": 0.6538461538461539, "Recall": 0.68, "Precision": 0.6296296296296297, "Cohen_Kappa": 0.26377295492487485, "AUC": 0.6316666666666667, "TP": 17, "TN": 14, "FP": 10, "FN": 8}}, "MNB": {"valid": {"ACC": 0.6938775510204082, "F1_Score": 0.7058823529411765, "Recall": 0.75, "Precision": 0.6666666666666666, "Cohen_Kappa": 0.38902743142144636, "AUC": 0.725, "TP": 18, "TN": 16, "FP": 9, "FN": 6}, "test": {"ACC": 0.6122448979591837, "F1_Score": 0.6122448979591836, "Recall": 0.6, "Precision": 0.625, "Cohen_Kappa": 0.2248126561199001, "AUC": 0.5816666666666668, "TP": 15, "TN": 15, "FP": 9, "FN": 10}}, "RF": {"valid": {"ACC": 0.6122448979591837, "F1_Score": 0.6122448979591836, "Recall": 0.625, "Precision": 0.6, "Cohen_Kappa": 0.2248126561199001, "AUC": 0.7141666666666667, "TP": 15, "TN": 15, "FP": 10, "FN": 9}, "test": {"ACC": 0.5714285714285714, "F1_Score": 0.6037735849056605, "Recall": 0.64, "Precision": 0.5714285714285714, "Cohen_Kappa": 0.14035087719298245, "AUC": 0.6050000000000002, "TP": 16, "TN": 12, "FP": 12, "FN": 9}}, "ADA": {"valid": {"ACC": 0.7346938775510204, "F1_Score": 0.7346938775510204, "Recall": 0.75, "Precision": 0.72, "Cohen_Kappa": 0.46960865945045793, "AUC": 0.7583333333333333, "TP": 18, "TN": 18, "FP": 7, "FN": 6}, "test": {"ACC": 0.5918367346938775, "F1_Score": 0.6153846153846153, "Recall": 0.64, "Precision": 0.5925925925925926, "Cohen_Kappa": 0.1819699499165276, "AUC": 0.6233333333333334, "TP": 16, "TN": 13, "FP": 11, "FN": 9}}, "XGB": {"valid": {"ACC": 0.673469387755102, "F1_Score": 0.6521739130434783, "Recall": 0.625, "Precision": 0.6818181818181818, "Cohen_Kappa": 0.3455759599332221, "AUC": 0.7, "TP": 15, "TN": 18, "FP": 7, "FN": 9}, "test": {"ACC": 0.673469387755102, "F1_Score": 0.7142857142857142, "Recall": 0.8, "Precision": 0.6451612903225806, "Cohen_Kappa": 0.3433835845896148, "AUC": 0.6799999999999999, "TP": 20, "TN": 13, "FP": 11, "FN": 5}}, "MLP": {"valid": {"ACC": 0.6122448979591837, "F1_Score": 0.627450980392157, "Recall": 0.6666666666666666, "Precision": 0.5925925925925926, "Cohen_Kappa": 0.22610141313383203, "AUC": 0.6649999999999999, "TP": 16, "TN": 14, "FP": 11, "FN": 8}, "test": {"ACC": 0.5714285714285714, "F1_Score": 0.6037735849056605, "Recall": 0.64, "Precision": 0.5714285714285714, "Cohen_Kappa": 0.14035087719298245, "AUC": 0.5716666666666668, "TP": 16, "TN": 12, "FP": 12, "FN": 9}}, "LR": {"valid": {"ACC": 0.6530612244897959, "F1_Score": 0.6382978723404256, "Recall": 0.625, "Precision": 0.6521739130434783, "Cohen_Kappa": 0.30525437864887406, "AUC": 0.7133333333333333, "TP": 15, "TN": 17, "FP": 8, "FN": 9}, "test": {"ACC": 0.5714285714285714, "F1_Score": 0.5882352941176471, "Recall": 0.6, "Precision": 0.5769230769230769, "Cohen_Kappa": 0.1417848206839033, "AUC": 0.53, "TP": 15, "TN": 13, "FP": 11, "FN": 10}}, "ETAs": {"valid": {"ACC": 0.6326530612244898, "F1_Score": 0.625, "Recall": 0.625, "Precision": 0.625, "Cohen_Kappa": 0.265, "AUC": 0.7566666666666666, "TP": 15, "TN": 16, "FP": 9, "FN": 9}, "test": {"ACC": 0.6326530612244898, "F1_Score": 0.6666666666666666, "Recall": 0.72, "Precision": 0.6206896551724138, "Cohen_Kappa": 0.2625418060200668, "AUC": 0.6966666666666667, "TP": 18, "TN": 13, "FP": 11, "FN": 7}}, "CNB": {"valid": {"ACC": 0.6938775510204082, "F1_Score": 0.7058823529411765, "Recall": 0.75, "Precision": 0.6666666666666666, "Cohen_Kappa": 0.38902743142144636, "AUC": 0.725, "TP": 18, "TN": 16, "FP": 9, "FN": 6}, "test": {"ACC": 0.6122448979591837, "F1_Score": 0.6122448979591836, "Recall": 0.6, "Precision": 0.625, "Cohen_Kappa": 0.2248126561199001, "AUC": 0.5816666666666668, "TP": 15, "TN": 15, "FP": 9, "FN": 10}}, "GB": {"valid": {"ACC": 0.6530612244897959, "F1_Score": 0.6382978723404256, "Recall": 0.625, "Precision": 0.6521739130434783, "Cohen_Kappa": 0.30525437864887406, "AUC": 0.6966666666666667, "TP": 15, "TN": 17, "FP": 8, "FN": 9}, "test": {"ACC": 0.5918367346938775, "F1_Score": 0.6296296296296295, "Recall": 0.68, "Precision": 0.5862068965517241, "Cohen_Kappa": 0.1806020066889632, "AUC": 0.6166666666666667, "TP": 17, "TN": 12, "FP": 12, "FN": 8}}, "BAG": {"valid": {"ACC": 0.7346938775510204, "F1_Score": 0.723404255319149, "Recall": 0.7083333333333334, "Precision": 0.7391304347826086, "Cohen_Kappa": 0.4687239366138448, "AUC": 0.8233333333333333, "TP": 17, "TN": 19, "FP": 6, "FN": 7}, "test": {"ACC": 0.673469387755102, "F1_Score": 0.6923076923076923, "Recall": 0.72, "Precision": 0.6666666666666666, "Cohen_Kappa": 0.3455759599332221, "AUC": 0.7033333333333333, "TP": 18, "TN": 15, "FP": 9, "FN": 7}}, "QDA": {"valid": {"ACC": 0.4897959183673469, "F1_Score": 0.4680851063829787, "Recall": 0.4583333333333333, "Precision": 0.4782608695652174, "Cohen_Kappa": -0.021684737281067568, "AUC": 0.48916666666666664, "TP": 11, "TN": 13, "FP": 12, "FN": 13}, "test": {"ACC": 0.5102040816326531, "F1_Score": 0.52, "Recall": 0.52, "Precision": 0.52, "Cohen_Kappa": 0.019999999999999907, "AUC": 0.51, "TP": 13, "TN": 12, "FP": 12, "FN": 12}}, "SVC": {"valid": {"ACC": 0.6326530612244898, "F1_Score": 0.6086956521739131, "Recall": 0.5833333333333334, "Precision": 0.6363636363636364, "Cohen_Kappa": 0.26377295492487485, "AUC": 0.7366666666666667, "TP": 14, "TN": 17, "FP": 8, "FN": 10}, "test": {"ACC": 0.6122448979591837, "F1_Score": 0.6666666666666666, "Recall": 0.76, "Precision": 0.59375, "Cohen_Kappa": 0.21961441743503773, "AUC": 0.6833333333333332, "TP": 19, "TN": 11, "FP": 13, "FN": 6}}}