{"OVR": {"valid": {"ACC": 0.7586206896551724, "F1_Score": 0.7586206896551724, "Recall": 0.7674418604651163, "Precision": 0.75, "Cohen_Kappa": 0.5173051519154557, "AUC": 0.7758985200845667, "TP": 33, "TN": 33, "FP": 11, "FN": 10}, "test": {"ACC": 0.5977011494252874, "F1_Score": 0.5882352941176471, "Recall": 0.5681818181818182, "Precision": 0.6097560975609756, "Cohen_Kappa": 0.1959334565619224, "AUC": 0.6440274841437632, "TP": 25, "TN": 27, "FP": 16, "FN": 19}}, "KNB": {"valid": {"ACC": 0.6551724137931034, "F1_Score": 0.6511627906976745, "Recall": 0.6511627906976745, "Precision": 0.6511627906976745, "Cohen_Kappa": 0.3102536997885835, "AUC": 0.732293868921776, "TP": 28, "TN": 29, "FP": 15, "FN": 15}, "test": {"ACC": 0.5862068965517241, "F1_Score": 0.5813953488372093, "Recall": 0.5681818181818182, "Precision": 0.5952380952380952, "Cohen_Kappa": 0.1727416798732171, "AUC": 0.6783826638477801, "TP": 25, "TN": 26, "FP": 17, "FN": 19}}, "DT": {"valid": {"ACC": 0.6091954022988506, "F1_Score": 0.6222222222222222, "Recall": 0.6511627906976745, "Precision": 0.5957446808510638, "Cohen_Kappa": 0.21911298838437165, "AUC": 0.6096723044397463, "TP": 28, "TN": 25, "FP": 19, "FN": 15}, "test": {"ACC": 0.5977011494252874, "F1_Score": 0.6067415730337078, "Recall": 0.6136363636363636, "Precision": 0.6, "Cohen_Kappa": 0.19508326724821579, "AUC": 0.5975158562367864, "TP": 27, "TN": 25, "FP": 18, "FN": 17}}, "MNB": {"valid": {"ACC": 0.5747126436781609, "F1_Score": 0.44776119402985076, "Recall": 0.3488372093023256, "Precision": 0.625, "Cohen_Kappa": 0.14501992031872513, "AUC": 0.7209302325581396, "TP": 15, "TN": 35, "FP": 9, "FN": 28}, "test": {"ACC": 0.6436781609195402, "F1_Score": 0.537313432835821, "Recall": 0.4090909090909091, "Precision": 0.782608695652174, "Cohen_Kappa": 0.29119579500657045, "AUC": 0.7370507399577166, "TP": 18, "TN": 38, "FP": 5, "FN": 26}}, "RF": {"valid": {"ACC": 0.7126436781609196, "F1_Score": 0.7191011235955057, "Recall": 0.7441860465116279, "Precision": 0.6956521739130435, "Cohen_Kappa": 0.4256667546870875, "AUC": 0.8054968287526426, "TP": 32, "TN": 30, "FP": 14, "FN": 11}, "test": {"ACC": 0.6781609195402298, "F1_Score": 0.6585365853658537, "Recall": 0.6136363636363636, "Precision": 0.7105263157894737, "Cohen_Kappa": 0.35725593667546174, "AUC": 0.726215644820296, "TP": 27, "TN": 32, "FP": 11, "FN": 17}}, "ADA": {"valid": {"ACC": 0.6896551724137931, "F1_Score": 0.674698795180723, "Recall": 0.6511627906976745, "Precision": 0.7, "Cohen_Kappa": 0.3787357841840783, "AUC": 0.7140591966173362, "TP": 28, "TN": 32, "FP": 12, "FN": 15}, "test": {"ACC": 0.5862068965517241, "F1_Score": 0.5813953488372093, "Recall": 0.5681818181818182, "Precision": 0.5952380952380952, "Cohen_Kappa": 0.1727416798732171, "AUC": 0.6292283298097251, "TP": 25, "TN": 26, "FP": 17, "FN": 19}}, "XGB": {"valid": {"ACC": 0.7471264367816092, "F1_Score": 0.7608695652173914, "Recall": 0.813953488372093, "Precision": 0.7142857142857143, "Cohen_Kappa": 0.4949868073878628, "AUC": 0.7505285412262156, "TP": 35, "TN": 30, "FP": 14, "FN": 8}, "test": {"ACC": 0.6551724137931034, "F1_Score": 0.6428571428571429, "Recall": 0.6136363636363636, "Precision": 0.675, "Cohen_Kappa": 0.31098204857444556, "AUC": 0.7206659619450316, "TP": 27, "TN": 30, "FP": 13, "FN": 17}}, "MLP": {"valid": {"ACC": 0.7701149425287356, "F1_Score": 0.7727272727272727, "Recall": 0.7906976744186046, "Precision": 0.7555555555555555, "Cohen_Kappa": 0.5404120443740095, "AUC": 0.8044397463002113, "TP": 34, "TN": 33, "FP": 11, "FN": 9}, "test": {"ACC": 0.6666666666666666, "F1_Score": 0.6506024096385543, "Recall": 0.6136363636363636, "Precision": 0.6923076923076923, "Cohen_Kappa": 0.33412509897070464, "AUC": 0.7090380549682875, "TP": 27, "TN": 31, "FP": 12, "FN": 17}}, "LR": {"valid": {"ACC": 0.7586206896551724, "F1_Score": 0.7586206896551724, "Recall": 0.7674418604651163, "Precision": 0.75, "Cohen_Kappa": 0.5173051519154557, "AUC": 0.7758985200845667, "TP": 33, "TN": 33, "FP": 11, "FN": 10}, "test": {"ACC": 0.5977011494252874, "F1_Score": 0.5882352941176471, "Recall": 0.5681818181818182, "Precision": 0.6097560975609756, "Cohen_Kappa": 0.1959334565619224, "AUC": 0.6440274841437632, "TP": 25, "TN": 27, "FP": 16, "FN": 19}}, "ETAs": {"valid": {"ACC": 0.7126436781609196, "F1_Score": 0.7252747252747254, "Recall": 0.7674418604651163, "Precision": 0.6875, "Cohen_Kappa": 0.4259699129057799, "AUC": 0.7885835095137421, "TP": 33, "TN": 29, "FP": 15, "FN": 10}, "test": {"ACC": 0.6091954022988506, "F1_Score": 0.5952380952380952, "Recall": 0.5681818181818182, "Precision": 0.625, "Cohen_Kappa": 0.21911298838437165, "AUC": 0.6767970401691332, "TP": 25, "TN": 28, "FP": 15, "FN": 19}}, "CNB": {"valid": {"ACC": 0.5747126436781609, "F1_Score": 0.44776119402985076, "Recall": 0.3488372093023256, "Precision": 0.625, "Cohen_Kappa": 0.14501992031872513, "AUC": 0.7209302325581396, "TP": 15, "TN": 35, "FP": 9, "FN": 28}, "test": {"ACC": 0.6436781609195402, "F1_Score": 0.537313432835821, "Recall": 0.4090909090909091, "Precision": 0.782608695652174, "Cohen_Kappa": 0.29119579500657045, "AUC": 0.7370507399577166, "TP": 18, "TN": 38, "FP": 5, "FN": 26}}, "GB": {"valid": {"ACC": 0.6896551724137931, "F1_Score": 0.7032967032967034, "Recall": 0.7441860465116279, "Precision": 0.6666666666666666, "Cohen_Kappa": 0.3800475059382422, "AUC": 0.7415433403805497, "TP": 32, "TN": 28, "FP": 16, "FN": 11}, "test": {"ACC": 0.6436781609195402, "F1_Score": 0.651685393258427, "Recall": 0.6590909090909091, "Precision": 0.6444444444444445, "Cohen_Kappa": 0.28707375099127685, "AUC": 0.6519556025369979, "TP": 29, "TN": 27, "FP": 16, "FN": 15}}, "BAG": {"valid": {"ACC": 0.6896551724137931, "F1_Score": 0.6896551724137931, "Recall": 0.6976744186046512, "Precision": 0.6818181818181818, "Cohen_Kappa": 0.37939233817701457, "AUC": 0.7568710359408033, "TP": 30, "TN": 30, "FP": 14, "FN": 13}, "test": {"ACC": 0.632183908045977, "F1_Score": 0.6, "Recall": 0.5454545454545454, "Precision": 0.6666666666666666, "Cohen_Kappa": 0.26582278481012656, "AUC": 0.6318710359408035, "TP": 24, "TN": 31, "FP": 12, "FN": 20}}, "QDA": {"valid": {"ACC": 0.47126436781609193, "F1_Score": 0.5660377358490566, "Recall": 0.6976744186046512, "Precision": 0.47619047619047616, "Cohen_Kappa": -0.05205047318611977, "AUC": 0.4738372093023256, "TP": 30, "TN": 11, "FP": 33, "FN": 13}, "test": {"ACC": 0.4482758620689655, "F1_Score": 0.5862068965517242, "Recall": 0.7727272727272727, "Precision": 0.4722222222222222, "Cohen_Kappa": -0.11182108626198084, "AUC": 0.4445031712473573, "TP": 34, "TN": 5, "FP": 38, "FN": 10}}, "SVC": {"valid": {"ACC": 0.735632183908046, "F1_Score": 0.7294117647058824, "Recall": 0.7209302325581395, "Precision": 0.7380952380952381, "Cohen_Kappa": 0.4710547184773989, "AUC": 0.7880549682875264, "TP": 31, "TN": 33, "FP": 11, "FN": 12}, "test": {"ACC": 0.6666666666666666, "F1_Score": 0.6233766233766234, "Recall": 0.5454545454545454, "Precision": 0.7272727272727273, "Cohen_Kappa": 0.3351778656126482, "AUC": 0.7407505285412261, "TP": 24, "TN": 34, "FP": 9, "FN": 20}}}