{"OVR": {"valid": {"ACC": 0.6995708154506438, "F1_Score": 0.6982758620689655, "Recall": 0.6923076923076923, "Precision": 0.7043478260869566, "Cohen_Kappa": 0.3991748323878288, "AUC": 0.7650309460654289, "TP": 81, "TN": 82, "FP": 34, "FN": 36}, "test": {"ACC": 0.7307692307692307, "F1_Score": 0.7296137339055794, "Recall": 0.7264957264957265, "Precision": 0.7327586206896551, "Cohen_Kappa": 0.46153846153846156, "AUC": 0.797866900431003, "TP": 85, "TN": 86, "FP": 31, "FN": 32}}, "KNB": {"valid": {"ACC": 0.6566523605150214, "F1_Score": 0.6078431372549019, "Recall": 0.5299145299145299, "Precision": 0.7126436781609196, "Cohen_Kappa": 0.3140501950393758, "AUC": 0.7276746242263483, "TP": 62, "TN": 91, "FP": 25, "FN": 55}, "test": {"ACC": 0.7008547008547008, "F1_Score": 0.6601941747572816, "Recall": 0.5811965811965812, "Precision": 0.7640449438202247, "Cohen_Kappa": 0.4017094017094017, "AUC": 0.75235590620206, "TP": 68, "TN": 96, "FP": 21, "FN": 49}}, "DT": {"valid": {"ACC": 0.6351931330472103, "F1_Score": 0.6443514644351465, "Recall": 0.6581196581196581, "Precision": 0.6311475409836066, "Cohen_Kappa": 0.2702384022992741, "AUC": 0.6359048040082523, "TP": 77, "TN": 71, "FP": 45, "FN": 40}, "test": {"ACC": 0.6367521367521367, "F1_Score": 0.6443514644351465, "Recall": 0.6581196581196581, "Precision": 0.6311475409836066, "Cohen_Kappa": 0.27350427350427353, "AUC": 0.6367521367521367, "TP": 77, "TN": 72, "FP": 45, "FN": 40}}, "MNB": {"valid": {"ACC": 0.6566523605150214, "F1_Score": 0.6521739130434783, "Recall": 0.6410256410256411, "Precision": 0.6637168141592921, "Cohen_Kappa": 0.31339325180492117, "AUC": 0.708001768346596, "TP": 75, "TN": 78, "FP": 38, "FN": 42}, "test": {"ACC": 0.688034188034188, "F1_Score": 0.7020408163265306, "Recall": 0.7350427350427351, "Precision": 0.671875, "Cohen_Kappa": 0.37606837606837606, "AUC": 0.7567389875082183, "TP": 86, "TN": 75, "FP": 42, "FN": 31}}, "RF": {"valid": {"ACC": 0.703862660944206, "F1_Score": 0.7038626609442059, "Recall": 0.7008547008547008, "Precision": 0.7068965517241379, "Cohen_Kappa": 0.4077362313501566, "AUC": 0.7665782493368701, "TP": 82, "TN": 82, "FP": 34, "FN": 35}, "test": {"ACC": 0.7264957264957265, "F1_Score": 0.7241379310344828, "Recall": 0.717948717948718, "Precision": 0.7304347826086957, "Cohen_Kappa": 0.45299145299145294, "AUC": 0.8144495580393015, "TP": 84, "TN": 86, "FP": 31, "FN": 33}}, "ADA": {"valid": {"ACC": 0.6695278969957081, "F1_Score": 0.6637554585152838, "Recall": 0.6495726495726496, "Precision": 0.6785714285714286, "Cohen_Kappa": 0.33916534678993693, "AUC": 0.7523577954612437, "TP": 76, "TN": 80, "FP": 36, "FN": 41}, "test": {"ACC": 0.7264957264957265, "F1_Score": 0.7241379310344828, "Recall": 0.717948717948718, "Precision": 0.7304347826086957, "Cohen_Kappa": 0.45299145299145294, "AUC": 0.7559354226020891, "TP": 84, "TN": 86, "FP": 31, "FN": 33}}, "XGB": {"valid": {"ACC": 0.7081545064377682, "F1_Score": 0.7190082644628099, "Recall": 0.7435897435897436, "Precision": 0.696, "Cohen_Kappa": 0.41612617924528295, "AUC": 0.7690097259062776, "TP": 87, "TN": 78, "FP": 38, "FN": 30}, "test": {"ACC": 0.7136752136752137, "F1_Score": 0.7124463519313305, "Recall": 0.7094017094017094, "Precision": 0.7155172413793104, "Cohen_Kappa": 0.4273504273504274, "AUC": 0.8028343925779823, "TP": 83, "TN": 84, "FP": 33, "FN": 34}}, "MLP": {"valid": {"ACC": 0.7296137339055794, "F1_Score": 0.7319148936170214, "Recall": 0.7350427350427351, "Precision": 0.7288135593220338, "Cohen_Kappa": 0.4591975831706149, "AUC": 0.7918508694370764, "TP": 86, "TN": 84, "FP": 32, "FN": 31}, "test": {"ACC": 0.7393162393162394, "F1_Score": 0.7510204081632653, "Recall": 0.7863247863247863, "Precision": 0.71875, "Cohen_Kappa": 0.4786324786324786, "AUC": 0.8110161443494778, "TP": 92, "TN": 81, "FP": 36, "FN": 25}}, "LR": {"valid": {"ACC": 0.6995708154506438, "F1_Score": 0.6982758620689655, "Recall": 0.6923076923076923, "Precision": 0.7043478260869566, "Cohen_Kappa": 0.3991748323878288, "AUC": 0.7650309460654289, "TP": 81, "TN": 82, "FP": 34, "FN": 36}, "test": {"ACC": 0.7307692307692307, "F1_Score": 0.7296137339055794, "Recall": 0.7264957264957265, "Precision": 0.7327586206896551, "Cohen_Kappa": 0.46153846153846156, "AUC": 0.797866900431003, "TP": 85, "TN": 86, "FP": 31, "FN": 32}}, "ETAs": {"valid": {"ACC": 0.6952789699570815, "F1_Score": 0.7029288702928871, "Recall": 0.717948717948718, "Precision": 0.6885245901639344, "Cohen_Kappa": 0.3904344301558642, "AUC": 0.76219422340112, "TP": 84, "TN": 78, "FP": 38, "FN": 33}, "test": {"ACC": 0.7435897435897436, "F1_Score": 0.7457627118644068, "Recall": 0.7521367521367521, "Precision": 0.7394957983193278, "Cohen_Kappa": 0.4871794871794872, "AUC": 0.8117101322229529, "TP": 88, "TN": 86, "FP": 31, "FN": 29}}, "CNB": {"valid": {"ACC": 0.6566523605150214, "F1_Score": 0.6521739130434783, "Recall": 0.6410256410256411, "Precision": 0.6637168141592921, "Cohen_Kappa": 0.31339325180492117, "AUC": 0.708001768346596, "TP": 75, "TN": 78, "FP": 38, "FN": 42}, "test": {"ACC": 0.688034188034188, "F1_Score": 0.7020408163265306, "Recall": 0.7350427350427351, "Precision": 0.671875, "Cohen_Kappa": 0.37606837606837606, "AUC": 0.7567389875082183, "TP": 86, "TN": 75, "FP": 42, "FN": 31}}, "GB": {"valid": {"ACC": 0.7167381974248928, "F1_Score": 0.7105263157894737, "Recall": 0.6923076923076923, "Precision": 0.7297297297297297, "Cohen_Kappa": 0.43359116022099453, "AUC": 0.7991452991452991, "TP": 81, "TN": 86, "FP": 30, "FN": 36}, "test": {"ACC": 0.7606837606837606, "F1_Score": 0.7627118644067797, "Recall": 0.7692307692307693, "Precision": 0.7563025210084033, "Cohen_Kappa": 0.5213675213675213, "AUC": 0.8450580758273066, "TP": 90, "TN": 88, "FP": 29, "FN": 27}}, "BAG": {"valid": {"ACC": 0.6566523605150214, "F1_Score": 0.6363636363636364, "Recall": 0.5982905982905983, "Precision": 0.6796116504854369, "Cohen_Kappa": 0.31364607113925913, "AUC": 0.7433318597111701, "TP": 70, "TN": 83, "FP": 33, "FN": 47}, "test": {"ACC": 0.7222222222222222, "F1_Score": 0.7085201793721974, "Recall": 0.6752136752136753, "Precision": 0.7452830188679245, "Cohen_Kappa": 0.4444444444444444, "AUC": 0.7799327927533055, "TP": 79, "TN": 90, "FP": 27, "FN": 38}}, "QDA": {"valid": {"ACC": 0.5836909871244635, "F1_Score": 0.36601307189542487, "Recall": 0.23931623931623933, "Precision": 0.7777777777777778, "Cohen_Kappa": 0.16984389348025708, "AUC": 0.58517536103743, "TP": 28, "TN": 108, "FP": 8, "FN": 89}, "test": {"ACC": 0.5683760683760684, "F1_Score": 0.3311258278145695, "Recall": 0.21367521367521367, "Precision": 0.7352941176470589, "Cohen_Kappa": 0.1367521367521367, "AUC": 0.5683760683760684, "TP": 25, "TN": 108, "FP": 9, "FN": 92}}, "SVC": {"valid": {"ACC": 0.7339055793991416, "F1_Score": 0.7372881355932203, "Recall": 0.7435897435897436, "Precision": 0.7310924369747899, "Cohen_Kappa": 0.4677621398570482, "AUC": 0.7926982021809609, "TP": 87, "TN": 84, "FP": 32, "FN": 30}, "test": {"ACC": 0.7350427350427351, "F1_Score": 0.7327586206896552, "Recall": 0.7264957264957265, "Precision": 0.7391304347826086, "Cohen_Kappa": 0.4700854700854701, "AUC": 0.8250054788516327, "TP": 85, "TN": 87, "FP": 30, "FN": 32}}}