{"OVR": {"valid": {"ACC": 0.6482758620689655, "F1_Score": 0.6530612244897959, "Recall": 0.6666666666666666, "Precision": 0.64, "Cohen_Kappa": 0.29671897289586313, "AUC": 0.7383942161339422, "TP": 48, "TN": 46, "FP": 27, "FN": 24}, "test": {"ACC": 0.6413793103448275, "F1_Score": 0.638888888888889, "Recall": 0.6301369863013698, "Precision": 0.647887323943662, "Cohen_Kappa": 0.28286094730835076, "AUC": 0.6824581430745814, "TP": 46, "TN": 47, "FP": 25, "FN": 27}}, "KNB": {"valid": {"ACC": 0.7034482758620689, "F1_Score": 0.7189542483660132, "Recall": 0.7638888888888888, "Precision": 0.6790123456790124, "Cohen_Kappa": 0.40737572474099415, "AUC": 0.7703576864535769, "TP": 55, "TN": 47, "FP": 26, "FN": 17}, "test": {"ACC": 0.6068965517241379, "F1_Score": 0.6122448979591837, "Recall": 0.6164383561643836, "Precision": 0.6081081081081081, "Cohen_Kappa": 0.2136809057178194, "AUC": 0.6946347031963471, "TP": 45, "TN": 43, "FP": 29, "FN": 28}}, "DT": {"valid": {"ACC": 0.6620689655172414, "F1_Score": 0.6573426573426574, "Recall": 0.6527777777777778, "Precision": 0.6619718309859155, "Cohen_Kappa": 0.3240414803539149, "AUC": 0.6620053272450532, "TP": 47, "TN": 49, "FP": 24, "FN": 25}, "test": {"ACC": 0.6344827586206897, "F1_Score": 0.6241134751773049, "Recall": 0.6027397260273972, "Precision": 0.6470588235294118, "Cohen_Kappa": 0.2692783113055054, "AUC": 0.634703196347032, "TP": 44, "TN": 48, "FP": 24, "FN": 29}}, "MNB": {"valid": {"ACC": 0.6413793103448275, "F1_Score": 0.6533333333333333, "Recall": 0.6805555555555556, "Precision": 0.6282051282051282, "Cohen_Kappa": 0.28313367560372693, "AUC": 0.7269786910197868, "TP": 49, "TN": 44, "FP": 29, "FN": 23}, "test": {"ACC": 0.5862068965517241, "F1_Score": 0.620253164556962, "Recall": 0.6712328767123288, "Precision": 0.5764705882352941, "Cohen_Kappa": 0.17142857142857137, "AUC": 0.6735159817351598, "TP": 49, "TN": 36, "FP": 36, "FN": 24}}, "RF": {"valid": {"ACC": 0.7241379310344828, "F1_Score": 0.7435897435897436, "Recall": 0.8055555555555556, "Precision": 0.6904761904761905, "Cohen_Kappa": 0.4488787533257317, "AUC": 0.8114535768645357, "TP": 58, "TN": 47, "FP": 26, "FN": 14}, "test": {"ACC": 0.6413793103448275, "F1_Score": 0.6486486486486486, "Recall": 0.6575342465753424, "Precision": 0.64, "Cohen_Kappa": 0.2825880114176974, "AUC": 0.6996765601217656, "TP": 48, "TN": 45, "FP": 27, "FN": 25}}, "ADA": {"valid": {"ACC": 0.7103448275862069, "F1_Score": 0.7236842105263157, "Recall": 0.7638888888888888, "Precision": 0.6875, "Cohen_Kappa": 0.4211026615969582, "AUC": 0.7587519025875191, "TP": 55, "TN": 48, "FP": 25, "FN": 17}, "test": {"ACC": 0.6068965517241379, "F1_Score": 0.6013986013986014, "Recall": 0.589041095890411, "Precision": 0.6142857142857143, "Cohen_Kappa": 0.21398002853067055, "AUC": 0.6523972602739726, "TP": 43, "TN": 45, "FP": 27, "FN": 30}}, "XGB": {"valid": {"ACC": 0.7241379310344828, "F1_Score": 0.7435897435897436, "Recall": 0.8055555555555556, "Precision": 0.6904761904761905, "Cohen_Kappa": 0.4488787533257317, "AUC": 0.817351598173516, "TP": 58, "TN": 47, "FP": 26, "FN": 14}, "test": {"ACC": 0.6275862068965518, "F1_Score": 0.6301369863013698, "Recall": 0.6301369863013698, "Precision": 0.6301369863013698, "Cohen_Kappa": 0.25513698630136983, "AUC": 0.6799847792998478, "TP": 46, "TN": 45, "FP": 27, "FN": 27}}, "MLP": {"valid": {"ACC": 0.6827586206896552, "F1_Score": 0.6805555555555556, "Recall": 0.6805555555555556, "Precision": 0.6805555555555556, "Cohen_Kappa": 0.3654870624048706, "AUC": 0.7572298325722983, "TP": 49, "TN": 50, "FP": 23, "FN": 23}, "test": {"ACC": 0.6275862068965518, "F1_Score": 0.6197183098591549, "Recall": 0.6027397260273972, "Precision": 0.6376811594202898, "Cohen_Kappa": 0.2554203119056676, "AUC": 0.70662100456621, "TP": 44, "TN": 47, "FP": 25, "FN": 29}}, "LR": {"valid": {"ACC": 0.6482758620689655, "F1_Score": 0.6530612244897959, "Recall": 0.6666666666666666, "Precision": 0.64, "Cohen_Kappa": 0.29671897289586313, "AUC": 0.7383942161339422, "TP": 48, "TN": 46, "FP": 27, "FN": 24}, "test": {"ACC": 0.6413793103448275, "F1_Score": 0.638888888888889, "Recall": 0.6301369863013698, "Precision": 0.647887323943662, "Cohen_Kappa": 0.28286094730835076, "AUC": 0.6824581430745814, "TP": 46, "TN": 47, "FP": 25, "FN": 27}}, "ETAs": {"valid": {"ACC": 0.7241379310344828, "F1_Score": 0.7402597402597403, "Recall": 0.7916666666666666, "Precision": 0.6951219512195121, "Cohen_Kappa": 0.448773997338909, "AUC": 0.8099315068493151, "TP": 57, "TN": 48, "FP": 25, "FN": 15}, "test": {"ACC": 0.6551724137931034, "F1_Score": 0.6621621621621622, "Recall": 0.6712328767123288, "Precision": 0.6533333333333333, "Cohen_Kappa": 0.3101807802093244, "AUC": 0.7065258751902588, "TP": 49, "TN": 46, "FP": 26, "FN": 24}}, "CNB": {"valid": {"ACC": 0.6413793103448275, "F1_Score": 0.6533333333333333, "Recall": 0.6805555555555556, "Precision": 0.6282051282051282, "Cohen_Kappa": 0.28313367560372693, "AUC": 0.7269786910197868, "TP": 49, "TN": 44, "FP": 29, "FN": 23}, "test": {"ACC": 0.5862068965517241, "F1_Score": 0.620253164556962, "Recall": 0.6712328767123288, "Precision": 0.5764705882352941, "Cohen_Kappa": 0.17142857142857137, "AUC": 0.6735159817351598, "TP": 49, "TN": 36, "FP": 36, "FN": 24}}, "GB": {"valid": {"ACC": 0.7172413793103448, "F1_Score": 0.7210884353741497, "Recall": 0.7361111111111112, "Precision": 0.7066666666666667, "Cohen_Kappa": 0.43461721350451743, "AUC": 0.7863394216133943, "TP": 53, "TN": 51, "FP": 22, "FN": 19}, "test": {"ACC": 0.6275862068965518, "F1_Score": 0.6351351351351352, "Recall": 0.6438356164383562, "Precision": 0.6266666666666667, "Cohen_Kappa": 0.2549952426260703, "AUC": 0.7075722983257229, "TP": 47, "TN": 44, "FP": 28, "FN": 26}}, "BAG": {"valid": {"ACC": 0.7034482758620689, "F1_Score": 0.6993006993006993, "Recall": 0.6944444444444444, "Precision": 0.704225352112676, "Cohen_Kappa": 0.4068119113309866, "AUC": 0.7714992389649924, "TP": 50, "TN": 52, "FP": 21, "FN": 22}, "test": {"ACC": 0.6482758620689655, "F1_Score": 0.6222222222222222, "Recall": 0.5753424657534246, "Precision": 0.6774193548387096, "Cohen_Kappa": 0.2972536348949919, "AUC": 0.6921613394216133, "TP": 42, "TN": 52, "FP": 20, "FN": 31}}, "QDA": {"valid": {"ACC": 0.5310344827586206, "F1_Score": 0.12820512820512822, "Recall": 0.06944444444444445, "Precision": 0.8333333333333334, "Cohen_Kappa": 0.05609802795328367, "AUC": 0.527872907153729, "TP": 5, "TN": 72, "FP": 1, "FN": 67}, "test": {"ACC": 0.503448275862069, "F1_Score": 0.05263157894736842, "Recall": 0.0273972602739726, "Precision": 0.6666666666666666, "Cohen_Kappa": 0.013419013419013304, "AUC": 0.5067541856925419, "TP": 2, "TN": 71, "FP": 1, "FN": 71}}, "SVC": {"valid": {"ACC": 0.7379310344827587, "F1_Score": 0.75, "Recall": 0.7916666666666666, "Precision": 0.7125, "Cohen_Kappa": 0.4762357414448669, "AUC": 0.8167808219178082, "TP": 57, "TN": 50, "FP": 23, "FN": 15}, "test": {"ACC": 0.6620689655172414, "F1_Score": 0.6754966887417219, "Recall": 0.6986301369863014, "Precision": 0.6538461538461539, "Cohen_Kappa": 0.32378414390406396, "AUC": 0.7174657534246576, "TP": 51, "TN": 45, "FP": 27, "FN": 22}}}