{"OVR": {"valid": {"ACC": 0.6170212765957447, "F1_Score": 0.6538461538461539, "Recall": 0.7391304347826086, "Precision": 0.5862068965517241, "Cohen_Kappa": 0.23783783783783774, "AUC": 0.6413043478260869, "TP": 17, "TN": 12, "FP": 12, "FN": 6}, "test": {"ACC": 0.6808510638297872, "F1_Score": 0.6666666666666666, "Recall": 0.625, "Precision": 0.7142857142857143, "Cohen_Kappa": 0.36314363143631434, "AUC": 0.7518115942028986, "TP": 15, "TN": 17, "FP": 6, "FN": 9}}, "KNB": {"valid": {"ACC": 0.574468085106383, "F1_Score": 0.5833333333333334, "Recall": 0.6086956521739131, "Precision": 0.56, "Cohen_Kappa": 0.15009041591320071, "AUC": 0.5987318840579711, "TP": 14, "TN": 13, "FP": 11, "FN": 9}, "test": {"ACC": 0.723404255319149, "F1_Score": 0.7111111111111111, "Recall": 0.6666666666666666, "Precision": 0.7619047619047619, "Cohen_Kappa": 0.4480578139114725, "AUC": 0.7019927536231884, "TP": 16, "TN": 18, "FP": 5, "FN": 8}}, "DT": {"valid": {"ACC": 0.6170212765957447, "F1_Score": 0.6250000000000001, "Recall": 0.6521739130434783, "Precision": 0.6, "Cohen_Kappa": 0.2350813743218806, "AUC": 0.6177536231884058, "TP": 15, "TN": 14, "FP": 10, "FN": 8}, "test": {"ACC": 0.6170212765957447, "F1_Score": 0.5714285714285715, "Recall": 0.5, "Precision": 0.6666666666666666, "Cohen_Kappa": 0.23783783783783774, "AUC": 0.6195652173913043, "TP": 12, "TN": 17, "FP": 6, "FN": 12}}, "MNB": {"valid": {"ACC": 0.6170212765957447, "F1_Score": 0.6086956521739131, "Recall": 0.6086956521739131, "Precision": 0.6086956521739131, "Cohen_Kappa": 0.23369565217391308, "AUC": 0.6576086956521738, "TP": 14, "TN": 15, "FP": 9, "FN": 9}, "test": {"ACC": 0.6808510638297872, "F1_Score": 0.6808510638297872, "Recall": 0.6666666666666666, "Precision": 0.6956521739130435, "Cohen_Kappa": 0.3619909502262444, "AUC": 0.6992753623188406, "TP": 16, "TN": 16, "FP": 7, "FN": 8}}, "RF": {"valid": {"ACC": 0.574468085106383, "F1_Score": 0.5454545454545454, "Recall": 0.5217391304347826, "Precision": 0.5714285714285714, "Cohen_Kappa": 0.147005444646098, "AUC": 0.6820652173913043, "TP": 12, "TN": 15, "FP": 9, "FN": 11}, "test": {"ACC": 0.6382978723404256, "F1_Score": 0.6222222222222222, "Recall": 0.5833333333333334, "Precision": 0.6666666666666666, "Cohen_Kappa": 0.2782294489611562, "AUC": 0.7717391304347826, "TP": 14, "TN": 16, "FP": 7, "FN": 10}}, "ADA": {"valid": {"ACC": 0.574468085106383, "F1_Score": 0.5833333333333334, "Recall": 0.6086956521739131, "Precision": 0.56, "Cohen_Kappa": 0.15009041591320071, "AUC": 0.5398550724637681, "TP": 14, "TN": 13, "FP": 11, "FN": 9}, "test": {"ACC": 0.6595744680851063, "F1_Score": 0.5789473684210527, "Recall": 0.4583333333333333, "Precision": 0.7857142857142857, "Cohen_Kappa": 0.32495511669658883, "AUC": 0.7110507246376812, "TP": 11, "TN": 20, "FP": 3, "FN": 13}}, "XGB": {"valid": {"ACC": 0.5531914893617021, "F1_Score": 0.5333333333333332, "Recall": 0.5217391304347826, "Precision": 0.5454545454545454, "Cohen_Kappa": 0.10516772438803268, "AUC": 0.6268115942028986, "TP": 12, "TN": 14, "FP": 10, "FN": 11}, "test": {"ACC": 0.6808510638297872, "F1_Score": 0.6666666666666666, "Recall": 0.625, "Precision": 0.7142857142857143, "Cohen_Kappa": 0.36314363143631434, "AUC": 0.7554347826086956, "TP": 15, "TN": 17, "FP": 6, "FN": 9}}, "MLP": {"valid": {"ACC": 0.5319148936170213, "F1_Score": 0.45, "Recall": 0.391304347826087, "Precision": 0.5294117647058824, "Cohen_Kappa": 0.05828779599271394, "AUC": 0.5615942028985507, "TP": 9, "TN": 16, "FP": 8, "FN": 14}, "test": {"ACC": 0.6382978723404256, "F1_Score": 0.5853658536585366, "Recall": 0.5, "Precision": 0.7058823529411765, "Cohen_Kappa": 0.28082808280828087, "AUC": 0.6992753623188407, "TP": 12, "TN": 18, "FP": 5, "FN": 12}}, "LR": {"valid": {"ACC": 0.6170212765957447, "F1_Score": 0.6538461538461539, "Recall": 0.7391304347826086, "Precision": 0.5862068965517241, "Cohen_Kappa": 0.23783783783783774, "AUC": 0.6413043478260869, "TP": 17, "TN": 12, "FP": 12, "FN": 6}, "test": {"ACC": 0.6808510638297872, "F1_Score": 0.6666666666666666, "Recall": 0.625, "Precision": 0.7142857142857143, "Cohen_Kappa": 0.36314363143631434, "AUC": 0.7518115942028986, "TP": 15, "TN": 17, "FP": 6, "FN": 9}}, "ETAs": {"valid": {"ACC": 0.6595744680851063, "F1_Score": 0.6363636363636365, "Recall": 0.6086956521739131, "Precision": 0.6666666666666666, "Cohen_Kappa": 0.3176043557168784, "AUC": 0.7771739130434782, "TP": 14, "TN": 17, "FP": 7, "FN": 9}, "test": {"ACC": 0.6595744680851063, "F1_Score": 0.6666666666666666, "Recall": 0.6666666666666666, "Precision": 0.6666666666666666, "Cohen_Kappa": 0.3188405797101449, "AUC": 0.8070652173913043, "TP": 16, "TN": 15, "FP": 8, "FN": 8}}, "CNB": {"valid": {"ACC": 0.6170212765957447, "F1_Score": 0.6086956521739131, "Recall": 0.6086956521739131, "Precision": 0.6086956521739131, "Cohen_Kappa": 0.23369565217391308, "AUC": 0.6576086956521738, "TP": 14, "TN": 15, "FP": 9, "FN": 9}, "test": {"ACC": 0.6808510638297872, "F1_Score": 0.6808510638297872, "Recall": 0.6666666666666666, "Precision": 0.6956521739130435, "Cohen_Kappa": 0.3619909502262444, "AUC": 0.6992753623188406, "TP": 16, "TN": 16, "FP": 7, "FN": 8}}, "GB": {"valid": {"ACC": 0.574468085106383, "F1_Score": 0.5652173913043478, "Recall": 0.5652173913043478, "Precision": 0.5652173913043478, "Cohen_Kappa": 0.14855072463768115, "AUC": 0.6594202898550725, "TP": 13, "TN": 14, "FP": 10, "FN": 10}, "test": {"ACC": 0.7021276595744681, "F1_Score": 0.6818181818181818, "Recall": 0.625, "Precision": 0.75, "Cohen_Kappa": 0.40613718411552346, "AUC": 0.769927536231884, "TP": 15, "TN": 18, "FP": 5, "FN": 9}}, "BAG": {"valid": {"ACC": 0.6382978723404256, "F1_Score": 0.6382978723404256, "Recall": 0.6521739130434783, "Precision": 0.625, "Cohen_Kappa": 0.27692307692307694, "AUC": 0.5896739130434783, "TP": 15, "TN": 15, "FP": 9, "FN": 8}, "test": {"ACC": 0.7021276595744681, "F1_Score": 0.6818181818181818, "Recall": 0.625, "Precision": 0.75, "Cohen_Kappa": 0.40613718411552346, "AUC": 0.7527173913043479, "TP": 15, "TN": 18, "FP": 5, "FN": 9}}, "QDA": {"valid": {"ACC": 0.5106382978723404, "F1_Score": 0.0, "Recall": 0.0, "Precision": 0.0, "Cohen_Kappa": 0.0, "AUC": 0.5, "TP": 0, "TN": 24, "FP": 0, "FN": 23}, "test": {"ACC": 0.48936170212765956, "F1_Score": 0.0, "Recall": 0.0, "Precision": 0.0, "Cohen_Kappa": 0.0, "AUC": 0.5, "TP": 0, "TN": 23, "FP": 0, "FN": 24}}, "SVC": {"valid": {"ACC": 0.6382978723404256, "F1_Score": 0.6222222222222223, "Recall": 0.6086956521739131, "Precision": 0.6363636363636364, "Cohen_Kappa": 0.27561196736174076, "AUC": 0.697463768115942, "TP": 14, "TN": 16, "FP": 8, "FN": 9}, "test": {"ACC": 0.6382978723404256, "F1_Score": 0.6382978723404256, "Recall": 0.625, "Precision": 0.6521739130434783, "Cohen_Kappa": 0.27692307692307694, "AUC": 0.7880434782608695, "TP": 15, "TN": 15, "FP": 8, "FN": 9}}}