{"OVR": {"valid": {"ACC": 0.6666666666666666, "F1_Score": 0.6646706586826348, "Recall": 0.6607142857142857, "Precision": 0.6686746987951807, "Cohen_Kappa": 0.33333333333333337, "AUC": 0.7106009070294785, "TP": 111, "TN": 113, "FP": 55, "FN": 57}, "test": {"ACC": 0.629080118694362, "F1_Score": 0.6418338108882522, "Recall": 0.6627218934911243, "Precision": 0.6222222222222222, "Cohen_Kappa": 0.25800996952776856, "AUC": 0.6680402930402931, "TP": 112, "TN": 100, "FP": 68, "FN": 57}}, "KNB": {"valid": {"ACC": 0.6994047619047619, "F1_Score": 0.7055393586005831, "Recall": 0.7202380952380952, "Precision": 0.6914285714285714, "Cohen_Kappa": 0.39880952380952384, "AUC": 0.7474312641723356, "TP": 121, "TN": 114, "FP": 54, "FN": 47}, "test": {"ACC": 0.7032640949554896, "F1_Score": 0.7041420118343196, "Recall": 0.7041420118343196, "Precision": 0.7041420118343196, "Cohen_Kappa": 0.4065229642152719, "AUC": 0.7331994928148774, "TP": 119, "TN": 118, "FP": 50, "FN": 50}}, "DT": {"valid": {"ACC": 0.5952380952380952, "F1_Score": 0.5723270440251571, "Recall": 0.5416666666666666, "Precision": 0.6066666666666667, "Cohen_Kappa": 0.19047619047619047, "AUC": 0.5952380952380952, "TP": 91, "TN": 109, "FP": 59, "FN": 77}, "test": {"ACC": 0.6053412462908012, "F1_Score": 0.623229461756374, "Recall": 0.650887573964497, "Precision": 0.5978260869565217, "Cohen_Kappa": 0.21046698021807686, "AUC": 0.6052056917441533, "TP": 110, "TN": 94, "FP": 74, "FN": 59}}, "MNB": {"valid": {"ACC": 0.6755952380952381, "F1_Score": 0.6946778711484594, "Recall": 0.7380952380952381, "Precision": 0.656084656084656, "Cohen_Kappa": 0.35119047619047616, "AUC": 0.7293083900226759, "TP": 124, "TN": 103, "FP": 65, "FN": 44}, "test": {"ACC": 0.6350148367952523, "F1_Score": 0.6684636118598384, "Recall": 0.7337278106508875, "Precision": 0.6138613861386139, "Cohen_Kappa": 0.2695987735898927, "AUC": 0.6902648633417865, "TP": 124, "TN": 90, "FP": 78, "FN": 45}}, "RF": {"valid": {"ACC": 0.7291666666666666, "F1_Score": 0.7217125382262995, "Recall": 0.7023809523809523, "Precision": 0.7421383647798742, "Cohen_Kappa": 0.45833333333333337, "AUC": 0.812127976190476, "TP": 118, "TN": 127, "FP": 41, "FN": 50}, "test": {"ACC": 0.7002967359050445, "F1_Score": 0.7202216066481995, "Recall": 0.7692307692307693, "Precision": 0.6770833333333334, "Cohen_Kappa": 0.40034530751748554, "AUC": 0.7890426880811496, "TP": 130, "TN": 106, "FP": 62, "FN": 39}}, "ADA": {"valid": {"ACC": 0.6726190476190477, "F1_Score": 0.6745562130177514, "Recall": 0.6785714285714286, "Precision": 0.6705882352941176, "Cohen_Kappa": 0.34523809523809523, "AUC": 0.7475021258503401, "TP": 114, "TN": 112, "FP": 56, "FN": 54}, "test": {"ACC": 0.6261127596439169, "F1_Score": 0.64, "Recall": 0.6627218934911243, "Precision": 0.6187845303867403, "Cohen_Kappa": 0.25206087507926445, "AUC": 0.6862320371935757, "TP": 112, "TN": 99, "FP": 69, "FN": 57}}, "XGB": {"valid": {"ACC": 0.7172619047619048, "F1_Score": 0.7147147147147147, "Recall": 0.7083333333333334, "Precision": 0.7212121212121212, "Cohen_Kappa": 0.43452380952380953, "AUC": 0.798575680272109, "TP": 119, "TN": 122, "FP": 46, "FN": 49}, "test": {"ACC": 0.6646884272997032, "F1_Score": 0.6834733893557423, "Recall": 0.7218934911242604, "Precision": 0.648936170212766, "Cohen_Kappa": 0.3291464811063156, "AUC": 0.7581360946745563, "TP": 122, "TN": 102, "FP": 66, "FN": 47}}, "MLP": {"valid": {"ACC": 0.7142857142857143, "F1_Score": 0.7142857142857143, "Recall": 0.7142857142857143, "Precision": 0.7142857142857143, "Cohen_Kappa": 0.4285714285714286, "AUC": 0.7631448412698413, "TP": 120, "TN": 120, "FP": 48, "FN": 48}, "test": {"ACC": 0.6735905044510386, "F1_Score": 0.6857142857142857, "Recall": 0.7100591715976331, "Precision": 0.6629834254143646, "Cohen_Kappa": 0.347037271894596, "AUC": 0.7414060298675682, "TP": 120, "TN": 107, "FP": 61, "FN": 49}}, "LR": {"valid": {"ACC": 0.6666666666666666, "F1_Score": 0.6646706586826348, "Recall": 0.6607142857142857, "Precision": 0.6686746987951807, "Cohen_Kappa": 0.33333333333333337, "AUC": 0.7106009070294785, "TP": 111, "TN": 113, "FP": 55, "FN": 57}, "test": {"ACC": 0.629080118694362, "F1_Score": 0.6418338108882522, "Recall": 0.6627218934911243, "Precision": 0.6222222222222222, "Cohen_Kappa": 0.25800996952776856, "AUC": 0.6680402930402931, "TP": 112, "TN": 100, "FP": 68, "FN": 57}}, "ETAs": {"valid": {"ACC": 0.7023809523809523, "F1_Score": 0.7005988023952094, "Recall": 0.6964285714285714, "Precision": 0.7048192771084337, "Cohen_Kappa": 0.40476190476190477, "AUC": 0.8056795634920635, "TP": 117, "TN": 119, "FP": 49, "FN": 51}, "test": {"ACC": 0.6884272997032641, "F1_Score": 0.7008547008547008, "Recall": 0.727810650887574, "Precision": 0.6758241758241759, "Cohen_Kappa": 0.376706417008684, "AUC": 0.7790046491969569, "TP": 123, "TN": 109, "FP": 59, "FN": 46}}, "CNB": {"valid": {"ACC": 0.6755952380952381, "F1_Score": 0.6946778711484594, "Recall": 0.7380952380952381, "Precision": 0.656084656084656, "Cohen_Kappa": 0.35119047619047616, "AUC": 0.7293083900226759, "TP": 124, "TN": 103, "FP": 65, "FN": 44}, "test": {"ACC": 0.6350148367952523, "F1_Score": 0.6684636118598384, "Recall": 0.7337278106508875, "Precision": 0.6138613861386139, "Cohen_Kappa": 0.2695987735898927, "AUC": 0.6902472527472528, "TP": 124, "TN": 90, "FP": 78, "FN": 45}}, "GB": {"valid": {"ACC": 0.7113095238095238, "F1_Score": 0.7138643067846608, "Recall": 0.7202380952380952, "Precision": 0.7076023391812866, "Cohen_Kappa": 0.42261904761904767, "AUC": 0.7887259070294784, "TP": 121, "TN": 118, "FP": 50, "FN": 47}, "test": {"ACC": 0.6824925816023739, "F1_Score": 0.6968838526912181, "Recall": 0.727810650887574, "Precision": 0.6684782608695652, "Cohen_Kappa": 0.36481178107770085, "AUC": 0.7396801916032686, "TP": 123, "TN": 107, "FP": 61, "FN": 46}}, "BAG": {"valid": {"ACC": 0.6964285714285714, "F1_Score": 0.6792452830188679, "Recall": 0.6428571428571429, "Precision": 0.72, "Cohen_Kappa": 0.3928571428571429, "AUC": 0.7762542517006804, "TP": 108, "TN": 126, "FP": 42, "FN": 60}, "test": {"ACC": 0.6824925816023739, "F1_Score": 0.6707692307692308, "Recall": 0.6449704142011834, "Precision": 0.6987179487179487, "Cohen_Kappa": 0.3651249185696427, "AUC": 0.7513207945900254, "TP": 109, "TN": 121, "FP": 47, "FN": 60}}, "QDA": {"valid": {"ACC": 0.5654761904761905, "F1_Score": 0.24742268041237114, "Recall": 0.14285714285714285, "Precision": 0.9230769230769231, "Cohen_Kappa": 0.13095238095238093, "AUC": 0.5654761904761905, "TP": 24, "TN": 166, "FP": 2, "FN": 144}, "test": {"ACC": 0.5637982195845698, "F1_Score": 0.25380710659898476, "Recall": 0.14792899408284024, "Precision": 0.8928571428571429, "Cohen_Kappa": 0.12974967061923592, "AUC": 0.5650359256128487, "TP": 25, "TN": 165, "FP": 3, "FN": 144}}, "SVC": {"valid": {"ACC": 0.7529761904761905, "F1_Score": 0.7565982404692082, "Recall": 0.7678571428571429, "Precision": 0.7456647398843931, "Cohen_Kappa": 0.5059523809523809, "AUC": 0.8170882936507937, "TP": 129, "TN": 124, "FP": 44, "FN": 39}, "test": {"ACC": 0.6824925816023739, "F1_Score": 0.7019498607242339, "Recall": 0.7455621301775148, "Precision": 0.6631578947368421, "Cohen_Kappa": 0.36474463999436246, "AUC": 0.7623802479571711, "TP": 126, "TN": 104, "FP": 64, "FN": 43}}}