{"OVR": {"valid": {"ACC": 0.7017543859649122, "F1_Score": 0.706896551724138, "Recall": 0.7192982456140351, "Precision": 0.6949152542372882, "Cohen_Kappa": 0.4035087719298246, "AUC": 0.7374576792859341, "TP": 41, "TN": 39, "FP": 18, "FN": 16}, "test": {"ACC": 0.5877192982456141, "F1_Score": 0.6115702479338843, "Recall": 0.6491228070175439, "Precision": 0.578125, "Cohen_Kappa": 0.17543859649122806, "AUC": 0.6900584795321637, "TP": 37, "TN": 30, "FP": 27, "FN": 20}}, "KNB": {"valid": {"ACC": 0.6929824561403509, "F1_Score": 0.6391752577319588, "Recall": 0.543859649122807, "Precision": 0.775, "Cohen_Kappa": 0.38596491228070173, "AUC": 0.7543859649122806, "TP": 31, "TN": 48, "FP": 9, "FN": 26}, "test": {"ACC": 0.6666666666666666, "F1_Score": 0.6346153846153846, "Recall": 0.5789473684210527, "Precision": 0.7021276595744681, "Cohen_Kappa": 0.33333333333333337, "AUC": 0.7289935364727609, "TP": 33, "TN": 43, "FP": 14, "FN": 24}}, "DT": {"valid": {"ACC": 0.6140350877192983, "F1_Score": 0.6, "Recall": 0.5789473684210527, "Precision": 0.6226415094339622, "Cohen_Kappa": 0.22807017543859653, "AUC": 0.6140350877192983, "TP": 33, "TN": 37, "FP": 20, "FN": 24}, "test": {"ACC": 0.6052631578947368, "F1_Score": 0.608695652173913, "Recall": 0.6140350877192983, "Precision": 0.603448275862069, "Cohen_Kappa": 0.21052631578947367, "AUC": 0.605263157894737, "TP": 35, "TN": 34, "FP": 23, "FN": 22}}, "MNB": {"valid": {"ACC": 0.6666666666666666, "F1_Score": 0.6545454545454544, "Recall": 0.631578947368421, "Precision": 0.6792452830188679, "Cohen_Kappa": 0.33333333333333337, "AUC": 0.7229916897506925, "TP": 36, "TN": 40, "FP": 17, "FN": 21}, "test": {"ACC": 0.6228070175438597, "F1_Score": 0.6126126126126126, "Recall": 0.5964912280701754, "Precision": 0.6296296296296297, "Cohen_Kappa": 0.24561403508771928, "AUC": 0.708525700215451, "TP": 34, "TN": 37, "FP": 20, "FN": 23}}, "RF": {"valid": {"ACC": 0.6842105263157895, "F1_Score": 0.6727272727272728, "Recall": 0.6491228070175439, "Precision": 0.6981132075471698, "Cohen_Kappa": 0.368421052631579, "AUC": 0.7919359803016311, "TP": 37, "TN": 41, "FP": 16, "FN": 20}, "test": {"ACC": 0.7017543859649122, "F1_Score": 0.7118644067796609, "Recall": 0.7368421052631579, "Precision": 0.6885245901639344, "Cohen_Kappa": 0.4035087719298246, "AUC": 0.734687596183441, "TP": 42, "TN": 38, "FP": 19, "FN": 15}}, "ADA": {"valid": {"ACC": 0.631578947368421, "F1_Score": 0.6181818181818182, "Recall": 0.5964912280701754, "Precision": 0.6415094339622641, "Cohen_Kappa": 0.26315789473684215, "AUC": 0.7076023391812865, "TP": 34, "TN": 38, "FP": 19, "FN": 23}, "test": {"ACC": 0.6666666666666666, "F1_Score": 0.6779661016949152, "Recall": 0.7017543859649122, "Precision": 0.6557377049180327, "Cohen_Kappa": 0.33333333333333337, "AUC": 0.6937519236688211, "TP": 40, "TN": 36, "FP": 21, "FN": 17}}, "XGB": {"valid": {"ACC": 0.6666666666666666, "F1_Score": 0.6607142857142858, "Recall": 0.6491228070175439, "Precision": 0.6727272727272727, "Cohen_Kappa": 0.33333333333333337, "AUC": 0.7685441674361342, "TP": 37, "TN": 39, "FP": 18, "FN": 20}, "test": {"ACC": 0.6491228070175439, "F1_Score": 0.6721311475409837, "Recall": 0.7192982456140351, "Precision": 0.6307692307692307, "Cohen_Kappa": 0.29824561403508776, "AUC": 0.703601108033241, "TP": 41, "TN": 33, "FP": 24, "FN": 16}}, "MLP": {"valid": {"ACC": 0.6842105263157895, "F1_Score": 0.6842105263157895, "Recall": 0.6842105263157895, "Precision": 0.6842105263157895, "Cohen_Kappa": 0.368421052631579, "AUC": 0.7402277623884271, "TP": 39, "TN": 39, "FP": 18, "FN": 18}, "test": {"ACC": 0.6052631578947368, "F1_Score": 0.6218487394957983, "Recall": 0.6491228070175439, "Precision": 0.5967741935483871, "Cohen_Kappa": 0.21052631578947367, "AUC": 0.6685133887349953, "TP": 37, "TN": 32, "FP": 25, "FN": 20}}, "LR": {"valid": {"ACC": 0.7017543859649122, "F1_Score": 0.706896551724138, "Recall": 0.7192982456140351, "Precision": 0.6949152542372882, "Cohen_Kappa": 0.4035087719298246, "AUC": 0.7374576792859341, "TP": 41, "TN": 39, "FP": 18, "FN": 16}, "test": {"ACC": 0.5877192982456141, "F1_Score": 0.6115702479338843, "Recall": 0.6491228070175439, "Precision": 0.578125, "Cohen_Kappa": 0.17543859649122806, "AUC": 0.6900584795321637, "TP": 37, "TN": 30, "FP": 27, "FN": 20}}, "ETAs": {"valid": {"ACC": 0.6666666666666666, "F1_Score": 0.6415094339622641, "Recall": 0.5964912280701754, "Precision": 0.6938775510204082, "Cohen_Kappa": 0.33333333333333337, "AUC": 0.7623884272083717, "TP": 34, "TN": 42, "FP": 15, "FN": 23}, "test": {"ACC": 0.7105263157894737, "F1_Score": 0.717948717948718, "Recall": 0.7368421052631579, "Precision": 0.7, "Cohen_Kappa": 0.42105263157894735, "AUC": 0.7545398584179748, "TP": 42, "TN": 39, "FP": 18, "FN": 15}}, "CNB": {"valid": {"ACC": 0.6666666666666666, "F1_Score": 0.6545454545454544, "Recall": 0.631578947368421, "Precision": 0.6792452830188679, "Cohen_Kappa": 0.33333333333333337, "AUC": 0.7229916897506925, "TP": 36, "TN": 40, "FP": 17, "FN": 21}, "test": {"ACC": 0.6228070175438597, "F1_Score": 0.6126126126126126, "Recall": 0.5964912280701754, "Precision": 0.6296296296296297, "Cohen_Kappa": 0.24561403508771928, "AUC": 0.708525700215451, "TP": 34, "TN": 37, "FP": 20, "FN": 23}}, "GB": {"valid": {"ACC": 0.6842105263157895, "F1_Score": 0.6842105263157895, "Recall": 0.6842105263157895, "Precision": 0.6842105263157895, "Cohen_Kappa": 0.368421052631579, "AUC": 0.7682363804247461, "TP": 39, "TN": 39, "FP": 18, "FN": 18}, "test": {"ACC": 0.6842105263157895, "F1_Score": 0.7, "Recall": 0.7368421052631579, "Precision": 0.6666666666666666, "Cohen_Kappa": 0.368421052631579, "AUC": 0.7205293936595876, "TP": 42, "TN": 36, "FP": 21, "FN": 15}}, "BAG": {"valid": {"ACC": 0.6228070175438597, "F1_Score": 0.5742574257425743, "Recall": 0.5087719298245614, "Precision": 0.6590909090909091, "Cohen_Kappa": 0.24561403508771928, "AUC": 0.7131425053862727, "TP": 29, "TN": 42, "FP": 15, "FN": 28}, "test": {"ACC": 0.5964912280701754, "F1_Score": 0.5576923076923077, "Recall": 0.5087719298245614, "Precision": 0.6170212765957447, "Cohen_Kappa": 0.19298245614035092, "AUC": 0.677900892582333, "TP": 29, "TN": 39, "FP": 18, "FN": 28}}, "QDA": {"valid": {"ACC": 0.5, "F1_Score": 0.0, "Recall": 0.0, "Precision": 0.0, "Cohen_Kappa": 0.0, "AUC": 0.5, "TP": 0, "TN": 57, "FP": 0, "FN": 57}, "test": {"ACC": 0.5, "F1_Score": 0.0, "Recall": 0.0, "Precision": 0.0, "Cohen_Kappa": 0.0, "AUC": 0.5, "TP": 0, "TN": 57, "FP": 0, "FN": 57}}, "SVC": {"valid": {"ACC": 0.6929824561403509, "F1_Score": 0.7008547008547009, "Recall": 0.7192982456140351, "Precision": 0.6833333333333333, "Cohen_Kappa": 0.38596491228070173, "AUC": 0.7950138504155124, "TP": 41, "TN": 38, "FP": 19, "FN": 16}, "test": {"ACC": 0.7456140350877193, "F1_Score": 0.7563025210084033, "Recall": 0.7894736842105263, "Precision": 0.7258064516129032, "Cohen_Kappa": 0.49122807017543857, "AUC": 0.7739304401354263, "TP": 45, "TN": 40, "FP": 17, "FN": 12}}}