{"OVR": {"valid": {"ACC": 0.6081081081081081, "F1_Score": 0.5915492957746479, "Recall": 0.5675675675675675, "Precision": 0.6176470588235294, "Cohen_Kappa": 0.21621621621621623, "AUC": 0.6320306793279766, "TP": 42, "TN": 48, "FP": 26, "FN": 32}, "test": {"ACC": 0.5234899328859061, "F1_Score": 0.5359477124183005, "Recall": 0.5466666666666666, "Precision": 0.5256410256410257, "Cohen_Kappa": 0.046679282689015, "AUC": 0.5801801801801802, "TP": 41, "TN": 37, "FP": 37, "FN": 34}}, "KNB": {"valid": {"ACC": 0.581081081081081, "F1_Score": 0.5571428571428572, "Recall": 0.527027027027027, "Precision": 0.5909090909090909, "Cohen_Kappa": 0.16216216216216217, "AUC": 0.6402483564645727, "TP": 39, "TN": 47, "FP": 27, "FN": 35}, "test": {"ACC": 0.5369127516778524, "F1_Score": 0.5174825174825175, "Recall": 0.49333333333333335, "Precision": 0.5441176470588235, "Cohen_Kappa": 0.07436751598091285, "AUC": 0.5696396396396397, "TP": 37, "TN": 43, "FP": 31, "FN": 38}}, "DT": {"valid": {"ACC": 0.5405405405405406, "F1_Score": 0.5584415584415584, "Recall": 0.581081081081081, "Precision": 0.5375, "Cohen_Kappa": 0.08108108108108103, "AUC": 0.5410883856829803, "TP": 43, "TN": 37, "FP": 37, "FN": 31}, "test": {"ACC": 0.5973154362416108, "F1_Score": 0.6103896103896105, "Recall": 0.6266666666666667, "Precision": 0.5949367088607594, "Cohen_Kappa": 0.1943042537851477, "AUC": 0.5971171171171171, "TP": 47, "TN": 42, "FP": 32, "FN": 28}}, "MNB": {"valid": {"ACC": 0.5945945945945946, "F1_Score": 0.6385542168674698, "Recall": 0.7162162162162162, "Precision": 0.5760869565217391, "Cohen_Kappa": 0.18918918918918914, "AUC": 0.6356829802775749, "TP": 53, "TN": 35, "FP": 39, "FN": 21}, "test": {"ACC": 0.5771812080536913, "F1_Score": 0.6227544910179641, "Recall": 0.6933333333333334, "Precision": 0.5652173913043478, "Cohen_Kappa": 0.15302715871154016, "AUC": 0.5927927927927928, "TP": 52, "TN": 34, "FP": 40, "FN": 23}}, "RF": {"valid": {"ACC": 0.5878378378378378, "F1_Score": 0.5547445255474451, "Recall": 0.5135135135135135, "Precision": 0.6031746031746031, "Cohen_Kappa": 0.17567567567567566, "AUC": 0.6843498904309714, "TP": 38, "TN": 49, "FP": 25, "FN": 36}, "test": {"ACC": 0.5637583892617449, "F1_Score": 0.5695364238410596, "Recall": 0.5733333333333334, "Precision": 0.5657894736842105, "Cohen_Kappa": 0.1273988647625912, "AUC": 0.6287387387387389, "TP": 43, "TN": 41, "FP": 33, "FN": 32}}, "ADA": {"valid": {"ACC": 0.581081081081081, "F1_Score": 0.5507246376811593, "Recall": 0.5135135135135135, "Precision": 0.59375, "Cohen_Kappa": 0.16216216216216217, "AUC": 0.6011687363038715, "TP": 38, "TN": 48, "FP": 26, "FN": 36}, "test": {"ACC": 0.6040268456375839, "F1_Score": 0.5931034482758621, "Recall": 0.5733333333333334, "Precision": 0.6142857142857143, "Cohen_Kappa": 0.20837460603331837, "AUC": 0.6425225225225225, "TP": 43, "TN": 47, "FP": 27, "FN": 32}}, "XGB": {"valid": {"ACC": 0.6148648648648649, "F1_Score": 0.5648854961832062, "Recall": 0.5, "Precision": 0.6491228070175439, "Cohen_Kappa": 0.22972972972972971, "AUC": 0.6725712198685171, "TP": 37, "TN": 54, "FP": 20, "FN": 37}, "test": {"ACC": 0.6308724832214765, "F1_Score": 0.6405228758169934, "Recall": 0.6533333333333333, "Precision": 0.6282051282051282, "Cohen_Kappa": 0.26151212039289895, "AUC": 0.652972972972973, "TP": 49, "TN": 45, "FP": 29, "FN": 26}}, "MLP": {"valid": {"ACC": 0.6621621621621622, "F1_Score": 0.626865671641791, "Recall": 0.5675675675675675, "Precision": 0.7, "Cohen_Kappa": 0.32432432432432434, "AUC": 0.6440832724616509, "TP": 42, "TN": 56, "FP": 18, "FN": 32}, "test": {"ACC": 0.5906040268456376, "F1_Score": 0.596026490066225, "Recall": 0.6, "Precision": 0.5921052631578947, "Cohen_Kappa": 0.18109739616181642, "AUC": 0.6192792792792793, "TP": 45, "TN": 43, "FP": 31, "FN": 30}}, "LR": {"valid": {"ACC": 0.6081081081081081, "F1_Score": 0.5915492957746479, "Recall": 0.5675675675675675, "Precision": 0.6176470588235294, "Cohen_Kappa": 0.21621621621621623, "AUC": 0.6320306793279766, "TP": 42, "TN": 48, "FP": 26, "FN": 32}, "test": {"ACC": 0.5234899328859061, "F1_Score": 0.5359477124183005, "Recall": 0.5466666666666666, "Precision": 0.5256410256410257, "Cohen_Kappa": 0.046679282689015, "AUC": 0.5801801801801802, "TP": 41, "TN": 37, "FP": 37, "FN": 34}}, "ETAs": {"valid": {"ACC": 0.6283783783783784, "F1_Score": 0.5669291338582677, "Recall": 0.4864864864864865, "Precision": 0.6792452830188679, "Cohen_Kappa": 0.2567567567567568, "AUC": 0.7099159970781592, "TP": 36, "TN": 57, "FP": 17, "FN": 38}, "test": {"ACC": 0.5637583892617449, "F1_Score": 0.563758389261745, "Recall": 0.56, "Precision": 0.5675675675675675, "Cohen_Kappa": 0.1275560760291865, "AUC": 0.6378378378378379, "TP": 42, "TN": 42, "FP": 32, "FN": 33}}, "CNB": {"valid": {"ACC": 0.5945945945945946, "F1_Score": 0.6385542168674698, "Recall": 0.7162162162162162, "Precision": 0.5760869565217391, "Cohen_Kappa": 0.18918918918918914, "AUC": 0.6356829802775749, "TP": 53, "TN": 35, "FP": 39, "FN": 21}, "test": {"ACC": 0.5771812080536913, "F1_Score": 0.6227544910179641, "Recall": 0.6933333333333334, "Precision": 0.5652173913043478, "Cohen_Kappa": 0.15302715871154016, "AUC": 0.5927927927927928, "TP": 52, "TN": 34, "FP": 40, "FN": 23}}, "GB": {"valid": {"ACC": 0.6283783783783784, "F1_Score": 0.5985401459854015, "Recall": 0.5540540540540541, "Precision": 0.6507936507936508, "Cohen_Kappa": 0.2567567567567568, "AUC": 0.676953981008035, "TP": 41, "TN": 52, "FP": 22, "FN": 33}, "test": {"ACC": 0.5906040268456376, "F1_Score": 0.5906040268456377, "Recall": 0.5866666666666667, "Precision": 0.5945945945945946, "Cohen_Kappa": 0.18124493288892884, "AUC": 0.6216216216216216, "TP": 44, "TN": 44, "FP": 30, "FN": 31}}, "BAG": {"valid": {"ACC": 0.6756756756756757, "F1_Score": 0.6307692307692307, "Recall": 0.5540540540540541, "Precision": 0.7321428571428571, "Cohen_Kappa": 0.3513513513513513, "AUC": 0.6960372534696858, "TP": 41, "TN": 59, "FP": 15, "FN": 33}, "test": {"ACC": 0.5973154362416108, "F1_Score": 0.5714285714285715, "Recall": 0.5333333333333333, "Precision": 0.6153846153846154, "Cohen_Kappa": 0.1953195319531954, "AUC": 0.6439639639639639, "TP": 40, "TN": 49, "FP": 25, "FN": 35}}, "QDA": {"valid": {"ACC": 0.5, "F1_Score": 0.0, "Recall": 0.0, "Precision": 0.0, "Cohen_Kappa": 0.0, "AUC": 0.5, "TP": 0, "TN": 74, "FP": 0, "FN": 74}, "test": {"ACC": 0.4966442953020134, "F1_Score": 0.0, "Recall": 0.0, "Precision": 0.0, "Cohen_Kappa": 0.0, "AUC": 0.5, "TP": 0, "TN": 74, "FP": 0, "FN": 75}}, "SVC": {"valid": {"ACC": 0.6959459459459459, "F1_Score": 0.6666666666666667, "Recall": 0.6081081081081081, "Precision": 0.7377049180327869, "Cohen_Kappa": 0.3918918918918919, "AUC": 0.7295471146822498, "TP": 45, "TN": 58, "FP": 16, "FN": 29}, "test": {"ACC": 0.5973154362416108, "F1_Score": 0.589041095890411, "Recall": 0.5733333333333334, "Precision": 0.6056338028169014, "Cohen_Kappa": 0.19488472622478392, "AUC": 0.6374774774774775, "TP": 43, "TN": 46, "FP": 28, "FN": 32}}}