{"OVR": {"valid": {"ACC": 0.6781609195402298, "F1_Score": 0.6956521739130435, "Recall": 0.7441860465116279, "Precision": 0.6530612244897959, "Cohen_Kappa": 0.35725593667546174, "AUC": 0.7420718816067653, "TP": 32, "TN": 27, "FP": 17, "FN": 11}, "test": {"ACC": 0.6206896551724138, "F1_Score": 0.611764705882353, "Recall": 0.5909090909090909, "Precision": 0.6341463414634146, "Cohen_Kappa": 0.24188011618695537, "AUC": 0.6419133192389007, "TP": 26, "TN": 28, "FP": 15, "FN": 18}}, "KNB": {"valid": {"ACC": 0.7471264367816092, "F1_Score": 0.7499999999999999, "Recall": 0.7674418604651163, "Precision": 0.7333333333333333, "Cohen_Kappa": 0.4944532488114104, "AUC": 0.7943974630021142, "TP": 33, "TN": 32, "FP": 12, "FN": 10}, "test": {"ACC": 0.6896551724137931, "F1_Score": 0.6966292134831461, "Recall": 0.7045454545454546, "Precision": 0.6888888888888889, "Cohen_Kappa": 0.3790642347343379, "AUC": 0.6968816067653277, "TP": 31, "TN": 29, "FP": 14, "FN": 13}}, "DT": {"valid": {"ACC": 0.5402298850574713, "F1_Score": 0.5555555555555555, "Recall": 0.5813953488372093, "Precision": 0.5319148936170213, "Cohen_Kappa": 0.08130939809926085, "AUC": 0.5406976744186047, "TP": 25, "TN": 22, "FP": 22, "FN": 18}, "test": {"ACC": 0.5632183908045977, "F1_Score": 0.5365853658536586, "Recall": 0.5, "Precision": 0.5789473684210527, "Cohen_Kappa": 0.12770448548812674, "AUC": 0.563953488372093, "TP": 22, "TN": 27, "FP": 16, "FN": 22}}, "MNB": {"valid": {"ACC": 0.6551724137931034, "F1_Score": 0.6666666666666666, "Recall": 0.6976744186046512, "Precision": 0.6382978723404256, "Cohen_Kappa": 0.31098204857444556, "AUC": 0.7056025369978859, "TP": 30, "TN": 27, "FP": 17, "FN": 13}, "test": {"ACC": 0.5977011494252874, "F1_Score": 0.6153846153846154, "Recall": 0.6363636363636364, "Precision": 0.5957446808510638, "Cohen_Kappa": 0.19465749801639776, "AUC": 0.6857822410147992, "TP": 28, "TN": 24, "FP": 19, "FN": 16}}, "RF": {"valid": {"ACC": 0.7011494252873564, "F1_Score": 0.7234042553191489, "Recall": 0.7906976744186046, "Precision": 0.6666666666666666, "Cohen_Kappa": 0.4034810126582278, "AUC": 0.7682346723044398, "TP": 34, "TN": 27, "FP": 17, "FN": 9}, "test": {"ACC": 0.632183908045977, "F1_Score": 0.6595744680851063, "Recall": 0.7045454545454546, "Precision": 0.62, "Cohen_Kappa": 0.26310217046056117, "AUC": 0.6649048625792812, "TP": 31, "TN": 24, "FP": 19, "FN": 13}}, "ADA": {"valid": {"ACC": 0.6666666666666666, "F1_Score": 0.6741573033707865, "Recall": 0.6976744186046512, "Precision": 0.6521739130434783, "Cohen_Kappa": 0.3337734354370214, "AUC": 0.7315010570824525, "TP": 30, "TN": 28, "FP": 16, "FN": 13}, "test": {"ACC": 0.5977011494252874, "F1_Score": 0.6067415730337078, "Recall": 0.6136363636363636, "Precision": 0.6, "Cohen_Kappa": 0.19508326724821579, "AUC": 0.6067653276955604, "TP": 27, "TN": 25, "FP": 18, "FN": 17}}, "XGB": {"valid": {"ACC": 0.6896551724137931, "F1_Score": 0.7032967032967034, "Recall": 0.7441860465116279, "Precision": 0.6666666666666666, "Cohen_Kappa": 0.3800475059382422, "AUC": 0.7579281183932346, "TP": 32, "TN": 28, "FP": 16, "FN": 11}, "test": {"ACC": 0.632183908045977, "F1_Score": 0.6363636363636364, "Recall": 0.6363636363636364, "Precision": 0.6363636363636364, "Cohen_Kappa": 0.2642706131078224, "AUC": 0.6810253699788583, "TP": 28, "TN": 27, "FP": 16, "FN": 16}}, "MLP": {"valid": {"ACC": 0.6551724137931034, "F1_Score": 0.7, "Recall": 0.813953488372093, "Precision": 0.6140350877192983, "Cohen_Kappa": 0.3127962085308057, "AUC": 0.7346723044397463, "TP": 35, "TN": 22, "FP": 22, "FN": 8}, "test": {"ACC": 0.6206896551724138, "F1_Score": 0.6292134831460675, "Recall": 0.6363636363636364, "Precision": 0.6222222222222222, "Cohen_Kappa": 0.24107850911974626, "AUC": 0.6826109936575053, "TP": 28, "TN": 26, "FP": 17, "FN": 16}}, "LR": {"valid": {"ACC": 0.6781609195402298, "F1_Score": 0.6956521739130435, "Recall": 0.7441860465116279, "Precision": 0.6530612244897959, "Cohen_Kappa": 0.35725593667546174, "AUC": 0.7420718816067653, "TP": 32, "TN": 27, "FP": 17, "FN": 11}, "test": {"ACC": 0.6206896551724138, "F1_Score": 0.611764705882353, "Recall": 0.5909090909090909, "Precision": 0.6341463414634146, "Cohen_Kappa": 0.24188011618695537, "AUC": 0.6419133192389007, "TP": 26, "TN": 28, "FP": 15, "FN": 18}}, "ETAs": {"valid": {"ACC": 0.7011494252873564, "F1_Score": 0.7291666666666667, "Recall": 0.813953488372093, "Precision": 0.660377358490566, "Cohen_Kappa": 0.4037954665260939, "AUC": 0.7835623678646935, "TP": 35, "TN": 26, "FP": 18, "FN": 8}, "test": {"ACC": 0.5862068965517241, "F1_Score": 0.5909090909090909, "Recall": 0.5909090909090909, "Precision": 0.5909090909090909, "Cohen_Kappa": 0.17230443974630028, "AUC": 0.6688689217758985, "TP": 26, "TN": 25, "FP": 18, "FN": 18}}, "CNB": {"valid": {"ACC": 0.6551724137931034, "F1_Score": 0.6666666666666666, "Recall": 0.6976744186046512, "Precision": 0.6382978723404256, "Cohen_Kappa": 0.31098204857444556, "AUC": 0.7056025369978859, "TP": 30, "TN": 27, "FP": 17, "FN": 13}, "test": {"ACC": 0.5977011494252874, "F1_Score": 0.6153846153846154, "Recall": 0.6363636363636364, "Precision": 0.5957446808510638, "Cohen_Kappa": 0.19465749801639776, "AUC": 0.6857822410147992, "TP": 28, "TN": 24, "FP": 19, "FN": 16}}, "GB": {"valid": {"ACC": 0.7471264367816092, "F1_Score": 0.7659574468085107, "Recall": 0.8372093023255814, "Precision": 0.7058823529411765, "Cohen_Kappa": 0.495253164556962, "AUC": 0.7801268498942918, "TP": 36, "TN": 29, "FP": 15, "FN": 7}, "test": {"ACC": 0.632183908045977, "F1_Score": 0.6363636363636364, "Recall": 0.6363636363636364, "Precision": 0.6363636363636364, "Cohen_Kappa": 0.2642706131078224, "AUC": 0.6746828752642706, "TP": 28, "TN": 27, "FP": 16, "FN": 16}}, "BAG": {"valid": {"ACC": 0.6666666666666666, "F1_Score": 0.6813186813186812, "Recall": 0.7209302325581395, "Precision": 0.6458333333333334, "Cohen_Kappa": 0.33412509897070464, "AUC": 0.6960887949260042, "TP": 31, "TN": 27, "FP": 17, "FN": 12}, "test": {"ACC": 0.5287356321839081, "F1_Score": 0.4810126582278481, "Recall": 0.4318181818181818, "Precision": 0.5428571428571428, "Cohen_Kappa": 0.05958344318481423, "AUC": 0.5819238900634249, "TP": 19, "TN": 27, "FP": 16, "FN": 25}}, "QDA": {"valid": {"ACC": 0.5057471264367817, "F1_Score": 0.0, "Recall": 0.0, "Precision": 0.0, "Cohen_Kappa": 0.0, "AUC": 0.5, "TP": 0, "TN": 44, "FP": 0, "FN": 43}, "test": {"ACC": 0.4942528735632184, "F1_Score": 0.0, "Recall": 0.0, "Precision": 0.0, "Cohen_Kappa": 0.0, "AUC": 0.5, "TP": 0, "TN": 43, "FP": 0, "FN": 44}}, "SVC": {"valid": {"ACC": 0.7011494252873564, "F1_Score": 0.7234042553191489, "Recall": 0.7906976744186046, "Precision": 0.6666666666666666, "Cohen_Kappa": 0.4034810126582278, "AUC": 0.8118393234672304, "TP": 34, "TN": 27, "FP": 17, "FN": 9}, "test": {"ACC": 0.6206896551724138, "F1_Score": 0.6206896551724139, "Recall": 0.6136363636363636, "Precision": 0.627906976744186, "Cohen_Kappa": 0.24147952443857335, "AUC": 0.6794397463002114, "TP": 27, "TN": 27, "FP": 16, "FN": 17}}}