{"OVR": {"valid": {"ACC": 0.6530612244897959, "F1_Score": 0.6530612244897959, "Recall": 0.6666666666666666, "Precision": 0.64, "Cohen_Kappa": 0.30641132389675274, "AUC": 0.7933333333333333, "TP": 16, "TN": 16, "FP": 9, "FN": 8}, "test": {"ACC": 0.46938775510204084, "F1_Score": 0.5357142857142857, "Recall": 0.6, "Precision": 0.4838709677419355, "Cohen_Kappa": -0.06700167504187604, "AUC": 0.6333333333333333, "TP": 15, "TN": 8, "FP": 16, "FN": 10}}, "KNB": {"valid": {"ACC": 0.6938775510204082, "F1_Score": 0.6511627906976745, "Recall": 0.5833333333333334, "Precision": 0.7368421052631579, "Cohen_Kappa": 0.38493723849372385, "AUC": 0.7566666666666667, "TP": 14, "TN": 20, "FP": 5, "FN": 10}, "test": {"ACC": 0.5510204081632653, "F1_Score": 0.6071428571428571, "Recall": 0.68, "Precision": 0.5483870967741935, "Cohen_Kappa": 0.09715242881072028, "AUC": 0.5725, "TP": 17, "TN": 10, "FP": 14, "FN": 8}}, "DT": {"valid": {"ACC": 0.6530612244897959, "F1_Score": 0.6382978723404256, "Recall": 0.625, "Precision": 0.6521739130434783, "Cohen_Kappa": 0.30525437864887406, "AUC": 0.6525, "TP": 15, "TN": 17, "FP": 8, "FN": 9}, "test": {"ACC": 0.6530612244897959, "F1_Score": 0.6909090909090909, "Recall": 0.76, "Precision": 0.6333333333333333, "Cohen_Kappa": 0.30292887029288706, "AUC": 0.6508333333333334, "TP": 19, "TN": 13, "FP": 11, "FN": 6}}, "MNB": {"valid": {"ACC": 0.6938775510204082, "F1_Score": 0.6938775510204083, "Recall": 0.7083333333333334, "Precision": 0.68, "Cohen_Kappa": 0.3880099916736054, "AUC": 0.8, "TP": 17, "TN": 17, "FP": 8, "FN": 7}, "test": {"ACC": 0.5918367346938775, "F1_Score": 0.6551724137931034, "Recall": 0.76, "Precision": 0.5757575757575758, "Cohen_Kappa": 0.1778523489932885, "AUC": 0.6466666666666666, "TP": 19, "TN": 10, "FP": 14, "FN": 6}}, "RF": {"valid": {"ACC": 0.6938775510204082, "F1_Score": 0.6938775510204083, "Recall": 0.7083333333333334, "Precision": 0.68, "Cohen_Kappa": 0.3880099916736054, "AUC": 0.8083333333333333, "TP": 17, "TN": 17, "FP": 8, "FN": 7}, "test": {"ACC": 0.6530612244897959, "F1_Score": 0.6666666666666666, "Recall": 0.68, "Precision": 0.6538461538461539, "Cohen_Kappa": 0.30525437864887406, "AUC": 0.6816666666666668, "TP": 17, "TN": 15, "FP": 9, "FN": 8}}, "ADA": {"valid": {"ACC": 0.673469387755102, "F1_Score": 0.6923076923076924, "Recall": 0.75, "Precision": 0.6428571428571429, "Cohen_Kappa": 0.34883720930232565, "AUC": 0.7716666666666667, "TP": 18, "TN": 15, "FP": 10, "FN": 6}, "test": {"ACC": 0.5918367346938775, "F1_Score": 0.6296296296296295, "Recall": 0.68, "Precision": 0.5862068965517241, "Cohen_Kappa": 0.1806020066889632, "AUC": 0.5783333333333334, "TP": 17, "TN": 12, "FP": 12, "FN": 8}}, "XGB": {"valid": {"ACC": 0.6938775510204082, "F1_Score": 0.6938775510204083, "Recall": 0.7083333333333334, "Precision": 0.68, "Cohen_Kappa": 0.3880099916736054, "AUC": 0.8083333333333333, "TP": 17, "TN": 17, "FP": 8, "FN": 7}, "test": {"ACC": 0.6122448979591837, "F1_Score": 0.6415094339622641, "Recall": 0.68, "Precision": 0.6071428571428571, "Cohen_Kappa": 0.2222222222222222, "AUC": 0.6883333333333334, "TP": 17, "TN": 13, "FP": 11, "FN": 8}}, "MLP": {"valid": {"ACC": 0.6122448979591837, "F1_Score": 0.6122448979591836, "Recall": 0.625, "Precision": 0.6, "Cohen_Kappa": 0.2248126561199001, "AUC": 0.765, "TP": 15, "TN": 15, "FP": 10, "FN": 9}, "test": {"ACC": 0.5306122448979592, "F1_Score": 0.6229508196721312, "Recall": 0.76, "Precision": 0.5277777777777778, "Cohen_Kappa": 0.05214465937762813, "AUC": 0.6366666666666667, "TP": 19, "TN": 7, "FP": 17, "FN": 6}}, "LR": {"valid": {"ACC": 0.6530612244897959, "F1_Score": 0.6530612244897959, "Recall": 0.6666666666666666, "Precision": 0.64, "Cohen_Kappa": 0.30641132389675274, "AUC": 0.7933333333333333, "TP": 16, "TN": 16, "FP": 9, "FN": 8}, "test": {"ACC": 0.46938775510204084, "F1_Score": 0.5357142857142857, "Recall": 0.6, "Precision": 0.4838709677419355, "Cohen_Kappa": -0.06700167504187604, "AUC": 0.6333333333333333, "TP": 15, "TN": 8, "FP": 16, "FN": 10}}, "ETAs": {"valid": {"ACC": 0.7346938775510204, "F1_Score": 0.7450980392156864, "Recall": 0.7916666666666666, "Precision": 0.7037037037037037, "Cohen_Kappa": 0.47049044056525346, "AUC": 0.8266666666666665, "TP": 19, "TN": 17, "FP": 8, "FN": 5}, "test": {"ACC": 0.5510204081632653, "F1_Score": 0.6071428571428571, "Recall": 0.68, "Precision": 0.5483870967741935, "Cohen_Kappa": 0.09715242881072028, "AUC": 0.7083333333333334, "TP": 17, "TN": 10, "FP": 14, "FN": 8}}, "CNB": {"valid": {"ACC": 0.6938775510204082, "F1_Score": 0.6938775510204083, "Recall": 0.7083333333333334, "Precision": 0.68, "Cohen_Kappa": 0.3880099916736054, "AUC": 0.8, "TP": 17, "TN": 17, "FP": 8, "FN": 7}, "test": {"ACC": 0.5918367346938775, "F1_Score": 0.6551724137931034, "Recall": 0.76, "Precision": 0.5757575757575758, "Cohen_Kappa": 0.1778523489932885, "AUC": 0.6466666666666666, "TP": 19, "TN": 10, "FP": 14, "FN": 6}}, "GB": {"valid": {"ACC": 0.7551020408163265, "F1_Score": 0.76, "Recall": 0.7916666666666666, "Precision": 0.7307692307692307, "Cohen_Kappa": 0.5108153078202995, "AUC": 0.84, "TP": 19, "TN": 18, "FP": 7, "FN": 5}, "test": {"ACC": 0.5510204081632653, "F1_Score": 0.6071428571428571, "Recall": 0.68, "Precision": 0.5483870967741935, "Cohen_Kappa": 0.09715242881072028, "AUC": 0.6433333333333332, "TP": 17, "TN": 10, "FP": 14, "FN": 8}}, "BAG": {"valid": {"ACC": 0.7142857142857143, "F1_Score": 0.631578947368421, "Recall": 0.5, "Precision": 0.8571428571428571, "Cohen_Kappa": 0.4235294117647058, "AUC": 0.7816666666666667, "TP": 12, "TN": 23, "FP": 2, "FN": 12}, "test": {"ACC": 0.5714285714285714, "F1_Score": 0.5714285714285714, "Recall": 0.56, "Precision": 0.5833333333333334, "Cohen_Kappa": 0.14321398834304755, "AUC": 0.67, "TP": 14, "TN": 14, "FP": 10, "FN": 11}}, "QDA": {"valid": {"ACC": 0.5714285714285714, "F1_Score": 0.6037735849056604, "Recall": 0.6666666666666666, "Precision": 0.5517241379310345, "Cohen_Kappa": 0.1460580912863071, "AUC": 0.5733333333333333, "TP": 16, "TN": 12, "FP": 13, "FN": 8}, "test": {"ACC": 0.46938775510204084, "F1_Score": 0.5357142857142857, "Recall": 0.6, "Precision": 0.4838709677419355, "Cohen_Kappa": -0.06700167504187604, "AUC": 0.4666666666666667, "TP": 15, "TN": 8, "FP": 16, "FN": 10}}, "SVC": {"valid": {"ACC": 0.6122448979591837, "F1_Score": 0.5957446808510638, "Recall": 0.5833333333333334, "Precision": 0.6086956521739131, "Cohen_Kappa": 0.22351959966638868, "AUC": 0.7883333333333333, "TP": 14, "TN": 16, "FP": 9, "FN": 10}, "test": {"ACC": 0.6326530612244898, "F1_Score": 0.6666666666666666, "Recall": 0.72, "Precision": 0.6206896551724138, "Cohen_Kappa": 0.2625418060200668, "AUC": 0.7233333333333333, "TP": 18, "TN": 13, "FP": 11, "FN": 7}}}