{"OVR": {"valid": {"ACC": 0.7034482758620689, "F1_Score": 0.703448275862069, "Recall": 0.7083333333333334, "Precision": 0.6986301369863014, "Cohen_Kappa": 0.4069247598211738, "AUC": 0.794330289193303, "TP": 51, "TN": 51, "FP": 22, "FN": 21}, "test": {"ACC": 0.593103448275862, "F1_Score": 0.5815602836879432, "Recall": 0.5616438356164384, "Precision": 0.6029411764705882, "Cohen_Kappa": 0.18655510126461927, "AUC": 0.6689497716894977, "TP": 41, "TN": 45, "FP": 27, "FN": 32}}, "KNB": {"valid": {"ACC": 0.6413793103448275, "F1_Score": 0.6623376623376623, "Recall": 0.7083333333333334, "Precision": 0.6219512195121951, "Cohen_Kappa": 0.28340619654058163, "AUC": 0.7356354642313546, "TP": 51, "TN": 42, "FP": 31, "FN": 21}, "test": {"ACC": 0.6068965517241379, "F1_Score": 0.6225165562913907, "Recall": 0.6438356164383562, "Precision": 0.6025641025641025, "Cohen_Kappa": 0.21338155515370716, "AUC": 0.6759893455098934, "TP": 47, "TN": 41, "FP": 31, "FN": 26}}, "DT": {"valid": {"ACC": 0.6896551724137931, "F1_Score": 0.7058823529411765, "Recall": 0.75, "Precision": 0.6666666666666666, "Cohen_Kappa": 0.3798118049615056, "AUC": 0.6900684931506851, "TP": 54, "TN": 46, "FP": 27, "FN": 18}, "test": {"ACC": 0.6206896551724138, "F1_Score": 0.6496815286624203, "Recall": 0.6986301369863014, "Precision": 0.6071428571428571, "Cohen_Kappa": 0.2405485191886486, "AUC": 0.6201484018264841, "TP": 51, "TN": 39, "FP": 33, "FN": 22}}, "MNB": {"valid": {"ACC": 0.6344827586206897, "F1_Score": 0.6490066225165563, "Recall": 0.6805555555555556, "Precision": 0.620253164556962, "Cohen_Kappa": 0.26941724498526476, "AUC": 0.7220319634703196, "TP": 49, "TN": 43, "FP": 30, "FN": 23}, "test": {"ACC": 0.593103448275862, "F1_Score": 0.593103448275862, "Recall": 0.589041095890411, "Precision": 0.5972222222222222, "Cohen_Kappa": 0.1862456006848664, "AUC": 0.6592465753424657, "TP": 43, "TN": 43, "FP": 29, "FN": 30}}, "RF": {"valid": {"ACC": 0.6758620689655173, "F1_Score": 0.7044025157232704, "Recall": 0.7777777777777778, "Precision": 0.6436781609195402, "Cohen_Kappa": 0.35261707988980706, "AUC": 0.7912861491628616, "TP": 56, "TN": 42, "FP": 31, "FN": 16}, "test": {"ACC": 0.6206896551724138, "F1_Score": 0.6308724832214765, "Recall": 0.6438356164383562, "Precision": 0.618421052631579, "Cohen_Kappa": 0.24112665334475203, "AUC": 0.7037671232876712, "TP": 47, "TN": 43, "FP": 29, "FN": 26}}, "ADA": {"valid": {"ACC": 0.6758620689655173, "F1_Score": 0.6802721088435373, "Recall": 0.6944444444444444, "Precision": 0.6666666666666666, "Cohen_Kappa": 0.35187826913932485, "AUC": 0.7248858447488584, "TP": 50, "TN": 48, "FP": 25, "FN": 22}, "test": {"ACC": 0.6275862068965518, "F1_Score": 0.6447368421052632, "Recall": 0.6712328767123288, "Precision": 0.620253164556962, "Cohen_Kappa": 0.2547115933752142, "AUC": 0.6855022831050227, "TP": 49, "TN": 42, "FP": 30, "FN": 24}}, "XGB": {"valid": {"ACC": 0.7172413793103448, "F1_Score": 0.7354838709677419, "Recall": 0.7916666666666666, "Precision": 0.6867469879518072, "Cohen_Kappa": 0.43504703981754256, "AUC": 0.7890030441400304, "TP": 57, "TN": 47, "FP": 26, "FN": 15}, "test": {"ACC": 0.6896551724137931, "F1_Score": 0.6979865771812079, "Recall": 0.7123287671232876, "Precision": 0.6842105263157895, "Cohen_Kappa": 0.3791036254638881, "AUC": 0.7273592085235921, "TP": 52, "TN": 48, "FP": 24, "FN": 21}}, "MLP": {"valid": {"ACC": 0.7172413793103448, "F1_Score": 0.7284768211920529, "Recall": 0.7638888888888888, "Precision": 0.6962025316455697, "Cohen_Kappa": 0.4348322083848274, "AUC": 0.8198249619482496, "TP": 55, "TN": 49, "FP": 24, "FN": 17}, "test": {"ACC": 0.6206896551724138, "F1_Score": 0.6206896551724138, "Recall": 0.6164383561643836, "Precision": 0.625, "Cohen_Kappa": 0.24141539046894323, "AUC": 0.69044901065449, "TP": 45, "TN": 45, "FP": 27, "FN": 28}}, "LR": {"valid": {"ACC": 0.7034482758620689, "F1_Score": 0.703448275862069, "Recall": 0.7083333333333334, "Precision": 0.6986301369863014, "Cohen_Kappa": 0.4069247598211738, "AUC": 0.794330289193303, "TP": 51, "TN": 51, "FP": 22, "FN": 21}, "test": {"ACC": 0.593103448275862, "F1_Score": 0.5815602836879432, "Recall": 0.5616438356164384, "Precision": 0.6029411764705882, "Cohen_Kappa": 0.18655510126461927, "AUC": 0.6689497716894977, "TP": 41, "TN": 45, "FP": 27, "FN": 32}}, "ETAs": {"valid": {"ACC": 0.696551724137931, "F1_Score": 0.7215189873417721, "Recall": 0.7916666666666666, "Precision": 0.6627906976744186, "Cohen_Kappa": 0.3938818164544937, "AUC": 0.794044901065449, "TP": 57, "TN": 44, "FP": 29, "FN": 15}, "test": {"ACC": 0.6, "F1_Score": 0.5915492957746479, "Recall": 0.5753424657534246, "Precision": 0.6086956521739131, "Cohen_Kappa": 0.2002662609357171, "AUC": 0.6677130898021307, "TP": 42, "TN": 45, "FP": 27, "FN": 31}}, "CNB": {"valid": {"ACC": 0.6344827586206897, "F1_Score": 0.6490066225165563, "Recall": 0.6805555555555556, "Precision": 0.620253164556962, "Cohen_Kappa": 0.26941724498526476, "AUC": 0.7220319634703196, "TP": 49, "TN": 43, "FP": 30, "FN": 23}, "test": {"ACC": 0.593103448275862, "F1_Score": 0.593103448275862, "Recall": 0.589041095890411, "Precision": 0.5972222222222222, "Cohen_Kappa": 0.1862456006848664, "AUC": 0.6592465753424657, "TP": 43, "TN": 43, "FP": 29, "FN": 30}}, "GB": {"valid": {"ACC": 0.7241379310344828, "F1_Score": 0.7333333333333334, "Recall": 0.7638888888888888, "Precision": 0.7051282051282052, "Cohen_Kappa": 0.4485643658490207, "AUC": 0.7785388127853882, "TP": 55, "TN": 50, "FP": 23, "FN": 17}, "test": {"ACC": 0.6206896551724138, "F1_Score": 0.6308724832214765, "Recall": 0.6438356164383562, "Precision": 0.618421052631579, "Cohen_Kappa": 0.24112665334475203, "AUC": 0.6738964992389649, "TP": 47, "TN": 43, "FP": 29, "FN": 26}}, "BAG": {"valid": {"ACC": 0.7379310344827587, "F1_Score": 0.7432432432432431, "Recall": 0.7638888888888888, "Precision": 0.7236842105263158, "Cohen_Kappa": 0.4760365157854698, "AUC": 0.8144025875190259, "TP": 55, "TN": 52, "FP": 21, "FN": 17}, "test": {"ACC": 0.5793103448275863, "F1_Score": 0.5547445255474454, "Recall": 0.5205479452054794, "Precision": 0.59375, "Cohen_Kappa": 0.1593004467255964, "AUC": 0.6477359208523591, "TP": 38, "TN": 46, "FP": 26, "FN": 35}}, "QDA": {"valid": {"ACC": 0.503448275862069, "F1_Score": 0.0, "Recall": 0.0, "Precision": 0.0, "Cohen_Kappa": 0.0, "AUC": 0.5, "TP": 0, "TN": 73, "FP": 0, "FN": 72}, "test": {"ACC": 0.496551724137931, "F1_Score": 0.0, "Recall": 0.0, "Precision": 0.0, "Cohen_Kappa": 0.0, "AUC": 0.5, "TP": 0, "TN": 72, "FP": 0, "FN": 73}}, "SVC": {"valid": {"ACC": 0.7379310344827587, "F1_Score": 0.75, "Recall": 0.7916666666666666, "Precision": 0.7125, "Cohen_Kappa": 0.4762357414448669, "AUC": 0.8217275494672754, "TP": 57, "TN": 50, "FP": 23, "FN": 15}, "test": {"ACC": 0.6482758620689655, "F1_Score": 0.6622516556291391, "Recall": 0.684931506849315, "Precision": 0.6410256410256411, "Cohen_Kappa": 0.2961834967164748, "AUC": 0.7218417047184169, "TP": 50, "TN": 44, "FP": 28, "FN": 23}}}