{"OVR": {"valid": {"ACC": 0.6636904761904762, "F1_Score": 0.6606606606606606, "Recall": 0.6547619047619048, "Precision": 0.6666666666666666, "Cohen_Kappa": 0.32738095238095233, "AUC": 0.7024872448979592, "TP": 110, "TN": 113, "FP": 55, "FN": 58}, "test": {"ACC": 0.6320474777448071, "F1_Score": 0.6536312849162011, "Recall": 0.6923076923076923, "Precision": 0.6190476190476191, "Cohen_Kappa": 0.2638291875132127, "AUC": 0.6501831501831502, "TP": 117, "TN": 96, "FP": 72, "FN": 52}}, "KNB": {"valid": {"ACC": 0.6666666666666666, "F1_Score": 0.6781609195402298, "Recall": 0.7023809523809523, "Precision": 0.6555555555555556, "Cohen_Kappa": 0.33333333333333337, "AUC": 0.7283163265306123, "TP": 118, "TN": 106, "FP": 62, "FN": 50}, "test": {"ACC": 0.6943620178041543, "F1_Score": 0.7114845938375349, "Recall": 0.7514792899408284, "Precision": 0.675531914893617, "Cohen_Kappa": 0.3885140491500044, "AUC": 0.7465307128768667, "TP": 127, "TN": 107, "FP": 61, "FN": 42}}, "DT": {"valid": {"ACC": 0.6398809523809523, "F1_Score": 0.6276923076923077, "Recall": 0.6071428571428571, "Precision": 0.6496815286624203, "Cohen_Kappa": 0.27976190476190477, "AUC": 0.6398809523809526, "TP": 102, "TN": 113, "FP": 55, "FN": 66}, "test": {"ACC": 0.6498516320474778, "F1_Score": 0.6609195402298851, "Recall": 0.6804733727810651, "Precision": 0.6424581005586593, "Cohen_Kappa": 0.29957374854687, "AUC": 0.6497604959143422, "TP": 115, "TN": 104, "FP": 64, "FN": 54}}, "MNB": {"valid": {"ACC": 0.6934523809523809, "F1_Score": 0.7178082191780822, "Recall": 0.7797619047619048, "Precision": 0.6649746192893401, "Cohen_Kappa": 0.38690476190476186, "AUC": 0.7306901927437641, "TP": 131, "TN": 102, "FP": 66, "FN": 37}, "test": {"ACC": 0.6320474777448071, "F1_Score": 0.675392670157068, "Recall": 0.7633136094674556, "Precision": 0.6056338028169014, "Cohen_Kappa": 0.26351780049347906, "AUC": 0.6977669766131305, "TP": 129, "TN": 84, "FP": 84, "FN": 40}}, "RF": {"valid": {"ACC": 0.7470238095238095, "F1_Score": 0.746268656716418, "Recall": 0.7440476190476191, "Precision": 0.7485029940119761, "Cohen_Kappa": 0.49404761904761907, "AUC": 0.833421910430839, "TP": 125, "TN": 126, "FP": 42, "FN": 43}, "test": {"ACC": 0.6884272997032641, "F1_Score": 0.709141274238227, "Recall": 0.757396449704142, "Precision": 0.6666666666666666, "Cohen_Kappa": 0.37659660682510876, "AUC": 0.7679451958298112, "TP": 128, "TN": 104, "FP": 64, "FN": 41}}, "ADA": {"valid": {"ACC": 0.6696428571428571, "F1_Score": 0.6725663716814159, "Recall": 0.6785714285714286, "Precision": 0.6666666666666666, "Cohen_Kappa": 0.3392857142857143, "AUC": 0.7131696428571428, "TP": 114, "TN": 111, "FP": 57, "FN": 54}, "test": {"ACC": 0.6172106824925816, "F1_Score": 0.6194690265486725, "Recall": 0.621301775147929, "Precision": 0.6176470588235294, "Cohen_Kappa": 0.2344011411866228, "AUC": 0.6830797407720484, "TP": 105, "TN": 103, "FP": 65, "FN": 64}}, "XGB": {"valid": {"ACC": 0.6934523809523809, "F1_Score": 0.6869300911854103, "Recall": 0.6726190476190477, "Precision": 0.7018633540372671, "Cohen_Kappa": 0.38690476190476186, "AUC": 0.7822774943310657, "TP": 113, "TN": 120, "FP": 48, "FN": 55}, "test": {"ACC": 0.6973293768545994, "F1_Score": 0.7102272727272727, "Recall": 0.7396449704142012, "Precision": 0.6830601092896175, "Cohen_Kappa": 0.3945041395103047, "AUC": 0.7727176669484362, "TP": 125, "TN": 110, "FP": 58, "FN": 44}}, "MLP": {"valid": {"ACC": 0.7023809523809523, "F1_Score": 0.7041420118343196, "Recall": 0.7083333333333334, "Precision": 0.7, "Cohen_Kappa": 0.40476190476190477, "AUC": 0.7650581065759637, "TP": 119, "TN": 117, "FP": 51, "FN": 49}, "test": {"ACC": 0.6676557863501483, "F1_Score": 0.6836158192090396, "Recall": 0.7159763313609467, "Precision": 0.654054054054054, "Cohen_Kappa": 0.3351183765501692, "AUC": 0.7198858833474218, "TP": 121, "TN": 104, "FP": 64, "FN": 48}}, "LR": {"valid": {"ACC": 0.6636904761904762, "F1_Score": 0.6606606606606606, "Recall": 0.6547619047619048, "Precision": 0.6666666666666666, "Cohen_Kappa": 0.32738095238095233, "AUC": 0.7024872448979592, "TP": 110, "TN": 113, "FP": 55, "FN": 58}, "test": {"ACC": 0.6320474777448071, "F1_Score": 0.6536312849162011, "Recall": 0.6923076923076923, "Precision": 0.6190476190476191, "Cohen_Kappa": 0.2638291875132127, "AUC": 0.6501831501831502, "TP": 117, "TN": 96, "FP": 72, "FN": 52}}, "ETAs": {"valid": {"ACC": 0.7113095238095238, "F1_Score": 0.6996904024767802, "Recall": 0.6726190476190477, "Precision": 0.7290322580645161, "Cohen_Kappa": 0.42261904761904767, "AUC": 0.8050063775510204, "TP": 113, "TN": 126, "FP": 42, "FN": 55}, "test": {"ACC": 0.7210682492581603, "F1_Score": 0.7267441860465116, "Recall": 0.7396449704142012, "Precision": 0.7142857142857143, "Cohen_Kappa": 0.4420726337665998, "AUC": 0.7811179205409975, "TP": 125, "TN": 118, "FP": 50, "FN": 44}}, "CNB": {"valid": {"ACC": 0.6934523809523809, "F1_Score": 0.7178082191780822, "Recall": 0.7797619047619048, "Precision": 0.6649746192893401, "Cohen_Kappa": 0.38690476190476186, "AUC": 0.7306901927437641, "TP": 131, "TN": 102, "FP": 66, "FN": 37}, "test": {"ACC": 0.6320474777448071, "F1_Score": 0.675392670157068, "Recall": 0.7633136094674556, "Precision": 0.6056338028169014, "Cohen_Kappa": 0.26351780049347906, "AUC": 0.6977669766131305, "TP": 129, "TN": 84, "FP": 84, "FN": 40}}, "GB": {"valid": {"ACC": 0.6904761904761905, "F1_Score": 0.6941176470588234, "Recall": 0.7023809523809523, "Precision": 0.686046511627907, "Cohen_Kappa": 0.38095238095238093, "AUC": 0.7448270975056689, "TP": 118, "TN": 114, "FP": 54, "FN": 50}, "test": {"ACC": 0.7002967359050445, "F1_Score": 0.7072463768115942, "Recall": 0.7218934911242604, "Precision": 0.6931818181818182, "Cohen_Kappa": 0.400514292759392, "AUC": 0.752676810369118, "TP": 122, "TN": 114, "FP": 54, "FN": 47}}, "BAG": {"valid": {"ACC": 0.6934523809523809, "F1_Score": 0.6688102893890675, "Recall": 0.6190476190476191, "Precision": 0.7272727272727273, "Cohen_Kappa": 0.38690476190476186, "AUC": 0.7507794784580499, "TP": 104, "TN": 129, "FP": 39, "FN": 64}, "test": {"ACC": 0.7210682492581603, "F1_Score": 0.7134146341463415, "Recall": 0.6923076923076923, "Precision": 0.7358490566037735, "Cohen_Kappa": 0.44222981300841635, "AUC": 0.7864363200901663, "TP": 117, "TN": 126, "FP": 42, "FN": 52}}, "QDA": {"valid": {"ACC": 0.5505952380952381, "F1_Score": 0.36286919831223624, "Recall": 0.25595238095238093, "Precision": 0.6231884057971014, "Cohen_Kappa": 0.10119047619047616, "AUC": 0.5505952380952381, "TP": 43, "TN": 142, "FP": 26, "FN": 125}, "test": {"ACC": 0.5756676557863502, "F1_Score": 0.4066390041493776, "Recall": 0.28994082840236685, "Precision": 0.6805555555555556, "Cohen_Kappa": 0.1527750918584413, "AUC": 0.5765180332488025, "TP": 49, "TN": 145, "FP": 23, "FN": 120}}, "SVC": {"valid": {"ACC": 0.7321428571428571, "F1_Score": 0.7321428571428571, "Recall": 0.7321428571428571, "Precision": 0.7321428571428571, "Cohen_Kappa": 0.4642857142857143, "AUC": 0.8066716269841269, "TP": 123, "TN": 123, "FP": 45, "FN": 45}, "test": {"ACC": 0.6913946587537092, "F1_Score": 0.6976744186046512, "Recall": 0.7100591715976331, "Precision": 0.6857142857142857, "Cohen_Kappa": 0.382718658635387, "AUC": 0.7549133558748943, "TP": 120, "TN": 113, "FP": 55, "FN": 49}}}