{"OVR": {"valid": {"ACC": 0.703862660944206, "F1_Score": 0.6986899563318778, "Recall": 0.6837606837606838, "Precision": 0.7142857142857143, "Cohen_Kappa": 0.40782349257799544, "AUC": 0.7415266725611552, "TP": 80, "TN": 84, "FP": 32, "FN": 37}, "test": {"ACC": 0.7435897435897436, "F1_Score": 0.7413793103448275, "Recall": 0.7350427350427351, "Precision": 0.7478260869565218, "Cohen_Kappa": 0.4871794871794872, "AUC": 0.7915114325370736, "TP": 86, "TN": 88, "FP": 29, "FN": 31}}, "KNB": {"valid": {"ACC": 0.6781115879828327, "F1_Score": 0.6575342465753424, "Recall": 0.6153846153846154, "Precision": 0.7058823529411765, "Cohen_Kappa": 0.35656688390588753, "AUC": 0.7462054229295609, "TP": 72, "TN": 86, "FP": 30, "FN": 45}, "test": {"ACC": 0.7094017094017094, "F1_Score": 0.6851851851851852, "Recall": 0.6324786324786325, "Precision": 0.7474747474747475, "Cohen_Kappa": 0.41880341880341876, "AUC": 0.784571553802323, "TP": 74, "TN": 92, "FP": 25, "FN": 43}}, "DT": {"valid": {"ACC": 0.6008583690987125, "F1_Score": 0.617283950617284, "Recall": 0.6410256410256411, "Precision": 0.5952380952380952, "Cohen_Kappa": 0.20143725815367608, "AUC": 0.5944960212201591, "TP": 75, "TN": 65, "FP": 51, "FN": 42}, "test": {"ACC": 0.6324786324786325, "F1_Score": 0.6446280991735537, "Recall": 0.6666666666666666, "Precision": 0.624, "Cohen_Kappa": 0.2649572649572649, "AUC": 0.6336109284827234, "TP": 78, "TN": 70, "FP": 47, "FN": 39}}, "MNB": {"valid": {"ACC": 0.6609442060085837, "F1_Score": 0.658008658008658, "Recall": 0.6495726495726496, "Precision": 0.6666666666666666, "Cohen_Kappa": 0.32195086013187457, "AUC": 0.7066018272914825, "TP": 76, "TN": 78, "FP": 38, "FN": 41}, "test": {"ACC": 0.7094017094017094, "F1_Score": 0.7235772357723578, "Recall": 0.7606837606837606, "Precision": 0.689922480620155, "Cohen_Kappa": 0.41880341880341876, "AUC": 0.7906348162758419, "TP": 89, "TN": 77, "FP": 40, "FN": 28}}, "RF": {"valid": {"ACC": 0.721030042918455, "F1_Score": 0.7257383966244726, "Recall": 0.7350427350427351, "Precision": 0.7166666666666667, "Cohen_Kappa": 0.4419881360303599, "AUC": 0.759983790156204, "TP": 86, "TN": 82, "FP": 34, "FN": 31}, "test": {"ACC": 0.7478632478632479, "F1_Score": 0.7467811158798283, "Recall": 0.7435897435897436, "Precision": 0.75, "Cohen_Kappa": 0.49572649572649574, "AUC": 0.8133537877127621, "TP": 87, "TN": 88, "FP": 29, "FN": 30}}, "ADA": {"valid": {"ACC": 0.7339055793991416, "F1_Score": 0.7327586206896552, "Recall": 0.7264957264957265, "Precision": 0.7391304347826086, "Cohen_Kappa": 0.46784056582921973, "AUC": 0.8001031535514294, "TP": 85, "TN": 86, "FP": 30, "FN": 32}, "test": {"ACC": 0.7094017094017094, "F1_Score": 0.7118644067796611, "Recall": 0.717948717948718, "Precision": 0.7058823529411765, "Cohen_Kappa": 0.41880341880341876, "AUC": 0.7954562057126159, "TP": 84, "TN": 82, "FP": 35, "FN": 33}}, "XGB": {"valid": {"ACC": 0.7467811158798283, "F1_Score": 0.7400881057268722, "Recall": 0.717948717948718, "Precision": 0.7636363636363637, "Cohen_Kappa": 0.49368347390519685, "AUC": 0.7903035661656351, "TP": 84, "TN": 90, "FP": 26, "FN": 33}, "test": {"ACC": 0.7393162393162394, "F1_Score": 0.7489711934156379, "Recall": 0.7777777777777778, "Precision": 0.7222222222222222, "Cohen_Kappa": 0.4786324786324786, "AUC": 0.8246036963985682, "TP": 91, "TN": 82, "FP": 35, "FN": 26}}, "MLP": {"valid": {"ACC": 0.7253218884120172, "F1_Score": 0.7241379310344828, "Recall": 0.717948717948718, "Precision": 0.7304347826086957, "Cohen_Kappa": 0.450674132468872, "AUC": 0.7830091364574123, "TP": 84, "TN": 85, "FP": 31, "FN": 33}, "test": {"ACC": 0.7393162393162394, "F1_Score": 0.7426160337552742, "Recall": 0.7521367521367521, "Precision": 0.7333333333333333, "Cohen_Kappa": 0.4786324786324786, "AUC": 0.8205128205128205, "TP": 88, "TN": 85, "FP": 32, "FN": 29}}, "LR": {"valid": {"ACC": 0.703862660944206, "F1_Score": 0.6986899563318778, "Recall": 0.6837606837606838, "Precision": 0.7142857142857143, "Cohen_Kappa": 0.40782349257799544, "AUC": 0.7415266725611552, "TP": 80, "TN": 84, "FP": 32, "FN": 37}, "test": {"ACC": 0.7435897435897436, "F1_Score": 0.7413793103448275, "Recall": 0.7350427350427351, "Precision": 0.7478260869565218, "Cohen_Kappa": 0.4871794871794872, "AUC": 0.7915114325370736, "TP": 86, "TN": 88, "FP": 29, "FN": 31}}, "ETAs": {"valid": {"ACC": 0.721030042918455, "F1_Score": 0.7302904564315353, "Recall": 0.7521367521367521, "Precision": 0.7096774193548387, "Cohen_Kappa": 0.44190588495412164, "AUC": 0.7574786324786326, "TP": 88, "TN": 80, "FP": 36, "FN": 29}, "test": {"ACC": 0.7478632478632479, "F1_Score": 0.7551867219917012, "Recall": 0.7777777777777778, "Precision": 0.7338709677419355, "Cohen_Kappa": 0.49572649572649574, "AUC": 0.8059756008473958, "TP": 91, "TN": 84, "FP": 33, "FN": 26}}, "CNB": {"valid": {"ACC": 0.6609442060085837, "F1_Score": 0.658008658008658, "Recall": 0.6495726495726496, "Precision": 0.6666666666666666, "Cohen_Kappa": 0.32195086013187457, "AUC": 0.7066018272914825, "TP": 76, "TN": 78, "FP": 38, "FN": 41}, "test": {"ACC": 0.7094017094017094, "F1_Score": 0.7235772357723578, "Recall": 0.7606837606837606, "Precision": 0.689922480620155, "Cohen_Kappa": 0.41880341880341876, "AUC": 0.7906348162758419, "TP": 89, "TN": 77, "FP": 40, "FN": 28}}, "GB": {"valid": {"ACC": 0.7339055793991416, "F1_Score": 0.7394957983193278, "Recall": 0.7521367521367521, "Precision": 0.7272727272727273, "Cohen_Kappa": 0.467722918201916, "AUC": 0.8008399646330681, "TP": 88, "TN": 83, "FP": 33, "FN": 29}, "test": {"ACC": 0.7777777777777778, "F1_Score": 0.7868852459016393, "Recall": 0.8205128205128205, "Precision": 0.7559055118110236, "Cohen_Kappa": 0.5555555555555556, "AUC": 0.8386295565782746, "TP": 96, "TN": 86, "FP": 31, "FN": 21}}, "BAG": {"valid": {"ACC": 0.6523605150214592, "F1_Score": 0.643171806167401, "Recall": 0.6239316239316239, "Precision": 0.6636363636363637, "Cohen_Kappa": 0.3048874811240838, "AUC": 0.6931181844974948, "TP": 73, "TN": 79, "FP": 37, "FN": 44}, "test": {"ACC": 0.7222222222222222, "F1_Score": 0.7085201793721974, "Recall": 0.6752136752136753, "Precision": 0.7452830188679245, "Cohen_Kappa": 0.4444444444444444, "AUC": 0.7958214624881291, "TP": 79, "TN": 90, "FP": 27, "FN": 38}}, "QDA": {"valid": {"ACC": 0.5708154506437768, "F1_Score": 0.39759036144578314, "Recall": 0.28205128205128205, "Precision": 0.673469387755102, "Cohen_Kappa": 0.1437601058356608, "AUC": 0.5720601237842616, "TP": 33, "TN": 100, "FP": 16, "FN": 84}, "test": {"ACC": 0.5470085470085471, "F1_Score": 0.369047619047619, "Recall": 0.26495726495726496, "Precision": 0.6078431372549019, "Cohen_Kappa": 0.09401709401709402, "AUC": 0.547008547008547, "TP": 31, "TN": 97, "FP": 20, "FN": 86}}, "SVC": {"valid": {"ACC": 0.7381974248927039, "F1_Score": 0.7404255319148937, "Recall": 0.7435897435897436, "Precision": 0.7372881355932204, "Cohen_Kappa": 0.47636591386361127, "AUC": 0.7908930150309461, "TP": 87, "TN": 85, "FP": 31, "FN": 30}, "test": {"ACC": 0.7435897435897436, "F1_Score": 0.7413793103448275, "Recall": 0.7350427350427351, "Precision": 0.7478260869565218, "Cohen_Kappa": 0.4871794871794872, "AUC": 0.8292059317700343, "TP": 86, "TN": 88, "FP": 29, "FN": 31}}}