{"OVR": {"valid": {"ACC": 0.6781609195402298, "F1_Score": 0.7021276595744682, "Recall": 0.7674418604651163, "Precision": 0.6470588235294118, "Cohen_Kappa": 0.3575949367088608, "AUC": 0.7209302325581396, "TP": 33, "TN": 26, "FP": 18, "FN": 10}, "test": {"ACC": 0.6206896551724138, "F1_Score": 0.611764705882353, "Recall": 0.5909090909090909, "Precision": 0.6341463414634146, "Cohen_Kappa": 0.24188011618695537, "AUC": 0.6656976744186046, "TP": 26, "TN": 28, "FP": 15, "FN": 18}}, "KNB": {"valid": {"ACC": 0.632183908045977, "F1_Score": 0.6799999999999999, "Recall": 0.7906976744186046, "Precision": 0.5964912280701754, "Cohen_Kappa": 0.2669826224328594, "AUC": 0.7093023255813953, "TP": 34, "TN": 21, "FP": 23, "FN": 9}, "test": {"ACC": 0.7126436781609196, "F1_Score": 0.7422680412371134, "Recall": 0.8181818181818182, "Precision": 0.6792452830188679, "Cohen_Kappa": 0.42384105960264895, "AUC": 0.6894820295983087, "TP": 36, "TN": 26, "FP": 17, "FN": 8}}, "DT": {"valid": {"ACC": 0.6551724137931034, "F1_Score": 0.6511627906976745, "Recall": 0.6511627906976745, "Precision": 0.6511627906976745, "Cohen_Kappa": 0.3102536997885835, "AUC": 0.6551268498942918, "TP": 28, "TN": 29, "FP": 15, "FN": 15}, "test": {"ACC": 0.6551724137931034, "F1_Score": 0.6511627906976744, "Recall": 0.6363636363636364, "Precision": 0.6666666666666666, "Cohen_Kappa": 0.3106180665610142, "AUC": 0.6553911205073994, "TP": 28, "TN": 29, "FP": 14, "FN": 16}}, "MNB": {"valid": {"ACC": 0.6091954022988506, "F1_Score": 0.66, "Recall": 0.7674418604651163, "Precision": 0.5789473684210527, "Cohen_Kappa": 0.22116903633491314, "AUC": 0.6601479915433404, "TP": 33, "TN": 20, "FP": 24, "FN": 10}, "test": {"ACC": 0.5747126436781609, "F1_Score": 0.6105263157894737, "Recall": 0.6590909090909091, "Precision": 0.5686274509803921, "Cohen_Kappa": 0.14773629864972204, "AUC": 0.6545983086680761, "TP": 29, "TN": 21, "FP": 22, "FN": 15}}, "RF": {"valid": {"ACC": 0.7126436781609196, "F1_Score": 0.7422680412371134, "Recall": 0.8372093023255814, "Precision": 0.6666666666666666, "Cohen_Kappa": 0.4268774703557312, "AUC": 0.7679704016913319, "TP": 36, "TN": 26, "FP": 18, "FN": 7}, "test": {"ACC": 0.6206896551724138, "F1_Score": 0.6292134831460675, "Recall": 0.6363636363636364, "Precision": 0.6222222222222222, "Cohen_Kappa": 0.24107850911974626, "AUC": 0.6540697674418604, "TP": 28, "TN": 26, "FP": 17, "FN": 16}}, "ADA": {"valid": {"ACC": 0.6896551724137931, "F1_Score": 0.7272727272727273, "Recall": 0.8372093023255814, "Precision": 0.6428571428571429, "Cohen_Kappa": 0.3813537002897024, "AUC": 0.7864693446088795, "TP": 36, "TN": 24, "FP": 20, "FN": 7}, "test": {"ACC": 0.5862068965517241, "F1_Score": 0.6, "Recall": 0.6136363636363636, "Precision": 0.5869565217391305, "Cohen_Kappa": 0.17186673717609724, "AUC": 0.6450845665961945, "TP": 27, "TN": 24, "FP": 19, "FN": 17}}, "XGB": {"valid": {"ACC": 0.7126436781609196, "F1_Score": 0.7252747252747254, "Recall": 0.7674418604651163, "Precision": 0.6875, "Cohen_Kappa": 0.4259699129057799, "AUC": 0.7774841437632136, "TP": 33, "TN": 29, "FP": 15, "FN": 10}, "test": {"ACC": 0.6206896551724138, "F1_Score": 0.6206896551724139, "Recall": 0.6136363636363636, "Precision": 0.627906976744186, "Cohen_Kappa": 0.24147952443857335, "AUC": 0.697938689217759, "TP": 27, "TN": 27, "FP": 16, "FN": 17}}, "MLP": {"valid": {"ACC": 0.6206896551724138, "F1_Score": 0.6796116504854369, "Recall": 0.813953488372093, "Precision": 0.5833333333333334, "Cohen_Kappa": 0.244672454617206, "AUC": 0.7626849894291755, "TP": 35, "TN": 19, "FP": 25, "FN": 8}, "test": {"ACC": 0.6436781609195402, "F1_Score": 0.6736842105263158, "Recall": 0.7272727272727273, "Precision": 0.6274509803921569, "Cohen_Kappa": 0.2859412231930104, "AUC": 0.6868393234672304, "TP": 32, "TN": 24, "FP": 19, "FN": 12}}, "LR": {"valid": {"ACC": 0.6781609195402298, "F1_Score": 0.7021276595744682, "Recall": 0.7674418604651163, "Precision": 0.6470588235294118, "Cohen_Kappa": 0.3575949367088608, "AUC": 0.7209302325581396, "TP": 33, "TN": 26, "FP": 18, "FN": 10}, "test": {"ACC": 0.6206896551724138, "F1_Score": 0.611764705882353, "Recall": 0.5909090909090909, "Precision": 0.6341463414634146, "Cohen_Kappa": 0.24188011618695537, "AUC": 0.6656976744186046, "TP": 26, "TN": 28, "FP": 15, "FN": 18}}, "ETAs": {"valid": {"ACC": 0.7586206896551724, "F1_Score": 0.7741935483870969, "Recall": 0.8372093023255814, "Precision": 0.72, "Cohen_Kappa": 0.5180691110524928, "AUC": 0.8195031712473573, "TP": 36, "TN": 30, "FP": 14, "FN": 7}, "test": {"ACC": 0.6551724137931034, "F1_Score": 0.6511627906976744, "Recall": 0.6363636363636364, "Precision": 0.6666666666666666, "Cohen_Kappa": 0.3106180665610142, "AUC": 0.6849894291754757, "TP": 28, "TN": 29, "FP": 14, "FN": 16}}, "CNB": {"valid": {"ACC": 0.6091954022988506, "F1_Score": 0.66, "Recall": 0.7674418604651163, "Precision": 0.5789473684210527, "Cohen_Kappa": 0.22116903633491314, "AUC": 0.6601479915433404, "TP": 33, "TN": 20, "FP": 24, "FN": 10}, "test": {"ACC": 0.5747126436781609, "F1_Score": 0.6105263157894737, "Recall": 0.6590909090909091, "Precision": 0.5686274509803921, "Cohen_Kappa": 0.14773629864972204, "AUC": 0.6545983086680761, "TP": 29, "TN": 21, "FP": 22, "FN": 15}}, "GB": {"valid": {"ACC": 0.6896551724137931, "F1_Score": 0.7032967032967034, "Recall": 0.7441860465116279, "Precision": 0.6666666666666666, "Cohen_Kappa": 0.3800475059382422, "AUC": 0.7653276955602536, "TP": 32, "TN": 28, "FP": 16, "FN": 11}, "test": {"ACC": 0.6436781609195402, "F1_Score": 0.651685393258427, "Recall": 0.6590909090909091, "Precision": 0.6444444444444445, "Cohen_Kappa": 0.28707375099127685, "AUC": 0.6984672304439746, "TP": 29, "TN": 27, "FP": 16, "FN": 15}}, "BAG": {"valid": {"ACC": 0.5862068965517241, "F1_Score": 0.5813953488372093, "Recall": 0.5813953488372093, "Precision": 0.5813953488372093, "Cohen_Kappa": 0.17230443974630028, "AUC": 0.6218287526427061, "TP": 25, "TN": 26, "FP": 18, "FN": 18}, "test": {"ACC": 0.5517241379310345, "F1_Score": 0.5301204819277109, "Recall": 0.5, "Precision": 0.5641025641025641, "Cohen_Kappa": 0.10451306413301653, "AUC": 0.6405919661733616, "TP": 22, "TN": 26, "FP": 17, "FN": 22}}, "QDA": {"valid": {"ACC": 0.5057471264367817, "F1_Score": 0.0, "Recall": 0.0, "Precision": 0.0, "Cohen_Kappa": 0.0, "AUC": 0.5, "TP": 0, "TN": 44, "FP": 0, "FN": 43}, "test": {"ACC": 0.4942528735632184, "F1_Score": 0.0, "Recall": 0.0, "Precision": 0.0, "Cohen_Kappa": 0.0, "AUC": 0.5, "TP": 0, "TN": 43, "FP": 0, "FN": 44}}, "SVC": {"valid": {"ACC": 0.7126436781609196, "F1_Score": 0.7474747474747474, "Recall": 0.8604651162790697, "Precision": 0.6607142857142857, "Cohen_Kappa": 0.42717935212009484, "AUC": 0.7862050739957718, "TP": 37, "TN": 25, "FP": 19, "FN": 6}, "test": {"ACC": 0.6206896551724138, "F1_Score": 0.6373626373626374, "Recall": 0.6590909090909091, "Precision": 0.6170212765957447, "Cohen_Kappa": 0.2406770695583179, "AUC": 0.677061310782241, "TP": 29, "TN": 25, "FP": 18, "FN": 15}}}