{"OVR": {"valid": {"ACC": 0.5945945945945946, "F1_Score": 0.6, "Recall": 0.6081081081081081, "Precision": 0.5921052631578947, "Cohen_Kappa": 0.18918918918918914, "AUC": 0.6391526661796931, "TP": 45, "TN": 43, "FP": 31, "FN": 29}, "test": {"ACC": 0.5838926174496645, "F1_Score": 0.6075949367088608, "Recall": 0.64, "Precision": 0.5783132530120482, "Cohen_Kappa": 0.16714749368914528, "AUC": 0.5812612612612612, "TP": 48, "TN": 39, "FP": 35, "FN": 27}}, "KNB": {"valid": {"ACC": 0.5878378378378378, "F1_Score": 0.5481481481481482, "Recall": 0.5, "Precision": 0.6065573770491803, "Cohen_Kappa": 0.17567567567567566, "AUC": 0.6302045288531775, "TP": 37, "TN": 50, "FP": 24, "FN": 37}, "test": {"ACC": 0.5838926174496645, "F1_Score": 0.5810810810810811, "Recall": 0.5733333333333334, "Precision": 0.589041095890411, "Cohen_Kappa": 0.16789767609439732, "AUC": 0.6038738738738739, "TP": 43, "TN": 44, "FP": 30, "FN": 32}}, "DT": {"valid": {"ACC": 0.5945945945945946, "F1_Score": 0.5774647887323944, "Recall": 0.5540540540540541, "Precision": 0.6029411764705882, "Cohen_Kappa": 0.18918918918918914, "AUC": 0.5945945945945945, "TP": 41, "TN": 47, "FP": 27, "FN": 33}, "test": {"ACC": 0.5033557046979866, "F1_Score": 0.5194805194805195, "Recall": 0.5333333333333333, "Precision": 0.5063291139240507, "Cohen_Kappa": 0.006308579668348857, "AUC": 0.5031531531531531, "TP": 40, "TN": 35, "FP": 39, "FN": 35}}, "MNB": {"valid": {"ACC": 0.5608108108108109, "F1_Score": 0.6107784431137725, "Recall": 0.6891891891891891, "Precision": 0.5483870967741935, "Cohen_Kappa": 0.1216216216216216, "AUC": 0.6413440467494521, "TP": 51, "TN": 32, "FP": 42, "FN": 23}, "test": {"ACC": 0.5973154362416108, "F1_Score": 0.6666666666666666, "Recall": 0.8, "Precision": 0.5714285714285714, "Cohen_Kappa": 0.19241192411924113, "AUC": 0.6127927927927928, "TP": 60, "TN": 29, "FP": 45, "FN": 15}}, "RF": {"valid": {"ACC": 0.6418918918918919, "F1_Score": 0.5826771653543307, "Recall": 0.5, "Precision": 0.6981132075471698, "Cohen_Kappa": 0.28378378378378377, "AUC": 0.6822498173849525, "TP": 37, "TN": 58, "FP": 16, "FN": 37}, "test": {"ACC": 0.610738255033557, "F1_Score": 0.6081081081081081, "Recall": 0.6, "Precision": 0.6164383561643836, "Cohen_Kappa": 0.22158169699153307, "AUC": 0.6636936936936937, "TP": 45, "TN": 46, "FP": 28, "FN": 30}}, "ADA": {"valid": {"ACC": 0.5743243243243243, "F1_Score": 0.5827814569536424, "Recall": 0.5945945945945946, "Precision": 0.5714285714285714, "Cohen_Kappa": 0.14864864864864868, "AUC": 0.5940467494521547, "TP": 44, "TN": 41, "FP": 33, "FN": 30}, "test": {"ACC": 0.6040268456375839, "F1_Score": 0.609271523178808, "Recall": 0.6133333333333333, "Precision": 0.6052631578947368, "Cohen_Kappa": 0.20794666186142896, "AUC": 0.5805405405405406, "TP": 46, "TN": 44, "FP": 30, "FN": 29}}, "XGB": {"valid": {"ACC": 0.6013513513513513, "F1_Score": 0.5693430656934306, "Recall": 0.527027027027027, "Precision": 0.6190476190476191, "Cohen_Kappa": 0.20270270270270274, "AUC": 0.6612490869247627, "TP": 39, "TN": 50, "FP": 24, "FN": 35}, "test": {"ACC": 0.5771812080536913, "F1_Score": 0.5882352941176471, "Recall": 0.6, "Precision": 0.5769230769230769, "Cohen_Kappa": 0.15409570154095698, "AUC": 0.6232432432432432, "TP": 45, "TN": 41, "FP": 33, "FN": 30}}, "MLP": {"valid": {"ACC": 0.5878378378378378, "F1_Score": 0.6013071895424836, "Recall": 0.6216216216216216, "Precision": 0.5822784810126582, "Cohen_Kappa": 0.17567567567567566, "AUC": 0.6599707815924032, "TP": 46, "TN": 41, "FP": 33, "FN": 28}, "test": {"ACC": 0.6040268456375839, "F1_Score": 0.638036809815951, "Recall": 0.6933333333333334, "Precision": 0.5909090909090909, "Cohen_Kappa": 0.2070893839632001, "AUC": 0.6315315315315315, "TP": 52, "TN": 38, "FP": 36, "FN": 23}}, "LR": {"valid": {"ACC": 0.5945945945945946, "F1_Score": 0.6, "Recall": 0.6081081081081081, "Precision": 0.5921052631578947, "Cohen_Kappa": 0.18918918918918914, "AUC": 0.6391526661796931, "TP": 45, "TN": 43, "FP": 31, "FN": 29}, "test": {"ACC": 0.5838926174496645, "F1_Score": 0.6075949367088608, "Recall": 0.64, "Precision": 0.5783132530120482, "Cohen_Kappa": 0.16714749368914528, "AUC": 0.5812612612612612, "TP": 48, "TN": 39, "FP": 35, "FN": 27}}, "ETAs": {"valid": {"ACC": 0.6283783783783784, "F1_Score": 0.5864661654135338, "Recall": 0.527027027027027, "Precision": 0.6610169491525424, "Cohen_Kappa": 0.2567567567567568, "AUC": 0.6750365230094959, "TP": 39, "TN": 54, "FP": 20, "FN": 35}, "test": {"ACC": 0.5838926174496645, "F1_Score": 0.5974025974025974, "Recall": 0.6133333333333333, "Precision": 0.5822784810126582, "Cohen_Kappa": 0.16744772891131932, "AUC": 0.6602702702702703, "TP": 46, "TN": 41, "FP": 33, "FN": 29}}, "CNB": {"valid": {"ACC": 0.5608108108108109, "F1_Score": 0.6107784431137725, "Recall": 0.6891891891891891, "Precision": 0.5483870967741935, "Cohen_Kappa": 0.1216216216216216, "AUC": 0.6413440467494521, "TP": 51, "TN": 32, "FP": 42, "FN": 23}, "test": {"ACC": 0.5973154362416108, "F1_Score": 0.6666666666666666, "Recall": 0.8, "Precision": 0.5714285714285714, "Cohen_Kappa": 0.19241192411924113, "AUC": 0.6127927927927928, "TP": 60, "TN": 29, "FP": 45, "FN": 15}}, "GB": {"valid": {"ACC": 0.6081081081081081, "F1_Score": 0.5735294117647058, "Recall": 0.527027027027027, "Precision": 0.6290322580645161, "Cohen_Kappa": 0.21621621621621623, "AUC": 0.6544923301680058, "TP": 39, "TN": 51, "FP": 23, "FN": 35}, "test": {"ACC": 0.5637583892617449, "F1_Score": 0.563758389261745, "Recall": 0.56, "Precision": 0.5675675675675675, "Cohen_Kappa": 0.1275560760291865, "AUC": 0.6021621621621621, "TP": 42, "TN": 42, "FP": 32, "FN": 33}}, "BAG": {"valid": {"ACC": 0.6013513513513513, "F1_Score": 0.528, "Recall": 0.44594594594594594, "Precision": 0.6470588235294118, "Cohen_Kappa": 0.20270270270270274, "AUC": 0.6530314097881665, "TP": 33, "TN": 56, "FP": 18, "FN": 41}, "test": {"ACC": 0.5973154362416108, "F1_Score": 0.5454545454545454, "Recall": 0.48, "Precision": 0.631578947368421, "Cohen_Kappa": 0.19589854290339992, "AUC": 0.6211711711711712, "TP": 36, "TN": 53, "FP": 21, "FN": 39}}, "QDA": {"valid": {"ACC": 0.5, "F1_Score": 0.0, "Recall": 0.0, "Precision": 0.0, "Cohen_Kappa": 0.0, "AUC": 0.5, "TP": 0, "TN": 74, "FP": 0, "FN": 74}, "test": {"ACC": 0.4966442953020134, "F1_Score": 0.0, "Recall": 0.0, "Precision": 0.0, "Cohen_Kappa": 0.0, "AUC": 0.5, "TP": 0, "TN": 74, "FP": 0, "FN": 75}}, "SVC": {"valid": {"ACC": 0.6148648648648649, "F1_Score": 0.5777777777777778, "Recall": 0.527027027027027, "Precision": 0.639344262295082, "Cohen_Kappa": 0.22972972972972971, "AUC": 0.6940284879474068, "TP": 39, "TN": 52, "FP": 22, "FN": 35}, "test": {"ACC": 0.5771812080536913, "F1_Score": 0.5987261146496816, "Recall": 0.6266666666666667, "Precision": 0.573170731707317, "Cohen_Kappa": 0.15379067880645447, "AUC": 0.6433333333333333, "TP": 47, "TN": 39, "FP": 35, "FN": 28}}}