{"OVR": {"valid": {"ACC": 0.7450199203187251, "F1_Score": 0.744, "Recall": 0.7380952380952381, "Precision": 0.75, "Cohen_Kappa": 0.49006412291283097, "AUC": 0.8002857142857143, "TP": 93, "TN": 94, "FP": 31, "FN": 33}, "test": {"ACC": 0.7023809523809523, "F1_Score": 0.6987951807228916, "Recall": 0.6904761904761905, "Precision": 0.7073170731707317, "Cohen_Kappa": 0.40476190476190477, "AUC": 0.7708490803728899, "TP": 87, "TN": 90, "FP": 36, "FN": 39}}, "KNB": {"valid": {"ACC": 0.7529880478087649, "F1_Score": 0.7615384615384615, "Recall": 0.7857142857142857, "Precision": 0.7388059701492538, "Cohen_Kappa": 0.5058427537152292, "AUC": 0.8018730158730158, "TP": 99, "TN": 90, "FP": 35, "FN": 27}, "test": {"ACC": 0.6865079365079365, "F1_Score": 0.6721991701244814, "Recall": 0.6428571428571429, "Precision": 0.7043478260869566, "Cohen_Kappa": 0.373015873015873, "AUC": 0.7577160493827161, "TP": 81, "TN": 92, "FP": 34, "FN": 45}}, "DT": {"valid": {"ACC": 0.6693227091633466, "F1_Score": 0.6693227091633466, "Recall": 0.6666666666666666, "Precision": 0.672, "Cohen_Kappa": 0.33865591568521636, "AUC": 0.6679999999999999, "TP": 84, "TN": 84, "FP": 41, "FN": 42}, "test": {"ACC": 0.626984126984127, "F1_Score": 0.6240000000000001, "Recall": 0.6190476190476191, "Precision": 0.6290322580645161, "Cohen_Kappa": 0.25396825396825395, "AUC": 0.626984126984127, "TP": 78, "TN": 80, "FP": 46, "FN": 48}}, "MNB": {"valid": {"ACC": 0.7250996015936255, "F1_Score": 0.7294117647058824, "Recall": 0.7380952380952381, "Precision": 0.7209302325581395, "Cohen_Kappa": 0.45013810839127544, "AUC": 0.7773650793650794, "TP": 93, "TN": 89, "FP": 36, "FN": 33}, "test": {"ACC": 0.6507936507936508, "F1_Score": 0.6716417910447761, "Recall": 0.7142857142857143, "Precision": 0.6338028169014085, "Cohen_Kappa": 0.3015873015873016, "AUC": 0.723418997228521, "TP": 90, "TN": 74, "FP": 52, "FN": 36}}, "RF": {"valid": {"ACC": 0.7768924302788844, "F1_Score": 0.7846153846153846, "Recall": 0.8095238095238095, "Precision": 0.7611940298507462, "Cohen_Kappa": 0.5536644227105296, "AUC": 0.843968253968254, "TP": 102, "TN": 93, "FP": 32, "FN": 24}, "test": {"ACC": 0.7023809523809523, "F1_Score": 0.714828897338403, "Recall": 0.746031746031746, "Precision": 0.6861313868613139, "Cohen_Kappa": 0.40476190476190477, "AUC": 0.7727072310405644, "TP": 94, "TN": 83, "FP": 43, "FN": 32}}, "ADA": {"valid": {"ACC": 0.6932270916334662, "F1_Score": 0.6956521739130436, "Recall": 0.6984126984126984, "Precision": 0.6929133858267716, "Cohen_Kappa": 0.3864249658719324, "AUC": 0.7635873015873016, "TP": 88, "TN": 86, "FP": 39, "FN": 38}, "test": {"ACC": 0.6865079365079365, "F1_Score": 0.6827309236947791, "Recall": 0.6746031746031746, "Precision": 0.6910569105691057, "Cohen_Kappa": 0.373015873015873, "AUC": 0.754472159234064, "TP": 85, "TN": 88, "FP": 38, "FN": 41}}, "XGB": {"valid": {"ACC": 0.7609561752988048, "F1_Score": 0.7656250000000001, "Recall": 0.7777777777777778, "Precision": 0.7538461538461538, "Cohen_Kappa": 0.5218440436880873, "AUC": 0.8577460317460317, "TP": 98, "TN": 93, "FP": 32, "FN": 28}, "test": {"ACC": 0.7063492063492064, "F1_Score": 0.7153846153846155, "Recall": 0.7380952380952381, "Precision": 0.6940298507462687, "Cohen_Kappa": 0.4126984126984127, "AUC": 0.8029100529100529, "TP": 93, "TN": 85, "FP": 41, "FN": 33}}, "MLP": {"valid": {"ACC": 0.7569721115537849, "F1_Score": 0.7569721115537849, "Recall": 0.753968253968254, "Precision": 0.76, "Cohen_Kappa": 0.5139519380337132, "AUC": 0.8289206349206351, "TP": 95, "TN": 95, "FP": 30, "FN": 31}, "test": {"ACC": 0.7103174603174603, "F1_Score": 0.7159533073929961, "Recall": 0.7301587301587301, "Precision": 0.7022900763358778, "Cohen_Kappa": 0.4206349206349206, "AUC": 0.791509196271101, "TP": 92, "TN": 87, "FP": 39, "FN": 34}}, "LR": {"valid": {"ACC": 0.7450199203187251, "F1_Score": 0.744, "Recall": 0.7380952380952381, "Precision": 0.75, "Cohen_Kappa": 0.49006412291283097, "AUC": 0.8002857142857143, "TP": 93, "TN": 94, "FP": 31, "FN": 33}, "test": {"ACC": 0.7023809523809523, "F1_Score": 0.6987951807228916, "Recall": 0.6904761904761905, "Precision": 0.7073170731707317, "Cohen_Kappa": 0.40476190476190477, "AUC": 0.7708490803728899, "TP": 87, "TN": 90, "FP": 36, "FN": 39}}, "ETAs": {"valid": {"ACC": 0.7768924302788844, "F1_Score": 0.7829457364341086, "Recall": 0.8015873015873016, "Precision": 0.7651515151515151, "Cohen_Kappa": 0.5536927668762304, "AUC": 0.8327936507936508, "TP": 101, "TN": 94, "FP": 31, "FN": 25}, "test": {"ACC": 0.7182539682539683, "F1_Score": 0.725868725868726, "Recall": 0.746031746031746, "Precision": 0.706766917293233, "Cohen_Kappa": 0.4365079365079365, "AUC": 0.7898715041572184, "TP": 94, "TN": 87, "FP": 39, "FN": 32}}, "CNB": {"valid": {"ACC": 0.7250996015936255, "F1_Score": 0.7294117647058824, "Recall": 0.7380952380952381, "Precision": 0.7209302325581395, "Cohen_Kappa": 0.45013810839127544, "AUC": 0.7773650793650794, "TP": 93, "TN": 89, "FP": 36, "FN": 33}, "test": {"ACC": 0.6507936507936508, "F1_Score": 0.6716417910447761, "Recall": 0.7142857142857143, "Precision": 0.6338028169014085, "Cohen_Kappa": 0.3015873015873016, "AUC": 0.723418997228521, "TP": 90, "TN": 74, "FP": 52, "FN": 36}}, "GB": {"valid": {"ACC": 0.7450199203187251, "F1_Score": 0.746031746031746, "Recall": 0.746031746031746, "Precision": 0.746031746031746, "Cohen_Kappa": 0.49003174603174604, "AUC": 0.8399047619047618, "TP": 94, "TN": 93, "FP": 32, "FN": 32}, "test": {"ACC": 0.7063492063492064, "F1_Score": 0.7153846153846155, "Recall": 0.7380952380952381, "Precision": 0.6940298507462687, "Cohen_Kappa": 0.4126984126984127, "AUC": 0.7920131015369111, "TP": 93, "TN": 85, "FP": 41, "FN": 33}}, "BAG": {"valid": {"ACC": 0.6932270916334662, "F1_Score": 0.6751054852320675, "Recall": 0.6349206349206349, "Precision": 0.7207207207207207, "Cohen_Kappa": 0.38673647469458994, "AUC": 0.7805079365079365, "TP": 80, "TN": 94, "FP": 31, "FN": 46}, "test": {"ACC": 0.6904761904761905, "F1_Score": 0.680327868852459, "Recall": 0.6587301587301587, "Precision": 0.7033898305084746, "Cohen_Kappa": 0.38095238095238093, "AUC": 0.7413706223230032, "TP": 83, "TN": 91, "FP": 35, "FN": 43}}, "QDA": {"valid": {"ACC": 0.6254980079681275, "F1_Score": 0.5392156862745099, "Recall": 0.4365079365079365, "Precision": 0.7051282051282052, "Cohen_Kappa": 0.2521237479396474, "AUC": 0.6262539682539683, "TP": 55, "TN": 102, "FP": 23, "FN": 71}, "test": {"ACC": 0.6150793650793651, "F1_Score": 0.49214659685863865, "Recall": 0.373015873015873, "Precision": 0.7230769230769231, "Cohen_Kappa": 0.23015873015873012, "AUC": 0.6150793650793652, "TP": 47, "TN": 108, "FP": 18, "FN": 79}}, "SVC": {"valid": {"ACC": 0.7370517928286853, "F1_Score": 0.7480916030534351, "Recall": 0.7777777777777778, "Precision": 0.7205882352941176, "Cohen_Kappa": 0.473928231184503, "AUC": 0.8496825396825396, "TP": 98, "TN": 87, "FP": 38, "FN": 28}, "test": {"ACC": 0.6825396825396826, "F1_Score": 0.6946564885496183, "Recall": 0.7222222222222222, "Precision": 0.6691176470588235, "Cohen_Kappa": 0.3650793650793651, "AUC": 0.7878558830939784, "TP": 91, "TN": 81, "FP": 45, "FN": 35}}}