{"OVR": {"valid": {"ACC": 0.6577946768060836, "F1_Score": 0.6590909090909092, "Recall": 0.6641221374045801, "Precision": 0.6541353383458647, "Cohen_Kappa": 0.3156190366044065, "AUC": 0.7057309738607449, "TP": 87, "TN": 86, "FP": 46, "FN": 44}, "test": {"ACC": 0.5741444866920152, "F1_Score": 0.5789473684210525, "Recall": 0.5833333333333334, "Precision": 0.5746268656716418, "Cohen_Kappa": 0.14822740153837244, "AUC": 0.5986005089058524, "TP": 77, "TN": 74, "FP": 57, "FN": 55}}, "KNB": {"valid": {"ACC": 0.6539923954372624, "F1_Score": 0.6403162055335968, "Recall": 0.6183206106870229, "Precision": 0.6639344262295082, "Cohen_Kappa": 0.3077946493130874, "AUC": 0.6845072866065233, "TP": 81, "TN": 91, "FP": 41, "FN": 50}, "test": {"ACC": 0.6273764258555133, "F1_Score": 0.6111111111111112, "Recall": 0.5833333333333334, "Precision": 0.6416666666666667, "Cohen_Kappa": 0.25500057810151466, "AUC": 0.6519199629886653, "TP": 77, "TN": 88, "FP": 43, "FN": 55}}, "DT": {"valid": {"ACC": 0.5285171102661597, "F1_Score": 0.5407407407407407, "Recall": 0.5572519083969466, "Precision": 0.5251798561151079, "Cohen_Kappa": 0.05723866790009258, "AUC": 0.5305343511450382, "TP": 73, "TN": 66, "FP": 66, "FN": 58}, "test": {"ACC": 0.5779467680608364, "F1_Score": 0.587360594795539, "Recall": 0.5984848484848485, "Precision": 0.5766423357664233, "Cohen_Kappa": 0.15575927586107174, "AUC": 0.5778683784408976, "TP": 79, "TN": 73, "FP": 58, "FN": 53}}, "MNB": {"valid": {"ACC": 0.6768060836501901, "F1_Score": 0.6768060836501901, "Recall": 0.6793893129770993, "Precision": 0.6742424242424242, "Cohen_Kappa": 0.3536215122162788, "AUC": 0.7495084432107333, "TP": 89, "TN": 89, "FP": 43, "FN": 42}, "test": {"ACC": 0.6501901140684411, "F1_Score": 0.6617647058823529, "Recall": 0.6818181818181818, "Precision": 0.6428571428571429, "Cohen_Kappa": 0.30020823692734844, "AUC": 0.6636016655100625, "TP": 90, "TN": 81, "FP": 50, "FN": 42}}, "RF": {"valid": {"ACC": 0.6692015209125475, "F1_Score": 0.6881720430107527, "Recall": 0.732824427480916, "Precision": 0.6486486486486487, "Cohen_Kappa": 0.33871853414641195, "AUC": 0.7421929215822346, "TP": 96, "TN": 80, "FP": 52, "FN": 35}, "test": {"ACC": 0.6121673003802282, "F1_Score": 0.6304347826086956, "Recall": 0.6590909090909091, "Precision": 0.6041666666666666, "Cohen_Kappa": 0.22405414786532452, "AUC": 0.6610860513532268, "TP": 87, "TN": 74, "FP": 57, "FN": 45}}, "ADA": {"valid": {"ACC": 0.623574144486692, "F1_Score": 0.6177606177606177, "Recall": 0.6106870229007634, "Precision": 0.625, "Cohen_Kappa": 0.2470720916110002, "AUC": 0.657442748091603, "TP": 80, "TN": 84, "FP": 48, "FN": 51}, "test": {"ACC": 0.5855513307984791, "F1_Score": 0.5855513307984791, "Recall": 0.5833333333333334, "Precision": 0.5877862595419847, "Cohen_Kappa": 0.17111464507734575, "AUC": 0.6143303261623873, "TP": 77, "TN": 77, "FP": 54, "FN": 55}}, "XGB": {"valid": {"ACC": 0.6577946768060836, "F1_Score": 0.6616541353383458, "Recall": 0.6717557251908397, "Precision": 0.6518518518518519, "Cohen_Kappa": 0.3156586099225165, "AUC": 0.7208246588017582, "TP": 88, "TN": 85, "FP": 47, "FN": 43}, "test": {"ACC": 0.6007604562737643, "F1_Score": 0.6263345195729538, "Recall": 0.6666666666666666, "Precision": 0.5906040268456376, "Cohen_Kappa": 0.20111667197037641, "AUC": 0.6394864677307425, "TP": 88, "TN": 70, "FP": 61, "FN": 44}}, "MLP": {"valid": {"ACC": 0.6577946768060836, "F1_Score": 0.6830985915492958, "Recall": 0.7404580152671756, "Precision": 0.6339869281045751, "Cohen_Kappa": 0.3160145639484482, "AUC": 0.732969003007171, "TP": 97, "TN": 76, "FP": 56, "FN": 34}, "test": {"ACC": 0.5779467680608364, "F1_Score": 0.6185567010309277, "Recall": 0.6818181818181818, "Precision": 0.5660377358490566, "Cohen_Kappa": 0.15522180744856318, "AUC": 0.631795049733981, "TP": 90, "TN": 62, "FP": 69, "FN": 42}}, "LR": {"valid": {"ACC": 0.6577946768060836, "F1_Score": 0.6590909090909092, "Recall": 0.6641221374045801, "Precision": 0.6541353383458647, "Cohen_Kappa": 0.3156190366044065, "AUC": 0.7057309738607449, "TP": 87, "TN": 86, "FP": 46, "FN": 44}, "test": {"ACC": 0.5741444866920152, "F1_Score": 0.5789473684210525, "Recall": 0.5833333333333334, "Precision": 0.5746268656716418, "Cohen_Kappa": 0.14822740153837244, "AUC": 0.5986005089058524, "TP": 77, "TN": 74, "FP": 57, "FN": 55}}, "ETAs": {"valid": {"ACC": 0.6920152091254753, "F1_Score": 0.7075812274368231, "Recall": 0.7480916030534351, "Precision": 0.6712328767123288, "Cohen_Kappa": 0.3842885632532732, "AUC": 0.7486120749479528, "TP": 98, "TN": 84, "FP": 48, "FN": 33}, "test": {"ACC": 0.6007604562737643, "F1_Score": 0.6236559139784946, "Recall": 0.6590909090909091, "Precision": 0.5918367346938775, "Cohen_Kappa": 0.2011628916080882, "AUC": 0.6380407124681934, "TP": 87, "TN": 71, "FP": 60, "FN": 45}}, "CNB": {"valid": {"ACC": 0.6768060836501901, "F1_Score": 0.6768060836501901, "Recall": 0.6793893129770993, "Precision": 0.6742424242424242, "Cohen_Kappa": 0.3536215122162788, "AUC": 0.7495084432107333, "TP": 89, "TN": 89, "FP": 43, "FN": 42}, "test": {"ACC": 0.6501901140684411, "F1_Score": 0.6617647058823529, "Recall": 0.6818181818181818, "Precision": 0.6428571428571429, "Cohen_Kappa": 0.30020823692734844, "AUC": 0.6636016655100625, "TP": 90, "TN": 81, "FP": 50, "FN": 42}}, "GB": {"valid": {"ACC": 0.6653992395437263, "F1_Score": 0.6716417910447762, "Recall": 0.6870229007633588, "Precision": 0.656934306569343, "Cohen_Kappa": 0.330904885805146, "AUC": 0.7401399491094148, "TP": 90, "TN": 85, "FP": 47, "FN": 41}, "test": {"ACC": 0.6197718631178707, "F1_Score": 0.6323529411764707, "Recall": 0.6515151515151515, "Precision": 0.6142857142857143, "Cohen_Kappa": 0.239356779268857, "AUC": 0.6756303492944713, "TP": 86, "TN": 77, "FP": 54, "FN": 46}}, "BAG": {"valid": {"ACC": 0.6311787072243346, "F1_Score": 0.6040816326530613, "Recall": 0.5648854961832062, "Precision": 0.6491228070175439, "Cohen_Kappa": 0.2619839731535858, "AUC": 0.690232477446218, "TP": 74, "TN": 92, "FP": 40, "FN": 57}, "test": {"ACC": 0.6007604562737643, "F1_Score": 0.5945945945945946, "Recall": 0.5833333333333334, "Precision": 0.6062992125984252, "Cohen_Kappa": 0.20162479400965627, "AUC": 0.6432165163081194, "TP": 77, "TN": 81, "FP": 50, "FN": 55}}, "QDA": {"valid": {"ACC": 0.5931558935361216, "F1_Score": 0.6219081272084805, "Recall": 0.6717557251908397, "Precision": 0.5789473684210527, "Cohen_Kappa": 0.1867938159225545, "AUC": 0.5934536201711774, "TP": 88, "TN": 68, "FP": 64, "FN": 43}, "test": {"ACC": 0.5665399239543726, "F1_Score": 0.6122448979591836, "Recall": 0.6818181818181818, "Precision": 0.5555555555555556, "Cohen_Kappa": 0.13231463795797882, "AUC": 0.5660999306037473, "TP": 90, "TN": 59, "FP": 72, "FN": 42}}, "SVC": {"valid": {"ACC": 0.6653992395437263, "F1_Score": 0.6666666666666666, "Recall": 0.6717557251908397, "Precision": 0.6616541353383458, "Cohen_Kappa": 0.3308275024576419, "AUC": 0.7652382604672681, "TP": 88, "TN": 87, "FP": 45, "FN": 43}, "test": {"ACC": 0.6692015209125475, "F1_Score": 0.66147859922179, "Recall": 0.6439393939393939, "Precision": 0.68, "Cohen_Kappa": 0.33852736260877114, "AUC": 0.700526254915568, "TP": 85, "TN": 91, "FP": 40, "FN": 47}}}