{"OVR": {"valid": {"ACC": 0.6666666666666666, "F1_Score": 0.6399999999999999, "Recall": 0.5925925925925926, "Precision": 0.6956521739130435, "Cohen_Kappa": 0.33333333333333337, "AUC": 0.7956104252400549, "TP": 16, "TN": 20, "FP": 7, "FN": 11}, "test": {"ACC": 0.7222222222222222, "F1_Score": 0.6938775510204083, "Recall": 0.6296296296296297, "Precision": 0.7727272727272727, "Cohen_Kappa": 0.4444444444444444, "AUC": 0.7681755829903978, "TP": 17, "TN": 22, "FP": 5, "FN": 10}}, "KNB": {"valid": {"ACC": 0.6111111111111112, "F1_Score": 0.5333333333333333, "Recall": 0.4444444444444444, "Precision": 0.6666666666666666, "Cohen_Kappa": 0.2222222222222222, "AUC": 0.6886145404663924, "TP": 12, "TN": 21, "FP": 6, "FN": 15}, "test": {"ACC": 0.7037037037037037, "F1_Score": 0.6666666666666666, "Recall": 0.5925925925925926, "Precision": 0.7619047619047619, "Cohen_Kappa": 0.40740740740740744, "AUC": 0.7736625514403291, "TP": 16, "TN": 22, "FP": 5, "FN": 11}}, "DT": {"valid": {"ACC": 0.5925925925925926, "F1_Score": 0.5217391304347826, "Recall": 0.4444444444444444, "Precision": 0.631578947368421, "Cohen_Kappa": 0.18518518518518523, "AUC": 0.5925925925925926, "TP": 12, "TN": 20, "FP": 7, "FN": 15}, "test": {"ACC": 0.5740740740740741, "F1_Score": 0.4888888888888889, "Recall": 0.4074074074074074, "Precision": 0.6111111111111112, "Cohen_Kappa": 0.14814814814814814, "AUC": 0.5740740740740741, "TP": 11, "TN": 20, "FP": 7, "FN": 16}}, "MNB": {"valid": {"ACC": 0.7592592592592593, "F1_Score": 0.7636363636363638, "Recall": 0.7777777777777778, "Precision": 0.75, "Cohen_Kappa": 0.5185185185185186, "AUC": 0.8436213991769547, "TP": 21, "TN": 20, "FP": 7, "FN": 6}, "test": {"ACC": 0.7222222222222222, "F1_Score": 0.7058823529411765, "Recall": 0.6666666666666666, "Precision": 0.75, "Cohen_Kappa": 0.4444444444444444, "AUC": 0.7777777777777778, "TP": 18, "TN": 21, "FP": 6, "FN": 9}}, "RF": {"valid": {"ACC": 0.6666666666666666, "F1_Score": 0.6399999999999999, "Recall": 0.5925925925925926, "Precision": 0.6956521739130435, "Cohen_Kappa": 0.33333333333333337, "AUC": 0.7407407407407407, "TP": 16, "TN": 20, "FP": 7, "FN": 11}, "test": {"ACC": 0.6666666666666666, "F1_Score": 0.6250000000000001, "Recall": 0.5555555555555556, "Precision": 0.7142857142857143, "Cohen_Kappa": 0.33333333333333337, "AUC": 0.7599451303155007, "TP": 15, "TN": 21, "FP": 6, "FN": 12}}, "ADA": {"valid": {"ACC": 0.6851851851851852, "F1_Score": 0.6792452830188679, "Recall": 0.6666666666666666, "Precision": 0.6923076923076923, "Cohen_Kappa": 0.37037037037037035, "AUC": 0.7928669410150891, "TP": 18, "TN": 19, "FP": 8, "FN": 9}, "test": {"ACC": 0.6481481481481481, "F1_Score": 0.5957446808510639, "Recall": 0.5185185185185185, "Precision": 0.7, "Cohen_Kappa": 0.2962962962962963, "AUC": 0.6680384087791494, "TP": 14, "TN": 21, "FP": 6, "FN": 13}}, "XGB": {"valid": {"ACC": 0.7222222222222222, "F1_Score": 0.6938775510204083, "Recall": 0.6296296296296297, "Precision": 0.7727272727272727, "Cohen_Kappa": 0.4444444444444444, "AUC": 0.7997256515775034, "TP": 17, "TN": 22, "FP": 5, "FN": 10}, "test": {"ACC": 0.6851851851851852, "F1_Score": 0.6666666666666667, "Recall": 0.6296296296296297, "Precision": 0.7083333333333334, "Cohen_Kappa": 0.37037037037037035, "AUC": 0.7517146776406035, "TP": 17, "TN": 20, "FP": 7, "FN": 10}}, "MLP": {"valid": {"ACC": 0.7037037037037037, "F1_Score": 0.68, "Recall": 0.6296296296296297, "Precision": 0.7391304347826086, "Cohen_Kappa": 0.40740740740740744, "AUC": 0.8257887517146776, "TP": 17, "TN": 21, "FP": 6, "FN": 10}, "test": {"ACC": 0.7592592592592593, "F1_Score": 0.7450980392156864, "Recall": 0.7037037037037037, "Precision": 0.7916666666666666, "Cohen_Kappa": 0.5185185185185186, "AUC": 0.7846364883401921, "TP": 19, "TN": 22, "FP": 5, "FN": 8}}, "LR": {"valid": {"ACC": 0.6666666666666666, "F1_Score": 0.6399999999999999, "Recall": 0.5925925925925926, "Precision": 0.6956521739130435, "Cohen_Kappa": 0.33333333333333337, "AUC": 0.7956104252400549, "TP": 16, "TN": 20, "FP": 7, "FN": 11}, "test": {"ACC": 0.7222222222222222, "F1_Score": 0.6938775510204083, "Recall": 0.6296296296296297, "Precision": 0.7727272727272727, "Cohen_Kappa": 0.4444444444444444, "AUC": 0.7681755829903978, "TP": 17, "TN": 22, "FP": 5, "FN": 10}}, "ETAs": {"valid": {"ACC": 0.6666666666666666, "F1_Score": 0.6785714285714286, "Recall": 0.7037037037037037, "Precision": 0.6551724137931034, "Cohen_Kappa": 0.33333333333333337, "AUC": 0.812071330589849, "TP": 19, "TN": 17, "FP": 10, "FN": 8}, "test": {"ACC": 0.6481481481481481, "F1_Score": 0.5957446808510639, "Recall": 0.5185185185185185, "Precision": 0.7, "Cohen_Kappa": 0.2962962962962963, "AUC": 0.7325102880658436, "TP": 14, "TN": 21, "FP": 6, "FN": 13}}, "CNB": {"valid": {"ACC": 0.7592592592592593, "F1_Score": 0.7636363636363638, "Recall": 0.7777777777777778, "Precision": 0.75, "Cohen_Kappa": 0.5185185185185186, "AUC": 0.8436213991769547, "TP": 21, "TN": 20, "FP": 7, "FN": 6}, "test": {"ACC": 0.7222222222222222, "F1_Score": 0.7058823529411765, "Recall": 0.6666666666666666, "Precision": 0.75, "Cohen_Kappa": 0.4444444444444444, "AUC": 0.7777777777777778, "TP": 18, "TN": 21, "FP": 6, "FN": 9}}, "GB": {"valid": {"ACC": 0.7592592592592593, "F1_Score": 0.7547169811320754, "Recall": 0.7407407407407407, "Precision": 0.7692307692307693, "Cohen_Kappa": 0.5185185185185186, "AUC": 0.8052126200274349, "TP": 20, "TN": 21, "FP": 6, "FN": 7}, "test": {"ACC": 0.7037037037037037, "F1_Score": 0.68, "Recall": 0.6296296296296297, "Precision": 0.7391304347826086, "Cohen_Kappa": 0.40740740740740744, "AUC": 0.7407407407407407, "TP": 17, "TN": 21, "FP": 6, "FN": 10}}, "BAG": {"valid": {"ACC": 0.6851851851851852, "F1_Score": 0.6222222222222222, "Recall": 0.5185185185185185, "Precision": 0.7777777777777778, "Cohen_Kappa": 0.37037037037037035, "AUC": 0.7242798353909464, "TP": 14, "TN": 23, "FP": 4, "FN": 13}, "test": {"ACC": 0.6851851851851852, "F1_Score": 0.6530612244897959, "Recall": 0.5925925925925926, "Precision": 0.7272727272727273, "Cohen_Kappa": 0.37037037037037035, "AUC": 0.6714677640603566, "TP": 16, "TN": 21, "FP": 6, "FN": 11}}, "QDA": {"valid": {"ACC": 0.5555555555555556, "F1_Score": 0.5714285714285714, "Recall": 0.5925925925925926, "Precision": 0.5517241379310345, "Cohen_Kappa": 0.11111111111111116, "AUC": 0.5555555555555556, "TP": 16, "TN": 14, "FP": 13, "FN": 11}, "test": {"ACC": 0.6481481481481481, "F1_Score": 0.6779661016949152, "Recall": 0.7407407407407407, "Precision": 0.625, "Cohen_Kappa": 0.2962962962962963, "AUC": 0.6481481481481481, "TP": 20, "TN": 15, "FP": 12, "FN": 7}}, "SVC": {"valid": {"ACC": 0.7592592592592593, "F1_Score": 0.7547169811320754, "Recall": 0.7407407407407407, "Precision": 0.7692307692307693, "Cohen_Kappa": 0.5185185185185186, "AUC": 0.831275720164609, "TP": 20, "TN": 21, "FP": 6, "FN": 7}, "test": {"ACC": 0.7222222222222222, "F1_Score": 0.7058823529411765, "Recall": 0.6666666666666666, "Precision": 0.75, "Cohen_Kappa": 0.4444444444444444, "AUC": 0.7722908093278464, "TP": 18, "TN": 21, "FP": 6, "FN": 9}}}