{"OVR": {"valid": {"ACC": 0.6517857142857143, "F1_Score": 0.6507462686567165, "Recall": 0.6488095238095238, "Precision": 0.6526946107784432, "Cohen_Kappa": 0.3035714285714286, "AUC": 0.6929917800453514, "TP": 109, "TN": 110, "FP": 58, "FN": 59}, "test": {"ACC": 0.658753709198813, "F1_Score": 0.6778711484593837, "Recall": 0.7159763313609467, "Precision": 0.6436170212765957, "Cohen_Kappa": 0.31727296749757783, "AUC": 0.6983305156382079, "TP": 121, "TN": 101, "FP": 67, "FN": 48}}, "KNB": {"valid": {"ACC": 0.6666666666666666, "F1_Score": 0.7068062827225131, "Recall": 0.8035714285714286, "Precision": 0.6308411214953271, "Cohen_Kappa": 0.33333333333333337, "AUC": 0.7315051020408163, "TP": 135, "TN": 89, "FP": 79, "FN": 33}, "test": {"ACC": 0.6468842729970327, "F1_Score": 0.7047146401985112, "Recall": 0.8402366863905325, "Precision": 0.6068376068376068, "Cohen_Kappa": 0.292952978719653, "AUC": 0.7110629754860525, "TP": 142, "TN": 76, "FP": 92, "FN": 27}}, "DT": {"valid": {"ACC": 0.5952380952380952, "F1_Score": 0.6, "Recall": 0.6071428571428571, "Precision": 0.5930232558139535, "Cohen_Kappa": 0.19047619047619047, "AUC": 0.5952380952380951, "TP": 102, "TN": 98, "FP": 70, "FN": 66}, "test": {"ACC": 0.6112759643916914, "F1_Score": 0.6309859154929577, "Recall": 0.6627218934911243, "Precision": 0.6021505376344086, "Cohen_Kappa": 0.2223122588828017, "AUC": 0.6111228515074669, "TP": 112, "TN": 94, "FP": 74, "FN": 57}}, "MNB": {"valid": {"ACC": 0.6815476190476191, "F1_Score": 0.7263427109974425, "Recall": 0.8452380952380952, "Precision": 0.6367713004484304, "Cohen_Kappa": 0.36309523809523814, "AUC": 0.7382723922902494, "TP": 142, "TN": 87, "FP": 81, "FN": 26}, "test": {"ACC": 0.6350148367952523, "F1_Score": 0.6932668329177057, "Recall": 0.8224852071005917, "Precision": 0.5991379310344828, "Cohen_Kappa": 0.2692124609932829, "AUC": 0.7194984502676811, "TP": 139, "TN": 75, "FP": 93, "FN": 30}}, "RF": {"valid": {"ACC": 0.6994047619047619, "F1_Score": 0.7106017191977078, "Recall": 0.7380952380952381, "Precision": 0.6850828729281768, "Cohen_Kappa": 0.39880952380952384, "AUC": 0.7920032596371882, "TP": 124, "TN": 111, "FP": 57, "FN": 44}, "test": {"ACC": 0.6795252225519288, "F1_Score": 0.696629213483146, "Recall": 0.7337278106508875, "Precision": 0.6631016042780749, "Cohen_Kappa": 0.35884156008878554, "AUC": 0.7445231051000282, "TP": 124, "TN": 105, "FP": 63, "FN": 45}}, "ADA": {"valid": {"ACC": 0.6220238095238095, "F1_Score": 0.6340057636887608, "Recall": 0.6547619047619048, "Precision": 0.6145251396648045, "Cohen_Kappa": 0.24404761904761907, "AUC": 0.6888818027210883, "TP": 110, "TN": 99, "FP": 69, "FN": 58}, "test": {"ACC": 0.6617210682492581, "F1_Score": 0.6779661016949152, "Recall": 0.7100591715976331, "Precision": 0.6486486486486487, "Cohen_Kappa": 0.32324549041713646, "AUC": 0.7180191603268526, "TP": 120, "TN": 103, "FP": 65, "FN": 49}}, "XGB": {"valid": {"ACC": 0.7351190476190477, "F1_Score": 0.7327327327327328, "Recall": 0.7261904761904762, "Precision": 0.7393939393939394, "Cohen_Kappa": 0.47023809523809523, "AUC": 0.8021541950113378, "TP": 122, "TN": 125, "FP": 43, "FN": 46}, "test": {"ACC": 0.685459940652819, "F1_Score": 0.6988636363636364, "Recall": 0.727810650887574, "Precision": 0.6721311475409836, "Cohen_Kappa": 0.3707592038048265, "AUC": 0.751549732318963, "TP": 123, "TN": 108, "FP": 60, "FN": 46}}, "MLP": {"valid": {"ACC": 0.7202380952380952, "F1_Score": 0.718562874251497, "Recall": 0.7142857142857143, "Precision": 0.7228915662650602, "Cohen_Kappa": 0.44047619047619047, "AUC": 0.768140589569161, "TP": 120, "TN": 122, "FP": 46, "FN": 48}, "test": {"ACC": 0.7091988130563798, "F1_Score": 0.72, "Recall": 0.7455621301775148, "Precision": 0.6961325966850829, "Cohen_Kappa": 0.4182695695060946, "AUC": 0.7384826711749789, "TP": 126, "TN": 113, "FP": 55, "FN": 43}}, "LR": {"valid": {"ACC": 0.6517857142857143, "F1_Score": 0.6507462686567165, "Recall": 0.6488095238095238, "Precision": 0.6526946107784432, "Cohen_Kappa": 0.3035714285714286, "AUC": 0.6929917800453514, "TP": 109, "TN": 110, "FP": 58, "FN": 59}, "test": {"ACC": 0.658753709198813, "F1_Score": 0.6778711484593837, "Recall": 0.7159763313609467, "Precision": 0.6436170212765957, "Cohen_Kappa": 0.31727296749757783, "AUC": 0.6983305156382079, "TP": 121, "TN": 101, "FP": 67, "FN": 48}}, "ETAs": {"valid": {"ACC": 0.6934523809523809, "F1_Score": 0.6850152905198776, "Recall": 0.6666666666666666, "Precision": 0.7044025157232704, "Cohen_Kappa": 0.38690476190476186, "AUC": 0.8034651360544218, "TP": 112, "TN": 121, "FP": 47, "FN": 56}, "test": {"ACC": 0.6913946587537092, "F1_Score": 0.695906432748538, "Recall": 0.7041420118343196, "Precision": 0.6878612716763006, "Cohen_Kappa": 0.38274040154984146, "AUC": 0.7799732318963088, "TP": 119, "TN": 114, "FP": 54, "FN": 50}}, "CNB": {"valid": {"ACC": 0.6815476190476191, "F1_Score": 0.7263427109974425, "Recall": 0.8452380952380952, "Precision": 0.6367713004484304, "Cohen_Kappa": 0.36309523809523814, "AUC": 0.7382723922902494, "TP": 142, "TN": 87, "FP": 81, "FN": 26}, "test": {"ACC": 0.6350148367952523, "F1_Score": 0.6932668329177057, "Recall": 0.8224852071005917, "Precision": 0.5991379310344828, "Cohen_Kappa": 0.2692124609932829, "AUC": 0.7194984502676811, "TP": 139, "TN": 75, "FP": 93, "FN": 30}}, "GB": {"valid": {"ACC": 0.7172619047619048, "F1_Score": 0.7293447293447294, "Recall": 0.7619047619047619, "Precision": 0.6994535519125683, "Cohen_Kappa": 0.43452380952380953, "AUC": 0.7669005102040817, "TP": 128, "TN": 113, "FP": 55, "FN": 40}, "test": {"ACC": 0.685459940652819, "F1_Score": 0.6988636363636364, "Recall": 0.727810650887574, "Precision": 0.6721311475409836, "Cohen_Kappa": 0.3707592038048265, "AUC": 0.7597562693716539, "TP": 123, "TN": 108, "FP": 60, "FN": 46}}, "BAG": {"valid": {"ACC": 0.6398809523809523, "F1_Score": 0.5980066445182725, "Recall": 0.5357142857142857, "Precision": 0.6766917293233082, "Cohen_Kappa": 0.27976190476190477, "AUC": 0.7224170918367347, "TP": 90, "TN": 125, "FP": 43, "FN": 78}, "test": {"ACC": 0.6468842729970327, "F1_Score": 0.6246056782334385, "Recall": 0.5857988165680473, "Precision": 0.668918918918919, "Cohen_Kappa": 0.2940234134319162, "AUC": 0.7146555367709214, "TP": 99, "TN": 119, "FP": 49, "FN": 70}}, "QDA": {"valid": {"ACC": 0.5892857142857143, "F1_Score": 0.5548387096774193, "Recall": 0.5119047619047619, "Precision": 0.6056338028169014, "Cohen_Kappa": 0.1785714285714286, "AUC": 0.5892857142857144, "TP": 86, "TN": 112, "FP": 56, "FN": 82}, "test": {"ACC": 0.5637982195845698, "F1_Score": 0.5333333333333333, "Recall": 0.4970414201183432, "Precision": 0.5753424657534246, "Cohen_Kappa": 0.12794197898146364, "AUC": 0.563996900535362, "TP": 84, "TN": 106, "FP": 62, "FN": 85}}, "SVC": {"valid": {"ACC": 0.7023809523809523, "F1_Score": 0.7093023255813954, "Recall": 0.7261904761904762, "Precision": 0.6931818181818182, "Cohen_Kappa": 0.40476190476190477, "AUC": 0.7845982142857143, "TP": 122, "TN": 114, "FP": 54, "FN": 46}, "test": {"ACC": 0.685459940652819, "F1_Score": 0.707182320441989, "Recall": 0.757396449704142, "Precision": 0.6632124352331606, "Cohen_Kappa": 0.3706483439041578, "AUC": 0.7653916596224288, "TP": 128, "TN": 103, "FP": 65, "FN": 41}}}