{"OVR": {"valid": {"ACC": 0.6852589641434262, "F1_Score": 0.6901960784313725, "Recall": 0.6984126984126984, "Precision": 0.6821705426356589, "Cohen_Kappa": 0.3704479791726196, "AUC": 0.7422857142857143, "TP": 88, "TN": 84, "FP": 41, "FN": 38}, "test": {"ACC": 0.6785714285714286, "F1_Score": 0.6823529411764705, "Recall": 0.6904761904761905, "Precision": 0.6744186046511628, "Cohen_Kappa": 0.3571428571428571, "AUC": 0.745779793398841, "TP": 87, "TN": 84, "FP": 42, "FN": 39}}, "KNB": {"valid": {"ACC": 0.7051792828685259, "F1_Score": 0.7375886524822695, "Recall": 0.8253968253968254, "Precision": 0.6666666666666666, "Cohen_Kappa": 0.4097870988242771, "AUC": 0.7815555555555556, "TP": 104, "TN": 73, "FP": 52, "FN": 22}, "test": {"ACC": 0.6706349206349206, "F1_Score": 0.6981818181818181, "Recall": 0.7619047619047619, "Precision": 0.6442953020134228, "Cohen_Kappa": 0.3412698412698413, "AUC": 0.7345049130763417, "TP": 96, "TN": 73, "FP": 53, "FN": 30}}, "DT": {"valid": {"ACC": 0.6533864541832669, "F1_Score": 0.6477732793522267, "Recall": 0.6349206349206349, "Precision": 0.6611570247933884, "Cohen_Kappa": 0.3068719250912554, "AUC": 0.6534603174603173, "TP": 80, "TN": 84, "FP": 41, "FN": 46}, "test": {"ACC": 0.6547619047619048, "F1_Score": 0.653386454183267, "Recall": 0.6507936507936508, "Precision": 0.656, "Cohen_Kappa": 0.30952380952380953, "AUC": 0.6547619047619048, "TP": 82, "TN": 83, "FP": 43, "FN": 44}}, "MNB": {"valid": {"ACC": 0.7290836653386454, "F1_Score": 0.7384615384615385, "Recall": 0.7619047619047619, "Precision": 0.7164179104477612, "Cohen_Kappa": 0.458021084719929, "AUC": 0.772952380952381, "TP": 96, "TN": 87, "FP": 38, "FN": 30}, "test": {"ACC": 0.6309523809523809, "F1_Score": 0.6666666666666666, "Recall": 0.7380952380952381, "Precision": 0.6078431372549019, "Cohen_Kappa": 0.26190476190476186, "AUC": 0.7132149155958679, "TP": 93, "TN": 66, "FP": 60, "FN": 33}}, "RF": {"valid": {"ACC": 0.7729083665338645, "F1_Score": 0.7816091954022989, "Recall": 0.8095238095238095, "Precision": 0.7555555555555555, "Cohen_Kappa": 0.5456797180146709, "AUC": 0.8152380952380952, "TP": 102, "TN": 92, "FP": 33, "FN": 24}, "test": {"ACC": 0.7182539682539683, "F1_Score": 0.7237354085603113, "Recall": 0.7380952380952381, "Precision": 0.7099236641221374, "Cohen_Kappa": 0.4365079365079365, "AUC": 0.7819979843789368, "TP": 93, "TN": 88, "FP": 38, "FN": 33}}, "ADA": {"valid": {"ACC": 0.6972111553784861, "F1_Score": 0.7164179104477612, "Recall": 0.7619047619047619, "Precision": 0.676056338028169, "Cohen_Kappa": 0.39410494219285985, "AUC": 0.759015873015873, "TP": 96, "TN": 79, "FP": 46, "FN": 30}, "test": {"ACC": 0.6785714285714286, "F1_Score": 0.6823529411764705, "Recall": 0.6904761904761905, "Precision": 0.6744186046511628, "Cohen_Kappa": 0.3571428571428571, "AUC": 0.7106324011085916, "TP": 87, "TN": 84, "FP": 42, "FN": 39}}, "XGB": {"valid": {"ACC": 0.7370517928286853, "F1_Score": 0.7421874999999999, "Recall": 0.753968253968254, "Precision": 0.7307692307692307, "Cohen_Kappa": 0.47402844805689615, "AUC": 0.8198095238095237, "TP": 95, "TN": 90, "FP": 35, "FN": 31}, "test": {"ACC": 0.7182539682539683, "F1_Score": 0.725868725868726, "Recall": 0.746031746031746, "Precision": 0.706766917293233, "Cohen_Kappa": 0.4365079365079365, "AUC": 0.7985008818342152, "TP": 94, "TN": 87, "FP": 39, "FN": 32}}, "MLP": {"valid": {"ACC": 0.7171314741035857, "F1_Score": 0.7279693486590039, "Recall": 0.753968253968254, "Precision": 0.7037037037037037, "Cohen_Kappa": 0.43409228033406366, "AUC": 0.781079365079365, "TP": 95, "TN": 85, "FP": 40, "FN": 31}, "test": {"ACC": 0.6904761904761905, "F1_Score": 0.706766917293233, "Recall": 0.746031746031746, "Precision": 0.6714285714285714, "Cohen_Kappa": 0.38095238095238093, "AUC": 0.7667548500881833, "TP": 94, "TN": 80, "FP": 46, "FN": 32}}, "LR": {"valid": {"ACC": 0.6852589641434262, "F1_Score": 0.6901960784313725, "Recall": 0.6984126984126984, "Precision": 0.6821705426356589, "Cohen_Kappa": 0.3704479791726196, "AUC": 0.7422857142857143, "TP": 88, "TN": 84, "FP": 41, "FN": 38}, "test": {"ACC": 0.6785714285714286, "F1_Score": 0.6823529411764705, "Recall": 0.6904761904761905, "Precision": 0.6744186046511628, "Cohen_Kappa": 0.3571428571428571, "AUC": 0.745779793398841, "TP": 87, "TN": 84, "FP": 42, "FN": 39}}, "ETAs": {"valid": {"ACC": 0.7848605577689243, "F1_Score": 0.7874015748031497, "Recall": 0.7936507936507936, "Precision": 0.78125, "Cohen_Kappa": 0.5696869642516985, "AUC": 0.828, "TP": 100, "TN": 97, "FP": 28, "FN": 26}, "test": {"ACC": 0.7142857142857143, "F1_Score": 0.7187500000000001, "Recall": 0.7301587301587301, "Precision": 0.7076923076923077, "Cohen_Kappa": 0.4285714285714286, "AUC": 0.7869740488788108, "TP": 92, "TN": 88, "FP": 38, "FN": 34}}, "CNB": {"valid": {"ACC": 0.7290836653386454, "F1_Score": 0.7384615384615385, "Recall": 0.7619047619047619, "Precision": 0.7164179104477612, "Cohen_Kappa": 0.458021084719929, "AUC": 0.772952380952381, "TP": 96, "TN": 87, "FP": 38, "FN": 30}, "test": {"ACC": 0.6309523809523809, "F1_Score": 0.6666666666666666, "Recall": 0.7380952380952381, "Precision": 0.6078431372549019, "Cohen_Kappa": 0.26190476190476186, "AUC": 0.7132149155958679, "TP": 93, "TN": 66, "FP": 60, "FN": 33}}, "GB": {"valid": {"ACC": 0.7569721115537849, "F1_Score": 0.7732342007434945, "Recall": 0.8253968253968254, "Precision": 0.7272727272727273, "Cohen_Kappa": 0.5136740463107075, "AUC": 0.817968253968254, "TP": 104, "TN": 86, "FP": 39, "FN": 22}, "test": {"ACC": 0.7103174603174603, "F1_Score": 0.728624535315985, "Recall": 0.7777777777777778, "Precision": 0.6853146853146853, "Cohen_Kappa": 0.4206349206349206, "AUC": 0.7752582514487276, "TP": 98, "TN": 81, "FP": 45, "FN": 28}}, "BAG": {"valid": {"ACC": 0.6852589641434262, "F1_Score": 0.680161943319838, "Recall": 0.6666666666666666, "Precision": 0.6942148760330579, "Cohen_Kappa": 0.3706078400253928, "AUC": 0.7775555555555556, "TP": 84, "TN": 88, "FP": 37, "FN": 42}, "test": {"ACC": 0.6587301587301587, "F1_Score": 0.6446280991735537, "Recall": 0.6190476190476191, "Precision": 0.6724137931034483, "Cohen_Kappa": 0.31746031746031744, "AUC": 0.7308515998992189, "TP": 78, "TN": 88, "FP": 38, "FN": 48}}, "QDA": {"valid": {"ACC": 0.5856573705179283, "F1_Score": 0.48514851485148514, "Recall": 0.3888888888888889, "Precision": 0.6447368421052632, "Cohen_Kappa": 0.17261489698890653, "AUC": 0.5864444444444444, "TP": 49, "TN": 98, "FP": 27, "FN": 77}, "test": {"ACC": 0.5515873015873016, "F1_Score": 0.4205128205128206, "Recall": 0.3253968253968254, "Precision": 0.5942028985507246, "Cohen_Kappa": 0.10317460317460314, "AUC": 0.5515873015873015, "TP": 41, "TN": 98, "FP": 28, "FN": 85}}, "SVC": {"valid": {"ACC": 0.7290836653386454, "F1_Score": 0.7500000000000001, "Recall": 0.8095238095238095, "Precision": 0.6986301369863014, "Cohen_Kappa": 0.45781448538754765, "AUC": 0.8208253968253969, "TP": 102, "TN": 81, "FP": 44, "FN": 24}, "test": {"ACC": 0.6944444444444444, "F1_Score": 0.709433962264151, "Recall": 0.746031746031746, "Precision": 0.6762589928057554, "Cohen_Kappa": 0.38888888888888884, "AUC": 0.7802343159486016, "TP": 94, "TN": 81, "FP": 45, "FN": 32}}}