{"OVR": {"valid": {"ACC": 0.5743243243243243, "F1_Score": 0.5531914893617023, "Recall": 0.527027027027027, "Precision": 0.582089552238806, "Cohen_Kappa": 0.14864864864864868, "AUC": 0.6212563915266618, "TP": 39, "TN": 46, "FP": 28, "FN": 35}, "test": {"ACC": 0.5704697986577181, "F1_Score": 0.6049382716049383, "Recall": 0.6533333333333333, "Precision": 0.5632183908045977, "Cohen_Kappa": 0.13997113997113997, "AUC": 0.6407207207207207, "TP": 49, "TN": 36, "FP": 38, "FN": 26}}, "KNB": {"valid": {"ACC": 0.5608108108108109, "F1_Score": 0.6060606060606061, "Recall": 0.6756756756756757, "Precision": 0.5494505494505495, "Cohen_Kappa": 0.1216216216216216, "AUC": 0.5976990504017531, "TP": 50, "TN": 33, "FP": 41, "FN": 24}, "test": {"ACC": 0.6040268456375839, "F1_Score": 0.6549707602339181, "Recall": 0.7466666666666667, "Precision": 0.5833333333333334, "Cohen_Kappa": 0.20651683364924633, "AUC": 0.6347747747747747, "TP": 56, "TN": 34, "FP": 40, "FN": 19}}, "DT": {"valid": {"ACC": 0.5405405405405406, "F1_Score": 0.5584415584415584, "Recall": 0.581081081081081, "Precision": 0.5375, "Cohen_Kappa": 0.08108108108108103, "AUC": 0.5405405405405406, "TP": 43, "TN": 37, "FP": 37, "FN": 31}, "test": {"ACC": 0.5436241610738255, "F1_Score": 0.4925373134328358, "Recall": 0.44, "Precision": 0.559322033898305, "Cohen_Kappa": 0.08852105073767536, "AUC": 0.5443243243243243, "TP": 33, "TN": 48, "FP": 26, "FN": 42}}, "MNB": {"valid": {"ACC": 0.5608108108108109, "F1_Score": 0.6153846153846154, "Recall": 0.7027027027027027, "Precision": 0.5473684210526316, "Cohen_Kappa": 0.1216216216216216, "AUC": 0.6201607012417824, "TP": 52, "TN": 31, "FP": 43, "FN": 22}, "test": {"ACC": 0.5570469798657718, "F1_Score": 0.6333333333333332, "Recall": 0.76, "Precision": 0.5428571428571428, "Cohen_Kappa": 0.11165311653116528, "AUC": 0.5832432432432433, "TP": 57, "TN": 26, "FP": 48, "FN": 18}}, "RF": {"valid": {"ACC": 0.6283783783783784, "F1_Score": 0.6043165467625901, "Recall": 0.5675675675675675, "Precision": 0.6461538461538462, "Cohen_Kappa": 0.2567567567567568, "AUC": 0.6837107377647919, "TP": 42, "TN": 51, "FP": 23, "FN": 32}, "test": {"ACC": 0.6845637583892618, "F1_Score": 0.6845637583892618, "Recall": 0.68, "Precision": 0.6891891891891891, "Cohen_Kappa": 0.3691559318980272, "AUC": 0.6926126126126126, "TP": 51, "TN": 51, "FP": 23, "FN": 24}}, "ADA": {"valid": {"ACC": 0.5945945945945946, "F1_Score": 0.5774647887323944, "Recall": 0.5540540540540541, "Precision": 0.6029411764705882, "Cohen_Kappa": 0.18918918918918914, "AUC": 0.6426223520818116, "TP": 41, "TN": 47, "FP": 27, "FN": 33}, "test": {"ACC": 0.5704697986577181, "F1_Score": 0.5492957746478873, "Recall": 0.52, "Precision": 0.582089552238806, "Cohen_Kappa": 0.14151962549513863, "AUC": 0.6409009009009009, "TP": 39, "TN": 46, "FP": 28, "FN": 36}}, "XGB": {"valid": {"ACC": 0.5472972972972973, "F1_Score": 0.5037037037037038, "Recall": 0.4594594594594595, "Precision": 0.5573770491803278, "Cohen_Kappa": 0.09459459459459463, "AUC": 0.620708546384222, "TP": 34, "TN": 47, "FP": 27, "FN": 40}, "test": {"ACC": 0.5503355704697986, "F1_Score": 0.5503355704697985, "Recall": 0.5466666666666666, "Precision": 0.5540540540540541, "Cohen_Kappa": 0.10071164759931528, "AUC": 0.5922522522522522, "TP": 41, "TN": 41, "FP": 33, "FN": 34}}, "MLP": {"valid": {"ACC": 0.581081081081081, "F1_Score": 0.5571428571428572, "Recall": 0.527027027027027, "Precision": 0.5909090909090909, "Cohen_Kappa": 0.16216216216216217, "AUC": 0.6362308254200145, "TP": 39, "TN": 47, "FP": 27, "FN": 35}, "test": {"ACC": 0.5771812080536913, "F1_Score": 0.5935483870967742, "Recall": 0.6133333333333333, "Precision": 0.575, "Cohen_Kappa": 0.15394321766561525, "AUC": 0.6340540540540541, "TP": 46, "TN": 40, "FP": 34, "FN": 29}}, "LR": {"valid": {"ACC": 0.5743243243243243, "F1_Score": 0.5531914893617023, "Recall": 0.527027027027027, "Precision": 0.582089552238806, "Cohen_Kappa": 0.14864864864864868, "AUC": 0.6212563915266618, "TP": 39, "TN": 46, "FP": 28, "FN": 35}, "test": {"ACC": 0.5704697986577181, "F1_Score": 0.6049382716049383, "Recall": 0.6533333333333333, "Precision": 0.5632183908045977, "Cohen_Kappa": 0.13997113997113997, "AUC": 0.6407207207207207, "TP": 49, "TN": 36, "FP": 38, "FN": 26}}, "ETAs": {"valid": {"ACC": 0.581081081081081, "F1_Score": 0.5303030303030303, "Recall": 0.47297297297297297, "Precision": 0.603448275862069, "Cohen_Kappa": 0.16216216216216217, "AUC": 0.6410701241782323, "TP": 35, "TN": 51, "FP": 23, "FN": 39}, "test": {"ACC": 0.5973154362416108, "F1_Score": 0.6103896103896105, "Recall": 0.6266666666666667, "Precision": 0.5949367088607594, "Cohen_Kappa": 0.1943042537851477, "AUC": 0.6316216216216216, "TP": 47, "TN": 42, "FP": 32, "FN": 28}}, "CNB": {"valid": {"ACC": 0.5608108108108109, "F1_Score": 0.6153846153846154, "Recall": 0.7027027027027027, "Precision": 0.5473684210526316, "Cohen_Kappa": 0.1216216216216216, "AUC": 0.6201607012417824, "TP": 52, "TN": 31, "FP": 43, "FN": 22}, "test": {"ACC": 0.5570469798657718, "F1_Score": 0.6333333333333332, "Recall": 0.76, "Precision": 0.5428571428571428, "Cohen_Kappa": 0.11165311653116528, "AUC": 0.5832432432432433, "TP": 57, "TN": 26, "FP": 48, "FN": 18}}, "GB": {"valid": {"ACC": 0.5945945945945946, "F1_Score": 0.53125, "Recall": 0.4594594594594595, "Precision": 0.6296296296296297, "Cohen_Kappa": 0.18918918918918914, "AUC": 0.6258217677136596, "TP": 34, "TN": 54, "FP": 20, "FN": 40}, "test": {"ACC": 0.5973154362416108, "F1_Score": 0.6, "Recall": 0.6, "Precision": 0.6, "Cohen_Kappa": 0.1945945945945946, "AUC": 0.6711711711711712, "TP": 45, "TN": 44, "FP": 30, "FN": 30}}, "BAG": {"valid": {"ACC": 0.6283783783783784, "F1_Score": 0.5454545454545454, "Recall": 0.44594594594594594, "Precision": 0.7021276595744681, "Cohen_Kappa": 0.2567567567567568, "AUC": 0.6831628926223521, "TP": 33, "TN": 60, "FP": 14, "FN": 41}, "test": {"ACC": 0.5436241610738255, "F1_Score": 0.5072463768115943, "Recall": 0.4666666666666667, "Precision": 0.5555555555555556, "Cohen_Kappa": 0.08819294456443483, "AUC": 0.5363063063063063, "TP": 35, "TN": 46, "FP": 28, "FN": 40}}, "QDA": {"valid": {"ACC": 0.5, "F1_Score": 0.0, "Recall": 0.0, "Precision": 0.0, "Cohen_Kappa": 0.0, "AUC": 0.5, "TP": 0, "TN": 74, "FP": 0, "FN": 74}, "test": {"ACC": 0.4966442953020134, "F1_Score": 0.0, "Recall": 0.0, "Precision": 0.0, "Cohen_Kappa": 0.0, "AUC": 0.5, "TP": 0, "TN": 74, "FP": 0, "FN": 75}}, "SVC": {"valid": {"ACC": 0.6351351351351351, "F1_Score": 0.6029411764705883, "Recall": 0.5540540540540541, "Precision": 0.6612903225806451, "Cohen_Kappa": 0.2702702702702703, "AUC": 0.6638970051132214, "TP": 41, "TN": 53, "FP": 21, "FN": 33}, "test": {"ACC": 0.5570469798657718, "F1_Score": 0.576923076923077, "Recall": 0.6, "Precision": 0.5555555555555556, "Cohen_Kappa": 0.11357490535424553, "AUC": 0.632972972972973, "TP": 45, "TN": 38, "FP": 36, "FN": 30}}}