{"OVR": {"valid": {"ACC": 0.7081545064377682, "F1_Score": 0.7068965517241379, "Recall": 0.7008547008547008, "Precision": 0.7130434782608696, "Cohen_Kappa": 0.41634126574817654, "AUC": 0.763262599469496, "TP": 82, "TN": 83, "FP": 33, "FN": 35}, "test": {"ACC": 0.688034188034188, "F1_Score": 0.683982683982684, "Recall": 0.6752136752136753, "Precision": 0.6929824561403509, "Cohen_Kappa": 0.37606837606837606, "AUC": 0.7574695010592446, "TP": 79, "TN": 82, "FP": 35, "FN": 38}}, "KNB": {"valid": {"ACC": 0.6652360515021459, "F1_Score": 0.675, "Recall": 0.6923076923076923, "Precision": 0.6585365853658537, "Cohen_Kappa": 0.33031173999557817, "AUC": 0.7063807839669909, "TP": 81, "TN": 74, "FP": 42, "FN": 36}, "test": {"ACC": 0.717948717948718, "F1_Score": 0.7272727272727272, "Recall": 0.7521367521367521, "Precision": 0.704, "Cohen_Kappa": 0.4358974358974359, "AUC": 0.7653225217327783, "TP": 88, "TN": 80, "FP": 37, "FN": 29}}, "DT": {"valid": {"ACC": 0.6180257510729614, "F1_Score": 0.611353711790393, "Recall": 0.5982905982905983, "Precision": 0.625, "Cohen_Kappa": 0.23617812810784922, "AUC": 0.6146478043029767, "TP": 70, "TN": 74, "FP": 42, "FN": 47}, "test": {"ACC": 0.6623931623931624, "F1_Score": 0.680161943319838, "Recall": 0.717948717948718, "Precision": 0.6461538461538462, "Cohen_Kappa": 0.32478632478632474, "AUC": 0.6623931623931625, "TP": 84, "TN": 71, "FP": 46, "FN": 33}}, "MNB": {"valid": {"ACC": 0.6437768240343348, "F1_Score": 0.6527196652719667, "Recall": 0.6666666666666666, "Precision": 0.639344262295082, "Cohen_Kappa": 0.2874092634216441, "AUC": 0.6881815502505158, "TP": 78, "TN": 72, "FP": 44, "FN": 39}, "test": {"ACC": 0.7051282051282052, "F1_Score": 0.7228915662650602, "Recall": 0.7692307692307693, "Precision": 0.6818181818181818, "Cohen_Kappa": 0.41025641025641024, "AUC": 0.785009861932939, "TP": 90, "TN": 75, "FP": 42, "FN": 27}}, "RF": {"valid": {"ACC": 0.7167381974248928, "F1_Score": 0.725, "Recall": 0.7435897435897436, "Precision": 0.7073170731707317, "Cohen_Kappa": 0.4333407030731815, "AUC": 0.7694886531093429, "TP": 87, "TN": 80, "FP": 36, "FN": 30}, "test": {"ACC": 0.7222222222222222, "F1_Score": 0.7111111111111111, "Recall": 0.6837606837606838, "Precision": 0.7407407407407407, "Cohen_Kappa": 0.4444444444444444, "AUC": 0.7964789246840529, "TP": 80, "TN": 89, "FP": 28, "FN": 37}}, "ADA": {"valid": {"ACC": 0.6523605150214592, "F1_Score": 0.6523605150214592, "Recall": 0.6495726495726496, "Precision": 0.6551724137931034, "Cohen_Kappa": 0.30473383680235766, "AUC": 0.7378426171529622, "TP": 76, "TN": 76, "FP": 40, "FN": 41}, "test": {"ACC": 0.7264957264957265, "F1_Score": 0.7419354838709677, "Recall": 0.7863247863247863, "Precision": 0.7022900763358778, "Cohen_Kappa": 0.45299145299145294, "AUC": 0.7655782014756374, "TP": 92, "TN": 78, "FP": 39, "FN": 25}}, "XGB": {"valid": {"ACC": 0.7296137339055794, "F1_Score": 0.7385892116182572, "Recall": 0.7606837606837606, "Precision": 0.717741935483871, "Cohen_Kappa": 0.459078011570918, "AUC": 0.7639994105511348, "TP": 89, "TN": 81, "FP": 35, "FN": 28}, "test": {"ACC": 0.7136752136752137, "F1_Score": 0.7124463519313305, "Recall": 0.7094017094017094, "Precision": 0.7155172413793104, "Cohen_Kappa": 0.4273504273504274, "AUC": 0.7858134268390679, "TP": 83, "TN": 84, "FP": 33, "FN": 34}}, "MLP": {"valid": {"ACC": 0.7253218884120172, "F1_Score": 0.7117117117117117, "Recall": 0.6752136752136753, "Precision": 0.7523809523809524, "Cohen_Kappa": 0.45087641773457066, "AUC": 0.7779251399941055, "TP": 79, "TN": 90, "FP": 26, "FN": 38}, "test": {"ACC": 0.6837606837606838, "F1_Score": 0.6636363636363636, "Recall": 0.6239316239316239, "Precision": 0.7087378640776699, "Cohen_Kappa": 0.36752136752136755, "AUC": 0.7715684125940536, "TP": 73, "TN": 87, "FP": 30, "FN": 44}}, "LR": {"valid": {"ACC": 0.7081545064377682, "F1_Score": 0.7068965517241379, "Recall": 0.7008547008547008, "Precision": 0.7130434782608696, "Cohen_Kappa": 0.41634126574817654, "AUC": 0.763262599469496, "TP": 82, "TN": 83, "FP": 33, "FN": 35}, "test": {"ACC": 0.688034188034188, "F1_Score": 0.683982683982684, "Recall": 0.6752136752136753, "Precision": 0.6929824561403509, "Cohen_Kappa": 0.37606837606837606, "AUC": 0.7574695010592446, "TP": 79, "TN": 82, "FP": 35, "FN": 38}}, "ETAs": {"valid": {"ACC": 0.7124463519313304, "F1_Score": 0.7148936170212766, "Recall": 0.717948717948718, "Precision": 0.711864406779661, "Cohen_Kappa": 0.4248609217846222, "AUC": 0.7543103448275862, "TP": 84, "TN": 82, "FP": 34, "FN": 33}, "test": {"ACC": 0.6965811965811965, "F1_Score": 0.6952789699570816, "Recall": 0.6923076923076923, "Precision": 0.6982758620689655, "Cohen_Kappa": 0.3931623931623932, "AUC": 0.7862152092921325, "TP": 81, "TN": 82, "FP": 35, "FN": 36}}, "CNB": {"valid": {"ACC": 0.6437768240343348, "F1_Score": 0.6527196652719667, "Recall": 0.6666666666666666, "Precision": 0.639344262295082, "Cohen_Kappa": 0.2874092634216441, "AUC": 0.6881815502505158, "TP": 78, "TN": 72, "FP": 44, "FN": 39}, "test": {"ACC": 0.7051282051282052, "F1_Score": 0.7228915662650602, "Recall": 0.7692307692307693, "Precision": 0.6818181818181818, "Cohen_Kappa": 0.41025641025641024, "AUC": 0.785009861932939, "TP": 90, "TN": 75, "FP": 42, "FN": 27}}, "GB": {"valid": {"ACC": 0.721030042918455, "F1_Score": 0.7280334728033474, "Recall": 0.7435897435897436, "Precision": 0.7131147540983607, "Cohen_Kappa": 0.4419470135229743, "AUC": 0.7544945475979958, "TP": 87, "TN": 81, "FP": 35, "FN": 30}, "test": {"ACC": 0.7692307692307693, "F1_Score": 0.7768595041322314, "Recall": 0.8034188034188035, "Precision": 0.752, "Cohen_Kappa": 0.5384615384615384, "AUC": 0.8188326393454598, "TP": 94, "TN": 86, "FP": 31, "FN": 23}}, "BAG": {"valid": {"ACC": 0.6351931330472103, "F1_Score": 0.6046511627906976, "Recall": 0.5555555555555556, "Precision": 0.6632653061224489, "Cohen_Kappa": 0.2708831866877739, "AUC": 0.7038387857353375, "TP": 65, "TN": 83, "FP": 33, "FN": 52}, "test": {"ACC": 0.6752136752136753, "F1_Score": 0.6415094339622641, "Recall": 0.5811965811965812, "Precision": 0.7157894736842105, "Cohen_Kappa": 0.3504273504273504, "AUC": 0.7633136094674555, "TP": 68, "TN": 90, "FP": 27, "FN": 49}}, "QDA": {"valid": {"ACC": 0.5021459227467812, "F1_Score": 0.03333333333333333, "Recall": 0.017094017094017096, "Precision": 0.6666666666666666, "Cohen_Kappa": 0.008437889793821984, "AUC": 0.5042366637194223, "TP": 2, "TN": 115, "FP": 1, "FN": 115}, "test": {"ACC": 0.5, "F1_Score": 0.0, "Recall": 0.0, "Precision": 0.0, "Cohen_Kappa": 0.0, "AUC": 0.5, "TP": 0, "TN": 117, "FP": 0, "FN": 117}}, "SVC": {"valid": {"ACC": 0.7253218884120172, "F1_Score": 0.7288135593220338, "Recall": 0.7350427350427351, "Precision": 0.7226890756302521, "Cohen_Kappa": 0.45059317662663034, "AUC": 0.7785145888594165, "TP": 86, "TN": 83, "FP": 33, "FN": 31}, "test": {"ACC": 0.7307692307692307, "F1_Score": 0.7385892116182572, "Recall": 0.7606837606837606, "Precision": 0.717741935483871, "Cohen_Kappa": 0.46153846153846156, "AUC": 0.8136459931331727, "TP": 89, "TN": 82, "FP": 35, "FN": 28}}}