{"OVR": {"valid": {"ACC": 0.7034482758620689, "F1_Score": 0.736196319018405, "Recall": 0.8333333333333334, "Precision": 0.6593406593406593, "Cohen_Kappa": 0.407938467382015, "AUC": 0.7863394216133941, "TP": 60, "TN": 42, "FP": 31, "FN": 12}, "test": {"ACC": 0.6275862068965518, "F1_Score": 0.6447368421052632, "Recall": 0.6712328767123288, "Precision": 0.620253164556962, "Cohen_Kappa": 0.2547115933752142, "AUC": 0.66837899543379, "TP": 49, "TN": 42, "FP": 30, "FN": 24}}, "KNB": {"valid": {"ACC": 0.6689655172413793, "F1_Score": 0.7108433734939759, "Recall": 0.8194444444444444, "Precision": 0.6276595744680851, "Cohen_Kappa": 0.3392823239035505, "AUC": 0.7542808219178082, "TP": 59, "TN": 38, "FP": 35, "FN": 13}, "test": {"ACC": 0.6275862068965518, "F1_Score": 0.6707317073170731, "Recall": 0.7534246575342466, "Precision": 0.6043956043956044, "Cohen_Kappa": 0.2538593481989708, "AUC": 0.694920091324201, "TP": 55, "TN": 36, "FP": 36, "FN": 18}}, "DT": {"valid": {"ACC": 0.6482758620689655, "F1_Score": 0.6530612244897959, "Recall": 0.6666666666666666, "Precision": 0.64, "Cohen_Kappa": 0.29671897289586313, "AUC": 0.6484018264840183, "TP": 48, "TN": 46, "FP": 27, "FN": 24}, "test": {"ACC": 0.5862068965517241, "F1_Score": 0.5774647887323944, "Recall": 0.5616438356164384, "Precision": 0.5942028985507246, "Cohen_Kappa": 0.17268923545074177, "AUC": 0.5863774733637748, "TP": 41, "TN": 44, "FP": 28, "FN": 32}}, "MNB": {"valid": {"ACC": 0.6206896551724138, "F1_Score": 0.6206896551724138, "Recall": 0.625, "Precision": 0.6164383561643836, "Cohen_Kappa": 0.24141539046894323, "AUC": 0.7128995433789954, "TP": 45, "TN": 45, "FP": 28, "FN": 27}, "test": {"ACC": 0.6137931034482759, "F1_Score": 0.6056338028169014, "Recall": 0.589041095890411, "Precision": 0.6231884057971014, "Cohen_Kappa": 0.2278432864206923, "AUC": 0.6523972602739726, "TP": 43, "TN": 46, "FP": 26, "FN": 30}}, "RF": {"valid": {"ACC": 0.7379310344827587, "F1_Score": 0.75, "Recall": 0.7916666666666666, "Precision": 0.7125, "Cohen_Kappa": 0.4762357414448669, "AUC": 0.813451293759513, "TP": 57, "TN": 50, "FP": 23, "FN": 15}, "test": {"ACC": 0.6551724137931034, "F1_Score": 0.6710526315789473, "Recall": 0.6986301369863014, "Precision": 0.6455696202531646, "Cohen_Kappa": 0.3099181420140872, "AUC": 0.6967275494672753, "TP": 51, "TN": 44, "FP": 28, "FN": 22}}, "ADA": {"valid": {"ACC": 0.6551724137931034, "F1_Score": 0.6575342465753425, "Recall": 0.6666666666666666, "Precision": 0.6486486486486487, "Cohen_Kappa": 0.3104432185657219, "AUC": 0.6871194824961948, "TP": 48, "TN": 47, "FP": 26, "FN": 24}, "test": {"ACC": 0.6275862068965518, "F1_Score": 0.6142857142857142, "Recall": 0.589041095890411, "Precision": 0.6417910447761194, "Cohen_Kappa": 0.2555618938961779, "AUC": 0.6816971080669711, "TP": 43, "TN": 48, "FP": 24, "FN": 30}}, "XGB": {"valid": {"ACC": 0.7379310344827587, "F1_Score": 0.75, "Recall": 0.7916666666666666, "Precision": 0.7125, "Cohen_Kappa": 0.4762357414448669, "AUC": 0.8184931506849316, "TP": 57, "TN": 50, "FP": 23, "FN": 15}, "test": {"ACC": 0.6482758620689655, "F1_Score": 0.6433566433566433, "Recall": 0.6301369863013698, "Precision": 0.6571428571428571, "Cohen_Kappa": 0.29671897289586313, "AUC": 0.6982496194824961, "TP": 46, "TN": 48, "FP": 24, "FN": 27}}, "MLP": {"valid": {"ACC": 0.7310344827586207, "F1_Score": 0.7607361963190185, "Recall": 0.8611111111111112, "Precision": 0.6813186813186813, "Cohen_Kappa": 0.4630139587883392, "AUC": 0.821917808219178, "TP": 62, "TN": 44, "FP": 29, "FN": 10}, "test": {"ACC": 0.6620689655172414, "F1_Score": 0.6754966887417219, "Recall": 0.6986301369863014, "Precision": 0.6538461538461539, "Cohen_Kappa": 0.32378414390406396, "AUC": 0.6965372907153728, "TP": 51, "TN": 45, "FP": 27, "FN": 22}}, "LR": {"valid": {"ACC": 0.7034482758620689, "F1_Score": 0.736196319018405, "Recall": 0.8333333333333334, "Precision": 0.6593406593406593, "Cohen_Kappa": 0.407938467382015, "AUC": 0.7863394216133941, "TP": 60, "TN": 42, "FP": 31, "FN": 12}, "test": {"ACC": 0.6275862068965518, "F1_Score": 0.6447368421052632, "Recall": 0.6712328767123288, "Precision": 0.620253164556962, "Cohen_Kappa": 0.2547115933752142, "AUC": 0.66837899543379, "TP": 49, "TN": 42, "FP": 30, "FN": 24}}, "ETAs": {"valid": {"ACC": 0.696551724137931, "F1_Score": 0.7142857142857142, "Recall": 0.7638888888888888, "Precision": 0.6707317073170732, "Cohen_Kappa": 0.39365139707279984, "AUC": 0.7968987823439878, "TP": 55, "TN": 46, "FP": 27, "FN": 17}, "test": {"ACC": 0.6551724137931034, "F1_Score": 0.6794871794871795, "Recall": 0.726027397260274, "Precision": 0.6385542168674698, "Cohen_Kappa": 0.3096553037516663, "AUC": 0.7143264840182648, "TP": 53, "TN": 42, "FP": 30, "FN": 20}}, "CNB": {"valid": {"ACC": 0.6206896551724138, "F1_Score": 0.6206896551724138, "Recall": 0.625, "Precision": 0.6164383561643836, "Cohen_Kappa": 0.24141539046894323, "AUC": 0.7128995433789954, "TP": 45, "TN": 45, "FP": 28, "FN": 27}, "test": {"ACC": 0.6137931034482759, "F1_Score": 0.6056338028169014, "Recall": 0.589041095890411, "Precision": 0.6231884057971014, "Cohen_Kappa": 0.2278432864206923, "AUC": 0.6523972602739726, "TP": 43, "TN": 46, "FP": 26, "FN": 30}}, "GB": {"valid": {"ACC": 0.7310344827586207, "F1_Score": 0.7417218543046357, "Recall": 0.7777777777777778, "Precision": 0.7088607594936709, "Cohen_Kappa": 0.46240136895142125, "AUC": 0.8038432267884322, "TP": 56, "TN": 50, "FP": 23, "FN": 16}, "test": {"ACC": 0.6482758620689655, "F1_Score": 0.6622516556291391, "Recall": 0.684931506849315, "Precision": 0.6410256410256411, "Cohen_Kappa": 0.2961834967164748, "AUC": 0.6931126331811263, "TP": 50, "TN": 44, "FP": 28, "FN": 23}}, "BAG": {"valid": {"ACC": 0.6758620689655173, "F1_Score": 0.6713286713286714, "Recall": 0.6666666666666666, "Precision": 0.676056338028169, "Cohen_Kappa": 0.3516316240129388, "AUC": 0.7633181126331812, "TP": 48, "TN": 50, "FP": 23, "FN": 24}, "test": {"ACC": 0.6206896551724138, "F1_Score": 0.6206896551724138, "Recall": 0.6164383561643836, "Precision": 0.625, "Cohen_Kappa": 0.24141539046894323, "AUC": 0.6551560121765602, "TP": 45, "TN": 45, "FP": 27, "FN": 28}}, "QDA": {"valid": {"ACC": 0.46206896551724136, "F1_Score": 0.4868421052631579, "Recall": 0.5138888888888888, "Precision": 0.4625, "Cohen_Kappa": -0.07509505703422059, "AUC": 0.4624238964992389, "TP": 37, "TN": 30, "FP": 43, "FN": 35}, "test": {"ACC": 0.4827586206896552, "F1_Score": 0.489795918367347, "Recall": 0.4931506849315068, "Precision": 0.4864864864864865, "Cohen_Kappa": -0.03463038721339551, "AUC": 0.48268645357686446, "TP": 36, "TN": 34, "FP": 38, "FN": 37}}, "SVC": {"valid": {"ACC": 0.7241379310344828, "F1_Score": 0.7435897435897436, "Recall": 0.8055555555555556, "Precision": 0.6904761904761905, "Cohen_Kappa": 0.4488787533257317, "AUC": 0.8253424657534246, "TP": 58, "TN": 47, "FP": 26, "FN": 14}, "test": {"ACC": 0.6896551724137931, "F1_Score": 0.7058823529411764, "Recall": 0.7397260273972602, "Precision": 0.675, "Cohen_Kappa": 0.37886720609233704, "AUC": 0.7207001522070016, "TP": 54, "TN": 46, "FP": 26, "FN": 19}}}