{"OVR": {"valid": {"ACC": 0.5106382978723404, "F1_Score": 0.4888888888888889, "Recall": 0.4782608695652174, "Precision": 0.5, "Cohen_Kappa": 0.01994560290117864, "AUC": 0.5996376811594203, "TP": 11, "TN": 13, "FP": 11, "FN": 12}, "test": {"ACC": 0.6808510638297872, "F1_Score": 0.6666666666666666, "Recall": 0.625, "Precision": 0.7142857142857143, "Cohen_Kappa": 0.36314363143631434, "AUC": 0.7916666666666666, "TP": 15, "TN": 17, "FP": 6, "FN": 9}}, "KNB": {"valid": {"ACC": 0.5957446808510638, "F1_Score": 0.6122448979591837, "Recall": 0.6521739130434783, "Precision": 0.5769230769230769, "Cohen_Kappa": 0.19331526648599817, "AUC": 0.592391304347826, "TP": 15, "TN": 13, "FP": 11, "FN": 8}, "test": {"ACC": 0.723404255319149, "F1_Score": 0.723404255319149, "Recall": 0.7083333333333334, "Precision": 0.7391304347826086, "Cohen_Kappa": 0.44705882352941173, "AUC": 0.7373188405797102, "TP": 17, "TN": 17, "FP": 6, "FN": 7}}, "DT": {"valid": {"ACC": 0.6595744680851063, "F1_Score": 0.6, "Recall": 0.5217391304347826, "Precision": 0.7058823529411765, "Cohen_Kappa": 0.3151183970856102, "AUC": 0.6567028985507246, "TP": 12, "TN": 19, "FP": 5, "FN": 11}, "test": {"ACC": 0.6170212765957447, "F1_Score": 0.5909090909090908, "Recall": 0.5416666666666666, "Precision": 0.65, "Cohen_Kappa": 0.2364620938628158, "AUC": 0.618659420289855, "TP": 13, "TN": 16, "FP": 7, "FN": 11}}, "MNB": {"valid": {"ACC": 0.6382978723404256, "F1_Score": 0.6046511627906976, "Recall": 0.5652173913043478, "Precision": 0.65, "Cohen_Kappa": 0.27429609445958225, "AUC": 0.6648550724637681, "TP": 13, "TN": 17, "FP": 7, "FN": 10}, "test": {"ACC": 0.6808510638297872, "F1_Score": 0.6511627906976745, "Recall": 0.5833333333333334, "Precision": 0.7368421052631579, "Cohen_Kappa": 0.3642921550946798, "AUC": 0.7047101449275363, "TP": 14, "TN": 18, "FP": 5, "FN": 10}}, "RF": {"valid": {"ACC": 0.5531914893617021, "F1_Score": 0.5531914893617021, "Recall": 0.5652173913043478, "Precision": 0.5416666666666666, "Cohen_Kappa": 0.10678733031674204, "AUC": 0.6521739130434782, "TP": 13, "TN": 13, "FP": 11, "FN": 10}, "test": {"ACC": 0.7659574468085106, "F1_Score": 0.744186046511628, "Recall": 0.6666666666666666, "Precision": 0.8421052631578947, "Cohen_Kappa": 0.5338142470694318, "AUC": 0.8288043478260869, "TP": 16, "TN": 20, "FP": 3, "FN": 8}}, "ADA": {"valid": {"ACC": 0.5106382978723404, "F1_Score": 0.4888888888888889, "Recall": 0.4782608695652174, "Precision": 0.5, "Cohen_Kappa": 0.01994560290117864, "AUC": 0.5760869565217391, "TP": 11, "TN": 13, "FP": 11, "FN": 12}, "test": {"ACC": 0.6382978723404256, "F1_Score": 0.6046511627906976, "Recall": 0.5416666666666666, "Precision": 0.6842105263157895, "Cohen_Kappa": 0.27953110910730383, "AUC": 0.6793478260869565, "TP": 13, "TN": 17, "FP": 6, "FN": 11}}, "XGB": {"valid": {"ACC": 0.574468085106383, "F1_Score": 0.5652173913043478, "Recall": 0.5652173913043478, "Precision": 0.5652173913043478, "Cohen_Kappa": 0.14855072463768115, "AUC": 0.6141304347826086, "TP": 13, "TN": 14, "FP": 10, "FN": 10}, "test": {"ACC": 0.8085106382978723, "F1_Score": 0.7906976744186046, "Recall": 0.7083333333333334, "Precision": 0.8947368421052632, "Cohen_Kappa": 0.6185752930568079, "AUC": 0.875, "TP": 17, "TN": 21, "FP": 2, "FN": 7}}, "MLP": {"valid": {"ACC": 0.5957446808510638, "F1_Score": 0.5581395348837209, "Recall": 0.5217391304347826, "Precision": 0.6, "Cohen_Kappa": 0.18891916439600365, "AUC": 0.605072463768116, "TP": 12, "TN": 16, "FP": 8, "FN": 11}, "test": {"ACC": 0.7021276595744681, "F1_Score": 0.6818181818181818, "Recall": 0.625, "Precision": 0.75, "Cohen_Kappa": 0.40613718411552346, "AUC": 0.7844202898550725, "TP": 15, "TN": 18, "FP": 5, "FN": 9}}, "LR": {"valid": {"ACC": 0.5106382978723404, "F1_Score": 0.4888888888888889, "Recall": 0.4782608695652174, "Precision": 0.5, "Cohen_Kappa": 0.01994560290117864, "AUC": 0.5996376811594203, "TP": 11, "TN": 13, "FP": 11, "FN": 12}, "test": {"ACC": 0.6808510638297872, "F1_Score": 0.6666666666666666, "Recall": 0.625, "Precision": 0.7142857142857143, "Cohen_Kappa": 0.36314363143631434, "AUC": 0.7916666666666666, "TP": 15, "TN": 17, "FP": 6, "FN": 9}}, "ETAs": {"valid": {"ACC": 0.5531914893617021, "F1_Score": 0.46153846153846156, "Recall": 0.391304347826087, "Precision": 0.5625, "Cohen_Kappa": 0.10027347310847756, "AUC": 0.6041666666666666, "TP": 9, "TN": 17, "FP": 7, "FN": 14}, "test": {"ACC": 0.723404255319149, "F1_Score": 0.6829268292682927, "Recall": 0.5833333333333334, "Precision": 0.8235294117647058, "Cohen_Kappa": 0.45004500450045004, "AUC": 0.8215579710144928, "TP": 14, "TN": 20, "FP": 3, "FN": 10}}, "CNB": {"valid": {"ACC": 0.6382978723404256, "F1_Score": 0.6046511627906976, "Recall": 0.5652173913043478, "Precision": 0.65, "Cohen_Kappa": 0.27429609445958225, "AUC": 0.6648550724637681, "TP": 13, "TN": 17, "FP": 7, "FN": 10}, "test": {"ACC": 0.6808510638297872, "F1_Score": 0.6511627906976745, "Recall": 0.5833333333333334, "Precision": 0.7368421052631579, "Cohen_Kappa": 0.3642921550946798, "AUC": 0.7047101449275363, "TP": 14, "TN": 18, "FP": 5, "FN": 10}}, "GB": {"valid": {"ACC": 0.574468085106383, "F1_Score": 0.5238095238095238, "Recall": 0.4782608695652174, "Precision": 0.5789473684210527, "Cohen_Kappa": 0.1454545454545455, "AUC": 0.661231884057971, "TP": 11, "TN": 16, "FP": 8, "FN": 12}, "test": {"ACC": 0.723404255319149, "F1_Score": 0.7111111111111111, "Recall": 0.6666666666666666, "Precision": 0.7619047619047619, "Cohen_Kappa": 0.4480578139114725, "AUC": 0.7735507246376812, "TP": 16, "TN": 18, "FP": 5, "FN": 8}}, "BAG": {"valid": {"ACC": 0.5106382978723404, "F1_Score": 0.30303030303030304, "Recall": 0.21739130434782608, "Precision": 0.5, "Cohen_Kappa": 0.009165902841429707, "AUC": 0.529891304347826, "TP": 5, "TN": 19, "FP": 5, "FN": 18}, "test": {"ACC": 0.6595744680851063, "F1_Score": 0.619047619047619, "Recall": 0.5416666666666666, "Precision": 0.7222222222222222, "Cohen_Kappa": 0.32252252252252245, "AUC": 0.7454710144927535, "TP": 13, "TN": 18, "FP": 5, "FN": 11}}, "QDA": {"valid": {"ACC": 0.5106382978723404, "F1_Score": 0.0, "Recall": 0.0, "Precision": 0.0, "Cohen_Kappa": 0.0, "AUC": 0.5, "TP": 0, "TN": 24, "FP": 0, "FN": 23}, "test": {"ACC": 0.48936170212765956, "F1_Score": 0.0, "Recall": 0.0, "Precision": 0.0, "Cohen_Kappa": 0.0, "AUC": 0.5, "TP": 0, "TN": 23, "FP": 0, "FN": 24}}, "SVC": {"valid": {"ACC": 0.6382978723404256, "F1_Score": 0.6046511627906976, "Recall": 0.5652173913043478, "Precision": 0.65, "Cohen_Kappa": 0.27429609445958225, "AUC": 0.6557971014492754, "TP": 13, "TN": 17, "FP": 7, "FN": 10}, "test": {"ACC": 0.6382978723404256, "F1_Score": 0.6382978723404256, "Recall": 0.625, "Precision": 0.6521739130434783, "Cohen_Kappa": 0.27692307692307694, "AUC": 0.7355072463768116, "TP": 15, "TN": 15, "FP": 8, "FN": 9}}}