{"OVR": {"valid": {"ACC": 0.6621621621621622, "F1_Score": 0.6666666666666667, "Recall": 0.6756756756756757, "Precision": 0.6578947368421053, "Cohen_Kappa": 0.32432432432432434, "AUC": 0.7037983929875823, "TP": 50, "TN": 48, "FP": 26, "FN": 24}, "test": {"ACC": 0.6375838926174496, "F1_Score": 0.6250000000000001, "Recall": 0.6, "Precision": 0.6521739130434783, "Cohen_Kappa": 0.27552674230145857, "AUC": 0.7190990990990991, "TP": 45, "TN": 50, "FP": 24, "FN": 30}}, "KNB": {"valid": {"ACC": 0.6216216216216216, "F1_Score": 0.6363636363636365, "Recall": 0.6621621621621622, "Precision": 0.6125, "Cohen_Kappa": 0.2432432432432432, "AUC": 0.6700146092037983, "TP": 49, "TN": 43, "FP": 31, "FN": 25}, "test": {"ACC": 0.610738255033557, "F1_Score": 0.6233766233766234, "Recall": 0.64, "Precision": 0.6075949367088608, "Cohen_Kappa": 0.2211607786589761, "AUC": 0.6704504504504505, "TP": 48, "TN": 43, "FP": 31, "FN": 27}}, "DT": {"valid": {"ACC": 0.6351351351351351, "F1_Score": 0.644736842105263, "Recall": 0.6621621621621622, "Precision": 0.6282051282051282, "Cohen_Kappa": 0.2702702702702703, "AUC": 0.6351351351351351, "TP": 49, "TN": 45, "FP": 29, "FN": 25}, "test": {"ACC": 0.5973154362416108, "F1_Score": 0.6, "Recall": 0.6, "Precision": 0.6, "Cohen_Kappa": 0.1945945945945946, "AUC": 0.5972972972972973, "TP": 45, "TN": 44, "FP": 30, "FN": 30}}, "MNB": {"valid": {"ACC": 0.6283783783783784, "F1_Score": 0.6451612903225807, "Recall": 0.6756756756756757, "Precision": 0.6172839506172839, "Cohen_Kappa": 0.2567567567567568, "AUC": 0.7034331628926224, "TP": 50, "TN": 43, "FP": 31, "FN": 24}, "test": {"ACC": 0.6241610738255033, "F1_Score": 0.6455696202531646, "Recall": 0.68, "Precision": 0.6144578313253012, "Cohen_Kappa": 0.2477461233321312, "AUC": 0.6882882882882884, "TP": 51, "TN": 42, "FP": 32, "FN": 24}}, "RF": {"valid": {"ACC": 0.7027027027027027, "F1_Score": 0.6901408450704226, "Recall": 0.6621621621621622, "Precision": 0.7205882352941176, "Cohen_Kappa": 0.4054054054054054, "AUC": 0.7459824689554418, "TP": 49, "TN": 55, "FP": 19, "FN": 25}, "test": {"ACC": 0.6778523489932886, "F1_Score": 0.657142857142857, "Recall": 0.6133333333333333, "Precision": 0.7076923076923077, "Cohen_Kappa": 0.3562556255625563, "AUC": 0.7385585585585586, "TP": 46, "TN": 55, "FP": 19, "FN": 29}}, "ADA": {"valid": {"ACC": 0.6486486486486487, "F1_Score": 0.6486486486486487, "Recall": 0.6486486486486487, "Precision": 0.6486486486486487, "Cohen_Kappa": 0.29729729729729726, "AUC": 0.6544923301680058, "TP": 48, "TN": 48, "FP": 26, "FN": 26}, "test": {"ACC": 0.6778523489932886, "F1_Score": 0.6923076923076923, "Recall": 0.72, "Precision": 0.6666666666666666, "Cohen_Kappa": 0.35532720389399675, "AUC": 0.7363963963963963, "TP": 54, "TN": 47, "FP": 27, "FN": 21}}, "XGB": {"valid": {"ACC": 0.6621621621621622, "F1_Score": 0.6527777777777778, "Recall": 0.6351351351351351, "Precision": 0.6714285714285714, "Cohen_Kappa": 0.32432432432432434, "AUC": 0.752191380569759, "TP": 47, "TN": 51, "FP": 23, "FN": 27}, "test": {"ACC": 0.6644295302013423, "F1_Score": 0.6428571428571429, "Recall": 0.6, "Precision": 0.6923076923076923, "Cohen_Kappa": 0.3294329432943295, "AUC": 0.7455855855855856, "TP": 45, "TN": 54, "FP": 20, "FN": 30}}, "MLP": {"valid": {"ACC": 0.7027027027027027, "F1_Score": 0.6986301369863014, "Recall": 0.6891891891891891, "Precision": 0.7083333333333334, "Cohen_Kappa": 0.4054054054054054, "AUC": 0.7213294375456537, "TP": 51, "TN": 53, "FP": 21, "FN": 23}, "test": {"ACC": 0.6778523489932886, "F1_Score": 0.6666666666666666, "Recall": 0.64, "Precision": 0.6956521739130435, "Cohen_Kappa": 0.3560237709346299, "AUC": 0.7187387387387387, "TP": 48, "TN": 53, "FP": 21, "FN": 27}}, "LR": {"valid": {"ACC": 0.6621621621621622, "F1_Score": 0.6666666666666667, "Recall": 0.6756756756756757, "Precision": 0.6578947368421053, "Cohen_Kappa": 0.32432432432432434, "AUC": 0.7037983929875823, "TP": 50, "TN": 48, "FP": 26, "FN": 24}, "test": {"ACC": 0.6375838926174496, "F1_Score": 0.6250000000000001, "Recall": 0.6, "Precision": 0.6521739130434783, "Cohen_Kappa": 0.27552674230145857, "AUC": 0.7190990990990991, "TP": 45, "TN": 50, "FP": 24, "FN": 30}}, "ETAs": {"valid": {"ACC": 0.7162162162162162, "F1_Score": 0.7083333333333334, "Recall": 0.6891891891891891, "Precision": 0.7285714285714285, "Cohen_Kappa": 0.43243243243243246, "AUC": 0.7735573411249087, "TP": 51, "TN": 55, "FP": 19, "FN": 23}, "test": {"ACC": 0.6577181208053692, "F1_Score": 0.6330935251798561, "Recall": 0.5866666666666667, "Precision": 0.6875, "Cohen_Kappa": 0.31608316083160826, "AUC": 0.7409009009009009, "TP": 44, "TN": 54, "FP": 20, "FN": 31}}, "CNB": {"valid": {"ACC": 0.6283783783783784, "F1_Score": 0.6451612903225807, "Recall": 0.6756756756756757, "Precision": 0.6172839506172839, "Cohen_Kappa": 0.2567567567567568, "AUC": 0.7034331628926224, "TP": 50, "TN": 43, "FP": 31, "FN": 24}, "test": {"ACC": 0.6241610738255033, "F1_Score": 0.6455696202531646, "Recall": 0.68, "Precision": 0.6144578313253012, "Cohen_Kappa": 0.2477461233321312, "AUC": 0.6882882882882884, "TP": 51, "TN": 42, "FP": 32, "FN": 24}}, "GB": {"valid": {"ACC": 0.6959459459459459, "F1_Score": 0.6853146853146853, "Recall": 0.6621621621621622, "Precision": 0.7101449275362319, "Cohen_Kappa": 0.3918918918918919, "AUC": 0.733016800584368, "TP": 49, "TN": 54, "FP": 20, "FN": 25}, "test": {"ACC": 0.6510067114093959, "F1_Score": 0.638888888888889, "Recall": 0.6133333333333333, "Precision": 0.6666666666666666, "Cohen_Kappa": 0.3023590851791824, "AUC": 0.7218018018018018, "TP": 46, "TN": 51, "FP": 23, "FN": 29}}, "BAG": {"valid": {"ACC": 0.6081081081081081, "F1_Score": 0.5972222222222221, "Recall": 0.581081081081081, "Precision": 0.6142857142857143, "Cohen_Kappa": 0.21621621621621623, "AUC": 0.6649013878743608, "TP": 43, "TN": 47, "FP": 27, "FN": 31}, "test": {"ACC": 0.610738255033557, "F1_Score": 0.591549295774648, "Recall": 0.56, "Precision": 0.6268656716417911, "Cohen_Kappa": 0.22200216060496936, "AUC": 0.6853153153153153, "TP": 42, "TN": 49, "FP": 25, "FN": 33}}, "QDA": {"valid": {"ACC": 0.5, "F1_Score": 0.0, "Recall": 0.0, "Precision": 0.0, "Cohen_Kappa": 0.0, "AUC": 0.5, "TP": 0, "TN": 74, "FP": 0, "FN": 74}, "test": {"ACC": 0.4966442953020134, "F1_Score": 0.0, "Recall": 0.0, "Precision": 0.0, "Cohen_Kappa": 0.0, "AUC": 0.5, "TP": 0, "TN": 74, "FP": 0, "FN": 75}}, "SVC": {"valid": {"ACC": 0.6621621621621622, "F1_Score": 0.6428571428571428, "Recall": 0.6081081081081081, "Precision": 0.6818181818181818, "Cohen_Kappa": 0.32432432432432434, "AUC": 0.714390065741417, "TP": 45, "TN": 53, "FP": 21, "FN": 29}, "test": {"ACC": 0.6577181208053692, "F1_Score": 0.6330935251798561, "Recall": 0.5866666666666667, "Precision": 0.6875, "Cohen_Kappa": 0.31608316083160826, "AUC": 0.747927927927928, "TP": 44, "TN": 54, "FP": 20, "FN": 31}}}