{"OVR": {"valid": {"ACC": 0.6958174904942965, "F1_Score": 0.6774193548387097, "Recall": 0.6412213740458015, "Precision": 0.717948717948718, "Cohen_Kappa": 0.39137980908301995, "AUC": 0.7578649086282674, "TP": 84, "TN": 99, "FP": 33, "FN": 47}, "test": {"ACC": 0.6311787072243346, "F1_Score": 0.616600790513834, "Recall": 0.5909090909090909, "Precision": 0.6446280991735537, "Cohen_Kappa": 0.2625812978754155, "AUC": 0.6880060143418921, "TP": 78, "TN": 88, "FP": 43, "FN": 54}}, "KNB": {"valid": {"ACC": 0.6653992395437263, "F1_Score": 0.6641221374045801, "Recall": 0.6641221374045801, "Precision": 0.6641221374045801, "Cohen_Kappa": 0.3307888040712468, "AUC": 0.7352532963219987, "TP": 87, "TN": 88, "FP": 44, "FN": 44}, "test": {"ACC": 0.6501901140684411, "F1_Score": 0.640625, "Recall": 0.6212121212121212, "Precision": 0.6612903225806451, "Cohen_Kappa": 0.3005319148936171, "AUC": 0.6841024751330095, "TP": 82, "TN": 89, "FP": 42, "FN": 50}}, "DT": {"valid": {"ACC": 0.6844106463878327, "F1_Score": 0.6891385767790261, "Recall": 0.7022900763358778, "Precision": 0.6764705882352942, "Cohen_Kappa": 0.3689034085981092, "AUC": 0.6844783715012723, "TP": 92, "TN": 88, "FP": 44, "FN": 39}, "test": {"ACC": 0.5931558935361216, "F1_Score": 0.599250936329588, "Recall": 0.6060606060606061, "Precision": 0.5925925925925926, "Cohen_Kappa": 0.18622943234724265, "AUC": 0.5931066389081656, "TP": 80, "TN": 76, "FP": 55, "FN": 52}}, "MNB": {"valid": {"ACC": 0.7300380228136882, "F1_Score": 0.7215686274509803, "Recall": 0.7022900763358778, "Precision": 0.7419354838709677, "Cohen_Kappa": 0.45995893223819295, "AUC": 0.7870691649317604, "TP": 92, "TN": 100, "FP": 32, "FN": 39}, "test": {"ACC": 0.6463878326996197, "F1_Score": 0.6463878326996197, "Recall": 0.6439393939393939, "Precision": 0.648854961832061, "Cohen_Kappa": 0.29278588983663445, "AUC": 0.6531343974092066, "TP": 85, "TN": 85, "FP": 46, "FN": 47}}, "RF": {"valid": {"ACC": 0.6996197718631179, "F1_Score": 0.6901960784313725, "Recall": 0.6717557251908397, "Precision": 0.7096774193548387, "Cohen_Kappa": 0.3991092344622147, "AUC": 0.7934015729817256, "TP": 88, "TN": 96, "FP": 36, "FN": 43}, "test": {"ACC": 0.6768060836501901, "F1_Score": 0.6840148698884759, "Recall": 0.696969696969697, "Precision": 0.6715328467153284, "Cohen_Kappa": 0.353509355389109, "AUC": 0.7306268794818414, "TP": 92, "TN": 86, "FP": 45, "FN": 40}}, "ADA": {"valid": {"ACC": 0.7110266159695817, "F1_Score": 0.7142857142857142, "Recall": 0.7251908396946565, "Precision": 0.7037037037037037, "Cohen_Kappa": 0.4221117150456807, "AUC": 0.7743754337265787, "TP": 95, "TN": 92, "FP": 40, "FN": 36}, "test": {"ACC": 0.6425855513307985, "F1_Score": 0.6492537313432835, "Recall": 0.6590909090909091, "Precision": 0.6397058823529411, "Cohen_Kappa": 0.28507807981492184, "AUC": 0.7257113115891741, "TP": 87, "TN": 82, "FP": 49, "FN": 45}}, "XGB": {"valid": {"ACC": 0.6806083650190115, "F1_Score": 0.6818181818181818, "Recall": 0.6870229007633588, "Precision": 0.6766917293233082, "Cohen_Kappa": 0.36124443416411267, "AUC": 0.7724959518852649, "TP": 90, "TN": 89, "FP": 43, "FN": 41}, "test": {"ACC": 0.6387832699619772, "F1_Score": 0.6387832699619771, "Recall": 0.6363636363636364, "Precision": 0.6412213740458015, "Cohen_Kappa": 0.2775769842417234, "AUC": 0.7242077261161229, "TP": 84, "TN": 84, "FP": 47, "FN": 48}}, "MLP": {"valid": {"ACC": 0.6159695817490495, "F1_Score": 0.6300366300366299, "Recall": 0.6564885496183206, "Precision": 0.6056338028169014, "Cohen_Kappa": 0.23217227923110273, "AUC": 0.684941013185288, "TP": 86, "TN": 76, "FP": 56, "FN": 45}, "test": {"ACC": 0.6387832699619772, "F1_Score": 0.641509433962264, "Recall": 0.6439393939393939, "Precision": 0.6390977443609023, "Cohen_Kappa": 0.27753520515860386, "AUC": 0.691707147814018, "TP": 85, "TN": 83, "FP": 48, "FN": 47}}, "LR": {"valid": {"ACC": 0.6958174904942965, "F1_Score": 0.6774193548387097, "Recall": 0.6412213740458015, "Precision": 0.717948717948718, "Cohen_Kappa": 0.39137980908301995, "AUC": 0.7578649086282674, "TP": 84, "TN": 99, "FP": 33, "FN": 47}, "test": {"ACC": 0.6311787072243346, "F1_Score": 0.616600790513834, "Recall": 0.5909090909090909, "Precision": 0.6446280991735537, "Cohen_Kappa": 0.2625812978754155, "AUC": 0.6880060143418921, "TP": 78, "TN": 88, "FP": 43, "FN": 54}}, "ETAs": {"valid": {"ACC": 0.6920152091254753, "F1_Score": 0.6920152091254754, "Recall": 0.6946564885496184, "Precision": 0.6893939393939394, "Cohen_Kappa": 0.38403932340610103, "AUC": 0.7851029377746935, "TP": 91, "TN": 91, "FP": 41, "FN": 40}, "test": {"ACC": 0.6197718631178707, "F1_Score": 0.6183206106870229, "Recall": 0.6136363636363636, "Precision": 0.6230769230769231, "Cohen_Kappa": 0.23957670733822944, "AUC": 0.7177596576451539, "TP": 81, "TN": 82, "FP": 49, "FN": 51}}, "CNB": {"valid": {"ACC": 0.7300380228136882, "F1_Score": 0.7215686274509803, "Recall": 0.7022900763358778, "Precision": 0.7419354838709677, "Cohen_Kappa": 0.45995893223819295, "AUC": 0.7870691649317604, "TP": 92, "TN": 100, "FP": 32, "FN": 39}, "test": {"ACC": 0.6463878326996197, "F1_Score": 0.6463878326996197, "Recall": 0.6439393939393939, "Precision": 0.648854961832061, "Cohen_Kappa": 0.29278588983663445, "AUC": 0.6531343974092066, "TP": 85, "TN": 85, "FP": 46, "FN": 47}}, "GB": {"valid": {"ACC": 0.7262357414448669, "F1_Score": 0.7209302325581396, "Recall": 0.7099236641221374, "Precision": 0.7322834645669292, "Cohen_Kappa": 0.45240023134759977, "AUC": 0.8068470969234327, "TP": 93, "TN": 98, "FP": 34, "FN": 38}, "test": {"ACC": 0.6806083650190115, "F1_Score": 0.6744186046511628, "Recall": 0.6590909090909091, "Precision": 0.6904761904761905, "Cohen_Kappa": 0.36131830008673027, "AUC": 0.7489590562109646, "TP": 87, "TN": 92, "FP": 39, "FN": 45}}, "BAG": {"valid": {"ACC": 0.6425855513307985, "F1_Score": 0.626984126984127, "Recall": 0.6030534351145038, "Precision": 0.6528925619834711, "Cohen_Kappa": 0.2849540116850813, "AUC": 0.7119477214897063, "TP": 79, "TN": 90, "FP": 42, "FN": 52}, "test": {"ACC": 0.6273764258555133, "F1_Score": 0.608, "Recall": 0.5757575757575758, "Precision": 0.6440677966101694, "Cohen_Kappa": 0.2550436441412798, "AUC": 0.6748207263474438, "TP": 76, "TN": 89, "FP": 42, "FN": 56}}, "QDA": {"valid": {"ACC": 0.5475285171102662, "F1_Score": 0.4615384615384615, "Recall": 0.3893129770992366, "Precision": 0.5666666666666667, "Cohen_Kappa": 0.09396983469878128, "AUC": 0.5469292158223455, "TP": 51, "TN": 93, "FP": 39, "FN": 80}, "test": {"ACC": 0.5285171102661597, "F1_Score": 0.4205607476635514, "Recall": 0.3409090909090909, "Precision": 0.5487804878048781, "Cohen_Kappa": 0.0583819368250853, "AUC": 0.5292331714087439, "TP": 45, "TN": 94, "FP": 37, "FN": 87}}, "SVC": {"valid": {"ACC": 0.7300380228136882, "F1_Score": 0.70042194092827, "Recall": 0.6335877862595419, "Precision": 0.7830188679245284, "Cohen_Kappa": 0.4596776527098585, "AUC": 0.7951653944020356, "TP": 83, "TN": 109, "FP": 23, "FN": 48}, "test": {"ACC": 0.6425855513307985, "F1_Score": 0.6115702479338843, "Recall": 0.5606060606060606, "Precision": 0.6727272727272727, "Cohen_Kappa": 0.28561521123504585, "AUC": 0.7086513994910941, "TP": 74, "TN": 95, "FP": 36, "FN": 58}}}