{"OVR": {"valid": {"ACC": 0.7261904761904762, "F1_Score": 0.7261904761904762, "Recall": 0.7261904761904762, "Precision": 0.7261904761904762, "Cohen_Kappa": 0.45238095238095233, "AUC": 0.7801516439909297, "TP": 122, "TN": 122, "FP": 46, "FN": 46}, "test": {"ACC": 0.6735905044510386, "F1_Score": 0.6646341463414633, "Recall": 0.6449704142011834, "Precision": 0.6855345911949685, "Cohen_Kappa": 0.34729020671197663, "AUC": 0.7264722457030149, "TP": 109, "TN": 118, "FP": 50, "FN": 60}}, "KNB": {"valid": {"ACC": 0.7023809523809523, "F1_Score": 0.7023809523809523, "Recall": 0.7023809523809523, "Precision": 0.7023809523809523, "Cohen_Kappa": 0.40476190476190477, "AUC": 0.7638003117913833, "TP": 118, "TN": 118, "FP": 50, "FN": 50}, "test": {"ACC": 0.685459940652819, "F1_Score": 0.6954022988505746, "Recall": 0.7159763313609467, "Precision": 0.6759776536312849, "Cohen_Kappa": 0.37080353683023926, "AUC": 0.7324774584389969, "TP": 121, "TN": 110, "FP": 58, "FN": 48}}, "DT": {"valid": {"ACC": 0.6755952380952381, "F1_Score": 0.6765578635014836, "Recall": 0.6785714285714286, "Precision": 0.6745562130177515, "Cohen_Kappa": 0.35119047619047616, "AUC": 0.6755952380952381, "TP": 114, "TN": 113, "FP": 55, "FN": 54}, "test": {"ACC": 0.6409495548961425, "F1_Score": 0.6451612903225806, "Recall": 0.650887573964497, "Precision": 0.6395348837209303, "Cohen_Kappa": 0.28185484581109876, "AUC": 0.640919977458439, "TP": 110, "TN": 106, "FP": 62, "FN": 59}}, "MNB": {"valid": {"ACC": 0.6815476190476191, "F1_Score": 0.7100271002710027, "Recall": 0.7797619047619048, "Precision": 0.6517412935323383, "Cohen_Kappa": 0.36309523809523814, "AUC": 0.7440830498866213, "TP": 131, "TN": 98, "FP": 70, "FN": 37}, "test": {"ACC": 0.655786350148368, "F1_Score": 0.6931216931216931, "Recall": 0.7751479289940828, "Precision": 0.6267942583732058, "Cohen_Kappa": 0.3110813478076977, "AUC": 0.7168216398985631, "TP": 131, "TN": 90, "FP": 78, "FN": 38}}, "RF": {"valid": {"ACC": 0.7261904761904762, "F1_Score": 0.7228915662650603, "Recall": 0.7142857142857143, "Precision": 0.7317073170731707, "Cohen_Kappa": 0.45238095238095233, "AUC": 0.8044394841269841, "TP": 120, "TN": 124, "FP": 44, "FN": 48}, "test": {"ACC": 0.7210682492581603, "F1_Score": 0.718562874251497, "Recall": 0.7100591715976331, "Precision": 0.7272727272727273, "Cohen_Kappa": 0.4421708811720786, "AUC": 0.7748133276979432, "TP": 120, "TN": 123, "FP": 45, "FN": 49}}, "ADA": {"valid": {"ACC": 0.6845238095238095, "F1_Score": 0.6863905325443787, "Recall": 0.6904761904761905, "Precision": 0.6823529411764706, "Cohen_Kappa": 0.36904761904761907, "AUC": 0.7461380385487528, "TP": 116, "TN": 114, "FP": 54, "FN": 52}, "test": {"ACC": 0.6676557863501483, "F1_Score": 0.68, "Recall": 0.7041420118343196, "Precision": 0.6574585635359116, "Cohen_Kappa": 0.33516522229267953, "AUC": 0.7101472245703014, "TP": 119, "TN": 106, "FP": 62, "FN": 50}}, "XGB": {"valid": {"ACC": 0.7172619047619048, "F1_Score": 0.7129909365558913, "Recall": 0.7023809523809523, "Precision": 0.7239263803680982, "Cohen_Kappa": 0.43452380952380953, "AUC": 0.8000637755102041, "TP": 118, "TN": 123, "FP": 45, "FN": 50}, "test": {"ACC": 0.6943620178041543, "F1_Score": 0.6997084548104956, "Recall": 0.7100591715976331, "Precision": 0.6896551724137931, "Cohen_Kappa": 0.3886648232621216, "AUC": 0.7738447449985911, "TP": 120, "TN": 114, "FP": 54, "FN": 49}}, "MLP": {"valid": {"ACC": 0.7470238095238095, "F1_Score": 0.7564469914040115, "Recall": 0.7857142857142857, "Precision": 0.7292817679558011, "Cohen_Kappa": 0.49404761904761907, "AUC": 0.824936224489796, "TP": 132, "TN": 119, "FP": 49, "FN": 36}, "test": {"ACC": 0.6824925816023739, "F1_Score": 0.6968838526912181, "Recall": 0.727810650887574, "Precision": 0.6684782608695652, "Cohen_Kappa": 0.36481178107770085, "AUC": 0.7467596506058045, "TP": 123, "TN": 107, "FP": 61, "FN": 46}}, "LR": {"valid": {"ACC": 0.7261904761904762, "F1_Score": 0.7261904761904762, "Recall": 0.7261904761904762, "Precision": 0.7261904761904762, "Cohen_Kappa": 0.45238095238095233, "AUC": 0.7801516439909297, "TP": 122, "TN": 122, "FP": 46, "FN": 46}, "test": {"ACC": 0.6735905044510386, "F1_Score": 0.6646341463414633, "Recall": 0.6449704142011834, "Precision": 0.6855345911949685, "Cohen_Kappa": 0.34729020671197663, "AUC": 0.7264722457030149, "TP": 109, "TN": 118, "FP": 50, "FN": 60}}, "ETAs": {"valid": {"ACC": 0.7321428571428571, "F1_Score": 0.7352941176470588, "Recall": 0.7440476190476191, "Precision": 0.7267441860465116, "Cohen_Kappa": 0.4642857142857143, "AUC": 0.8321818310657596, "TP": 125, "TN": 121, "FP": 47, "FN": 43}, "test": {"ACC": 0.712166172106825, "F1_Score": 0.7138643067846607, "Recall": 0.7159763313609467, "Precision": 0.711764705882353, "Cohen_Kappa": 0.42431713717133646, "AUC": 0.7796562411947028, "TP": 121, "TN": 119, "FP": 49, "FN": 48}}, "CNB": {"valid": {"ACC": 0.6815476190476191, "F1_Score": 0.7100271002710027, "Recall": 0.7797619047619048, "Precision": 0.6517412935323383, "Cohen_Kappa": 0.36309523809523814, "AUC": 0.7440830498866213, "TP": 131, "TN": 98, "FP": 70, "FN": 37}, "test": {"ACC": 0.655786350148368, "F1_Score": 0.6931216931216931, "Recall": 0.7751479289940828, "Precision": 0.6267942583732058, "Cohen_Kappa": 0.3110813478076977, "AUC": 0.7168216398985631, "TP": 131, "TN": 90, "FP": 78, "FN": 38}}, "GB": {"valid": {"ACC": 0.6934523809523809, "F1_Score": 0.6906906906906907, "Recall": 0.6845238095238095, "Precision": 0.696969696969697, "Cohen_Kappa": 0.38690476190476186, "AUC": 0.7812854308390021, "TP": 115, "TN": 118, "FP": 50, "FN": 53}, "test": {"ACC": 0.7002967359050445, "F1_Score": 0.6948640483383686, "Recall": 0.6804733727810651, "Precision": 0.7098765432098766, "Cohen_Kappa": 0.4006620767375112, "AUC": 0.7489785855170471, "TP": 115, "TN": 121, "FP": 47, "FN": 54}}, "BAG": {"valid": {"ACC": 0.6815476190476191, "F1_Score": 0.664576802507837, "Recall": 0.6309523809523809, "Precision": 0.7019867549668874, "Cohen_Kappa": 0.36309523809523814, "AUC": 0.7740043934240363, "TP": 106, "TN": 123, "FP": 45, "FN": 62}, "test": {"ACC": 0.6973293768545994, "F1_Score": 0.6792452830188679, "Recall": 0.6390532544378699, "Precision": 0.7248322147651006, "Cohen_Kappa": 0.39486655869304976, "AUC": 0.7461080586080585, "TP": 108, "TN": 127, "FP": 41, "FN": 61}}, "QDA": {"valid": {"ACC": 0.4880952380952381, "F1_Score": 0.5222222222222223, "Recall": 0.5595238095238095, "Precision": 0.4895833333333333, "Cohen_Kappa": -0.023809523809523725, "AUC": 0.488095238095238, "TP": 94, "TN": 70, "FP": 98, "FN": 74}, "test": {"ACC": 0.456973293768546, "F1_Score": 0.4958677685950414, "Recall": 0.5325443786982249, "Precision": 0.4639175257731959, "Cohen_Kappa": -0.08654134146126613, "AUC": 0.4567483798253029, "TP": 90, "TN": 64, "FP": 104, "FN": 79}}, "SVC": {"valid": {"ACC": 0.7351190476190477, "F1_Score": 0.7343283582089553, "Recall": 0.7321428571428571, "Precision": 0.7365269461077845, "Cohen_Kappa": 0.47023809523809523, "AUC": 0.7979733560090703, "TP": 123, "TN": 124, "FP": 44, "FN": 45}, "test": {"ACC": 0.6706231454005934, "F1_Score": 0.6646525679758308, "Recall": 0.650887573964497, "Precision": 0.6790123456790124, "Cohen_Kappa": 0.34132168829568066, "AUC": 0.7408424908424909, "TP": 110, "TN": 116, "FP": 52, "FN": 59}}}