{"OVR": {"valid": {"ACC": 0.759656652360515, "F1_Score": 0.7704918032786886, "Recall": 0.8034188034188035, "Precision": 0.7401574803149606, "Cohen_Kappa": 0.5191272941696764, "AUC": 0.8011346890657236, "TP": 94, "TN": 83, "FP": 33, "FN": 23}, "test": {"ACC": 0.7692307692307693, "F1_Score": 0.7610619469026549, "Recall": 0.7350427350427351, "Precision": 0.7889908256880734, "Cohen_Kappa": 0.5384615384615384, "AUC": 0.8516326977865439, "TP": 86, "TN": 94, "FP": 23, "FN": 31}}, "KNB": {"valid": {"ACC": 0.6909871244635193, "F1_Score": 0.6814159292035399, "Recall": 0.6581196581196581, "Precision": 0.7064220183486238, "Cohen_Kappa": 0.38214496169711254, "AUC": 0.7563365753020925, "TP": 77, "TN": 84, "FP": 32, "FN": 40}, "test": {"ACC": 0.6837606837606838, "F1_Score": 0.6574074074074073, "Recall": 0.6068376068376068, "Precision": 0.7171717171717171, "Cohen_Kappa": 0.36752136752136755, "AUC": 0.7709474760756811, "TP": 71, "TN": 89, "FP": 28, "FN": 46}}, "DT": {"valid": {"ACC": 0.7253218884120172, "F1_Score": 0.7377049180327869, "Recall": 0.7692307692307693, "Precision": 0.7086614173228346, "Cohen_Kappa": 0.45043119333677306, "AUC": 0.725132625994695, "TP": 90, "TN": 79, "FP": 37, "FN": 27}, "test": {"ACC": 0.7051282051282052, "F1_Score": 0.6986899563318778, "Recall": 0.6837606837606838, "Precision": 0.7142857142857143, "Cohen_Kappa": 0.41025641025641024, "AUC": 0.7051282051282051, "TP": 80, "TN": 85, "FP": 32, "FN": 37}}, "MNB": {"valid": {"ACC": 0.6952789699570815, "F1_Score": 0.7053941908713692, "Recall": 0.7264957264957265, "Precision": 0.6854838709677419, "Cohen_Kappa": 0.39038950510373294, "AUC": 0.7645151783082819, "TP": 85, "TN": 77, "FP": 39, "FN": 32}, "test": {"ACC": 0.7136752136752137, "F1_Score": 0.6995515695067265, "Recall": 0.6666666666666666, "Precision": 0.7358490566037735, "Cohen_Kappa": 0.4273504273504274, "AUC": 0.7912192271166629, "TP": 78, "TN": 89, "FP": 28, "FN": 39}}, "RF": {"valid": {"ACC": 0.7939914163090128, "F1_Score": 0.8, "Recall": 0.8205128205128205, "Precision": 0.7804878048780488, "Cohen_Kappa": 0.5878841476895865, "AUC": 0.8319333922782198, "TP": 96, "TN": 89, "FP": 27, "FN": 21}, "test": {"ACC": 0.7649572649572649, "F1_Score": 0.7533632286995516, "Recall": 0.717948717948718, "Precision": 0.7924528301886793, "Cohen_Kappa": 0.5299145299145299, "AUC": 0.8460077434436408, "TP": 84, "TN": 95, "FP": 22, "FN": 33}}, "ADA": {"valid": {"ACC": 0.7167381974248928, "F1_Score": 0.7317073170731708, "Recall": 0.7692307692307693, "Precision": 0.6976744186046512, "Cohen_Kappa": 0.43321539141972576, "AUC": 0.7947612732095491, "TP": 90, "TN": 77, "FP": 39, "FN": 27}, "test": {"ACC": 0.7649572649572649, "F1_Score": 0.7659574468085106, "Recall": 0.7692307692307693, "Precision": 0.7627118644067796, "Cohen_Kappa": 0.5299145299145299, "AUC": 0.8201475637373074, "TP": 90, "TN": 89, "FP": 28, "FN": 27}}, "XGB": {"valid": {"ACC": 0.8154506437768241, "F1_Score": 0.818565400843882, "Recall": 0.8290598290598291, "Precision": 0.8083333333333333, "Cohen_Kappa": 0.6308536899893151, "AUC": 0.8652372531682876, "TP": 97, "TN": 93, "FP": 23, "FN": 20}, "test": {"ACC": 0.7777777777777778, "F1_Score": 0.761467889908257, "Recall": 0.7094017094017094, "Precision": 0.8217821782178217, "Cohen_Kappa": 0.5555555555555556, "AUC": 0.8503908247497991, "TP": 83, "TN": 99, "FP": 18, "FN": 34}}, "MLP": {"valid": {"ACC": 0.7854077253218884, "F1_Score": 0.788135593220339, "Recall": 0.7948717948717948, "Precision": 0.7815126050420168, "Cohen_Kappa": 0.570775919239555, "AUC": 0.8373121131741821, "TP": 93, "TN": 90, "FP": 26, "FN": 24}, "test": {"ACC": 0.7863247863247863, "F1_Score": 0.7807017543859649, "Recall": 0.7606837606837606, "Precision": 0.8018018018018018, "Cohen_Kappa": 0.5726495726495726, "AUC": 0.8587917305866024, "TP": 89, "TN": 95, "FP": 22, "FN": 28}}, "LR": {"valid": {"ACC": 0.759656652360515, "F1_Score": 0.7704918032786886, "Recall": 0.8034188034188035, "Precision": 0.7401574803149606, "Cohen_Kappa": 0.5191272941696764, "AUC": 0.8011346890657236, "TP": 94, "TN": 83, "FP": 33, "FN": 23}, "test": {"ACC": 0.7692307692307693, "F1_Score": 0.7610619469026549, "Recall": 0.7350427350427351, "Precision": 0.7889908256880734, "Cohen_Kappa": 0.5384615384615384, "AUC": 0.8516326977865439, "TP": 86, "TN": 94, "FP": 23, "FN": 31}}, "ETAs": {"valid": {"ACC": 0.776824034334764, "F1_Score": 0.7796610169491526, "Recall": 0.7863247863247863, "Precision": 0.773109243697479, "Cohen_Kappa": 0.5536069560091372, "AUC": 0.8337385794282346, "TP": 92, "TN": 89, "FP": 27, "FN": 25}, "test": {"ACC": 0.7735042735042735, "F1_Score": 0.7665198237885461, "Recall": 0.7435897435897436, "Precision": 0.7909090909090909, "Cohen_Kappa": 0.5470085470085471, "AUC": 0.8274892249251223, "TP": 87, "TN": 94, "FP": 23, "FN": 30}}, "CNB": {"valid": {"ACC": 0.6952789699570815, "F1_Score": 0.7053941908713692, "Recall": 0.7264957264957265, "Precision": 0.6854838709677419, "Cohen_Kappa": 0.39038950510373294, "AUC": 0.7645151783082819, "TP": 85, "TN": 77, "FP": 39, "FN": 32}, "test": {"ACC": 0.7136752136752137, "F1_Score": 0.6995515695067265, "Recall": 0.6666666666666666, "Precision": 0.7358490566037735, "Cohen_Kappa": 0.4273504273504274, "AUC": 0.7912192271166629, "TP": 78, "TN": 89, "FP": 28, "FN": 39}}, "GB": {"valid": {"ACC": 0.8111587982832618, "F1_Score": 0.8166666666666667, "Recall": 0.8376068376068376, "Precision": 0.7967479674796748, "Cohen_Kappa": 0.6222271353821209, "AUC": 0.8547008547008547, "TP": 98, "TN": 91, "FP": 25, "FN": 19}, "test": {"ACC": 0.7735042735042735, "F1_Score": 0.7665198237885461, "Recall": 0.7435897435897436, "Precision": 0.7909090909090909, "Cohen_Kappa": 0.5470085470085471, "AUC": 0.8541164438600336, "TP": 87, "TN": 94, "FP": 23, "FN": 30}}, "BAG": {"valid": {"ACC": 0.7253218884120172, "F1_Score": 0.7168141592920354, "Recall": 0.6923076923076923, "Precision": 0.7431192660550459, "Cohen_Kappa": 0.4507955215085445, "AUC": 0.8085396404361922, "TP": 81, "TN": 88, "FP": 28, "FN": 36}, "test": {"ACC": 0.7606837606837606, "F1_Score": 0.7543859649122807, "Recall": 0.7350427350427351, "Precision": 0.7747747747747747, "Cohen_Kappa": 0.5213675213675213, "AUC": 0.8255168383373512, "TP": 86, "TN": 92, "FP": 25, "FN": 31}}, "QDA": {"valid": {"ACC": 0.44206008583690987, "F1_Score": 0.26136363636363635, "Recall": 0.19658119658119658, "Precision": 0.3898305084745763, "Cohen_Kappa": -0.11352106462760103, "AUC": 0.44311818449749485, "TP": 23, "TN": 80, "FP": 36, "FN": 94}, "test": {"ACC": 0.5427350427350427, "F1_Score": 0.4022346368715084, "Recall": 0.3076923076923077, "Precision": 0.5806451612903226, "Cohen_Kappa": 0.0854700854700855, "AUC": 0.5427350427350427, "TP": 36, "TN": 91, "FP": 26, "FN": 81}}, "SVC": {"valid": {"ACC": 0.7553648068669528, "F1_Score": 0.7673469387755102, "Recall": 0.8034188034188035, "Precision": 0.734375, "Cohen_Kappa": 0.5105222422879888, "AUC": 0.8133657530209255, "TP": 94, "TN": 82, "FP": 34, "FN": 23}, "test": {"ACC": 0.8034188034188035, "F1_Score": 0.8050847457627118, "Recall": 0.811965811965812, "Precision": 0.7983193277310925, "Cohen_Kappa": 0.6068376068376069, "AUC": 0.8506830301702096, "TP": 95, "TN": 93, "FP": 24, "FN": 22}}}