{"OVR": {"valid": {"ACC": 0.631578947368421, "F1_Score": 0.6037735849056605, "Recall": 0.5614035087719298, "Precision": 0.6530612244897959, "Cohen_Kappa": 0.26315789473684215, "AUC": 0.7556171129578332, "TP": 32, "TN": 40, "FP": 17, "FN": 25}, "test": {"ACC": 0.7280701754385965, "F1_Score": 0.7047619047619048, "Recall": 0.6491228070175439, "Precision": 0.7708333333333334, "Cohen_Kappa": 0.45614035087719296, "AUC": 0.76269621421976, "TP": 37, "TN": 46, "FP": 11, "FN": 20}}, "KNB": {"valid": {"ACC": 0.7017543859649122, "F1_Score": 0.6851851851851852, "Recall": 0.6491228070175439, "Precision": 0.7254901960784313, "Cohen_Kappa": 0.4035087719298246, "AUC": 0.7120652508464143, "TP": 37, "TN": 43, "FP": 14, "FN": 20}, "test": {"ACC": 0.6666666666666666, "F1_Score": 0.6415094339622641, "Recall": 0.5964912280701754, "Precision": 0.6938775510204082, "Cohen_Kappa": 0.33333333333333337, "AUC": 0.7042166820560172, "TP": 34, "TN": 42, "FP": 15, "FN": 23}}, "DT": {"valid": {"ACC": 0.6228070175438597, "F1_Score": 0.6055045871559633, "Recall": 0.5789473684210527, "Precision": 0.6346153846153846, "Cohen_Kappa": 0.24561403508771928, "AUC": 0.6228070175438597, "TP": 33, "TN": 38, "FP": 19, "FN": 24}, "test": {"ACC": 0.6666666666666666, "F1_Score": 0.6346153846153846, "Recall": 0.5789473684210527, "Precision": 0.7021276595744681, "Cohen_Kappa": 0.33333333333333337, "AUC": 0.6666666666666666, "TP": 33, "TN": 43, "FP": 14, "FN": 24}}, "MNB": {"valid": {"ACC": 0.6491228070175439, "F1_Score": 0.6363636363636364, "Recall": 0.6140350877192983, "Precision": 0.660377358490566, "Cohen_Kappa": 0.29824561403508776, "AUC": 0.7254539858417975, "TP": 35, "TN": 39, "FP": 18, "FN": 22}, "test": {"ACC": 0.7631578947368421, "F1_Score": 0.7610619469026548, "Recall": 0.7543859649122807, "Precision": 0.7678571428571429, "Cohen_Kappa": 0.5263157894736843, "AUC": 0.7626962142197599, "TP": 43, "TN": 44, "FP": 13, "FN": 14}}, "RF": {"valid": {"ACC": 0.7192982456140351, "F1_Score": 0.7142857142857142, "Recall": 0.7017543859649122, "Precision": 0.7272727272727273, "Cohen_Kappa": 0.4385964912280702, "AUC": 0.7640812557710064, "TP": 40, "TN": 42, "FP": 15, "FN": 17}, "test": {"ACC": 0.7017543859649122, "F1_Score": 0.7017543859649122, "Recall": 0.7017543859649122, "Precision": 0.7017543859649122, "Cohen_Kappa": 0.4035087719298246, "AUC": 0.739612188365651, "TP": 40, "TN": 40, "FP": 17, "FN": 17}}, "ADA": {"valid": {"ACC": 0.6666666666666666, "F1_Score": 0.6545454545454544, "Recall": 0.631578947368421, "Precision": 0.6792452830188679, "Cohen_Kappa": 0.33333333333333337, "AUC": 0.7368421052631579, "TP": 36, "TN": 40, "FP": 17, "FN": 21}, "test": {"ACC": 0.5964912280701754, "F1_Score": 0.6101694915254237, "Recall": 0.631578947368421, "Precision": 0.5901639344262295, "Cohen_Kappa": 0.19298245614035092, "AUC": 0.6463527239150508, "TP": 36, "TN": 32, "FP": 25, "FN": 21}}, "XGB": {"valid": {"ACC": 0.7105263157894737, "F1_Score": 0.6857142857142857, "Recall": 0.631578947368421, "Precision": 0.75, "Cohen_Kappa": 0.42105263157894735, "AUC": 0.7787011388119421, "TP": 36, "TN": 45, "FP": 12, "FN": 21}, "test": {"ACC": 0.6754385964912281, "F1_Score": 0.6837606837606838, "Recall": 0.7017543859649122, "Precision": 0.6666666666666666, "Cohen_Kappa": 0.3508771929824561, "AUC": 0.7042166820560173, "TP": 40, "TN": 37, "FP": 20, "FN": 17}}, "MLP": {"valid": {"ACC": 0.6491228070175439, "F1_Score": 0.6428571428571428, "Recall": 0.631578947368421, "Precision": 0.6545454545454545, "Cohen_Kappa": 0.29824561403508776, "AUC": 0.7605417051400432, "TP": 36, "TN": 38, "FP": 19, "FN": 21}, "test": {"ACC": 0.6578947368421053, "F1_Score": 0.6422018348623854, "Recall": 0.6140350877192983, "Precision": 0.6730769230769231, "Cohen_Kappa": 0.3157894736842105, "AUC": 0.6995998768851954, "TP": 35, "TN": 40, "FP": 17, "FN": 22}}, "LR": {"valid": {"ACC": 0.631578947368421, "F1_Score": 0.6037735849056605, "Recall": 0.5614035087719298, "Precision": 0.6530612244897959, "Cohen_Kappa": 0.26315789473684215, "AUC": 0.7556171129578332, "TP": 32, "TN": 40, "FP": 17, "FN": 25}, "test": {"ACC": 0.7280701754385965, "F1_Score": 0.7047619047619048, "Recall": 0.6491228070175439, "Precision": 0.7708333333333334, "Cohen_Kappa": 0.45614035087719296, "AUC": 0.76269621421976, "TP": 37, "TN": 46, "FP": 11, "FN": 20}}, "ETAs": {"valid": {"ACC": 0.6754385964912281, "F1_Score": 0.6666666666666666, "Recall": 0.6491228070175439, "Precision": 0.6851851851851852, "Cohen_Kappa": 0.3508771929824561, "AUC": 0.7706986765158511, "TP": 37, "TN": 40, "FP": 17, "FN": 20}, "test": {"ACC": 0.7192982456140351, "F1_Score": 0.7142857142857142, "Recall": 0.7017543859649122, "Precision": 0.7272727272727273, "Cohen_Kappa": 0.4385964912280702, "AUC": 0.7468451831332718, "TP": 40, "TN": 42, "FP": 15, "FN": 17}}, "CNB": {"valid": {"ACC": 0.6491228070175439, "F1_Score": 0.6363636363636364, "Recall": 0.6140350877192983, "Precision": 0.660377358490566, "Cohen_Kappa": 0.29824561403508776, "AUC": 0.7254539858417975, "TP": 35, "TN": 39, "FP": 18, "FN": 22}, "test": {"ACC": 0.7631578947368421, "F1_Score": 0.7610619469026548, "Recall": 0.7543859649122807, "Precision": 0.7678571428571429, "Cohen_Kappa": 0.5263157894736843, "AUC": 0.7626962142197599, "TP": 43, "TN": 44, "FP": 13, "FN": 14}}, "GB": {"valid": {"ACC": 0.7017543859649122, "F1_Score": 0.6964285714285715, "Recall": 0.6842105263157895, "Precision": 0.7090909090909091, "Cohen_Kappa": 0.4035087719298246, "AUC": 0.773468759618344, "TP": 39, "TN": 41, "FP": 16, "FN": 18}, "test": {"ACC": 0.6666666666666666, "F1_Score": 0.6666666666666666, "Recall": 0.6666666666666666, "Precision": 0.6666666666666666, "Cohen_Kappa": 0.33333333333333337, "AUC": 0.7297630040012311, "TP": 38, "TN": 38, "FP": 19, "FN": 19}}, "BAG": {"valid": {"ACC": 0.631578947368421, "F1_Score": 0.6037735849056605, "Recall": 0.5614035087719298, "Precision": 0.6530612244897959, "Cohen_Kappa": 0.26315789473684215, "AUC": 0.7380732533087103, "TP": 32, "TN": 40, "FP": 17, "FN": 25}, "test": {"ACC": 0.6842105263157895, "F1_Score": 0.6727272727272728, "Recall": 0.6491228070175439, "Precision": 0.6981132075471698, "Cohen_Kappa": 0.368421052631579, "AUC": 0.7465373961218836, "TP": 37, "TN": 41, "FP": 16, "FN": 20}}, "QDA": {"valid": {"ACC": 0.5526315789473685, "F1_Score": 0.6382978723404255, "Recall": 0.7894736842105263, "Precision": 0.5357142857142857, "Cohen_Kappa": 0.10526315789473684, "AUC": 0.5526315789473684, "TP": 45, "TN": 18, "FP": 39, "FN": 12}, "test": {"ACC": 0.5087719298245614, "F1_Score": 0.611111111111111, "Recall": 0.7719298245614035, "Precision": 0.5057471264367817, "Cohen_Kappa": 0.01754385964912286, "AUC": 0.5087719298245614, "TP": 44, "TN": 14, "FP": 43, "FN": 13}}, "SVC": {"valid": {"ACC": 0.6842105263157895, "F1_Score": 0.6842105263157895, "Recall": 0.6842105263157895, "Precision": 0.6842105263157895, "Cohen_Kappa": 0.368421052631579, "AUC": 0.7463835026161896, "TP": 39, "TN": 39, "FP": 18, "FN": 18}, "test": {"ACC": 0.7368421052631579, "F1_Score": 0.7321428571428571, "Recall": 0.7192982456140351, "Precision": 0.7454545454545455, "Cohen_Kappa": 0.4736842105263158, "AUC": 0.796552785472453, "TP": 41, "TN": 43, "FP": 14, "FN": 16}}}