{"OVR": {"valid": {"ACC": 0.7410358565737052, "F1_Score": 0.7565543071161048, "Recall": 0.8015873015873016, "Precision": 0.7163120567375887, "Cohen_Kappa": 0.48181673812926795, "AUC": 0.8119365079365081, "TP": 101, "TN": 85, "FP": 40, "FN": 25}, "test": {"ACC": 0.7063492063492064, "F1_Score": 0.704, "Recall": 0.6984126984126984, "Precision": 0.7096774193548387, "Cohen_Kappa": 0.4126984126984127, "AUC": 0.7387881078357269, "TP": 88, "TN": 90, "FP": 36, "FN": 38}}, "KNB": {"valid": {"ACC": 0.7131474103585658, "F1_Score": 0.7209302325581395, "Recall": 0.7380952380952381, "Precision": 0.7045454545454546, "Cohen_Kappa": 0.4261764145551533, "AUC": 0.7766349206349206, "TP": 93, "TN": 86, "FP": 39, "FN": 33}, "test": {"ACC": 0.7301587301587301, "F1_Score": 0.7190082644628099, "Recall": 0.6904761904761905, "Precision": 0.75, "Cohen_Kappa": 0.46031746031746035, "AUC": 0.792737465356513, "TP": 87, "TN": 97, "FP": 29, "FN": 39}}, "DT": {"valid": {"ACC": 0.7250996015936255, "F1_Score": 0.7376425855513308, "Recall": 0.7698412698412699, "Precision": 0.708029197080292, "Cohen_Kappa": 0.4499984121439232, "AUC": 0.7276190476190475, "TP": 97, "TN": 85, "FP": 40, "FN": 29}, "test": {"ACC": 0.7182539682539683, "F1_Score": 0.7320754716981133, "Recall": 0.7698412698412699, "Precision": 0.697841726618705, "Cohen_Kappa": 0.4365079365079365, "AUC": 0.7182539682539684, "TP": 97, "TN": 84, "FP": 42, "FN": 29}}, "MNB": {"valid": {"ACC": 0.6533864541832669, "F1_Score": 0.6063348416289593, "Recall": 0.5317460317460317, "Precision": 0.7052631578947368, "Cohen_Kappa": 0.3074434683327518, "AUC": 0.6602539682539682, "TP": 67, "TN": 97, "FP": 28, "FN": 59}, "test": {"ACC": 0.6547619047619048, "F1_Score": 0.6027397260273972, "Recall": 0.5238095238095238, "Precision": 0.7096774193548387, "Cohen_Kappa": 0.30952380952380953, "AUC": 0.6719576719576721, "TP": 66, "TN": 99, "FP": 27, "FN": 60}}, "RF": {"valid": {"ACC": 0.7609561752988048, "F1_Score": 0.782608695652174, "Recall": 0.8571428571428571, "Precision": 0.72, "Cohen_Kappa": 0.521540221120854, "AUC": 0.844920634920635, "TP": 108, "TN": 83, "FP": 42, "FN": 18}, "test": {"ACC": 0.7301587301587301, "F1_Score": 0.7404580152671756, "Recall": 0.7698412698412699, "Precision": 0.7132352941176471, "Cohen_Kappa": 0.46031746031746035, "AUC": 0.8162950365331317, "TP": 97, "TN": 87, "FP": 39, "FN": 29}}, "ADA": {"valid": {"ACC": 0.7370517928286853, "F1_Score": 0.7461538461538462, "Recall": 0.7698412698412699, "Precision": 0.7238805970149254, "Cohen_Kappa": 0.4739616410516957, "AUC": 0.8187301587301588, "TP": 97, "TN": 88, "FP": 37, "FN": 29}, "test": {"ACC": 0.6944444444444444, "F1_Score": 0.688259109311741, "Recall": 0.6746031746031746, "Precision": 0.7024793388429752, "Cohen_Kappa": 0.38888888888888884, "AUC": 0.7506928697404889, "TP": 85, "TN": 90, "FP": 36, "FN": 41}}, "XGB": {"valid": {"ACC": 0.7808764940239044, "F1_Score": 0.7924528301886793, "Recall": 0.8333333333333334, "Precision": 0.7553956834532374, "Cohen_Kappa": 0.5615650903547496, "AUC": 0.8587936507936508, "TP": 105, "TN": 91, "FP": 34, "FN": 21}, "test": {"ACC": 0.7380952380952381, "F1_Score": 0.7441860465116279, "Recall": 0.7619047619047619, "Precision": 0.7272727272727273, "Cohen_Kappa": 0.47619047619047616, "AUC": 0.8048626858150667, "TP": 96, "TN": 90, "FP": 36, "FN": 30}}, "MLP": {"valid": {"ACC": 0.7529880478087649, "F1_Score": 0.7686567164179104, "Recall": 0.8174603174603174, "Precision": 0.7253521126760564, "Cohen_Kappa": 0.5057171896836488, "AUC": 0.8288888888888889, "TP": 103, "TN": 86, "FP": 39, "FN": 23}, "test": {"ACC": 0.7182539682539683, "F1_Score": 0.7125506072874493, "Recall": 0.6984126984126984, "Precision": 0.7272727272727273, "Cohen_Kappa": 0.4365079365079365, "AUC": 0.7761400856638951, "TP": 88, "TN": 93, "FP": 33, "FN": 38}}, "LR": {"valid": {"ACC": 0.7410358565737052, "F1_Score": 0.7565543071161048, "Recall": 0.8015873015873016, "Precision": 0.7163120567375887, "Cohen_Kappa": 0.48181673812926795, "AUC": 0.8119365079365081, "TP": 101, "TN": 85, "FP": 40, "FN": 25}, "test": {"ACC": 0.7063492063492064, "F1_Score": 0.704, "Recall": 0.6984126984126984, "Precision": 0.7096774193548387, "Cohen_Kappa": 0.4126984126984127, "AUC": 0.7387881078357269, "TP": 88, "TN": 90, "FP": 36, "FN": 38}}, "ETAs": {"valid": {"ACC": 0.7808764940239044, "F1_Score": 0.7940074906367042, "Recall": 0.8412698412698413, "Precision": 0.75177304964539, "Cohen_Kappa": 0.5615372399555344, "AUC": 0.8496825396825396, "TP": 106, "TN": 90, "FP": 35, "FN": 20}, "test": {"ACC": 0.7380952380952381, "F1_Score": 0.7401574803149606, "Recall": 0.746031746031746, "Precision": 0.734375, "Cohen_Kappa": 0.47619047619047616, "AUC": 0.8086104812295288, "TP": 94, "TN": 92, "FP": 34, "FN": 32}}, "CNB": {"valid": {"ACC": 0.6533864541832669, "F1_Score": 0.6063348416289593, "Recall": 0.5317460317460317, "Precision": 0.7052631578947368, "Cohen_Kappa": 0.3074434683327518, "AUC": 0.6602539682539682, "TP": 67, "TN": 97, "FP": 28, "FN": 59}, "test": {"ACC": 0.6547619047619048, "F1_Score": 0.6027397260273972, "Recall": 0.5238095238095238, "Precision": 0.7096774193548387, "Cohen_Kappa": 0.30952380952380953, "AUC": 0.6719576719576721, "TP": 66, "TN": 99, "FP": 27, "FN": 60}}, "GB": {"valid": {"ACC": 0.7609561752988048, "F1_Score": 0.7761194029850745, "Recall": 0.8253968253968254, "Precision": 0.7323943661971831, "Cohen_Kappa": 0.5216617964680472, "AUC": 0.8531428571428572, "TP": 104, "TN": 87, "FP": 38, "FN": 22}, "test": {"ACC": 0.7380952380952381, "F1_Score": 0.7421874999999999, "Recall": 0.753968253968254, "Precision": 0.7307692307692307, "Cohen_Kappa": 0.47619047619047616, "AUC": 0.809649785840262, "TP": 95, "TN": 91, "FP": 35, "FN": 31}}, "BAG": {"valid": {"ACC": 0.7609561752988048, "F1_Score": 0.7727272727272727, "Recall": 0.8095238095238095, "Precision": 0.7391304347826086, "Cohen_Kappa": 0.5217225609756098, "AUC": 0.8248888888888889, "TP": 102, "TN": 89, "FP": 36, "FN": 24}, "test": {"ACC": 0.746031746031746, "F1_Score": 0.746031746031746, "Recall": 0.746031746031746, "Precision": 0.746031746031746, "Cohen_Kappa": 0.4920634920634921, "AUC": 0.7953829680020156, "TP": 94, "TN": 94, "FP": 32, "FN": 32}}, "QDA": {"valid": {"ACC": 0.5298804780876494, "F1_Score": 0.6793478260869564, "Recall": 0.9920634920634921, "Precision": 0.5165289256198347, "Cohen_Kappa": 0.0562707111904156, "AUC": 0.528031746031746, "TP": 125, "TN": 8, "FP": 117, "FN": 1}, "test": {"ACC": 0.5119047619047619, "F1_Score": 0.6702412868632708, "Recall": 0.9920634920634921, "Precision": 0.5060728744939271, "Cohen_Kappa": 0.023809523809523836, "AUC": 0.5119047619047619, "TP": 125, "TN": 4, "FP": 122, "FN": 1}}, "SVC": {"valid": {"ACC": 0.6932270916334662, "F1_Score": 0.7220216606498195, "Recall": 0.7936507936507936, "Precision": 0.6622516556291391, "Cohen_Kappa": 0.3859571088165211, "AUC": 0.7874920634920636, "TP": 100, "TN": 74, "FP": 51, "FN": 26}, "test": {"ACC": 0.7222222222222222, "F1_Score": 0.7244094488188977, "Recall": 0.7301587301587301, "Precision": 0.71875, "Cohen_Kappa": 0.4444444444444444, "AUC": 0.7859347442680776, "TP": 92, "TN": 90, "FP": 36, "FN": 34}}}