{"OVR": {"valid": {"ACC": 0.596958174904943, "F1_Score": 0.5859375, "Recall": 0.5725190839694656, "Precision": 0.6, "Cohen_Kappa": 0.19376482156284336, "AUC": 0.6446333564654176, "TP": 75, "TN": 82, "FP": 50, "FN": 56}, "test": {"ACC": 0.6349809885931559, "F1_Score": 0.6521739130434783, "Recall": 0.6818181818181818, "Precision": 0.625, "Cohen_Kappa": 0.2696980215203054, "AUC": 0.684941013185288, "TP": 90, "TN": 77, "FP": 54, "FN": 42}}, "KNB": {"valid": {"ACC": 0.6501901140684411, "F1_Score": 0.6567164179104479, "Recall": 0.6717557251908397, "Precision": 0.6423357664233577, "Cohen_Kappa": 0.3004914715235618, "AUC": 0.7073502197547998, "TP": 88, "TN": 83, "FP": 49, "FN": 43}, "test": {"ACC": 0.6045627376425855, "F1_Score": 0.6176470588235293, "Recall": 0.6363636363636364, "Precision": 0.6, "Cohen_Kappa": 0.20893105043961124, "AUC": 0.6571825121443442, "TP": 84, "TN": 75, "FP": 56, "FN": 48}}, "DT": {"valid": {"ACC": 0.623574144486692, "F1_Score": 0.6425992779783393, "Recall": 0.6793893129770993, "Precision": 0.6095890410958904, "Cohen_Kappa": 0.24746379953177833, "AUC": 0.6247397640527411, "TP": 89, "TN": 75, "FP": 57, "FN": 42}, "test": {"ACC": 0.6159695817490495, "F1_Score": 0.63003663003663, "Recall": 0.6515151515151515, "Precision": 0.6099290780141844, "Cohen_Kappa": 0.23172812725958059, "AUC": 0.6191880638445524, "TP": 86, "TN": 76, "FP": 55, "FN": 46}}, "MNB": {"valid": {"ACC": 0.6920152091254753, "F1_Score": 0.6493506493506493, "Recall": 0.5725190839694656, "Precision": 0.75, "Cohen_Kappa": 0.38346887390385787, "AUC": 0.6762086513994912, "TP": 75, "TN": 107, "FP": 25, "FN": 56}, "test": {"ACC": 0.6387832699619772, "F1_Score": 0.6025104602510459, "Recall": 0.5454545454545454, "Precision": 0.6728971962616822, "Cohen_Kappa": 0.2780779566008842, "AUC": 0.6433032616238723, "TP": 72, "TN": 96, "FP": 35, "FN": 60}}, "RF": {"valid": {"ACC": 0.714828897338403, "F1_Score": 0.708171206225681, "Recall": 0.6946564885496184, "Precision": 0.7222222222222222, "Cohen_Kappa": 0.4295670782845079, "AUC": 0.7822403423548462, "TP": 91, "TN": 97, "FP": 35, "FN": 40}, "test": {"ACC": 0.6653992395437263, "F1_Score": 0.6834532374100719, "Recall": 0.7196969696969697, "Precision": 0.6506849315068494, "Cohen_Kappa": 0.330517789991322, "AUC": 0.7314654175341199, "TP": 95, "TN": 80, "FP": 51, "FN": 37}}, "ADA": {"valid": {"ACC": 0.6996197718631179, "F1_Score": 0.6973180076628351, "Recall": 0.6946564885496184, "Precision": 0.7, "Cohen_Kappa": 0.3992134863950495, "AUC": 0.7574600971547537, "TP": 91, "TN": 93, "FP": 39, "FN": 40}, "test": {"ACC": 0.6387832699619772, "F1_Score": 0.641509433962264, "Recall": 0.6439393939393939, "Precision": 0.6390977443609023, "Cohen_Kappa": 0.27753520515860386, "AUC": 0.6820784177654406, "TP": 85, "TN": 83, "FP": 48, "FN": 47}}, "XGB": {"valid": {"ACC": 0.7072243346007605, "F1_Score": 0.7137546468401488, "Recall": 0.732824427480916, "Precision": 0.6956521739130435, "Cohen_Kappa": 0.4145587002399468, "AUC": 0.7700092528336803, "TP": 96, "TN": 90, "FP": 42, "FN": 35}, "test": {"ACC": 0.6197718631178707, "F1_Score": 0.6402877697841726, "Recall": 0.6742424242424242, "Precision": 0.6095890410958904, "Cohen_Kappa": 0.23922476135377502, "AUC": 0.7151283830673143, "TP": 89, "TN": 74, "FP": 57, "FN": 43}}, "MLP": {"valid": {"ACC": 0.6311787072243346, "F1_Score": 0.6643598615916955, "Recall": 0.732824427480916, "Precision": 0.6075949367088608, "Cohen_Kappa": 0.26292219236658876, "AUC": 0.7157066851723339, "TP": 96, "TN": 70, "FP": 62, "FN": 35}, "test": {"ACC": 0.6425855513307985, "F1_Score": 0.6736111111111112, "Recall": 0.7348484848484849, "Precision": 0.6217948717948718, "Cohen_Kappa": 0.2846643518518518, "AUC": 0.734674994216979, "TP": 97, "TN": 72, "FP": 59, "FN": 35}}, "LR": {"valid": {"ACC": 0.596958174904943, "F1_Score": 0.5859375, "Recall": 0.5725190839694656, "Precision": 0.6, "Cohen_Kappa": 0.19376482156284336, "AUC": 0.6446333564654176, "TP": 75, "TN": 82, "FP": 50, "FN": 56}, "test": {"ACC": 0.6349809885931559, "F1_Score": 0.6521739130434783, "Recall": 0.6818181818181818, "Precision": 0.625, "Cohen_Kappa": 0.2696980215203054, "AUC": 0.684941013185288, "TP": 90, "TN": 77, "FP": 54, "FN": 42}}, "ETAs": {"valid": {"ACC": 0.6958174904942965, "F1_Score": 0.7014925373134329, "Recall": 0.7175572519083969, "Precision": 0.6861313868613139, "Cohen_Kappa": 0.39173171436831455, "AUC": 0.7656141568355309, "TP": 94, "TN": 89, "FP": 43, "FN": 37}, "test": {"ACC": 0.6349809885931559, "F1_Score": 0.6521739130434783, "Recall": 0.6818181818181818, "Precision": 0.625, "Cohen_Kappa": 0.2696980215203054, "AUC": 0.724149895905621, "TP": 90, "TN": 77, "FP": 54, "FN": 42}}, "CNB": {"valid": {"ACC": 0.6920152091254753, "F1_Score": 0.6493506493506493, "Recall": 0.5725190839694656, "Precision": 0.75, "Cohen_Kappa": 0.38346887390385787, "AUC": 0.6762086513994912, "TP": 75, "TN": 107, "FP": 25, "FN": 56}, "test": {"ACC": 0.6387832699619772, "F1_Score": 0.6025104602510459, "Recall": 0.5454545454545454, "Precision": 0.6728971962616822, "Cohen_Kappa": 0.2780779566008842, "AUC": 0.6433032616238723, "TP": 72, "TN": 96, "FP": 35, "FN": 60}}, "GB": {"valid": {"ACC": 0.7376425855513308, "F1_Score": 0.7415730337078652, "Recall": 0.7557251908396947, "Precision": 0.7279411764705882, "Cohen_Kappa": 0.47535343606348845, "AUC": 0.7986062919269026, "TP": 99, "TN": 95, "FP": 37, "FN": 32}, "test": {"ACC": 0.6577946768060836, "F1_Score": 0.6590909090909091, "Recall": 0.6590909090909091, "Precision": 0.6590909090909091, "Cohen_Kappa": 0.31557945870922965, "AUC": 0.753411982419616, "TP": 87, "TN": 86, "FP": 45, "FN": 45}}, "BAG": {"valid": {"ACC": 0.6577946768060836, "F1_Score": 0.6564885496183206, "Recall": 0.6564885496183206, "Precision": 0.6564885496183206, "Cohen_Kappa": 0.31557945870922965, "AUC": 0.7389833448993754, "TP": 86, "TN": 87, "FP": 45, "FN": 45}, "test": {"ACC": 0.6653992395437263, "F1_Score": 0.65625, "Recall": 0.6363636363636364, "Precision": 0.6774193548387096, "Cohen_Kappa": 0.33094357076780756, "AUC": 0.7192632431182049, "TP": 84, "TN": 91, "FP": 40, "FN": 48}}, "QDA": {"valid": {"ACC": 0.6387832699619772, "F1_Score": 0.6184738955823293, "Recall": 0.5877862595419847, "Precision": 0.652542372881356, "Cohen_Kappa": 0.27728442914581586, "AUC": 0.6385900994679621, "TP": 77, "TN": 91, "FP": 41, "FN": 54}, "test": {"ACC": 0.6273764258555133, "F1_Score": 0.6315789473684211, "Recall": 0.6363636363636364, "Precision": 0.6268656716417911, "Cohen_Kappa": 0.25469897634607597, "AUC": 0.6273421235253296, "TP": 84, "TN": 81, "FP": 50, "FN": 48}}, "SVC": {"valid": {"ACC": 0.7186311787072244, "F1_Score": 0.7040000000000001, "Recall": 0.6717557251908397, "Precision": 0.7394957983193278, "Cohen_Kappa": 0.4370588915885688, "AUC": 0.7911751098773999, "TP": 88, "TN": 101, "FP": 31, "FN": 43}, "test": {"ACC": 0.6349809885931559, "F1_Score": 0.625, "Recall": 0.6060606060606061, "Precision": 0.6451612903225806, "Cohen_Kappa": 0.2701202590194265, "AUC": 0.7035912560721721, "TP": 80, "TN": 87, "FP": 44, "FN": 52}}}