{"OVR": {"valid": {"ACC": 0.7081545064377682, "F1_Score": 0.6964285714285714, "Recall": 0.6666666666666666, "Precision": 0.7289719626168224, "Cohen_Kappa": 0.4165132208882669, "AUC": 0.7553050397877985, "TP": 78, "TN": 87, "FP": 29, "FN": 39}, "test": {"ACC": 0.6794871794871795, "F1_Score": 0.6808510638297872, "Recall": 0.6837606837606838, "Precision": 0.6779661016949152, "Cohen_Kappa": 0.3589743589743589, "AUC": 0.7263496237855211, "TP": 80, "TN": 79, "FP": 38, "FN": 37}}, "KNB": {"valid": {"ACC": 0.7124463519313304, "F1_Score": 0.7148936170212766, "Recall": 0.717948717948718, "Precision": 0.711864406779661, "Cohen_Kappa": 0.4248609217846222, "AUC": 0.7519525493663425, "TP": 84, "TN": 82, "FP": 34, "FN": 33}, "test": {"ACC": 0.7222222222222222, "F1_Score": 0.7161572052401747, "Recall": 0.7008547008547008, "Precision": 0.7321428571428571, "Cohen_Kappa": 0.4444444444444444, "AUC": 0.7530133683979838, "TP": 82, "TN": 87, "FP": 30, "FN": 35}}, "DT": {"valid": {"ACC": 0.6437768240343348, "F1_Score": 0.6406926406926408, "Recall": 0.6324786324786325, "Precision": 0.6491228070175439, "Cohen_Kappa": 0.2876192581132353, "AUC": 0.6438255231358679, "TP": 74, "TN": 76, "FP": 40, "FN": 43}, "test": {"ACC": 0.6623931623931624, "F1_Score": 0.6519823788546255, "Recall": 0.6324786324786325, "Precision": 0.6727272727272727, "Cohen_Kappa": 0.32478632478632474, "AUC": 0.6623931623931624, "TP": 74, "TN": 81, "FP": 36, "FN": 43}}, "MNB": {"valid": {"ACC": 0.6523605150214592, "F1_Score": 0.5846153846153846, "Recall": 0.48717948717948717, "Precision": 0.7307692307692307, "Cohen_Kappa": 0.3057057719898466, "AUC": 0.6239684644857059, "TP": 57, "TN": 95, "FP": 21, "FN": 60}, "test": {"ACC": 0.6623931623931624, "F1_Score": 0.5906735751295337, "Recall": 0.48717948717948717, "Precision": 0.75, "Cohen_Kappa": 0.32478632478632474, "AUC": 0.6302870918255534, "TP": 57, "TN": 98, "FP": 19, "FN": 60}}, "RF": {"valid": {"ACC": 0.721030042918455, "F1_Score": 0.7325102880658436, "Recall": 0.7606837606837606, "Precision": 0.7063492063492064, "Cohen_Kappa": 0.44186475032246175, "AUC": 0.803603006189213, "TP": 89, "TN": 79, "FP": 37, "FN": 28}, "test": {"ACC": 0.7606837606837606, "F1_Score": 0.7647058823529412, "Recall": 0.7777777777777778, "Precision": 0.7520661157024794, "Cohen_Kappa": 0.5213675213675213, "AUC": 0.8189056907005626, "TP": 91, "TN": 87, "FP": 30, "FN": 26}}, "ADA": {"valid": {"ACC": 0.6995708154506438, "F1_Score": 0.7033898305084747, "Recall": 0.7094017094017094, "Precision": 0.6974789915966386, "Cohen_Kappa": 0.39908628693537695, "AUC": 0.7814249926318891, "TP": 83, "TN": 80, "FP": 36, "FN": 34}, "test": {"ACC": 0.7094017094017094, "F1_Score": 0.6909090909090909, "Recall": 0.6495726495726496, "Precision": 0.7378640776699029, "Cohen_Kappa": 0.41880341880341876, "AUC": 0.75429176711228, "TP": 76, "TN": 90, "FP": 27, "FN": 41}}, "XGB": {"valid": {"ACC": 0.7296137339055794, "F1_Score": 0.742857142857143, "Recall": 0.7777777777777778, "Precision": 0.7109375, "Cohen_Kappa": 0.4589982677919876, "AUC": 0.7942455054524019, "TP": 91, "TN": 79, "FP": 37, "FN": 26}, "test": {"ACC": 0.782051282051282, "F1_Score": 0.7733333333333334, "Recall": 0.7435897435897436, "Precision": 0.8055555555555556, "Cohen_Kappa": 0.5641025641025641, "AUC": 0.8313974724231135, "TP": 87, "TN": 96, "FP": 21, "FN": 30}}, "MLP": {"valid": {"ACC": 0.703862660944206, "F1_Score": 0.7136929460580913, "Recall": 0.7350427350427351, "Precision": 0.6935483870967742, "Cohen_Kappa": 0.40756163172052917, "AUC": 0.754457707043914, "TP": 86, "TN": 78, "FP": 38, "FN": 31}, "test": {"ACC": 0.6965811965811965, "F1_Score": 0.6872246696035242, "Recall": 0.6666666666666666, "Precision": 0.7090909090909091, "Cohen_Kappa": 0.3931623931623932, "AUC": 0.7717145153042588, "TP": 78, "TN": 85, "FP": 32, "FN": 39}}, "LR": {"valid": {"ACC": 0.7081545064377682, "F1_Score": 0.6964285714285714, "Recall": 0.6666666666666666, "Precision": 0.7289719626168224, "Cohen_Kappa": 0.4165132208882669, "AUC": 0.7553050397877985, "TP": 78, "TN": 87, "FP": 29, "FN": 39}, "test": {"ACC": 0.6794871794871795, "F1_Score": 0.6808510638297872, "Recall": 0.6837606837606838, "Precision": 0.6779661016949152, "Cohen_Kappa": 0.3589743589743589, "AUC": 0.7263496237855211, "TP": 80, "TN": 79, "FP": 38, "FN": 37}}, "ETAs": {"valid": {"ACC": 0.7081545064377682, "F1_Score": 0.7190082644628099, "Recall": 0.7435897435897436, "Precision": 0.696, "Cohen_Kappa": 0.41612617924528295, "AUC": 0.7811671087533156, "TP": 87, "TN": 78, "FP": 38, "FN": 30}, "test": {"ACC": 0.717948717948718, "F1_Score": 0.7105263157894737, "Recall": 0.6923076923076923, "Precision": 0.7297297297297297, "Cohen_Kappa": 0.4358974358974359, "AUC": 0.795127474614654, "TP": 81, "TN": 87, "FP": 30, "FN": 36}}, "CNB": {"valid": {"ACC": 0.6523605150214592, "F1_Score": 0.5846153846153846, "Recall": 0.48717948717948717, "Precision": 0.7307692307692307, "Cohen_Kappa": 0.3057057719898466, "AUC": 0.6239684644857059, "TP": 57, "TN": 95, "FP": 21, "FN": 60}, "test": {"ACC": 0.6623931623931624, "F1_Score": 0.5906735751295337, "Recall": 0.48717948717948717, "Precision": 0.75, "Cohen_Kappa": 0.32478632478632474, "AUC": 0.6302870918255534, "TP": 57, "TN": 98, "FP": 19, "FN": 60}}, "GB": {"valid": {"ACC": 0.7467811158798283, "F1_Score": 0.7531380753138075, "Recall": 0.7692307692307693, "Precision": 0.7377049180327869, "Cohen_Kappa": 0.49345959689008434, "AUC": 0.8171971706454465, "TP": 90, "TN": 84, "FP": 32, "FN": 27}, "test": {"ACC": 0.7606837606837606, "F1_Score": 0.7647058823529412, "Recall": 0.7777777777777778, "Precision": 0.7520661157024794, "Cohen_Kappa": 0.5213675213675213, "AUC": 0.8415516107823799, "TP": 91, "TN": 87, "FP": 30, "FN": 26}}, "BAG": {"valid": {"ACC": 0.6952789699570815, "F1_Score": 0.6872246696035242, "Recall": 0.6666666666666666, "Precision": 0.7090909090909091, "Cohen_Kappa": 0.3907038414791353, "AUC": 0.7736147951665193, "TP": 78, "TN": 84, "FP": 32, "FN": 39}, "test": {"ACC": 0.717948717948718, "F1_Score": 0.7130434782608696, "Recall": 0.7008547008547008, "Precision": 0.7256637168141593, "Cohen_Kappa": 0.4358974358974359, "AUC": 0.8097742713127329, "TP": 82, "TN": 86, "FP": 31, "FN": 35}}, "QDA": {"valid": {"ACC": 0.6351931330472103, "F1_Score": 0.6473029045643153, "Recall": 0.6666666666666666, "Precision": 0.6290322580645161, "Cohen_Kappa": 0.27018461878615907, "AUC": 0.6350574712643677, "TP": 78, "TN": 70, "FP": 46, "FN": 39}, "test": {"ACC": 0.6538461538461539, "F1_Score": 0.6639004149377593, "Recall": 0.6837606837606838, "Precision": 0.6451612903225806, "Cohen_Kappa": 0.3076923076923077, "AUC": 0.6538461538461537, "TP": 80, "TN": 73, "FP": 44, "FN": 37}}, "SVC": {"valid": {"ACC": 0.7339055793991416, "F1_Score": 0.7372881355932203, "Recall": 0.7435897435897436, "Precision": 0.7310924369747899, "Cohen_Kappa": 0.4677621398570482, "AUC": 0.7939139404656645, "TP": 87, "TN": 84, "FP": 32, "FN": 30}, "test": {"ACC": 0.7264957264957265, "F1_Score": 0.7264957264957265, "Recall": 0.7264957264957265, "Precision": 0.7264957264957265, "Cohen_Kappa": 0.45299145299145294, "AUC": 0.7934472934472935, "TP": 85, "TN": 85, "FP": 32, "FN": 32}}}