{"OVR": {"valid": {"ACC": 0.668918918918919, "F1_Score": 0.6573426573426574, "Recall": 0.6351351351351351, "Precision": 0.6811594202898551, "Cohen_Kappa": 0.33783783783783783, "AUC": 0.6926588750913075, "TP": 47, "TN": 52, "FP": 22, "FN": 27}, "test": {"ACC": 0.5838926174496645, "F1_Score": 0.5633802816901409, "Recall": 0.5333333333333333, "Precision": 0.5970149253731343, "Cohen_Kappa": 0.16834713719841554, "AUC": 0.6135135135135135, "TP": 40, "TN": 47, "FP": 27, "FN": 35}}, "KNB": {"valid": {"ACC": 0.581081081081081, "F1_Score": 0.5694444444444445, "Recall": 0.5540540540540541, "Precision": 0.5857142857142857, "Cohen_Kappa": 0.16216216216216217, "AUC": 0.6109386413440467, "TP": 41, "TN": 45, "FP": 29, "FN": 33}, "test": {"ACC": 0.5906040268456376, "F1_Score": 0.596026490066225, "Recall": 0.6, "Precision": 0.5921052631578947, "Cohen_Kappa": 0.18109739616181642, "AUC": 0.6190990990990991, "TP": 45, "TN": 43, "FP": 31, "FN": 30}}, "DT": {"valid": {"ACC": 0.6013513513513513, "F1_Score": 0.6143790849673201, "Recall": 0.6351351351351351, "Precision": 0.5949367088607594, "Cohen_Kappa": 0.20270270270270274, "AUC": 0.6013513513513513, "TP": 47, "TN": 42, "FP": 32, "FN": 27}, "test": {"ACC": 0.5503355704697986, "F1_Score": 0.5503355704697985, "Recall": 0.5466666666666666, "Precision": 0.5540540540540541, "Cohen_Kappa": 0.10071164759931528, "AUC": 0.5503603603603604, "TP": 41, "TN": 41, "FP": 33, "FN": 34}}, "MNB": {"valid": {"ACC": 0.5945945945945946, "F1_Score": 0.5714285714285714, "Recall": 0.5405405405405406, "Precision": 0.6060606060606061, "Cohen_Kappa": 0.18918918918918914, "AUC": 0.6489225712198685, "TP": 40, "TN": 48, "FP": 26, "FN": 34}, "test": {"ACC": 0.610738255033557, "F1_Score": 0.6329113924050633, "Recall": 0.6666666666666666, "Precision": 0.6024096385542169, "Cohen_Kappa": 0.2208799134511359, "AUC": 0.6329729729729731, "TP": 50, "TN": 41, "FP": 33, "FN": 25}}, "RF": {"valid": {"ACC": 0.6148648648648649, "F1_Score": 0.5777777777777778, "Recall": 0.527027027027027, "Precision": 0.639344262295082, "Cohen_Kappa": 0.22972972972972971, "AUC": 0.6659970781592404, "TP": 39, "TN": 52, "FP": 22, "FN": 35}, "test": {"ACC": 0.6442953020134228, "F1_Score": 0.6187050359712232, "Recall": 0.5733333333333334, "Precision": 0.671875, "Cohen_Kappa": 0.28926289262892624, "AUC": 0.7063063063063063, "TP": 43, "TN": 53, "FP": 21, "FN": 32}}, "ADA": {"valid": {"ACC": 0.5945945945945946, "F1_Score": 0.5890410958904109, "Recall": 0.581081081081081, "Precision": 0.5972222222222222, "Cohen_Kappa": 0.18918918918918914, "AUC": 0.5885682980277576, "TP": 43, "TN": 45, "FP": 29, "FN": 31}, "test": {"ACC": 0.6241610738255033, "F1_Score": 0.6216216216216216, "Recall": 0.6133333333333333, "Precision": 0.6301369863013698, "Cohen_Kappa": 0.2484237074401009, "AUC": 0.6266666666666667, "TP": 46, "TN": 47, "FP": 27, "FN": 29}}, "XGB": {"valid": {"ACC": 0.6418918918918919, "F1_Score": 0.5826771653543307, "Recall": 0.5, "Precision": 0.6981132075471698, "Cohen_Kappa": 0.28378378378378377, "AUC": 0.6670927684441199, "TP": 37, "TN": 58, "FP": 16, "FN": 37}, "test": {"ACC": 0.6375838926174496, "F1_Score": 0.619718309859155, "Recall": 0.5866666666666667, "Precision": 0.6567164179104478, "Cohen_Kappa": 0.27565718401152317, "AUC": 0.701981981981982, "TP": 44, "TN": 51, "FP": 23, "FN": 31}}, "MLP": {"valid": {"ACC": 0.5945945945945946, "F1_Score": 0.5652173913043478, "Recall": 0.527027027027027, "Precision": 0.609375, "Cohen_Kappa": 0.18918918918918914, "AUC": 0.6285609934258584, "TP": 39, "TN": 49, "FP": 25, "FN": 35}, "test": {"ACC": 0.5838926174496645, "F1_Score": 0.5230769230769231, "Recall": 0.4533333333333333, "Precision": 0.6181818181818182, "Cohen_Kappa": 0.16924460431654675, "AUC": 0.6261261261261262, "TP": 34, "TN": 53, "FP": 21, "FN": 41}}, "LR": {"valid": {"ACC": 0.668918918918919, "F1_Score": 0.6573426573426574, "Recall": 0.6351351351351351, "Precision": 0.6811594202898551, "Cohen_Kappa": 0.33783783783783783, "AUC": 0.6926588750913075, "TP": 47, "TN": 52, "FP": 22, "FN": 27}, "test": {"ACC": 0.5838926174496645, "F1_Score": 0.5633802816901409, "Recall": 0.5333333333333333, "Precision": 0.5970149253731343, "Cohen_Kappa": 0.16834713719841554, "AUC": 0.6135135135135135, "TP": 40, "TN": 47, "FP": 27, "FN": 35}}, "ETAs": {"valid": {"ACC": 0.6013513513513513, "F1_Score": 0.5426356589147288, "Recall": 0.47297297297297297, "Precision": 0.6363636363636364, "Cohen_Kappa": 0.20270270270270274, "AUC": 0.6695580715850988, "TP": 35, "TN": 54, "FP": 20, "FN": 39}, "test": {"ACC": 0.6375838926174496, "F1_Score": 0.6250000000000001, "Recall": 0.6, "Precision": 0.6521739130434783, "Cohen_Kappa": 0.27552674230145857, "AUC": 0.7108108108108108, "TP": 45, "TN": 50, "FP": 24, "FN": 30}}, "CNB": {"valid": {"ACC": 0.5945945945945946, "F1_Score": 0.5714285714285714, "Recall": 0.5405405405405406, "Precision": 0.6060606060606061, "Cohen_Kappa": 0.18918918918918914, "AUC": 0.6489225712198685, "TP": 40, "TN": 48, "FP": 26, "FN": 34}, "test": {"ACC": 0.610738255033557, "F1_Score": 0.6329113924050633, "Recall": 0.6666666666666666, "Precision": 0.6024096385542169, "Cohen_Kappa": 0.2208799134511359, "AUC": 0.6329729729729731, "TP": 50, "TN": 41, "FP": 33, "FN": 25}}, "GB": {"valid": {"ACC": 0.581081081081081, "F1_Score": 0.5441176470588236, "Recall": 0.5, "Precision": 0.5967741935483871, "Cohen_Kappa": 0.16216216216216217, "AUC": 0.6429875821767713, "TP": 37, "TN": 49, "FP": 25, "FN": 37}, "test": {"ACC": 0.6442953020134228, "F1_Score": 0.6394557823129251, "Recall": 0.6266666666666667, "Precision": 0.6527777777777778, "Cohen_Kappa": 0.288750788075295, "AUC": 0.6956756756756757, "TP": 47, "TN": 49, "FP": 25, "FN": 28}}, "BAG": {"valid": {"ACC": 0.581081081081081, "F1_Score": 0.515625, "Recall": 0.44594594594594594, "Precision": 0.6111111111111112, "Cohen_Kappa": 0.16216216216216217, "AUC": 0.6140430971512052, "TP": 33, "TN": 53, "FP": 21, "FN": 41}, "test": {"ACC": 0.5704697986577181, "F1_Score": 0.5223880597014926, "Recall": 0.4666666666666667, "Precision": 0.5932203389830508, "Cohen_Kappa": 0.1421374595178121, "AUC": 0.6234234234234235, "TP": 35, "TN": 50, "FP": 24, "FN": 40}}, "QDA": {"valid": {"ACC": 0.5, "F1_Score": 0.0, "Recall": 0.0, "Precision": 0.0, "Cohen_Kappa": 0.0, "AUC": 0.5, "TP": 0, "TN": 74, "FP": 0, "FN": 74}, "test": {"ACC": 0.4966442953020134, "F1_Score": 0.0, "Recall": 0.0, "Precision": 0.0, "Cohen_Kappa": 0.0, "AUC": 0.5, "TP": 0, "TN": 74, "FP": 0, "FN": 75}}, "SVC": {"valid": {"ACC": 0.5945945945945946, "F1_Score": 0.5081967213114754, "Recall": 0.4189189189189189, "Precision": 0.6458333333333334, "Cohen_Kappa": 0.18918918918918914, "AUC": 0.6211650840029218, "TP": 31, "TN": 57, "FP": 17, "FN": 43}, "test": {"ACC": 0.6174496644295302, "F1_Score": 0.583941605839416, "Recall": 0.5333333333333333, "Precision": 0.6451612903225806, "Cohen_Kappa": 0.23575992081346175, "AUC": 0.6783783783783783, "TP": 40, "TN": 52, "FP": 22, "FN": 35}}}