{"OVR": {"valid": {"ACC": 0.574468085106383, "F1_Score": 0.5833333333333334, "Recall": 0.6086956521739131, "Precision": 0.56, "Cohen_Kappa": 0.15009041591320071, "AUC": 0.4728260869565218, "TP": 14, "TN": 13, "FP": 11, "FN": 9}, "test": {"ACC": 0.574468085106383, "F1_Score": 0.5454545454545454, "Recall": 0.5, "Precision": 0.6, "Cohen_Kappa": 0.15162454873646203, "AUC": 0.5416666666666666, "TP": 12, "TN": 15, "FP": 8, "FN": 12}}, "KNB": {"valid": {"ACC": 0.6170212765957447, "F1_Score": 0.6538461538461539, "Recall": 0.7391304347826086, "Precision": 0.5862068965517241, "Cohen_Kappa": 0.23783783783783774, "AUC": 0.6612318840579711, "TP": 17, "TN": 12, "FP": 12, "FN": 6}, "test": {"ACC": 0.5319148936170213, "F1_Score": 0.4761904761904762, "Recall": 0.4166666666666667, "Precision": 0.5555555555555556, "Cohen_Kappa": 0.06846846846846844, "AUC": 0.628623188405797, "TP": 10, "TN": 15, "FP": 8, "FN": 14}}, "DT": {"valid": {"ACC": 0.6170212765957447, "F1_Score": 0.6250000000000001, "Recall": 0.6521739130434783, "Precision": 0.6, "Cohen_Kappa": 0.2350813743218806, "AUC": 0.6177536231884058, "TP": 15, "TN": 14, "FP": 10, "FN": 8}, "test": {"ACC": 0.6170212765957447, "F1_Score": 0.6666666666666665, "Recall": 0.75, "Precision": 0.6, "Cohen_Kappa": 0.2295081967213114, "AUC": 0.6141304347826086, "TP": 18, "TN": 11, "FP": 12, "FN": 6}}, "MNB": {"valid": {"ACC": 0.6808510638297872, "F1_Score": 0.6511627906976744, "Recall": 0.6086956521739131, "Precision": 0.7, "Cohen_Kappa": 0.35967302452316074, "AUC": 0.6449275362318841, "TP": 14, "TN": 18, "FP": 6, "FN": 9}, "test": {"ACC": 0.5957446808510638, "F1_Score": 0.5957446808510638, "Recall": 0.5833333333333334, "Precision": 0.6086956521739131, "Cohen_Kappa": 0.1918552036199095, "AUC": 0.605072463768116, "TP": 14, "TN": 14, "FP": 9, "FN": 10}}, "RF": {"valid": {"ACC": 0.5957446808510638, "F1_Score": 0.6122448979591837, "Recall": 0.6521739130434783, "Precision": 0.5769230769230769, "Cohen_Kappa": 0.19331526648599817, "AUC": 0.7083333333333333, "TP": 15, "TN": 13, "FP": 11, "FN": 8}, "test": {"ACC": 0.5957446808510638, "F1_Score": 0.5957446808510638, "Recall": 0.5833333333333334, "Precision": 0.6086956521739131, "Cohen_Kappa": 0.1918552036199095, "AUC": 0.7065217391304348, "TP": 14, "TN": 14, "FP": 9, "FN": 10}}, "ADA": {"valid": {"ACC": 0.5531914893617021, "F1_Score": 0.6037735849056605, "Recall": 0.6956521739130435, "Precision": 0.5333333333333333, "Cohen_Kappa": 0.11161116111611169, "AUC": 0.6014492753623188, "TP": 16, "TN": 10, "FP": 14, "FN": 7}, "test": {"ACC": 0.574468085106383, "F1_Score": 0.5652173913043478, "Recall": 0.5416666666666666, "Precision": 0.5909090909090909, "Cohen_Kappa": 0.15009041591320071, "AUC": 0.5706521739130435, "TP": 13, "TN": 14, "FP": 9, "FN": 11}}, "XGB": {"valid": {"ACC": 0.723404255319149, "F1_Score": 0.7346938775510203, "Recall": 0.782608695652174, "Precision": 0.6923076923076923, "Cohen_Kappa": 0.4480578139114725, "AUC": 0.7844202898550724, "TP": 18, "TN": 16, "FP": 8, "FN": 5}, "test": {"ACC": 0.5531914893617021, "F1_Score": 0.5333333333333333, "Recall": 0.5, "Precision": 0.5714285714285714, "Cohen_Kappa": 0.10840108401084003, "AUC": 0.6123188405797102, "TP": 12, "TN": 14, "FP": 9, "FN": 12}}, "MLP": {"valid": {"ACC": 0.5957446808510638, "F1_Score": 0.5581395348837209, "Recall": 0.5217391304347826, "Precision": 0.6, "Cohen_Kappa": 0.18891916439600365, "AUC": 0.49275362318840576, "TP": 12, "TN": 16, "FP": 8, "FN": 11}, "test": {"ACC": 0.5957446808510638, "F1_Score": 0.5128205128205129, "Recall": 0.4166666666666667, "Precision": 0.6666666666666666, "Cohen_Kappa": 0.1976639712488768, "AUC": 0.5815217391304348, "TP": 10, "TN": 18, "FP": 5, "FN": 14}}, "LR": {"valid": {"ACC": 0.574468085106383, "F1_Score": 0.5833333333333334, "Recall": 0.6086956521739131, "Precision": 0.56, "Cohen_Kappa": 0.15009041591320071, "AUC": 0.4728260869565218, "TP": 14, "TN": 13, "FP": 11, "FN": 9}, "test": {"ACC": 0.574468085106383, "F1_Score": 0.5454545454545454, "Recall": 0.5, "Precision": 0.6, "Cohen_Kappa": 0.15162454873646203, "AUC": 0.5416666666666666, "TP": 12, "TN": 15, "FP": 8, "FN": 12}}, "ETAs": {"valid": {"ACC": 0.574468085106383, "F1_Score": 0.5652173913043478, "Recall": 0.5652173913043478, "Precision": 0.5652173913043478, "Cohen_Kappa": 0.14855072463768115, "AUC": 0.7291666666666666, "TP": 13, "TN": 14, "FP": 10, "FN": 10}, "test": {"ACC": 0.6808510638297872, "F1_Score": 0.7058823529411765, "Recall": 0.75, "Precision": 0.6666666666666666, "Cohen_Kappa": 0.35967302452316074, "AUC": 0.7409420289855072, "TP": 18, "TN": 14, "FP": 9, "FN": 6}}, "CNB": {"valid": {"ACC": 0.6808510638297872, "F1_Score": 0.6511627906976744, "Recall": 0.6086956521739131, "Precision": 0.7, "Cohen_Kappa": 0.35967302452316074, "AUC": 0.6449275362318841, "TP": 14, "TN": 18, "FP": 6, "FN": 9}, "test": {"ACC": 0.5957446808510638, "F1_Score": 0.5957446808510638, "Recall": 0.5833333333333334, "Precision": 0.6086956521739131, "Cohen_Kappa": 0.1918552036199095, "AUC": 0.605072463768116, "TP": 14, "TN": 14, "FP": 9, "FN": 10}}, "GB": {"valid": {"ACC": 0.6808510638297872, "F1_Score": 0.6808510638297872, "Recall": 0.6956521739130435, "Precision": 0.6666666666666666, "Cohen_Kappa": 0.3619909502262444, "AUC": 0.7101449275362319, "TP": 16, "TN": 16, "FP": 8, "FN": 7}, "test": {"ACC": 0.5957446808510638, "F1_Score": 0.5777777777777778, "Recall": 0.5416666666666666, "Precision": 0.6190476190476191, "Cohen_Kappa": 0.19331526648599817, "AUC": 0.6612318840579711, "TP": 13, "TN": 15, "FP": 8, "FN": 11}}, "BAG": {"valid": {"ACC": 0.5531914893617021, "F1_Score": 0.6037735849056605, "Recall": 0.6956521739130435, "Precision": 0.5333333333333333, "Cohen_Kappa": 0.11161116111611169, "AUC": 0.6231884057971013, "TP": 16, "TN": 10, "FP": 14, "FN": 7}, "test": {"ACC": 0.6595744680851063, "F1_Score": 0.6, "Recall": 0.5, "Precision": 0.75, "Cohen_Kappa": 0.3237410071942446, "AUC": 0.6702898550724637, "TP": 12, "TN": 19, "FP": 4, "FN": 12}}, "QDA": {"valid": {"ACC": 0.5957446808510638, "F1_Score": 0.6415094339622641, "Recall": 0.7391304347826086, "Precision": 0.5666666666666667, "Cohen_Kappa": 0.19621962196219622, "AUC": 0.598731884057971, "TP": 17, "TN": 11, "FP": 13, "FN": 6}, "test": {"ACC": 0.5531914893617021, "F1_Score": 0.6440677966101694, "Recall": 0.7916666666666666, "Precision": 0.5428571428571428, "Cohen_Kappa": 0.09698078682525169, "AUC": 0.5480072463768115, "TP": 19, "TN": 7, "FP": 16, "FN": 5}}, "SVC": {"valid": {"ACC": 0.6170212765957447, "F1_Score": 0.5, "Recall": 0.391304347826087, "Precision": 0.6923076923076923, "Cohen_Kappa": 0.2266910420475321, "AUC": 0.717391304347826, "TP": 9, "TN": 20, "FP": 4, "FN": 14}, "test": {"ACC": 0.6382978723404256, "F1_Score": 0.5853658536585366, "Recall": 0.5, "Precision": 0.7058823529411765, "Cohen_Kappa": 0.28082808280828087, "AUC": 0.6485507246376812, "TP": 12, "TN": 18, "FP": 5, "FN": 12}}}