{"OVR": {"valid": {"ACC": 0.6296296296296297, "F1_Score": 0.5833333333333334, "Recall": 0.5185185185185185, "Precision": 0.6666666666666666, "Cohen_Kappa": 0.2592592592592593, "AUC": 0.6556927297668038, "TP": 14, "TN": 20, "FP": 7, "FN": 13}, "test": {"ACC": 0.7407407407407407, "F1_Score": 0.72, "Recall": 0.6666666666666666, "Precision": 0.782608695652174, "Cohen_Kappa": 0.4814814814814815, "AUC": 0.8010973936899863, "TP": 18, "TN": 22, "FP": 5, "FN": 9}}, "KNB": {"valid": {"ACC": 0.6481481481481481, "F1_Score": 0.6545454545454545, "Recall": 0.6666666666666666, "Precision": 0.6428571428571429, "Cohen_Kappa": 0.2962962962962963, "AUC": 0.7167352537722909, "TP": 18, "TN": 17, "FP": 10, "FN": 9}, "test": {"ACC": 0.6296296296296297, "F1_Score": 0.6428571428571429, "Recall": 0.6666666666666666, "Precision": 0.6206896551724138, "Cohen_Kappa": 0.2592592592592593, "AUC": 0.7565157750342936, "TP": 18, "TN": 16, "FP": 11, "FN": 9}}, "DT": {"valid": {"ACC": 0.5740740740740741, "F1_Score": 0.5660377358490566, "Recall": 0.5555555555555556, "Precision": 0.5769230769230769, "Cohen_Kappa": 0.14814814814814814, "AUC": 0.5946502057613168, "TP": 15, "TN": 16, "FP": 11, "FN": 12}, "test": {"ACC": 0.6111111111111112, "F1_Score": 0.631578947368421, "Recall": 0.6666666666666666, "Precision": 0.6, "Cohen_Kappa": 0.2222222222222222, "AUC": 0.6358024691358024, "TP": 18, "TN": 15, "FP": 12, "FN": 9}}, "MNB": {"valid": {"ACC": 0.6481481481481481, "F1_Score": 0.6415094339622641, "Recall": 0.6296296296296297, "Precision": 0.6538461538461539, "Cohen_Kappa": 0.2962962962962963, "AUC": 0.6241426611796983, "TP": 17, "TN": 18, "FP": 9, "FN": 10}, "test": {"ACC": 0.7222222222222222, "F1_Score": 0.7272727272727273, "Recall": 0.7407407407407407, "Precision": 0.7142857142857143, "Cohen_Kappa": 0.4444444444444444, "AUC": 0.728395061728395, "TP": 20, "TN": 19, "FP": 8, "FN": 7}}, "RF": {"valid": {"ACC": 0.7037037037037037, "F1_Score": 0.68, "Recall": 0.6296296296296297, "Precision": 0.7391304347826086, "Cohen_Kappa": 0.40740740740740744, "AUC": 0.7702331961591221, "TP": 17, "TN": 21, "FP": 6, "FN": 10}, "test": {"ACC": 0.6666666666666666, "F1_Score": 0.6666666666666666, "Recall": 0.6666666666666666, "Precision": 0.6666666666666666, "Cohen_Kappa": 0.33333333333333337, "AUC": 0.7825788751714677, "TP": 18, "TN": 18, "FP": 9, "FN": 9}}, "ADA": {"valid": {"ACC": 0.6851851851851852, "F1_Score": 0.6530612244897959, "Recall": 0.5925925925925926, "Precision": 0.7272727272727273, "Cohen_Kappa": 0.37037037037037035, "AUC": 0.6872427983539094, "TP": 16, "TN": 21, "FP": 6, "FN": 11}, "test": {"ACC": 0.7222222222222222, "F1_Score": 0.7058823529411765, "Recall": 0.6666666666666666, "Precision": 0.75, "Cohen_Kappa": 0.4444444444444444, "AUC": 0.7860082304526749, "TP": 18, "TN": 21, "FP": 6, "FN": 9}}, "XGB": {"valid": {"ACC": 0.6481481481481481, "F1_Score": 0.6122448979591836, "Recall": 0.5555555555555556, "Precision": 0.6818181818181818, "Cohen_Kappa": 0.2962962962962963, "AUC": 0.7119341563786008, "TP": 15, "TN": 20, "FP": 7, "FN": 12}, "test": {"ACC": 0.6851851851851852, "F1_Score": 0.6530612244897959, "Recall": 0.5925925925925926, "Precision": 0.7272727272727273, "Cohen_Kappa": 0.37037037037037035, "AUC": 0.8189300411522634, "TP": 16, "TN": 21, "FP": 6, "FN": 11}}, "MLP": {"valid": {"ACC": 0.6666666666666666, "F1_Score": 0.6399999999999999, "Recall": 0.5925925925925926, "Precision": 0.6956521739130435, "Cohen_Kappa": 0.33333333333333337, "AUC": 0.7009602194787381, "TP": 16, "TN": 20, "FP": 7, "FN": 11}, "test": {"ACC": 0.8148148148148148, "F1_Score": 0.8076923076923077, "Recall": 0.7777777777777778, "Precision": 0.84, "Cohen_Kappa": 0.6296296296296297, "AUC": 0.8477366255144032, "TP": 21, "TN": 23, "FP": 4, "FN": 6}}, "LR": {"valid": {"ACC": 0.6296296296296297, "F1_Score": 0.5833333333333334, "Recall": 0.5185185185185185, "Precision": 0.6666666666666666, "Cohen_Kappa": 0.2592592592592593, "AUC": 0.6556927297668038, "TP": 14, "TN": 20, "FP": 7, "FN": 13}, "test": {"ACC": 0.7407407407407407, "F1_Score": 0.72, "Recall": 0.6666666666666666, "Precision": 0.782608695652174, "Cohen_Kappa": 0.4814814814814815, "AUC": 0.8010973936899863, "TP": 18, "TN": 22, "FP": 5, "FN": 9}}, "ETAs": {"valid": {"ACC": 0.7037037037037037, "F1_Score": 0.6923076923076923, "Recall": 0.6666666666666666, "Precision": 0.72, "Cohen_Kappa": 0.40740740740740744, "AUC": 0.7647462277091907, "TP": 18, "TN": 20, "FP": 7, "FN": 9}, "test": {"ACC": 0.7037037037037037, "F1_Score": 0.7142857142857143, "Recall": 0.7407407407407407, "Precision": 0.6896551724137931, "Cohen_Kappa": 0.40740740740740744, "AUC": 0.8004115226337448, "TP": 20, "TN": 18, "FP": 9, "FN": 7}}, "CNB": {"valid": {"ACC": 0.6481481481481481, "F1_Score": 0.6415094339622641, "Recall": 0.6296296296296297, "Precision": 0.6538461538461539, "Cohen_Kappa": 0.2962962962962963, "AUC": 0.6241426611796983, "TP": 17, "TN": 18, "FP": 9, "FN": 10}, "test": {"ACC": 0.7222222222222222, "F1_Score": 0.7272727272727273, "Recall": 0.7407407407407407, "Precision": 0.7142857142857143, "Cohen_Kappa": 0.4444444444444444, "AUC": 0.728395061728395, "TP": 20, "TN": 19, "FP": 8, "FN": 7}}, "GB": {"valid": {"ACC": 0.7037037037037037, "F1_Score": 0.6923076923076923, "Recall": 0.6666666666666666, "Precision": 0.72, "Cohen_Kappa": 0.40740740740740744, "AUC": 0.7338820301783265, "TP": 18, "TN": 20, "FP": 7, "FN": 9}, "test": {"ACC": 0.7222222222222222, "F1_Score": 0.6938775510204083, "Recall": 0.6296296296296297, "Precision": 0.7727272727272727, "Cohen_Kappa": 0.4444444444444444, "AUC": 0.823045267489712, "TP": 17, "TN": 22, "FP": 5, "FN": 10}}, "BAG": {"valid": {"ACC": 0.6851851851851852, "F1_Score": 0.6909090909090909, "Recall": 0.7037037037037037, "Precision": 0.6785714285714286, "Cohen_Kappa": 0.37037037037037035, "AUC": 0.6707818930041153, "TP": 19, "TN": 18, "FP": 9, "FN": 8}, "test": {"ACC": 0.6851851851851852, "F1_Score": 0.6666666666666667, "Recall": 0.6296296296296297, "Precision": 0.7083333333333334, "Cohen_Kappa": 0.37037037037037035, "AUC": 0.7812071330589849, "TP": 17, "TN": 20, "FP": 7, "FN": 10}}, "QDA": {"valid": {"ACC": 0.5, "F1_Score": 0.0, "Recall": 0.0, "Precision": 0.0, "Cohen_Kappa": 0.0, "AUC": 0.5, "TP": 0, "TN": 27, "FP": 0, "FN": 27}, "test": {"ACC": 0.5, "F1_Score": 0.0, "Recall": 0.0, "Precision": 0.0, "Cohen_Kappa": 0.0, "AUC": 0.5, "TP": 0, "TN": 27, "FP": 0, "FN": 27}}, "SVC": {"valid": {"ACC": 0.7222222222222222, "F1_Score": 0.7058823529411765, "Recall": 0.6666666666666666, "Precision": 0.75, "Cohen_Kappa": 0.4444444444444444, "AUC": 0.8106995884773662, "TP": 18, "TN": 21, "FP": 6, "FN": 9}, "test": {"ACC": 0.6666666666666666, "F1_Score": 0.6538461538461539, "Recall": 0.6296296296296297, "Precision": 0.68, "Cohen_Kappa": 0.33333333333333337, "AUC": 0.7640603566529492, "TP": 17, "TN": 19, "FP": 8, "FN": 10}}}