{"OVR": {"valid": {"ACC": 0.7379310344827587, "F1_Score": 0.7532467532467532, "Recall": 0.8055555555555556, "Precision": 0.7073170731707317, "Cohen_Kappa": 0.47633529747196346, "AUC": 0.7838660578386606, "TP": 58, "TN": 49, "FP": 24, "FN": 14}, "test": {"ACC": 0.696551724137931, "F1_Score": 0.7027027027027026, "Recall": 0.7123287671232876, "Precision": 0.6933333333333334, "Cohen_Kappa": 0.39295908658420553, "AUC": 0.7016742770167427, "TP": 52, "TN": 49, "FP": 23, "FN": 21}}, "KNB": {"valid": {"ACC": 0.6827586206896552, "F1_Score": 0.7012987012987012, "Recall": 0.75, "Precision": 0.6585365853658537, "Cohen_Kappa": 0.36609009693974526, "AUC": 0.7614155251141553, "TP": 54, "TN": 45, "FP": 28, "FN": 18}, "test": {"ACC": 0.6068965517241379, "F1_Score": 0.6174496644295302, "Recall": 0.6301369863013698, "Precision": 0.6052631578947368, "Cohen_Kappa": 0.21353125892092484, "AUC": 0.6858828006088279, "TP": 46, "TN": 42, "FP": 30, "FN": 27}}, "DT": {"valid": {"ACC": 0.6413793103448275, "F1_Score": 0.6666666666666666, "Recall": 0.7222222222222222, "Precision": 0.6190476190476191, "Cohen_Kappa": 0.28354237932345117, "AUC": 0.6400304414003044, "TP": 52, "TN": 41, "FP": 32, "FN": 20}, "test": {"ACC": 0.5862068965517241, "F1_Score": 0.6, "Recall": 0.6164383561643836, "Precision": 0.5844155844155844, "Cohen_Kappa": 0.1720593833269889, "AUC": 0.5859969558599696, "TP": 45, "TN": 40, "FP": 32, "FN": 28}}, "MNB": {"valid": {"ACC": 0.6827586206896552, "F1_Score": 0.6805555555555556, "Recall": 0.6805555555555556, "Precision": 0.6805555555555556, "Cohen_Kappa": 0.3654870624048706, "AUC": 0.6837899543378996, "TP": 49, "TN": 50, "FP": 23, "FN": 23}, "test": {"ACC": 0.6275862068965518, "F1_Score": 0.6197183098591549, "Recall": 0.6027397260273972, "Precision": 0.6376811594202898, "Cohen_Kappa": 0.2554203119056676, "AUC": 0.643455098934551, "TP": 44, "TN": 47, "FP": 25, "FN": 29}}, "RF": {"valid": {"ACC": 0.7517241379310344, "F1_Score": 0.7721518987341772, "Recall": 0.8472222222222222, "Precision": 0.7093023255813954, "Cohen_Kappa": 0.5040851225536767, "AUC": 0.7838660578386606, "TP": 61, "TN": 48, "FP": 25, "FN": 11}, "test": {"ACC": 0.7172413793103448, "F1_Score": 0.728476821192053, "Recall": 0.7534246575342466, "Precision": 0.7051282051282052, "Cohen_Kappa": 0.43418673265442087, "AUC": 0.7650304414003045, "TP": 55, "TN": 49, "FP": 23, "FN": 18}}, "ADA": {"valid": {"ACC": 0.7241379310344828, "F1_Score": 0.7368421052631577, "Recall": 0.7777777777777778, "Precision": 0.7, "Cohen_Kappa": 0.4486692015209125, "AUC": 0.7657914764079148, "TP": 56, "TN": 49, "FP": 24, "FN": 16}, "test": {"ACC": 0.6689655172413793, "F1_Score": 0.6666666666666666, "Recall": 0.6575342465753424, "Precision": 0.676056338028169, "Cohen_Kappa": 0.338025489823093, "AUC": 0.6840753424657534, "TP": 48, "TN": 49, "FP": 23, "FN": 25}}, "XGB": {"valid": {"ACC": 0.7172413793103448, "F1_Score": 0.7320261437908497, "Recall": 0.7777777777777778, "Precision": 0.691358024691358, "Cohen_Kappa": 0.43493964452048284, "AUC": 0.8124048706240486, "TP": 56, "TN": 48, "FP": 25, "FN": 16}, "test": {"ACC": 0.6896551724137931, "F1_Score": 0.6938775510204082, "Recall": 0.6986301369863014, "Precision": 0.6891891891891891, "Cohen_Kappa": 0.3792217676719627, "AUC": 0.7471461187214612, "TP": 51, "TN": 49, "FP": 23, "FN": 22}}, "MLP": {"valid": {"ACC": 0.7379310344827587, "F1_Score": 0.7532467532467532, "Recall": 0.8055555555555556, "Precision": 0.7073170731707317, "Cohen_Kappa": 0.47633529747196346, "AUC": 0.7728310502283104, "TP": 58, "TN": 49, "FP": 24, "FN": 14}, "test": {"ACC": 0.6896551724137931, "F1_Score": 0.6666666666666667, "Recall": 0.6164383561643836, "Precision": 0.7258064516129032, "Cohen_Kappa": 0.3799296778485223, "AUC": 0.7473363774733637, "TP": 45, "TN": 55, "FP": 17, "FN": 28}}, "LR": {"valid": {"ACC": 0.7379310344827587, "F1_Score": 0.7532467532467532, "Recall": 0.8055555555555556, "Precision": 0.7073170731707317, "Cohen_Kappa": 0.47633529747196346, "AUC": 0.7838660578386606, "TP": 58, "TN": 49, "FP": 24, "FN": 14}, "test": {"ACC": 0.696551724137931, "F1_Score": 0.7027027027027026, "Recall": 0.7123287671232876, "Precision": 0.6933333333333334, "Cohen_Kappa": 0.39295908658420553, "AUC": 0.7016742770167427, "TP": 52, "TN": 49, "FP": 23, "FN": 21}}, "ETAs": {"valid": {"ACC": 0.7586206896551724, "F1_Score": 0.7770700636942675, "Recall": 0.8472222222222222, "Precision": 0.7176470588235294, "Cohen_Kappa": 0.5178147268408552, "AUC": 0.8082191780821918, "TP": 61, "TN": 49, "FP": 24, "FN": 11}, "test": {"ACC": 0.6758620689655173, "F1_Score": 0.6887417218543046, "Recall": 0.7123287671232876, "Precision": 0.6666666666666666, "Cohen_Kappa": 0.3513847910916532, "AUC": 0.7667427701674278, "TP": 52, "TN": 46, "FP": 26, "FN": 21}}, "CNB": {"valid": {"ACC": 0.6827586206896552, "F1_Score": 0.6805555555555556, "Recall": 0.6805555555555556, "Precision": 0.6805555555555556, "Cohen_Kappa": 0.3654870624048706, "AUC": 0.6837899543378996, "TP": 49, "TN": 50, "FP": 23, "FN": 23}, "test": {"ACC": 0.6275862068965518, "F1_Score": 0.6197183098591549, "Recall": 0.6027397260273972, "Precision": 0.6376811594202898, "Cohen_Kappa": 0.2554203119056676, "AUC": 0.643455098934551, "TP": 44, "TN": 47, "FP": 25, "FN": 29}}, "GB": {"valid": {"ACC": 0.7586206896551724, "F1_Score": 0.7741935483870969, "Recall": 0.8333333333333334, "Precision": 0.7228915662650602, "Cohen_Kappa": 0.5177230827710729, "AUC": 0.822869101978691, "TP": 60, "TN": 50, "FP": 23, "FN": 12}, "test": {"ACC": 0.7310344827586207, "F1_Score": 0.7272727272727273, "Recall": 0.7123287671232876, "Precision": 0.7428571428571429, "Cohen_Kappa": 0.4621968616262483, "AUC": 0.7854832572298326, "TP": 52, "TN": 54, "FP": 18, "FN": 21}}, "BAG": {"valid": {"ACC": 0.7241379310344828, "F1_Score": 0.7333333333333334, "Recall": 0.7638888888888888, "Precision": 0.7051282051282052, "Cohen_Kappa": 0.4485643658490207, "AUC": 0.7496194824961948, "TP": 55, "TN": 50, "FP": 23, "FN": 17}, "test": {"ACC": 0.6620689655172414, "F1_Score": 0.6620689655172415, "Recall": 0.6575342465753424, "Precision": 0.6666666666666666, "Cohen_Kappa": 0.32417007514505847, "AUC": 0.7204147640791476, "TP": 48, "TN": 48, "FP": 24, "FN": 25}}, "QDA": {"valid": {"ACC": 0.503448275862069, "F1_Score": 0.0, "Recall": 0.0, "Precision": 0.0, "Cohen_Kappa": 0.0, "AUC": 0.5, "TP": 0, "TN": 73, "FP": 0, "FN": 72}, "test": {"ACC": 0.496551724137931, "F1_Score": 0.0, "Recall": 0.0, "Precision": 0.0, "Cohen_Kappa": 0.0, "AUC": 0.5, "TP": 0, "TN": 72, "FP": 0, "FN": 73}}, "SVC": {"valid": {"ACC": 0.6896551724137931, "F1_Score": 0.7239263803680981, "Recall": 0.8194444444444444, "Precision": 0.6483516483516484, "Cohen_Kappa": 0.38040072167885286, "AUC": 0.7648401826484018, "TP": 59, "TN": 41, "FP": 32, "FN": 13}, "test": {"ACC": 0.6551724137931034, "F1_Score": 0.647887323943662, "Recall": 0.6301369863013698, "Precision": 0.6666666666666666, "Cohen_Kappa": 0.3105743628756181, "AUC": 0.729927701674277, "TP": 46, "TN": 49, "FP": 23, "FN": 27}}}