{"OVR": {"valid": {"ACC": 0.6755952380952381, "F1_Score": 0.6746268656716418, "Recall": 0.6726190476190477, "Precision": 0.6766467065868264, "Cohen_Kappa": 0.35119047619047616, "AUC": 0.7172619047619048, "TP": 113, "TN": 114, "FP": 54, "FN": 55}, "test": {"ACC": 0.6913946587537092, "F1_Score": 0.6923076923076923, "Recall": 0.6923076923076923, "Precision": 0.6923076923076923, "Cohen_Kappa": 0.38278388278388276, "AUC": 0.7218934911242604, "TP": 117, "TN": 116, "FP": 52, "FN": 52}}, "KNB": {"valid": {"ACC": 0.6785714285714286, "F1_Score": 0.6860465116279069, "Recall": 0.7023809523809523, "Precision": 0.6704545454545454, "Cohen_Kappa": 0.3571428571428571, "AUC": 0.7436047335600906, "TP": 118, "TN": 110, "FP": 58, "FN": 50}, "test": {"ACC": 0.6231454005934718, "F1_Score": 0.652054794520548, "Recall": 0.7041420118343196, "Precision": 0.6071428571428571, "Cohen_Kappa": 0.2459256126997551, "AUC": 0.6721083403775712, "TP": 119, "TN": 91, "FP": 77, "FN": 50}}, "DT": {"valid": {"ACC": 0.6755952380952381, "F1_Score": 0.6765578635014836, "Recall": 0.6785714285714286, "Precision": 0.6745562130177515, "Cohen_Kappa": 0.35119047619047616, "AUC": 0.6736819727891157, "TP": 114, "TN": 113, "FP": 55, "FN": 54}, "test": {"ACC": 0.6023738872403561, "F1_Score": 0.6171428571428572, "Recall": 0.6390532544378699, "Precision": 0.5966850828729282, "Cohen_Kappa": 0.20457267667159873, "AUC": 0.6022647224570302, "TP": 108, "TN": 95, "FP": 73, "FN": 61}}, "MNB": {"valid": {"ACC": 0.6547619047619048, "F1_Score": 0.6588235294117646, "Recall": 0.6666666666666666, "Precision": 0.6511627906976745, "Cohen_Kappa": 0.30952380952380953, "AUC": 0.6785359977324263, "TP": 112, "TN": 108, "FP": 60, "FN": 56}, "test": {"ACC": 0.6172106824925816, "F1_Score": 0.6386554621848739, "Recall": 0.6745562130177515, "Precision": 0.6063829787234043, "Cohen_Kappa": 0.23415837223641334, "AUC": 0.6153493941955481, "TP": 114, "TN": 94, "FP": 74, "FN": 55}}, "RF": {"valid": {"ACC": 0.7232142857142857, "F1_Score": 0.7047619047619047, "Recall": 0.6607142857142857, "Precision": 0.7551020408163265, "Cohen_Kappa": 0.4464285714285714, "AUC": 0.8103564342403629, "TP": 111, "TN": 132, "FP": 36, "FN": 57}, "test": {"ACC": 0.6824925816023739, "F1_Score": 0.6934097421203438, "Recall": 0.7159763313609467, "Precision": 0.6722222222222223, "Cohen_Kappa": 0.3648565339157699, "AUC": 0.746090448013525, "TP": 121, "TN": 109, "FP": 59, "FN": 48}}, "ADA": {"valid": {"ACC": 0.7142857142857143, "F1_Score": 0.7073170731707318, "Recall": 0.6904761904761905, "Precision": 0.725, "Cohen_Kappa": 0.4285714285714286, "AUC": 0.7654478458049886, "TP": 116, "TN": 124, "FP": 44, "FN": 52}, "test": {"ACC": 0.658753709198813, "F1_Score": 0.6723646723646725, "Recall": 0.6982248520710059, "Precision": 0.6483516483516484, "Cohen_Kappa": 0.3173451233904635, "AUC": 0.700954494223725, "TP": 118, "TN": 104, "FP": 64, "FN": 51}}, "XGB": {"valid": {"ACC": 0.7410714285714286, "F1_Score": 0.7323076923076922, "Recall": 0.7083333333333334, "Precision": 0.7579617834394905, "Cohen_Kappa": 0.4821428571428571, "AUC": 0.8385770975056689, "TP": 119, "TN": 130, "FP": 38, "FN": 49}, "test": {"ACC": 0.6795252225519288, "F1_Score": 0.696629213483146, "Recall": 0.7337278106508875, "Precision": 0.6631016042780749, "Cohen_Kappa": 0.35884156008878554, "AUC": 0.7254156100309948, "TP": 124, "TN": 105, "FP": 63, "FN": 45}}, "MLP": {"valid": {"ACC": 0.6815476190476191, "F1_Score": 0.6934097421203437, "Recall": 0.7202380952380952, "Precision": 0.6685082872928176, "Cohen_Kappa": 0.36309523809523814, "AUC": 0.7433744331065759, "TP": 121, "TN": 108, "FP": 60, "FN": 47}, "test": {"ACC": 0.6528189910979229, "F1_Score": 0.6647564469914041, "Recall": 0.6863905325443787, "Precision": 0.6444444444444445, "Cohen_Kappa": 0.3054973314779913, "AUC": 0.6880811496196111, "TP": 116, "TN": 104, "FP": 64, "FN": 53}}, "LR": {"valid": {"ACC": 0.6755952380952381, "F1_Score": 0.6746268656716418, "Recall": 0.6726190476190477, "Precision": 0.6766467065868264, "Cohen_Kappa": 0.35119047619047616, "AUC": 0.7172619047619048, "TP": 113, "TN": 114, "FP": 54, "FN": 55}, "test": {"ACC": 0.6913946587537092, "F1_Score": 0.6923076923076923, "Recall": 0.6923076923076923, "Precision": 0.6923076923076923, "Cohen_Kappa": 0.38278388278388276, "AUC": 0.7218934911242604, "TP": 117, "TN": 116, "FP": 52, "FN": 52}}, "ETAs": {"valid": {"ACC": 0.75, "F1_Score": 0.7454545454545455, "Recall": 0.7321428571428571, "Precision": 0.7592592592592593, "Cohen_Kappa": 0.5, "AUC": 0.8334750566893424, "TP": 123, "TN": 129, "FP": 39, "FN": 45}, "test": {"ACC": 0.685459940652819, "F1_Score": 0.6971428571428573, "Recall": 0.7218934911242604, "Precision": 0.6740331491712708, "Cohen_Kappa": 0.3707813710984288, "AUC": 0.7536277824739364, "TP": 122, "TN": 109, "FP": 59, "FN": 47}}, "CNB": {"valid": {"ACC": 0.6547619047619048, "F1_Score": 0.6588235294117646, "Recall": 0.6666666666666666, "Precision": 0.6511627906976745, "Cohen_Kappa": 0.30952380952380953, "AUC": 0.6785359977324263, "TP": 112, "TN": 108, "FP": 60, "FN": 56}, "test": {"ACC": 0.6172106824925816, "F1_Score": 0.6386554621848739, "Recall": 0.6745562130177515, "Precision": 0.6063829787234043, "Cohen_Kappa": 0.23415837223641334, "AUC": 0.6153493941955481, "TP": 114, "TN": 94, "FP": 74, "FN": 55}}, "GB": {"valid": {"ACC": 0.7202380952380952, "F1_Score": 0.7134146341463414, "Recall": 0.6964285714285714, "Precision": 0.73125, "Cohen_Kappa": 0.44047619047619047, "AUC": 0.8120039682539683, "TP": 117, "TN": 125, "FP": 43, "FN": 51}, "test": {"ACC": 0.6706231454005934, "F1_Score": 0.6819484240687679, "Recall": 0.7041420118343196, "Precision": 0.6611111111111111, "Cohen_Kappa": 0.3411128529406584, "AUC": 0.7250281769512539, "TP": 119, "TN": 107, "FP": 61, "FN": 50}}, "BAG": {"valid": {"ACC": 0.7053571428571429, "F1_Score": 0.6775244299674268, "Recall": 0.6190476190476191, "Precision": 0.7482014388489209, "Cohen_Kappa": 0.4107142857142857, "AUC": 0.762046485260771, "TP": 104, "TN": 133, "FP": 35, "FN": 64}, "test": {"ACC": 0.6409495548961425, "F1_Score": 0.6366366366366366, "Recall": 0.6272189349112426, "Precision": 0.6463414634146342, "Cohen_Kappa": 0.28195601260807546, "AUC": 0.7084389969005352, "TP": 106, "TN": 110, "FP": 58, "FN": 63}}, "QDA": {"valid": {"ACC": 0.5982142857142857, "F1_Score": 0.48669201520912553, "Recall": 0.38095238095238093, "Precision": 0.6736842105263158, "Cohen_Kappa": 0.1964285714285714, "AUC": 0.5982142857142857, "TP": 64, "TN": 137, "FP": 31, "FN": 104}, "test": {"ACC": 0.5964391691394659, "F1_Score": 0.5277777777777777, "Recall": 0.44970414201183434, "Precision": 0.6386554621848739, "Cohen_Kappa": 0.1935813069641411, "AUC": 0.5968758805297267, "TP": 76, "TN": 125, "FP": 43, "FN": 93}}, "SVC": {"valid": {"ACC": 0.6904761904761905, "F1_Score": 0.6708860759493671, "Recall": 0.6309523809523809, "Precision": 0.7162162162162162, "Cohen_Kappa": 0.38095238095238093, "AUC": 0.7553854875283446, "TP": 106, "TN": 126, "FP": 42, "FN": 62}, "test": {"ACC": 0.6646884272997032, "F1_Score": 0.6565349544072949, "Recall": 0.6390532544378699, "Precision": 0.675, "Cohen_Kappa": 0.3294772243058123, "AUC": 0.7174204001127078, "TP": 108, "TN": 116, "FP": 52, "FN": 61}}}