{"OVR": {"valid": {"ACC": 0.7222222222222222, "F1_Score": 0.6938775510204083, "Recall": 0.6296296296296297, "Precision": 0.7727272727272727, "Cohen_Kappa": 0.4444444444444444, "AUC": 0.7448559670781894, "TP": 17, "TN": 22, "FP": 5, "FN": 10}, "test": {"ACC": 0.7037037037037037, "F1_Score": 0.6666666666666666, "Recall": 0.5925925925925926, "Precision": 0.7619047619047619, "Cohen_Kappa": 0.40740740740740744, "AUC": 0.7091906721536352, "TP": 16, "TN": 22, "FP": 5, "FN": 11}}, "KNB": {"valid": {"ACC": 0.7222222222222222, "F1_Score": 0.6808510638297872, "Recall": 0.5925925925925926, "Precision": 0.8, "Cohen_Kappa": 0.4444444444444444, "AUC": 0.7764060356652949, "TP": 16, "TN": 23, "FP": 4, "FN": 11}, "test": {"ACC": 0.6481481481481481, "F1_Score": 0.627450980392157, "Recall": 0.5925925925925926, "Precision": 0.6666666666666666, "Cohen_Kappa": 0.2962962962962963, "AUC": 0.7215363511659808, "TP": 16, "TN": 19, "FP": 8, "FN": 11}}, "DT": {"valid": {"ACC": 0.6666666666666666, "F1_Score": 0.6250000000000001, "Recall": 0.5555555555555556, "Precision": 0.7142857142857143, "Cohen_Kappa": 0.33333333333333337, "AUC": 0.6666666666666667, "TP": 15, "TN": 21, "FP": 6, "FN": 12}, "test": {"ACC": 0.6296296296296297, "F1_Score": 0.6296296296296297, "Recall": 0.6296296296296297, "Precision": 0.6296296296296297, "Cohen_Kappa": 0.2592592592592593, "AUC": 0.6296296296296297, "TP": 17, "TN": 17, "FP": 10, "FN": 10}}, "MNB": {"valid": {"ACC": 0.6851851851851852, "F1_Score": 0.6530612244897959, "Recall": 0.5925925925925926, "Precision": 0.7272727272727273, "Cohen_Kappa": 0.37037037037037035, "AUC": 0.7187928669410151, "TP": 16, "TN": 21, "FP": 6, "FN": 11}, "test": {"ACC": 0.6481481481481481, "F1_Score": 0.6122448979591836, "Recall": 0.5555555555555556, "Precision": 0.6818181818181818, "Cohen_Kappa": 0.2962962962962963, "AUC": 0.6776406035665294, "TP": 15, "TN": 20, "FP": 7, "FN": 12}}, "RF": {"valid": {"ACC": 0.7222222222222222, "F1_Score": 0.6511627906976744, "Recall": 0.5185185185185185, "Precision": 0.875, "Cohen_Kappa": 0.4444444444444444, "AUC": 0.770233196159122, "TP": 14, "TN": 25, "FP": 2, "FN": 13}, "test": {"ACC": 0.7222222222222222, "F1_Score": 0.7058823529411765, "Recall": 0.6666666666666666, "Precision": 0.75, "Cohen_Kappa": 0.4444444444444444, "AUC": 0.8017832647462276, "TP": 18, "TN": 21, "FP": 6, "FN": 9}}, "ADA": {"valid": {"ACC": 0.7777777777777778, "F1_Score": 0.7391304347826088, "Recall": 0.6296296296296297, "Precision": 0.8947368421052632, "Cohen_Kappa": 0.5555555555555556, "AUC": 0.8299039780521261, "TP": 17, "TN": 25, "FP": 2, "FN": 10}, "test": {"ACC": 0.7037037037037037, "F1_Score": 0.6923076923076923, "Recall": 0.6666666666666666, "Precision": 0.72, "Cohen_Kappa": 0.40740740740740744, "AUC": 0.691358024691358, "TP": 18, "TN": 20, "FP": 7, "FN": 9}}, "XGB": {"valid": {"ACC": 0.6851851851851852, "F1_Score": 0.6222222222222222, "Recall": 0.5185185185185185, "Precision": 0.7777777777777778, "Cohen_Kappa": 0.37037037037037035, "AUC": 0.7860082304526749, "TP": 14, "TN": 23, "FP": 4, "FN": 13}, "test": {"ACC": 0.6851851851851852, "F1_Score": 0.6530612244897959, "Recall": 0.5925925925925926, "Precision": 0.7272727272727273, "Cohen_Kappa": 0.37037037037037035, "AUC": 0.765432098765432, "TP": 16, "TN": 21, "FP": 6, "FN": 11}}, "MLP": {"valid": {"ACC": 0.7407407407407407, "F1_Score": 0.7407407407407407, "Recall": 0.7407407407407407, "Precision": 0.7407407407407407, "Cohen_Kappa": 0.4814814814814815, "AUC": 0.7558299039780522, "TP": 20, "TN": 20, "FP": 7, "FN": 7}, "test": {"ACC": 0.7037037037037037, "F1_Score": 0.7037037037037037, "Recall": 0.7037037037037037, "Precision": 0.7037037037037037, "Cohen_Kappa": 0.40740740740740744, "AUC": 0.7860082304526749, "TP": 19, "TN": 19, "FP": 8, "FN": 8}}, "LR": {"valid": {"ACC": 0.7222222222222222, "F1_Score": 0.6938775510204083, "Recall": 0.6296296296296297, "Precision": 0.7727272727272727, "Cohen_Kappa": 0.4444444444444444, "AUC": 0.7448559670781894, "TP": 17, "TN": 22, "FP": 5, "FN": 10}, "test": {"ACC": 0.7037037037037037, "F1_Score": 0.6666666666666666, "Recall": 0.5925925925925926, "Precision": 0.7619047619047619, "Cohen_Kappa": 0.40740740740740744, "AUC": 0.7091906721536352, "TP": 16, "TN": 22, "FP": 5, "FN": 11}}, "ETAs": {"valid": {"ACC": 0.7037037037037037, "F1_Score": 0.6521739130434783, "Recall": 0.5555555555555556, "Precision": 0.7894736842105263, "Cohen_Kappa": 0.40740740740740744, "AUC": 0.7668038408779149, "TP": 15, "TN": 23, "FP": 4, "FN": 12}, "test": {"ACC": 0.7777777777777778, "F1_Score": 0.7692307692307692, "Recall": 0.7407407407407407, "Precision": 0.8, "Cohen_Kappa": 0.5555555555555556, "AUC": 0.826474622770919, "TP": 20, "TN": 22, "FP": 5, "FN": 7}}, "CNB": {"valid": {"ACC": 0.6851851851851852, "F1_Score": 0.6530612244897959, "Recall": 0.5925925925925926, "Precision": 0.7272727272727273, "Cohen_Kappa": 0.37037037037037035, "AUC": 0.7187928669410151, "TP": 16, "TN": 21, "FP": 6, "FN": 11}, "test": {"ACC": 0.6481481481481481, "F1_Score": 0.6122448979591836, "Recall": 0.5555555555555556, "Precision": 0.6818181818181818, "Cohen_Kappa": 0.2962962962962963, "AUC": 0.6776406035665294, "TP": 15, "TN": 20, "FP": 7, "FN": 12}}, "GB": {"valid": {"ACC": 0.7407407407407407, "F1_Score": 0.6956521739130435, "Recall": 0.5925925925925926, "Precision": 0.8421052631578947, "Cohen_Kappa": 0.4814814814814815, "AUC": 0.8271604938271605, "TP": 16, "TN": 24, "FP": 3, "FN": 11}, "test": {"ACC": 0.6666666666666666, "F1_Score": 0.6399999999999999, "Recall": 0.5925925925925926, "Precision": 0.6956521739130435, "Cohen_Kappa": 0.33333333333333337, "AUC": 0.7242798353909465, "TP": 16, "TN": 20, "FP": 7, "FN": 11}}, "BAG": {"valid": {"ACC": 0.7037037037037037, "F1_Score": 0.6190476190476191, "Recall": 0.48148148148148145, "Precision": 0.8666666666666667, "Cohen_Kappa": 0.40740740740740744, "AUC": 0.7414266117969821, "TP": 13, "TN": 25, "FP": 2, "FN": 14}, "test": {"ACC": 0.7037037037037037, "F1_Score": 0.68, "Recall": 0.6296296296296297, "Precision": 0.7391304347826086, "Cohen_Kappa": 0.40740740740740744, "AUC": 0.7942386831275721, "TP": 17, "TN": 21, "FP": 6, "FN": 10}}, "QDA": {"valid": {"ACC": 0.5555555555555556, "F1_Score": 0.5714285714285714, "Recall": 0.5925925925925926, "Precision": 0.5517241379310345, "Cohen_Kappa": 0.11111111111111116, "AUC": 0.575445816186557, "TP": 16, "TN": 14, "FP": 13, "FN": 11}, "test": {"ACC": 0.6851851851851852, "F1_Score": 0.6909090909090909, "Recall": 0.7037037037037037, "Precision": 0.6785714285714286, "Cohen_Kappa": 0.37037037037037035, "AUC": 0.6831275720164609, "TP": 19, "TN": 18, "FP": 9, "FN": 8}}, "SVC": {"valid": {"ACC": 0.7222222222222222, "F1_Score": 0.6938775510204083, "Recall": 0.6296296296296297, "Precision": 0.7727272727272727, "Cohen_Kappa": 0.4444444444444444, "AUC": 0.7558299039780522, "TP": 17, "TN": 22, "FP": 5, "FN": 10}, "test": {"ACC": 0.7037037037037037, "F1_Score": 0.68, "Recall": 0.6296296296296297, "Precision": 0.7391304347826086, "Cohen_Kappa": 0.40740740740740744, "AUC": 0.8052126200274348, "TP": 17, "TN": 21, "FP": 6, "FN": 10}}}