{"OVR": {"valid": {"ACC": 0.7368421052631579, "F1_Score": 0.7272727272727273, "Recall": 0.7017543859649122, "Precision": 0.7547169811320755, "Cohen_Kappa": 0.4736842105263158, "AUC": 0.7913204062788551, "TP": 40, "TN": 44, "FP": 13, "FN": 17}, "test": {"ACC": 0.7017543859649122, "F1_Score": 0.6964285714285715, "Recall": 0.6842105263157895, "Precision": 0.7090909090909091, "Cohen_Kappa": 0.4035087719298246, "AUC": 0.7623884272083719, "TP": 39, "TN": 41, "FP": 16, "FN": 18}}, "KNB": {"valid": {"ACC": 0.7192982456140351, "F1_Score": 0.7288135593220338, "Recall": 0.7543859649122807, "Precision": 0.7049180327868853, "Cohen_Kappa": 0.4385964912280702, "AUC": 0.7830101569713758, "TP": 43, "TN": 39, "FP": 18, "FN": 14}, "test": {"ACC": 0.7017543859649122, "F1_Score": 0.6909090909090909, "Recall": 0.6666666666666666, "Precision": 0.7169811320754716, "Cohen_Kappa": 0.4035087719298246, "AUC": 0.7403816558941212, "TP": 38, "TN": 42, "FP": 15, "FN": 19}}, "DT": {"valid": {"ACC": 0.6403508771929824, "F1_Score": 0.6306306306306307, "Recall": 0.6140350877192983, "Precision": 0.6481481481481481, "Cohen_Kappa": 0.2807017543859649, "AUC": 0.6403508771929826, "TP": 35, "TN": 38, "FP": 19, "FN": 22}, "test": {"ACC": 0.5964912280701754, "F1_Score": 0.5660377358490565, "Recall": 0.5263157894736842, "Precision": 0.6122448979591837, "Cohen_Kappa": 0.19298245614035092, "AUC": 0.5964912280701755, "TP": 30, "TN": 38, "FP": 19, "FN": 27}}, "MNB": {"valid": {"ACC": 0.7017543859649122, "F1_Score": 0.6851851851851852, "Recall": 0.6491228070175439, "Precision": 0.7254901960784313, "Cohen_Kappa": 0.4035087719298246, "AUC": 0.75777162203755, "TP": 37, "TN": 43, "FP": 14, "FN": 20}, "test": {"ACC": 0.7017543859649122, "F1_Score": 0.6851851851851852, "Recall": 0.6491228070175439, "Precision": 0.7254901960784313, "Cohen_Kappa": 0.4035087719298246, "AUC": 0.7636195752539243, "TP": 37, "TN": 43, "FP": 14, "FN": 20}}, "RF": {"valid": {"ACC": 0.7368421052631579, "F1_Score": 0.7413793103448276, "Recall": 0.7543859649122807, "Precision": 0.7288135593220338, "Cohen_Kappa": 0.4736842105263158, "AUC": 0.8237919359803016, "TP": 43, "TN": 41, "FP": 16, "FN": 14}, "test": {"ACC": 0.6403508771929824, "F1_Score": 0.6238532110091742, "Recall": 0.5964912280701754, "Precision": 0.6538461538461539, "Cohen_Kappa": 0.2807017543859649, "AUC": 0.7374576792859342, "TP": 34, "TN": 39, "FP": 18, "FN": 23}}, "ADA": {"valid": {"ACC": 0.7368421052631579, "F1_Score": 0.7321428571428571, "Recall": 0.7192982456140351, "Precision": 0.7454545454545455, "Cohen_Kappa": 0.4736842105263158, "AUC": 0.7882425361649739, "TP": 41, "TN": 43, "FP": 14, "FN": 16}, "test": {"ACC": 0.6140350877192983, "F1_Score": 0.5686274509803921, "Recall": 0.5087719298245614, "Precision": 0.6444444444444445, "Cohen_Kappa": 0.22807017543859653, "AUC": 0.7008310249307479, "TP": 29, "TN": 41, "FP": 16, "FN": 28}}, "XGB": {"valid": {"ACC": 0.7105263157894737, "F1_Score": 0.7272727272727273, "Recall": 0.7719298245614035, "Precision": 0.6875, "Cohen_Kappa": 0.42105263157894735, "AUC": 0.7977839335180056, "TP": 44, "TN": 37, "FP": 20, "FN": 13}, "test": {"ACC": 0.6929824561403509, "F1_Score": 0.7058823529411764, "Recall": 0.7368421052631579, "Precision": 0.6774193548387096, "Cohen_Kappa": 0.38596491228070173, "AUC": 0.7494613727300709, "TP": 42, "TN": 37, "FP": 20, "FN": 15}}, "MLP": {"valid": {"ACC": 0.7280701754385965, "F1_Score": 0.7256637168141592, "Recall": 0.7192982456140351, "Precision": 0.7321428571428571, "Cohen_Kappa": 0.45614035087719296, "AUC": 0.7876269621421976, "TP": 41, "TN": 42, "FP": 15, "FN": 16}, "test": {"ACC": 0.7280701754385965, "F1_Score": 0.735042735042735, "Recall": 0.7543859649122807, "Precision": 0.7166666666666667, "Cohen_Kappa": 0.45614035087719296, "AUC": 0.7528470298553401, "TP": 43, "TN": 40, "FP": 17, "FN": 14}}, "LR": {"valid": {"ACC": 0.7368421052631579, "F1_Score": 0.7272727272727273, "Recall": 0.7017543859649122, "Precision": 0.7547169811320755, "Cohen_Kappa": 0.4736842105263158, "AUC": 0.7913204062788551, "TP": 40, "TN": 44, "FP": 13, "FN": 17}, "test": {"ACC": 0.7017543859649122, "F1_Score": 0.6964285714285715, "Recall": 0.6842105263157895, "Precision": 0.7090909090909091, "Cohen_Kappa": 0.4035087719298246, "AUC": 0.7623884272083719, "TP": 39, "TN": 41, "FP": 16, "FN": 18}}, "ETAs": {"valid": {"ACC": 0.7543859649122807, "F1_Score": 0.7499999999999999, "Recall": 0.7368421052631579, "Precision": 0.7636363636363637, "Cohen_Kappa": 0.5087719298245614, "AUC": 0.814404432132964, "TP": 42, "TN": 44, "FP": 13, "FN": 15}, "test": {"ACC": 0.6754385964912281, "F1_Score": 0.6666666666666666, "Recall": 0.6491228070175439, "Precision": 0.6851851851851852, "Cohen_Kappa": 0.3508771929824561, "AUC": 0.7393044013542629, "TP": 37, "TN": 40, "FP": 17, "FN": 20}}, "CNB": {"valid": {"ACC": 0.7017543859649122, "F1_Score": 0.6851851851851852, "Recall": 0.6491228070175439, "Precision": 0.7254901960784313, "Cohen_Kappa": 0.4035087719298246, "AUC": 0.75777162203755, "TP": 37, "TN": 43, "FP": 14, "FN": 20}, "test": {"ACC": 0.7017543859649122, "F1_Score": 0.6851851851851852, "Recall": 0.6491228070175439, "Precision": 0.7254901960784313, "Cohen_Kappa": 0.4035087719298246, "AUC": 0.7636195752539243, "TP": 37, "TN": 43, "FP": 14, "FN": 20}}, "GB": {"valid": {"ACC": 0.8070175438596491, "F1_Score": 0.7962962962962964, "Recall": 0.7543859649122807, "Precision": 0.8431372549019608, "Cohen_Kappa": 0.6140350877192983, "AUC": 0.8525700215450908, "TP": 43, "TN": 49, "FP": 8, "FN": 14}, "test": {"ACC": 0.6578947368421053, "F1_Score": 0.6548672566371682, "Recall": 0.6491228070175439, "Precision": 0.6607142857142857, "Cohen_Kappa": 0.3157894736842105, "AUC": 0.7485380116959064, "TP": 37, "TN": 38, "FP": 19, "FN": 20}}, "BAG": {"valid": {"ACC": 0.6842105263157895, "F1_Score": 0.6538461538461539, "Recall": 0.5964912280701754, "Precision": 0.723404255319149, "Cohen_Kappa": 0.368421052631579, "AUC": 0.7773160972606955, "TP": 34, "TN": 44, "FP": 13, "FN": 23}, "test": {"ACC": 0.631578947368421, "F1_Score": 0.5961538461538461, "Recall": 0.543859649122807, "Precision": 0.6595744680851063, "Cohen_Kappa": 0.26315789473684215, "AUC": 0.6882117574638351, "TP": 31, "TN": 41, "FP": 16, "FN": 26}}, "QDA": {"valid": {"ACC": 0.631578947368421, "F1_Score": 0.6911764705882353, "Recall": 0.8245614035087719, "Precision": 0.5949367088607594, "Cohen_Kappa": 0.26315789473684215, "AUC": 0.6991381963681133, "TP": 47, "TN": 25, "FP": 32, "FN": 10}, "test": {"ACC": 0.6228070175438597, "F1_Score": 0.6906474820143884, "Recall": 0.8421052631578947, "Precision": 0.5853658536585366, "Cohen_Kappa": 0.24561403508771928, "AUC": 0.7497691597414589, "TP": 48, "TN": 23, "FP": 34, "FN": 9}}, "SVC": {"valid": {"ACC": 0.7543859649122807, "F1_Score": 0.7543859649122807, "Recall": 0.7543859649122807, "Precision": 0.7543859649122807, "Cohen_Kappa": 0.5087719298245614, "AUC": 0.7987072945521699, "TP": 43, "TN": 43, "FP": 14, "FN": 14}, "test": {"ACC": 0.6929824561403509, "F1_Score": 0.6846846846846847, "Recall": 0.6666666666666666, "Precision": 0.7037037037037037, "Cohen_Kappa": 0.38596491228070173, "AUC": 0.7854724530624807, "TP": 38, "TN": 41, "FP": 16, "FN": 19}}}