{"OVR": {"valid": {"ACC": 0.7432432432432432, "F1_Score": 0.7432432432432431, "Recall": 0.7432432432432432, "Precision": 0.7432432432432432, "Cohen_Kappa": 0.4864864864864865, "AUC": 0.7618699780861944, "TP": 55, "TN": 55, "FP": 19, "FN": 19}, "test": {"ACC": 0.6845637583892618, "F1_Score": 0.6802721088435373, "Recall": 0.6666666666666666, "Precision": 0.6944444444444444, "Cohen_Kappa": 0.3692695667837521, "AUC": 0.7212612612612612, "TP": 50, "TN": 52, "FP": 22, "FN": 25}}, "KNB": {"valid": {"ACC": 0.6756756756756757, "F1_Score": 0.6666666666666667, "Recall": 0.6486486486486487, "Precision": 0.6857142857142857, "Cohen_Kappa": 0.3513513513513513, "AUC": 0.7211468224981739, "TP": 48, "TN": 52, "FP": 22, "FN": 26}, "test": {"ACC": 0.6442953020134228, "F1_Score": 0.6442953020134228, "Recall": 0.64, "Precision": 0.6486486486486487, "Cohen_Kappa": 0.28862264660841364, "AUC": 0.673963963963964, "TP": 48, "TN": 48, "FP": 26, "FN": 27}}, "DT": {"valid": {"ACC": 0.5743243243243243, "F1_Score": 0.5594405594405595, "Recall": 0.5405405405405406, "Precision": 0.5797101449275363, "Cohen_Kappa": 0.14864864864864868, "AUC": 0.5743243243243243, "TP": 40, "TN": 45, "FP": 29, "FN": 34}, "test": {"ACC": 0.5838926174496645, "F1_Score": 0.6025641025641025, "Recall": 0.6266666666666667, "Precision": 0.5802469135802469, "Cohen_Kappa": 0.1672976383630792, "AUC": 0.5836036036036036, "TP": 47, "TN": 40, "FP": 34, "FN": 28}}, "MNB": {"valid": {"ACC": 0.722972972972973, "F1_Score": 0.7050359712230215, "Recall": 0.6621621621621622, "Precision": 0.7538461538461538, "Cohen_Kappa": 0.44594594594594594, "AUC": 0.7669831994156319, "TP": 49, "TN": 58, "FP": 16, "FN": 25}, "test": {"ACC": 0.6510067114093959, "F1_Score": 0.6623376623376623, "Recall": 0.68, "Precision": 0.6455696202531646, "Cohen_Kappa": 0.3017303532804614, "AUC": 0.6971171171171171, "TP": 51, "TN": 46, "FP": 28, "FN": 24}}, "RF": {"valid": {"ACC": 0.7027027027027027, "F1_Score": 0.681159420289855, "Recall": 0.6351351351351351, "Precision": 0.734375, "Cohen_Kappa": 0.4054054054054054, "AUC": 0.752100073046019, "TP": 47, "TN": 57, "FP": 17, "FN": 27}, "test": {"ACC": 0.7114093959731543, "F1_Score": 0.6950354609929078, "Recall": 0.6533333333333333, "Precision": 0.7424242424242424, "Cohen_Kappa": 0.42326041947970117, "AUC": 0.7542342342342342, "TP": 49, "TN": 57, "FP": 17, "FN": 26}}, "ADA": {"valid": {"ACC": 0.6283783783783784, "F1_Score": 0.6258503401360545, "Recall": 0.6216216216216216, "Precision": 0.6301369863013698, "Cohen_Kappa": 0.2567567567567568, "AUC": 0.7005113221329438, "TP": 46, "TN": 47, "FP": 27, "FN": 28}, "test": {"ACC": 0.6711409395973155, "F1_Score": 0.6711409395973154, "Recall": 0.6666666666666666, "Precision": 0.6756756756756757, "Cohen_Kappa": 0.342311503468156, "AUC": 0.7063963963963964, "TP": 50, "TN": 50, "FP": 24, "FN": 25}}, "XGB": {"valid": {"ACC": 0.7162162162162162, "F1_Score": 0.7083333333333334, "Recall": 0.6891891891891891, "Precision": 0.7285714285714285, "Cohen_Kappa": 0.43243243243243246, "AUC": 0.7238860482103726, "TP": 51, "TN": 55, "FP": 19, "FN": 23}, "test": {"ACC": 0.7114093959731543, "F1_Score": 0.7034482758620689, "Recall": 0.68, "Precision": 0.7285714285714285, "Cohen_Kappa": 0.42305267897343546, "AUC": 0.7293693693693694, "TP": 51, "TN": 55, "FP": 19, "FN": 24}}, "MLP": {"valid": {"ACC": 0.668918918918919, "F1_Score": 0.652482269503546, "Recall": 0.6216216216216216, "Precision": 0.6865671641791045, "Cohen_Kappa": 0.33783783783783783, "AUC": 0.7160336011687363, "TP": 46, "TN": 53, "FP": 21, "FN": 28}, "test": {"ACC": 0.6778523489932886, "F1_Score": 0.6521739130434783, "Recall": 0.6, "Precision": 0.7142857142857143, "Cohen_Kappa": 0.3563714902807775, "AUC": 0.7041441441441442, "TP": 45, "TN": 56, "FP": 18, "FN": 30}}, "LR": {"valid": {"ACC": 0.7432432432432432, "F1_Score": 0.7432432432432431, "Recall": 0.7432432432432432, "Precision": 0.7432432432432432, "Cohen_Kappa": 0.4864864864864865, "AUC": 0.7618699780861944, "TP": 55, "TN": 55, "FP": 19, "FN": 19}, "test": {"ACC": 0.6845637583892618, "F1_Score": 0.6802721088435373, "Recall": 0.6666666666666666, "Precision": 0.6944444444444444, "Cohen_Kappa": 0.3692695667837521, "AUC": 0.7212612612612612, "TP": 50, "TN": 52, "FP": 22, "FN": 25}}, "ETAs": {"valid": {"ACC": 0.6891891891891891, "F1_Score": 0.6515151515151516, "Recall": 0.581081081081081, "Precision": 0.7413793103448276, "Cohen_Kappa": 0.3783783783783784, "AUC": 0.7495434623813002, "TP": 43, "TN": 59, "FP": 15, "FN": 31}, "test": {"ACC": 0.7114093959731543, "F1_Score": 0.6950354609929078, "Recall": 0.6533333333333333, "Precision": 0.7424242424242424, "Cohen_Kappa": 0.42326041947970117, "AUC": 0.7372972972972973, "TP": 49, "TN": 57, "FP": 17, "FN": 26}}, "CNB": {"valid": {"ACC": 0.722972972972973, "F1_Score": 0.7050359712230215, "Recall": 0.6621621621621622, "Precision": 0.7538461538461538, "Cohen_Kappa": 0.44594594594594594, "AUC": 0.7669831994156319, "TP": 49, "TN": 58, "FP": 16, "FN": 25}, "test": {"ACC": 0.6510067114093959, "F1_Score": 0.6623376623376623, "Recall": 0.68, "Precision": 0.6455696202531646, "Cohen_Kappa": 0.3017303532804614, "AUC": 0.6971171171171171, "TP": 51, "TN": 46, "FP": 28, "FN": 24}}, "GB": {"valid": {"ACC": 0.6824324324324325, "F1_Score": 0.6666666666666666, "Recall": 0.6351351351351351, "Precision": 0.7014925373134329, "Cohen_Kappa": 0.3648648648648649, "AUC": 0.7467129291453616, "TP": 47, "TN": 54, "FP": 20, "FN": 27}, "test": {"ACC": 0.6778523489932886, "F1_Score": 0.6712328767123288, "Recall": 0.6533333333333333, "Precision": 0.6901408450704225, "Cohen_Kappa": 0.3559077809798271, "AUC": 0.7216216216216216, "TP": 49, "TN": 52, "FP": 22, "FN": 26}}, "BAG": {"valid": {"ACC": 0.6486486486486487, "F1_Score": 0.59375, "Recall": 0.5135135135135135, "Precision": 0.7037037037037037, "Cohen_Kappa": 0.29729729729729726, "AUC": 0.7073593864134404, "TP": 38, "TN": 58, "FP": 16, "FN": 36}, "test": {"ACC": 0.6845637583892618, "F1_Score": 0.6466165413533834, "Recall": 0.5733333333333334, "Precision": 0.7413793103448276, "Cohen_Kappa": 0.37006386615094, "AUC": 0.7365765765765766, "TP": 43, "TN": 59, "FP": 15, "FN": 32}}, "QDA": {"valid": {"ACC": 0.6824324324324325, "F1_Score": 0.6845637583892618, "Recall": 0.6891891891891891, "Precision": 0.68, "Cohen_Kappa": 0.3648648648648649, "AUC": 0.7368517165814463, "TP": 51, "TN": 50, "FP": 24, "FN": 23}, "test": {"ACC": 0.6442953020134228, "F1_Score": 0.6580645161290323, "Recall": 0.68, "Precision": 0.6375, "Cohen_Kappa": 0.28823794502027944, "AUC": 0.6630630630630632, "TP": 51, "TN": 45, "FP": 29, "FN": 24}}, "SVC": {"valid": {"ACC": 0.7364864864864865, "F1_Score": 0.7153284671532847, "Recall": 0.6621621621621622, "Precision": 0.7777777777777778, "Cohen_Kappa": 0.472972972972973, "AUC": 0.7682615047479913, "TP": 49, "TN": 60, "FP": 14, "FN": 25}, "test": {"ACC": 0.738255033557047, "F1_Score": 0.7194244604316546, "Recall": 0.6666666666666666, "Precision": 0.78125, "Cohen_Kappa": 0.4770047700477005, "AUC": 0.7418018018018018, "TP": 50, "TN": 60, "FP": 14, "FN": 25}}}