{"OVR": {"valid": {"ACC": 0.721030042918455, "F1_Score": 0.7280334728033474, "Recall": 0.7435897435897436, "Precision": 0.7131147540983607, "Cohen_Kappa": 0.4419470135229743, "AUC": 0.7942086648983201, "TP": 87, "TN": 81, "FP": 35, "FN": 30}, "test": {"ACC": 0.7564102564102564, "F1_Score": 0.7654320987654322, "Recall": 0.7948717948717948, "Precision": 0.7380952380952381, "Cohen_Kappa": 0.5128205128205128, "AUC": 0.8330046022353713, "TP": 93, "TN": 84, "FP": 33, "FN": 24}}, "KNB": {"valid": {"ACC": 0.721030042918455, "F1_Score": 0.7280334728033474, "Recall": 0.7435897435897436, "Precision": 0.7131147540983607, "Cohen_Kappa": 0.4419470135229743, "AUC": 0.7403846153846153, "TP": 87, "TN": 81, "FP": 35, "FN": 30}, "test": {"ACC": 0.7521367521367521, "F1_Score": 0.7387387387387386, "Recall": 0.7008547008547008, "Precision": 0.780952380952381, "Cohen_Kappa": 0.5042735042735043, "AUC": 0.8000584410840821, "TP": 82, "TN": 94, "FP": 23, "FN": 35}}, "DT": {"valid": {"ACC": 0.6437768240343348, "F1_Score": 0.6375545851528384, "Recall": 0.6239316239316239, "Precision": 0.6517857142857143, "Cohen_Kappa": 0.2876717374488931, "AUC": 0.6438623636899499, "TP": 73, "TN": 77, "FP": 39, "FN": 44}, "test": {"ACC": 0.6623931623931624, "F1_Score": 0.6638297872340426, "Recall": 0.6666666666666666, "Precision": 0.6610169491525424, "Cohen_Kappa": 0.32478632478632474, "AUC": 0.6623931623931624, "TP": 78, "TN": 77, "FP": 40, "FN": 39}}, "MNB": {"valid": {"ACC": 0.6995708154506438, "F1_Score": 0.7083333333333334, "Recall": 0.7264957264957265, "Precision": 0.6910569105691057, "Cohen_Kappa": 0.398997715380647, "AUC": 0.7579575596816976, "TP": 85, "TN": 78, "FP": 38, "FN": 32}, "test": {"ACC": 0.6837606837606838, "F1_Score": 0.6991869918699187, "Recall": 0.7350427350427351, "Precision": 0.6666666666666666, "Cohen_Kappa": 0.36752136752136755, "AUC": 0.7598071444225291, "TP": 86, "TN": 74, "FP": 43, "FN": 31}}, "RF": {"valid": {"ACC": 0.759656652360515, "F1_Score": 0.7647058823529412, "Recall": 0.7777777777777778, "Precision": 0.7520661157024794, "Cohen_Kappa": 0.5192336035372145, "AUC": 0.8082817565576188, "TP": 91, "TN": 86, "FP": 30, "FN": 26}, "test": {"ACC": 0.7777777777777778, "F1_Score": 0.7833333333333333, "Recall": 0.8034188034188035, "Precision": 0.7642276422764228, "Cohen_Kappa": 0.5555555555555556, "AUC": 0.8445467163415882, "TP": 94, "TN": 88, "FP": 29, "FN": 23}}, "ADA": {"valid": {"ACC": 0.7253218884120172, "F1_Score": 0.7333333333333334, "Recall": 0.7521367521367521, "Precision": 0.7154471544715447, "Cohen_Kappa": 0.45051219691944866, "AUC": 0.7758620689655173, "TP": 88, "TN": 81, "FP": 35, "FN": 29}, "test": {"ACC": 0.7136752136752137, "F1_Score": 0.7309236947791166, "Recall": 0.7777777777777778, "Precision": 0.6893939393939394, "Cohen_Kappa": 0.4273504273504274, "AUC": 0.7643363284388923, "TP": 91, "TN": 76, "FP": 41, "FN": 26}}, "XGB": {"valid": {"ACC": 0.7424892703862661, "F1_Score": 0.7457627118644068, "Recall": 0.7521367521367521, "Precision": 0.7394957983193278, "Cohen_Kappa": 0.4849311030874659, "AUC": 0.8058502799882109, "TP": 88, "TN": 85, "FP": 31, "FN": 29}, "test": {"ACC": 0.7606837606837606, "F1_Score": 0.7666666666666666, "Recall": 0.7863247863247863, "Precision": 0.7479674796747967, "Cohen_Kappa": 0.5213675213675213, "AUC": 0.8192709474760758, "TP": 92, "TN": 86, "FP": 31, "FN": 25}}, "MLP": {"valid": {"ACC": 0.7381974248927039, "F1_Score": 0.7381974248927039, "Recall": 0.7350427350427351, "Precision": 0.7413793103448276, "Cohen_Kappa": 0.4764044943820225, "AUC": 0.7995137046861186, "TP": 86, "TN": 86, "FP": 30, "FN": 31}, "test": {"ACC": 0.7478632478632479, "F1_Score": 0.7489361702127659, "Recall": 0.7521367521367521, "Precision": 0.7457627118644068, "Cohen_Kappa": 0.49572649572649574, "AUC": 0.8294250858353422, "TP": 88, "TN": 87, "FP": 30, "FN": 29}}, "LR": {"valid": {"ACC": 0.721030042918455, "F1_Score": 0.7280334728033474, "Recall": 0.7435897435897436, "Precision": 0.7131147540983607, "Cohen_Kappa": 0.4419470135229743, "AUC": 0.7942086648983201, "TP": 87, "TN": 81, "FP": 35, "FN": 30}, "test": {"ACC": 0.7564102564102564, "F1_Score": 0.7654320987654322, "Recall": 0.7948717948717948, "Precision": 0.7380952380952381, "Cohen_Kappa": 0.5128205128205128, "AUC": 0.8330046022353713, "TP": 93, "TN": 84, "FP": 33, "FN": 24}}, "ETAs": {"valid": {"ACC": 0.759656652360515, "F1_Score": 0.7647058823529412, "Recall": 0.7777777777777778, "Precision": 0.7520661157024794, "Cohen_Kappa": 0.5192336035372145, "AUC": 0.7999557913351018, "TP": 91, "TN": 86, "FP": 30, "FN": 26}, "test": {"ACC": 0.7991452991452992, "F1_Score": 0.8049792531120332, "Recall": 0.8290598290598291, "Precision": 0.782258064516129, "Cohen_Kappa": 0.5982905982905983, "AUC": 0.8408210972313536, "TP": 97, "TN": 90, "FP": 27, "FN": 20}}, "CNB": {"valid": {"ACC": 0.6995708154506438, "F1_Score": 0.7083333333333334, "Recall": 0.7264957264957265, "Precision": 0.6910569105691057, "Cohen_Kappa": 0.398997715380647, "AUC": 0.7579575596816976, "TP": 85, "TN": 78, "FP": 38, "FN": 32}, "test": {"ACC": 0.6837606837606838, "F1_Score": 0.6991869918699187, "Recall": 0.7350427350427351, "Precision": 0.6666666666666666, "Cohen_Kappa": 0.36752136752136755, "AUC": 0.7598071444225291, "TP": 86, "TN": 74, "FP": 43, "FN": 31}}, "GB": {"valid": {"ACC": 0.7639484978540773, "F1_Score": 0.7717842323651453, "Recall": 0.7948717948717948, "Precision": 0.75, "Cohen_Kappa": 0.527766518038103, "AUC": 0.8074712643678161, "TP": 93, "TN": 85, "FP": 31, "FN": 24}, "test": {"ACC": 0.7521367521367521, "F1_Score": 0.7583333333333334, "Recall": 0.7777777777777778, "Precision": 0.7398373983739838, "Cohen_Kappa": 0.5042735042735043, "AUC": 0.8186865366352545, "TP": 91, "TN": 85, "FP": 32, "FN": 26}}, "BAG": {"valid": {"ACC": 0.7167381974248928, "F1_Score": 0.7155172413793105, "Recall": 0.7094017094017094, "Precision": 0.7217391304347827, "Cohen_Kappa": 0.43350769910852427, "AUC": 0.7889036251105216, "TP": 83, "TN": 84, "FP": 32, "FN": 34}, "test": {"ACC": 0.7307692307692307, "F1_Score": 0.7199999999999999, "Recall": 0.6923076923076923, "Precision": 0.75, "Cohen_Kappa": 0.46153846153846156, "AUC": 0.7807363576594345, "TP": 81, "TN": 90, "FP": 27, "FN": 36}}, "QDA": {"valid": {"ACC": 0.7081545064377682, "F1_Score": 0.7258064516129032, "Recall": 0.7692307692307693, "Precision": 0.6870229007633588, "Cohen_Kappa": 0.41599705123479547, "AUC": 0.7717359269083407, "TP": 90, "TN": 75, "FP": 41, "FN": 27}, "test": {"ACC": 0.7521367521367521, "F1_Score": 0.7583333333333334, "Recall": 0.7777777777777778, "Precision": 0.7398373983739838, "Cohen_Kappa": 0.5042735042735043, "AUC": 0.802578712835123, "TP": 91, "TN": 85, "FP": 32, "FN": 26}}, "SVC": {"valid": {"ACC": 0.7339055793991416, "F1_Score": 0.743801652892562, "Recall": 0.7692307692307693, "Precision": 0.72, "Cohen_Kappa": 0.46764445754716977, "AUC": 0.7995137046861185, "TP": 90, "TN": 81, "FP": 35, "FN": 27}, "test": {"ACC": 0.7564102564102564, "F1_Score": 0.7634854771784231, "Recall": 0.7863247863247863, "Precision": 0.7419354838709677, "Cohen_Kappa": 0.5128205128205128, "AUC": 0.8414785594272775, "TP": 92, "TN": 85, "FP": 32, "FN": 25}}}