{"OVR": {"valid": {"ACC": 0.6920152091254753, "F1_Score": 0.6848249027237354, "Recall": 0.6717557251908397, "Precision": 0.6984126984126984, "Cohen_Kappa": 0.3839324445472685, "AUC": 0.7710501966227157, "TP": 88, "TN": 94, "FP": 38, "FN": 43}, "test": {"ACC": 0.6730038022813688, "F1_Score": 0.6640625, "Recall": 0.6439393939393939, "Precision": 0.6854838709677419, "Cohen_Kappa": 0.3461493987049029, "AUC": 0.7197547999074718, "TP": 85, "TN": 92, "FP": 39, "FN": 47}}, "KNB": {"valid": {"ACC": 0.7034220532319392, "F1_Score": 0.6829268292682926, "Recall": 0.6412213740458015, "Precision": 0.7304347826086957, "Cohen_Kappa": 0.40656098125433926, "AUC": 0.760091371732593, "TP": 84, "TN": 101, "FP": 31, "FN": 47}, "test": {"ACC": 0.6768060836501901, "F1_Score": 0.6768060836501901, "Recall": 0.6742424242424242, "Precision": 0.6793893129770993, "Cohen_Kappa": 0.3536215122162788, "AUC": 0.7101260698588944, "TP": 89, "TN": 89, "FP": 42, "FN": 43}}, "DT": {"valid": {"ACC": 0.5931558935361216, "F1_Score": 0.599250936329588, "Recall": 0.6106870229007634, "Precision": 0.5882352941176471, "Cohen_Kappa": 0.18641764722888787, "AUC": 0.5932222993291696, "TP": 80, "TN": 76, "FP": 56, "FN": 51}, "test": {"ACC": 0.5741444866920152, "F1_Score": 0.6083916083916084, "Recall": 0.6590909090909091, "Precision": 0.564935064935065, "Cohen_Kappa": 0.14773450610497085, "AUC": 0.5738202637057599, "TP": 87, "TN": 64, "FP": 67, "FN": 45}}, "MNB": {"valid": {"ACC": 0.6653992395437263, "F1_Score": 0.6641221374045801, "Recall": 0.6641221374045801, "Precision": 0.6641221374045801, "Cohen_Kappa": 0.3307888040712468, "AUC": 0.7544529262086513, "TP": 87, "TN": 88, "FP": 44, "FN": 44}, "test": {"ACC": 0.6159695817490495, "F1_Score": 0.6100386100386102, "Recall": 0.5984848484848485, "Precision": 0.6220472440944882, "Cohen_Kappa": 0.23203908757119318, "AUC": 0.6837265787647467, "TP": 79, "TN": 83, "FP": 48, "FN": 53}}, "RF": {"valid": {"ACC": 0.6730038022813688, "F1_Score": 0.6640625, "Recall": 0.648854961832061, "Precision": 0.68, "Cohen_Kappa": 0.34588466655098615, "AUC": 0.7528336803145964, "TP": 85, "TN": 92, "FP": 40, "FN": 46}, "test": {"ACC": 0.6996197718631179, "F1_Score": 0.6949806949806949, "Recall": 0.6818181818181818, "Precision": 0.7086614173228346, "Cohen_Kappa": 0.3993177021596461, "AUC": 0.7593106638908167, "TP": 90, "TN": 94, "FP": 37, "FN": 42}}, "ADA": {"valid": {"ACC": 0.6425855513307985, "F1_Score": 0.6544117647058824, "Recall": 0.6793893129770993, "Precision": 0.6312056737588653, "Cohen_Kappa": 0.2853674047522692, "AUC": 0.7228198010640758, "TP": 89, "TN": 80, "FP": 52, "FN": 42}, "test": {"ACC": 0.6387832699619772, "F1_Score": 0.6360153256704981, "Recall": 0.6287878787878788, "Precision": 0.6434108527131783, "Cohen_Kappa": 0.2776187584930755, "AUC": 0.6801700208188759, "TP": 83, "TN": 85, "FP": 46, "FN": 49}}, "XGB": {"valid": {"ACC": 0.6806083650190115, "F1_Score": 0.6692913385826771, "Recall": 0.648854961832061, "Precision": 0.6910569105691057, "Cohen_Kappa": 0.36105969458583986, "AUC": 0.7672912329400878, "TP": 85, "TN": 94, "FP": 38, "FN": 46}, "test": {"ACC": 0.6730038022813688, "F1_Score": 0.6717557251908397, "Recall": 0.6666666666666666, "Precision": 0.676923076923077, "Cohen_Kappa": 0.34603596831087724, "AUC": 0.7173259310663889, "TP": 88, "TN": 89, "FP": 42, "FN": 44}}, "MLP": {"valid": {"ACC": 0.6692015209125475, "F1_Score": 0.6666666666666666, "Recall": 0.6641221374045801, "Precision": 0.6692307692307692, "Cohen_Kappa": 0.3383743457768267, "AUC": 0.7481494332639371, "TP": 87, "TN": 89, "FP": 43, "FN": 44}, "test": {"ACC": 0.6425855513307985, "F1_Score": 0.6356589147286822, "Recall": 0.6212121212121212, "Precision": 0.6507936507936508, "Cohen_Kappa": 0.2852847643827696, "AUC": 0.7144922507517928, "TP": 82, "TN": 87, "FP": 44, "FN": 50}}, "LR": {"valid": {"ACC": 0.6920152091254753, "F1_Score": 0.6848249027237354, "Recall": 0.6717557251908397, "Precision": 0.6984126984126984, "Cohen_Kappa": 0.3839324445472685, "AUC": 0.7710501966227157, "TP": 88, "TN": 94, "FP": 38, "FN": 43}, "test": {"ACC": 0.6730038022813688, "F1_Score": 0.6640625, "Recall": 0.6439393939393939, "Precision": 0.6854838709677419, "Cohen_Kappa": 0.3461493987049029, "AUC": 0.7197547999074718, "TP": 85, "TN": 92, "FP": 39, "FN": 47}}, "ETAs": {"valid": {"ACC": 0.6730038022813688, "F1_Score": 0.6587301587301587, "Recall": 0.6335877862595419, "Precision": 0.6859504132231405, "Cohen_Kappa": 0.3458089894140105, "AUC": 0.7568817950497339, "TP": 83, "TN": 94, "FP": 38, "FN": 48}, "test": {"ACC": 0.6920152091254753, "F1_Score": 0.6920152091254754, "Recall": 0.6893939393939394, "Precision": 0.6946564885496184, "Cohen_Kappa": 0.38403932340610103, "AUC": 0.7496819338422392, "TP": 91, "TN": 91, "FP": 40, "FN": 41}}, "CNB": {"valid": {"ACC": 0.6653992395437263, "F1_Score": 0.6641221374045801, "Recall": 0.6641221374045801, "Precision": 0.6641221374045801, "Cohen_Kappa": 0.3307888040712468, "AUC": 0.7544529262086513, "TP": 87, "TN": 88, "FP": 44, "FN": 44}, "test": {"ACC": 0.6159695817490495, "F1_Score": 0.6100386100386102, "Recall": 0.5984848484848485, "Precision": 0.6220472440944882, "Cohen_Kappa": 0.23203908757119318, "AUC": 0.6837265787647467, "TP": 79, "TN": 83, "FP": 48, "FN": 53}}, "GB": {"valid": {"ACC": 0.6577946768060836, "F1_Score": 0.6484375, "Recall": 0.6335877862595419, "Precision": 0.664, "Cohen_Kappa": 0.3154606975533576, "AUC": 0.7386074485311127, "TP": 83, "TN": 90, "FP": 42, "FN": 48}, "test": {"ACC": 0.6615969581749049, "F1_Score": 0.6590038314176245, "Recall": 0.6515151515151515, "Precision": 0.6666666666666666, "Cohen_Kappa": 0.3232428369040391, "AUC": 0.7190030071709461, "TP": 86, "TN": 88, "FP": 43, "FN": 46}}, "BAG": {"valid": {"ACC": 0.6425855513307985, "F1_Score": 0.6083333333333333, "Recall": 0.5572519083969466, "Precision": 0.6697247706422018, "Cohen_Kappa": 0.28470574619524336, "AUC": 0.719205412907703, "TP": 73, "TN": 96, "FP": 36, "FN": 58}, "test": {"ACC": 0.6197718631178707, "F1_Score": 0.5901639344262296, "Recall": 0.5454545454545454, "Precision": 0.6428571428571429, "Cohen_Kappa": 0.23997225754248064, "AUC": 0.6803724265556327, "TP": 72, "TN": 91, "FP": 40, "FN": 60}}, "QDA": {"valid": {"ACC": 0.5741444866920152, "F1_Score": 0.32530120481927716, "Recall": 0.20610687022900764, "Precision": 0.7714285714285715, "Cohen_Kappa": 0.14590582231500804, "AUC": 0.7274462179042331, "TP": 27, "TN": 124, "FP": 8, "FN": 104}, "test": {"ACC": 0.5399239543726235, "F1_Score": 0.23899371069182393, "Recall": 0.14393939393939395, "Precision": 0.7037037037037037, "Cohen_Kappa": 0.08261985067312405, "AUC": 0.6857795512375666, "TP": 19, "TN": 123, "FP": 8, "FN": 113}}, "SVC": {"valid": {"ACC": 0.6996197718631179, "F1_Score": 0.6609442060085836, "Recall": 0.5877862595419847, "Precision": 0.7549019607843137, "Cohen_Kappa": 0.39872666763131237, "AUC": 0.7612768910478834, "TP": 77, "TN": 107, "FP": 25, "FN": 54}, "test": {"ACC": 0.6768060836501901, "F1_Score": 0.6443514644351466, "Recall": 0.5833333333333334, "Precision": 0.719626168224299, "Cohen_Kappa": 0.3540697506428965, "AUC": 0.7073213046495489, "TP": 77, "TN": 101, "FP": 30, "FN": 55}}}