{"OVR": {"valid": {"ACC": 0.6781609195402298, "F1_Score": 0.6744186046511628, "Recall": 0.6744186046511628, "Precision": 0.6744186046511628, "Cohen_Kappa": 0.35623678646934465, "AUC": 0.7526427061310782, "TP": 29, "TN": 30, "FP": 14, "FN": 14}, "test": {"ACC": 0.6551724137931034, "F1_Score": 0.6428571428571429, "Recall": 0.6136363636363636, "Precision": 0.675, "Cohen_Kappa": 0.31098204857444556, "AUC": 0.7447145877378435, "TP": 27, "TN": 30, "FP": 13, "FN": 17}}, "KNB": {"valid": {"ACC": 0.7241379310344828, "F1_Score": 0.7142857142857143, "Recall": 0.6976744186046512, "Precision": 0.7317073170731707, "Cohen_Kappa": 0.44791115811739823, "AUC": 0.7584566596194503, "TP": 30, "TN": 33, "FP": 11, "FN": 13}, "test": {"ACC": 0.6206896551724138, "F1_Score": 0.611764705882353, "Recall": 0.5909090909090909, "Precision": 0.6341463414634146, "Cohen_Kappa": 0.24188011618695537, "AUC": 0.6960887949260043, "TP": 26, "TN": 28, "FP": 15, "FN": 18}}, "DT": {"valid": {"ACC": 0.6781609195402298, "F1_Score": 0.6818181818181818, "Recall": 0.6976744186046512, "Precision": 0.6666666666666666, "Cohen_Kappa": 0.3565768621236133, "AUC": 0.6783826638477801, "TP": 30, "TN": 29, "FP": 15, "FN": 13}, "test": {"ACC": 0.5517241379310345, "F1_Score": 0.5411764705882354, "Recall": 0.5227272727272727, "Precision": 0.5609756097560976, "Cohen_Kappa": 0.10404013731185635, "AUC": 0.552061310782241, "TP": 23, "TN": 25, "FP": 18, "FN": 21}}, "MNB": {"valid": {"ACC": 0.6781609195402298, "F1_Score": 0.6888888888888888, "Recall": 0.7209302325581395, "Precision": 0.6595744680851063, "Cohen_Kappa": 0.35691657866948256, "AUC": 0.7632135306553911, "TP": 31, "TN": 28, "FP": 16, "FN": 12}, "test": {"ACC": 0.6551724137931034, "F1_Score": 0.6666666666666666, "Recall": 0.6818181818181818, "Precision": 0.6521739130434783, "Cohen_Kappa": 0.3098889476467477, "AUC": 0.7151162790697675, "TP": 30, "TN": 27, "FP": 16, "FN": 14}}, "RF": {"valid": {"ACC": 0.735632183908046, "F1_Score": 0.7526881720430109, "Recall": 0.813953488372093, "Precision": 0.7, "Cohen_Kappa": 0.4721709311527301, "AUC": 0.8498942917547568, "TP": 35, "TN": 29, "FP": 15, "FN": 8}, "test": {"ACC": 0.7126436781609196, "F1_Score": 0.7252747252747254, "Recall": 0.75, "Precision": 0.7021276595744681, "Cohen_Kappa": 0.42475535572599843, "AUC": 0.7653276955602537, "TP": 33, "TN": 29, "FP": 14, "FN": 11}}, "ADA": {"valid": {"ACC": 0.7126436781609196, "F1_Score": 0.736842105263158, "Recall": 0.813953488372093, "Precision": 0.6730769230769231, "Cohen_Kappa": 0.4265752702346428, "AUC": 0.7727272727272727, "TP": 35, "TN": 27, "FP": 17, "FN": 8}, "test": {"ACC": 0.632183908045977, "F1_Score": 0.6444444444444444, "Recall": 0.6590909090909091, "Precision": 0.6304347826086957, "Cohen_Kappa": 0.26388154415653087, "AUC": 0.6738900634249472, "TP": 29, "TN": 26, "FP": 17, "FN": 15}}, "XGB": {"valid": {"ACC": 0.7126436781609196, "F1_Score": 0.7252747252747254, "Recall": 0.7674418604651163, "Precision": 0.6875, "Cohen_Kappa": 0.4259699129057799, "AUC": 0.8287526427061311, "TP": 33, "TN": 29, "FP": 15, "FN": 10}, "test": {"ACC": 0.6551724137931034, "F1_Score": 0.6938775510204083, "Recall": 0.7727272727272727, "Precision": 0.6296296296296297, "Cohen_Kappa": 0.30842607313195547, "AUC": 0.7219873150105708, "TP": 34, "TN": 23, "FP": 20, "FN": 10}}, "MLP": {"valid": {"ACC": 0.6551724137931034, "F1_Score": 0.6052631578947368, "Recall": 0.5348837209302325, "Precision": 0.696969696969697, "Cohen_Kappa": 0.30842607313195547, "AUC": 0.7505285412262157, "TP": 23, "TN": 34, "FP": 10, "FN": 20}, "test": {"ACC": 0.7011494252873564, "F1_Score": 0.6666666666666667, "Recall": 0.5909090909090909, "Precision": 0.7647058823529411, "Cohen_Kappa": 0.4037954665260939, "AUC": 0.7721987315010572, "TP": 26, "TN": 35, "FP": 8, "FN": 18}}, "LR": {"valid": {"ACC": 0.6781609195402298, "F1_Score": 0.6744186046511628, "Recall": 0.6744186046511628, "Precision": 0.6744186046511628, "Cohen_Kappa": 0.35623678646934465, "AUC": 0.7526427061310782, "TP": 29, "TN": 30, "FP": 14, "FN": 14}, "test": {"ACC": 0.6551724137931034, "F1_Score": 0.6428571428571429, "Recall": 0.6136363636363636, "Precision": 0.675, "Cohen_Kappa": 0.31098204857444556, "AUC": 0.7447145877378435, "TP": 27, "TN": 30, "FP": 13, "FN": 17}}, "ETAs": {"valid": {"ACC": 0.7471264367816092, "F1_Score": 0.7499999999999999, "Recall": 0.7674418604651163, "Precision": 0.7333333333333333, "Cohen_Kappa": 0.4944532488114104, "AUC": 0.8372093023255813, "TP": 33, "TN": 32, "FP": 12, "FN": 10}, "test": {"ACC": 0.7126436781609196, "F1_Score": 0.7422680412371134, "Recall": 0.8181818181818182, "Precision": 0.6792452830188679, "Cohen_Kappa": 0.42384105960264895, "AUC": 0.779862579281184, "TP": 36, "TN": 26, "FP": 17, "FN": 8}}, "CNB": {"valid": {"ACC": 0.6781609195402298, "F1_Score": 0.6888888888888888, "Recall": 0.7209302325581395, "Precision": 0.6595744680851063, "Cohen_Kappa": 0.35691657866948256, "AUC": 0.7632135306553911, "TP": 31, "TN": 28, "FP": 16, "FN": 12}, "test": {"ACC": 0.6551724137931034, "F1_Score": 0.6666666666666666, "Recall": 0.6818181818181818, "Precision": 0.6521739130434783, "Cohen_Kappa": 0.3098889476467477, "AUC": 0.7151162790697675, "TP": 30, "TN": 27, "FP": 16, "FN": 14}}, "GB": {"valid": {"ACC": 0.735632183908046, "F1_Score": 0.7472527472527473, "Recall": 0.7906976744186046, "Precision": 0.7083333333333334, "Cohen_Kappa": 0.4718923198733175, "AUC": 0.8313953488372093, "TP": 34, "TN": 30, "FP": 14, "FN": 9}, "test": {"ACC": 0.7241379310344828, "F1_Score": 0.7446808510638298, "Recall": 0.7954545454545454, "Precision": 0.7, "Cohen_Kappa": 0.4473266278454209, "AUC": 0.7605708245243129, "TP": 35, "TN": 28, "FP": 15, "FN": 9}}, "BAG": {"valid": {"ACC": 0.735632183908046, "F1_Score": 0.7415730337078652, "Recall": 0.7674418604651163, "Precision": 0.717391304347826, "Cohen_Kappa": 0.47161341431212045, "AUC": 0.7930761099365751, "TP": 33, "TN": 31, "FP": 13, "FN": 10}, "test": {"ACC": 0.6206896551724138, "F1_Score": 0.6526315789473683, "Recall": 0.7045454545454546, "Precision": 0.6078431372549019, "Cohen_Kappa": 0.2398729150119142, "AUC": 0.6746828752642706, "TP": 31, "TN": 23, "FP": 20, "FN": 13}}, "QDA": {"valid": {"ACC": 0.7126436781609196, "F1_Score": 0.7474747474747474, "Recall": 0.8604651162790697, "Precision": 0.6607142857142857, "Cohen_Kappa": 0.42717935212009484, "AUC": 0.7193446088794926, "TP": 37, "TN": 25, "FP": 19, "FN": 6}, "test": {"ACC": 0.6666666666666666, "F1_Score": 0.7070707070707071, "Recall": 0.7954545454545454, "Precision": 0.6363636363636364, "Cohen_Kappa": 0.331301351709515, "AUC": 0.7254228329809725, "TP": 35, "TN": 23, "FP": 20, "FN": 9}}, "SVC": {"valid": {"ACC": 0.7011494252873564, "F1_Score": 0.711111111111111, "Recall": 0.7441860465116279, "Precision": 0.6808510638297872, "Cohen_Kappa": 0.40285110876451957, "AUC": 0.775369978858351, "TP": 32, "TN": 29, "FP": 15, "FN": 11}, "test": {"ACC": 0.7011494252873564, "F1_Score": 0.717391304347826, "Recall": 0.75, "Precision": 0.6875, "Cohen_Kappa": 0.4015873015873016, "AUC": 0.7642706131078224, "TP": 33, "TN": 28, "FP": 15, "FN": 11}}}