{"OVR": {"valid": {"ACC": 0.7023809523809523, "F1_Score": 0.696969696969697, "Recall": 0.6845238095238095, "Precision": 0.7098765432098766, "Cohen_Kappa": 0.40476190476190477, "AUC": 0.7618693310657597, "TP": 115, "TN": 121, "FP": 47, "FN": 53}, "test": {"ACC": 0.6884272997032641, "F1_Score": 0.6920821114369502, "Recall": 0.6982248520710059, "Precision": 0.686046511627907, "Cohen_Kappa": 0.3768161885137634, "AUC": 0.7309453367145675, "TP": 118, "TN": 114, "FP": 54, "FN": 51}}, "KNB": {"valid": {"ACC": 0.6577380952380952, "F1_Score": 0.6647230320699709, "Recall": 0.6785714285714286, "Precision": 0.6514285714285715, "Cohen_Kappa": 0.31547619047619047, "AUC": 0.7118232709750567, "TP": 114, "TN": 107, "FP": 61, "FN": 54}, "test": {"ACC": 0.6735905044510386, "F1_Score": 0.6783625730994153, "Recall": 0.6863905325443787, "Precision": 0.6705202312138728, "Cohen_Kappa": 0.34712927087002465, "AUC": 0.7200619892927584, "TP": 116, "TN": 111, "FP": 57, "FN": 53}}, "DT": {"valid": {"ACC": 0.6309523809523809, "F1_Score": 0.62874251497006, "Recall": 0.625, "Precision": 0.6325301204819277, "Cohen_Kappa": 0.26190476190476186, "AUC": 0.6309523809523809, "TP": 105, "TN": 107, "FP": 61, "FN": 63}, "test": {"ACC": 0.6735905044510386, "F1_Score": 0.6783625730994153, "Recall": 0.6863905325443787, "Precision": 0.6705202312138728, "Cohen_Kappa": 0.34712927087002465, "AUC": 0.6735524091293321, "TP": 116, "TN": 111, "FP": 57, "FN": 53}}, "MNB": {"valid": {"ACC": 0.6547619047619048, "F1_Score": 0.6484848484848484, "Recall": 0.6369047619047619, "Precision": 0.6604938271604939, "Cohen_Kappa": 0.30952380952380953, "AUC": 0.7167304421768708, "TP": 107, "TN": 113, "FP": 55, "FN": 61}, "test": {"ACC": 0.6706231454005934, "F1_Score": 0.6744868035190615, "Recall": 0.6804733727810651, "Precision": 0.6686046511627907, "Cohen_Kappa": 0.34120568500026416, "AUC": 0.7143209354747816, "TP": 115, "TN": 111, "FP": 57, "FN": 54}}, "RF": {"valid": {"ACC": 0.6994047619047619, "F1_Score": 0.6985074626865673, "Recall": 0.6964285714285714, "Precision": 0.7005988023952096, "Cohen_Kappa": 0.39880952380952384, "AUC": 0.7667765022675737, "TP": 117, "TN": 118, "FP": 50, "FN": 51}, "test": {"ACC": 0.7151335311572701, "F1_Score": 0.7176470588235293, "Recall": 0.7218934911242604, "Precision": 0.7134502923976608, "Cohen_Kappa": 0.43024197809164877, "AUC": 0.7759227951535643, "TP": 122, "TN": 119, "FP": 49, "FN": 47}}, "ADA": {"valid": {"ACC": 0.6994047619047619, "F1_Score": 0.7002967359050445, "Recall": 0.7023809523809523, "Precision": 0.6982248520710059, "Cohen_Kappa": 0.39880952380952384, "AUC": 0.7664044784580498, "TP": 118, "TN": 117, "FP": 51, "FN": 50}, "test": {"ACC": 0.6973293768545994, "F1_Score": 0.6982248520710059, "Recall": 0.6982248520710059, "Precision": 0.6982248520710059, "Cohen_Kappa": 0.3946534234995773, "AUC": 0.7200443786982249, "TP": 118, "TN": 117, "FP": 51, "FN": 51}}, "XGB": {"valid": {"ACC": 0.6964285714285714, "F1_Score": 0.6964285714285714, "Recall": 0.6964285714285714, "Precision": 0.6964285714285714, "Cohen_Kappa": 0.3928571428571429, "AUC": 0.7912769274376418, "TP": 117, "TN": 117, "FP": 51, "FN": 51}, "test": {"ACC": 0.6765578635014837, "F1_Score": 0.6784660766961653, "Recall": 0.6804733727810651, "Precision": 0.6764705882352942, "Cohen_Kappa": 0.3530986386770688, "AUC": 0.7346435615666385, "TP": 115, "TN": 113, "FP": 55, "FN": 54}}, "MLP": {"valid": {"ACC": 0.7142857142857143, "F1_Score": 0.719298245614035, "Recall": 0.7321428571428571, "Precision": 0.7068965517241379, "Cohen_Kappa": 0.4285714285714286, "AUC": 0.7822066326530612, "TP": 123, "TN": 117, "FP": 51, "FN": 45}, "test": {"ACC": 0.6676557863501483, "F1_Score": 0.6836158192090396, "Recall": 0.7159763313609467, "Precision": 0.654054054054054, "Cohen_Kappa": 0.3351183765501692, "AUC": 0.7467948717948716, "TP": 121, "TN": 104, "FP": 64, "FN": 48}}, "LR": {"valid": {"ACC": 0.7023809523809523, "F1_Score": 0.696969696969697, "Recall": 0.6845238095238095, "Precision": 0.7098765432098766, "Cohen_Kappa": 0.40476190476190477, "AUC": 0.7618693310657597, "TP": 115, "TN": 121, "FP": 47, "FN": 53}, "test": {"ACC": 0.6884272997032641, "F1_Score": 0.6920821114369502, "Recall": 0.6982248520710059, "Precision": 0.686046511627907, "Cohen_Kappa": 0.3768161885137634, "AUC": 0.7309453367145675, "TP": 118, "TN": 114, "FP": 54, "FN": 51}}, "ETAs": {"valid": {"ACC": 0.7113095238095238, "F1_Score": 0.7015384615384614, "Recall": 0.6785714285714286, "Precision": 0.7261146496815286, "Cohen_Kappa": 0.42261904761904767, "AUC": 0.79781391723356, "TP": 114, "TN": 125, "FP": 43, "FN": 54}, "test": {"ACC": 0.712166172106825, "F1_Score": 0.7188405797101449, "Recall": 0.7337278106508875, "Precision": 0.7045454545454546, "Cohen_Kappa": 0.4242563009669409, "AUC": 0.771978021978022, "TP": 124, "TN": 116, "FP": 52, "FN": 45}}, "CNB": {"valid": {"ACC": 0.6547619047619048, "F1_Score": 0.6484848484848484, "Recall": 0.6369047619047619, "Precision": 0.6604938271604939, "Cohen_Kappa": 0.30952380952380953, "AUC": 0.7167304421768708, "TP": 107, "TN": 113, "FP": 55, "FN": 61}, "test": {"ACC": 0.6706231454005934, "F1_Score": 0.6744868035190615, "Recall": 0.6804733727810651, "Precision": 0.6686046511627907, "Cohen_Kappa": 0.34120568500026416, "AUC": 0.7143209354747816, "TP": 115, "TN": 111, "FP": 57, "FN": 54}}, "GB": {"valid": {"ACC": 0.7053571428571429, "F1_Score": 0.6990881458966566, "Recall": 0.6845238095238095, "Precision": 0.7142857142857143, "Cohen_Kappa": 0.4107142857142857, "AUC": 0.7791241496598639, "TP": 115, "TN": 122, "FP": 46, "FN": 53}, "test": {"ACC": 0.6943620178041543, "F1_Score": 0.6925373134328359, "Recall": 0.6863905325443787, "Precision": 0.6987951807228916, "Cohen_Kappa": 0.38875094651944986, "AUC": 0.741476472245703, "TP": 116, "TN": 118, "FP": 50, "FN": 53}}, "BAG": {"valid": {"ACC": 0.6934523809523809, "F1_Score": 0.6750788643533123, "Recall": 0.6369047619047619, "Precision": 0.7181208053691275, "Cohen_Kappa": 0.38690476190476186, "AUC": 0.7407525510204082, "TP": 107, "TN": 126, "FP": 42, "FN": 61}, "test": {"ACC": 0.6765578635014837, "F1_Score": 0.6706948640483384, "Recall": 0.6568047337278107, "Precision": 0.6851851851851852, "Cohen_Kappa": 0.3531897659840467, "AUC": 0.7282333051563821, "TP": 111, "TN": 117, "FP": 51, "FN": 58}}, "QDA": {"valid": {"ACC": 0.6785714285714286, "F1_Score": 0.7065217391304347, "Recall": 0.7738095238095238, "Precision": 0.65, "Cohen_Kappa": 0.3571428571428571, "AUC": 0.7264030612244898, "TP": 130, "TN": 98, "FP": 70, "FN": 38}, "test": {"ACC": 0.655786350148368, "F1_Score": 0.6898395721925134, "Recall": 0.7633136094674556, "Precision": 0.6292682926829268, "Cohen_Kappa": 0.31112990766194404, "AUC": 0.7239363200901663, "TP": 129, "TN": 92, "FP": 76, "FN": 40}}, "SVC": {"valid": {"ACC": 0.6964285714285714, "F1_Score": 0.6964285714285714, "Recall": 0.6964285714285714, "Precision": 0.6964285714285714, "Cohen_Kappa": 0.3928571428571429, "AUC": 0.7764314058956916, "TP": 117, "TN": 117, "FP": 51, "FN": 51}, "test": {"ACC": 0.6765578635014837, "F1_Score": 0.6894586894586894, "Recall": 0.7159763313609467, "Precision": 0.6648351648351648, "Cohen_Kappa": 0.3529618995613958, "AUC": 0.753803888419273, "TP": 121, "TN": 107, "FP": 61, "FN": 48}}}