{"OVR": {"valid": {"ACC": 0.7379310344827587, "F1_Score": 0.7432432432432431, "Recall": 0.7638888888888888, "Precision": 0.7236842105263158, "Cohen_Kappa": 0.4760365157854698, "AUC": 0.7853881278538812, "TP": 55, "TN": 52, "FP": 21, "FN": 17}, "test": {"ACC": 0.7310344827586207, "F1_Score": 0.7272727272727273, "Recall": 0.7123287671232876, "Precision": 0.7428571428571429, "Cohen_Kappa": 0.4621968616262483, "AUC": 0.7958523592085236, "TP": 52, "TN": 54, "FP": 18, "FN": 21}}, "KNB": {"valid": {"ACC": 0.7172413793103448, "F1_Score": 0.7132867132867133, "Recall": 0.7083333333333334, "Precision": 0.7183098591549296, "Cohen_Kappa": 0.4344020549900105, "AUC": 0.7915715372907155, "TP": 51, "TN": 53, "FP": 20, "FN": 21}, "test": {"ACC": 0.7379310344827587, "F1_Score": 0.7205882352941178, "Recall": 0.6712328767123288, "Precision": 0.7777777777777778, "Cohen_Kappa": 0.47633529747196346, "AUC": 0.8000380517503806, "TP": 49, "TN": 58, "FP": 14, "FN": 24}}, "DT": {"valid": {"ACC": 0.7034482758620689, "F1_Score": 0.7114093959731544, "Recall": 0.7361111111111112, "Precision": 0.6883116883116883, "Cohen_Kappa": 0.4071503280403157, "AUC": 0.70367199391172, "TP": 53, "TN": 49, "FP": 24, "FN": 19}, "test": {"ACC": 0.6620689655172414, "F1_Score": 0.6423357664233577, "Recall": 0.6027397260273972, "Precision": 0.6875, "Cohen_Kappa": 0.3246839654025283, "AUC": 0.6624809741248097, "TP": 44, "TN": 52, "FP": 20, "FN": 29}}, "MNB": {"valid": {"ACC": 0.6620689655172414, "F1_Score": 0.6666666666666667, "Recall": 0.6805555555555556, "Precision": 0.6533333333333333, "Cohen_Kappa": 0.324298621017594, "AUC": 0.7471461187214612, "TP": 49, "TN": 47, "FP": 26, "FN": 23}, "test": {"ACC": 0.696551724137931, "F1_Score": 0.6986301369863014, "Recall": 0.6986301369863014, "Precision": 0.6986301369863014, "Cohen_Kappa": 0.3930745814307458, "AUC": 0.7421993911719938, "TP": 51, "TN": 50, "FP": 22, "FN": 22}}, "RF": {"valid": {"ACC": 0.7862068965517242, "F1_Score": 0.7832167832167832, "Recall": 0.7777777777777778, "Precision": 0.7887323943661971, "Cohen_Kappa": 0.5723527732851299, "AUC": 0.8469368340943684, "TP": 56, "TN": 58, "FP": 15, "FN": 16}, "test": {"ACC": 0.7517241379310344, "F1_Score": 0.7391304347826088, "Recall": 0.6986301369863014, "Precision": 0.7846153846153846, "Cohen_Kappa": 0.5038022813688212, "AUC": 0.8350456621004566, "TP": 51, "TN": 58, "FP": 14, "FN": 22}}, "ADA": {"valid": {"ACC": 0.7241379310344828, "F1_Score": 0.7435897435897436, "Recall": 0.8055555555555556, "Precision": 0.6904761904761905, "Cohen_Kappa": 0.4488787533257317, "AUC": 0.7431506849315069, "TP": 58, "TN": 47, "FP": 26, "FN": 14}, "test": {"ACC": 0.7172413793103448, "F1_Score": 0.7172413793103448, "Recall": 0.7123287671232876, "Precision": 0.7222222222222222, "Cohen_Kappa": 0.43450965471321223, "AUC": 0.7856735159817352, "TP": 52, "TN": 52, "FP": 20, "FN": 21}}, "XGB": {"valid": {"ACC": 0.7724137931034483, "F1_Score": 0.778523489932886, "Recall": 0.8055555555555556, "Precision": 0.7532467532467533, "Cohen_Kappa": 0.545022344775126, "AUC": 0.818302891933029, "TP": 58, "TN": 54, "FP": 19, "FN": 14}, "test": {"ACC": 0.7448275862068966, "F1_Score": 0.7375886524822695, "Recall": 0.7123287671232876, "Precision": 0.7647058823529411, "Cohen_Kappa": 0.48987353808120193, "AUC": 0.8156392694063926, "TP": 52, "TN": 56, "FP": 16, "FN": 21}}, "MLP": {"valid": {"ACC": 0.7379310344827587, "F1_Score": 0.7361111111111113, "Recall": 0.7361111111111112, "Precision": 0.7361111111111112, "Cohen_Kappa": 0.4758371385083714, "AUC": 0.8059360730593607, "TP": 53, "TN": 54, "FP": 19, "FN": 19}, "test": {"ACC": 0.7931034482758621, "F1_Score": 0.7761194029850746, "Recall": 0.7123287671232876, "Precision": 0.8524590163934426, "Cohen_Kappa": 0.5866590649942988, "AUC": 0.8320015220700152, "TP": 52, "TN": 63, "FP": 9, "FN": 21}}, "LR": {"valid": {"ACC": 0.7379310344827587, "F1_Score": 0.7432432432432431, "Recall": 0.7638888888888888, "Precision": 0.7236842105263158, "Cohen_Kappa": 0.4760365157854698, "AUC": 0.7853881278538812, "TP": 55, "TN": 52, "FP": 21, "FN": 17}, "test": {"ACC": 0.7310344827586207, "F1_Score": 0.7272727272727273, "Recall": 0.7123287671232876, "Precision": 0.7428571428571429, "Cohen_Kappa": 0.4621968616262483, "AUC": 0.7958523592085236, "TP": 52, "TN": 54, "FP": 18, "FN": 21}}, "ETAs": {"valid": {"ACC": 0.8, "F1_Score": 0.7943262411347518, "Recall": 0.7777777777777778, "Precision": 0.8115942028985508, "Cohen_Kappa": 0.5998667808545056, "AUC": 0.8560692541856926, "TP": 56, "TN": 60, "FP": 13, "FN": 16}, "test": {"ACC": 0.7862068965517242, "F1_Score": 0.776978417266187, "Recall": 0.7397260273972602, "Precision": 0.8181818181818182, "Cohen_Kappa": 0.5726780112177963, "AUC": 0.8581621004566209, "TP": 54, "TN": 60, "FP": 12, "FN": 19}}, "CNB": {"valid": {"ACC": 0.6620689655172414, "F1_Score": 0.6666666666666667, "Recall": 0.6805555555555556, "Precision": 0.6533333333333333, "Cohen_Kappa": 0.324298621017594, "AUC": 0.7471461187214612, "TP": 49, "TN": 47, "FP": 26, "FN": 23}, "test": {"ACC": 0.696551724137931, "F1_Score": 0.6986301369863014, "Recall": 0.6986301369863014, "Precision": 0.6986301369863014, "Cohen_Kappa": 0.3930745814307458, "AUC": 0.7421993911719938, "TP": 51, "TN": 50, "FP": 22, "FN": 22}}, "GB": {"valid": {"ACC": 0.7862068965517242, "F1_Score": 0.7919463087248323, "Recall": 0.8194444444444444, "Precision": 0.7662337662337663, "Cohen_Kappa": 0.5725967481220882, "AUC": 0.8253424657534246, "TP": 59, "TN": 55, "FP": 18, "FN": 13}, "test": {"ACC": 0.7034482758620689, "F1_Score": 0.6950354609929077, "Recall": 0.6712328767123288, "Precision": 0.7205882352941176, "Cohen_Kappa": 0.4071503280403157, "AUC": 0.8040334855403347, "TP": 49, "TN": 53, "FP": 19, "FN": 24}}, "BAG": {"valid": {"ACC": 0.7517241379310344, "F1_Score": 0.75, "Recall": 0.75, "Precision": 0.75, "Cohen_Kappa": 0.5034246575342466, "AUC": 0.8025114155251142, "TP": 54, "TN": 55, "FP": 18, "FN": 18}, "test": {"ACC": 0.696551724137931, "F1_Score": 0.6716417910447762, "Recall": 0.6164383561643836, "Precision": 0.7377049180327869, "Cohen_Kappa": 0.3937666286583048, "AUC": 0.7876712328767124, "TP": 45, "TN": 56, "FP": 16, "FN": 28}}, "QDA": {"valid": {"ACC": 0.7172413793103448, "F1_Score": 0.7320261437908497, "Recall": 0.7777777777777778, "Precision": 0.691358024691358, "Cohen_Kappa": 0.43493964452048284, "AUC": 0.761986301369863, "TP": 56, "TN": 48, "FP": 25, "FN": 16}, "test": {"ACC": 0.6896551724137931, "F1_Score": 0.6979865771812079, "Recall": 0.7123287671232876, "Precision": 0.6842105263157895, "Cohen_Kappa": 0.3791036254638881, "AUC": 0.7519977168949772, "TP": 52, "TN": 48, "FP": 24, "FN": 21}}, "SVC": {"valid": {"ACC": 0.7793103448275862, "F1_Score": 0.7777777777777778, "Recall": 0.7777777777777778, "Precision": 0.7777777777777778, "Cohen_Kappa": 0.5585996955859969, "AUC": 0.8218226788432268, "TP": 56, "TN": 57, "FP": 16, "FN": 16}, "test": {"ACC": 0.7310344827586207, "F1_Score": 0.7346938775510203, "Recall": 0.7397260273972602, "Precision": 0.7297297297297297, "Cohen_Kappa": 0.4619921986490343, "AUC": 0.7945205479452055, "TP": 54, "TN": 52, "FP": 20, "FN": 19}}}